ticket_id,date,month,region,service_type,ticket_category,priority,status,response_time_minutes,resolution_time_minutes,related_incident_id,customer_segment,repeat_complaint,satisfaction_score
TCK-2026-00311,2026-01-01,2026-01,Denpasar,Enterprise VPN,Router ONT Issue,Medium,Closed,81,529,,Public Sector,false,4.5
TCK-2026-00435,2026-01-01,2026-01,Yogyakarta,IPTV,Billing Related,Critical,Resolved,3,84,INC-2026-01241,Residential,false,3.6
TCK-2026-00440,2026-01-01,2026-01,Yogyakarta,Voice,Slow Connection,Medium,Open,93,,INC-2026-00283,Residential,false,
TCK-2026-01519,2026-01-01,2026-01,Denpasar,Enterprise VPN,Internet Down,Medium,Waiting Customer,76,,,Residential,false,
TCK-2026-01569,2026-01-01,2026-01,Makassar,Enterprise VPN,Internet Down,High,Waiting Customer,49,,,Residential,false,
TCK-2026-02518,2026-01-01,2026-01,Makassar,Mobile Broadband,Internet Down,Critical,Resolved,2,53,INC-2026-00479,Residential,false,3.9
TCK-2026-02916,2026-01-01,2026-01,Yogyakarta,Enterprise VPN,Slow Connection,Medium,Resolved,66,603,,Residential,false,3.4
TCK-2026-03395,2026-01-01,2026-01,Makassar,Voice,Intermittent Connection,High,Closed,2,280,,Residential,false,3.5
TCK-2026-04078,2026-01-01,2026-01,Denpasar,Fiber Internet,Enterprise SLA Complaint,High,Closed,30,225,,SMB,false,3.9
TCK-2026-04158,2026-01-01,2026-01,Semarang,Voice,Billing Related,Medium,In Progress,88,,,Residential,false,
TCK-2026-04254,2026-01-01,2026-01,Palembang,Mobile Broadband,Billing Related,Medium,Closed,103,565,,Residential,false,4.6
TCK-2026-04430,2026-01-01,2026-01,Makassar,Voice,Billing Related,High,Closed,61,325,,Residential,false,3.0
TCK-2026-04799,2026-01-01,2026-01,Yogyakarta,Voice,Installation Delay,Medium,Closed,73,580,INC-2026-00283,Residential,false,3.5
TCK-2026-04897,2026-01-01,2026-01,Yogyakarta,Voice,Billing Related,Medium,In Progress,84,,,Residential,false,
TCK-2026-05169,2026-01-01,2026-01,Jakarta,Fiber Internet,Billing Related,Low,Waiting Customer,140,,,SMB,false,
TCK-2026-01006,2026-01-02,2026-01,Surabaya,Enterprise VPN,Internet Down,Medium,Closed,70,417,,Public Sector,false,4.0
TCK-2026-01035,2026-01-02,2026-01,Medan,Mobile Broadband,Billing Related,High,Open,67,,,Residential,false,
TCK-2026-02001,2026-01-02,2026-01,Makassar,Cloud Connectivity,Billing Related,Medium,In Progress,77,,,Residential,false,
TCK-2026-02485,2026-01-02,2026-01,Yogyakarta,IPTV,Intermittent Connection,Medium,Closed,56,485,,SMB,false,4.9
TCK-2026-02640,2026-01-02,2026-01,Semarang,Enterprise VPN,Router ONT Issue,Medium,Resolved,67,636,,SMB,false,4.2
TCK-2026-03482,2026-01-02,2026-01,Palembang,Fiber Internet,Internet Down,Low,Open,139,,,Enterprise,false,
TCK-2026-04016,2026-01-02,2026-01,Yogyakarta,Fiber Internet,Billing Related,Low,Resolved,94,825,,SMB,false,4.1
TCK-2026-04372,2026-01-02,2026-01,Palembang,Fiber Internet,Enterprise SLA Complaint,High,In Progress,22,,,SMB,true,
TCK-2026-04761,2026-01-02,2026-01,Balikpapan,IPTV,Router ONT Issue,Medium,Resolved,85,502,INC-2026-00109,Residential,false,3.8
TCK-2026-05246,2026-01-02,2026-01,Yogyakarta,Cloud Connectivity,Router ONT Issue,Low,Resolved,142,954,,Residential,false,4.5
TCK-2026-01285,2026-01-03,2026-01,Jakarta,Cloud Connectivity,Billing Related,Low,Resolved,127,763,,SMB,false,4.6
TCK-2026-01382,2026-01-03,2026-01,Surabaya,IPTV,Intermittent Connection,Low,Resolved,122,846,,Enterprise,false,4.5
TCK-2026-01553,2026-01-03,2026-01,Makassar,Voice,Slow Connection,Medium,Resolved,113,552,,Residential,false,3.5
TCK-2026-01629,2026-01-03,2026-01,Denpasar,Cloud Connectivity,Router ONT Issue,Medium,Resolved,76,487,,Public Sector,true,3.5
TCK-2026-02584,2026-01-03,2026-01,Bandung,Fiber Internet,Internet Down,Low,Resolved,145,937,,Residential,false,4.4
TCK-2026-02866,2026-01-03,2026-01,Bandung,Enterprise VPN,Enterprise SLA Complaint,Low,Resolved,95,799,,SMB,false,4.1
TCK-2026-03795,2026-01-03,2026-01,Semarang,Enterprise VPN,Installation Delay,High,Resolved,65,420,,Residential,false,2.9
TCK-2026-04563,2026-01-03,2026-01,Surabaya,Mobile Broadband,Enterprise SLA Complaint,Low,Resolved,105,955,,Residential,false,4.4
TCK-2026-05182,2026-01-03,2026-01,Semarang,IPTV,Installation Delay,Critical,Resolved,2,2,,Residential,true,2.6
TCK-2026-05297,2026-01-03,2026-01,Makassar,Voice,Internet Down,Low,Resolved,144,848,,SMB,false,5
TCK-2026-05371,2026-01-03,2026-01,Medan,Mobile Broadband,Router ONT Issue,Low,Resolved,151,851,INC-2026-00914,Enterprise,true,4.4
TCK-2026-00170,2026-01-04,2026-01,Bandung,IPTV,Internet Down,Medium,Resolved,79,535,,Residential,false,3.5
TCK-2026-00207,2026-01-04,2026-01,Denpasar,Fiber Internet,Enterprise SLA Complaint,Medium,Resolved,93,394,,Enterprise,false,2.9
TCK-2026-00241,2026-01-04,2026-01,Makassar,Fiber Internet,Installation Delay,Low,Open,114,,,Residential,false,
TCK-2026-00309,2026-01-04,2026-01,Palembang,Voice,Installation Delay,Low,Closed,159,878,,Residential,false,2.8
TCK-2026-01169,2026-01-04,2026-01,Yogyakarta,Cloud Connectivity,Billing Related,High,Resolved,43,260,INC-2026-00763,Residential,false,3.6
TCK-2026-02032,2026-01-04,2026-01,Jakarta,Cloud Connectivity,Internet Down,Medium,Resolved,73,330,,Residential,false,3.8
TCK-2026-02126,2026-01-04,2026-01,Denpasar,Cloud Connectivity,Billing Related,Low,Resolved,108,880,,Residential,true,3.4
TCK-2026-02289,2026-01-04,2026-01,Jakarta,Mobile Broadband,Installation Delay,Low,Waiting Customer,89,,,Residential,false,
TCK-2026-03864,2026-01-04,2026-01,Bandung,Enterprise VPN,Intermittent Connection,Low,Waiting Customer,116,,,Residential,false,
TCK-2026-04006,2026-01-04,2026-01,Jakarta,Fiber Internet,Internet Down,Low,Resolved,102,789,,Residential,false,5
TCK-2026-04075,2026-01-04,2026-01,Denpasar,Enterprise VPN,Enterprise SLA Complaint,Medium,In Progress,93,,,Residential,false,
TCK-2026-04362,2026-01-04,2026-01,Makassar,Cloud Connectivity,Internet Down,Low,Open,100,,,SMB,false,
TCK-2026-00152,2026-01-05,2026-01,Surabaya,Mobile Broadband,Billing Related,Medium,In Progress,63,,INC-2026-01055,Residential,false,
TCK-2026-00253,2026-01-05,2026-01,Palembang,Enterprise VPN,Router ONT Issue,Medium,Resolved,43,487,INC-2026-02197,Residential,false,4.7
TCK-2026-01523,2026-01-05,2026-01,Jakarta,Enterprise VPN,Internet Down,Low,Waiting Customer,109,,,Enterprise,false,
TCK-2026-01797,2026-01-05,2026-01,Palembang,Voice,Billing Related,Medium,Closed,83,433,INC-2026-00031,Enterprise,false,5
TCK-2026-02468,2026-01-05,2026-01,Jakarta,Enterprise VPN,Billing Related,High,Closed,30,164,INC-2026-01506,Public Sector,true,2.9
TCK-2026-02560,2026-01-05,2026-01,Yogyakarta,IPTV,Enterprise SLA Complaint,Medium,Waiting Customer,84,,INC-2026-02121,Enterprise,false,
TCK-2026-02719,2026-01-05,2026-01,Medan,Voice,Router ONT Issue,Medium,In Progress,89,,,Residential,false,
TCK-2026-02874,2026-01-05,2026-01,Bandung,Mobile Broadband,Enterprise SLA Complaint,Low,Waiting Customer,114,,,Residential,false,
TCK-2026-02927,2026-01-05,2026-01,Surabaya,Mobile Broadband,Installation Delay,Medium,Closed,94,619,INC-2026-01055,SMB,false,5
TCK-2026-03020,2026-01-05,2026-01,Jakarta,Voice,Intermittent Connection,High,Resolved,32,165,,Residential,false,3.0
TCK-2026-03523,2026-01-05,2026-01,Denpasar,Mobile Broadband,Installation Delay,Medium,Closed,65,614,,Enterprise,false,4.3
TCK-2026-03647,2026-01-05,2026-01,Palembang,Enterprise VPN,Internet Down,High,Open,58,,INC-2026-02197,SMB,false,
TCK-2026-03763,2026-01-05,2026-01,Semarang,IPTV,Slow Connection,High,In Progress,31,,,Enterprise,false,
TCK-2026-03880,2026-01-05,2026-01,Semarang,Fiber Internet,Router ONT Issue,High,Resolved,60,229,,SMB,false,3.3
TCK-2026-03942,2026-01-05,2026-01,Bandung,Mobile Broadband,Slow Connection,Low,Resolved,139,959,,Residential,false,4.2
TCK-2026-04143,2026-01-05,2026-01,Surabaya,Mobile Broadband,Billing Related,Low,Resolved,90,1004,INC-2026-01055,SMB,true,3.2
TCK-2026-00060,2026-01-06,2026-01,Bandung,Voice,Billing Related,Medium,Resolved,87,559,,Residential,false,4.3
TCK-2026-00976,2026-01-06,2026-01,Semarang,Mobile Broadband,Router ONT Issue,Low,In Progress,127,,INC-2026-00573,Residential,false,
TCK-2026-01530,2026-01-06,2026-01,Medan,Cloud Connectivity,Intermittent Connection,High,Resolved,29,329,,Residential,false,4.5
TCK-2026-02004,2026-01-06,2026-01,Medan,Mobile Broadband,Installation Delay,Low,Resolved,109,944,,Residential,false,4.6
TCK-2026-02390,2026-01-06,2026-01,Palembang,Fiber Internet,Intermittent Connection,Medium,Resolved,68,522,INC-2026-00825,Residential,false,4.3
TCK-2026-02769,2026-01-06,2026-01,Palembang,Enterprise VPN,Router ONT Issue,High,Resolved,36,101,,SMB,true,2.7
TCK-2026-03016,2026-01-06,2026-01,Semarang,Mobile Broadband,Router ONT Issue,Low,Closed,123,887,INC-2026-00573,Residential,false,4.6
TCK-2026-03190,2026-01-06,2026-01,Balikpapan,IPTV,Router ONT Issue,High,In Progress,30,,,Residential,false,
TCK-2026-03465,2026-01-06,2026-01,Palembang,Voice,Installation Delay,Low,Resolved,116,610,,Enterprise,false,3.3
TCK-2026-03588,2026-01-06,2026-01,Yogyakarta,Mobile Broadband,Internet Down,Low,In Progress,120,,,Residential,false,
TCK-2026-03741,2026-01-06,2026-01,Semarang,Mobile Broadband,Billing Related,Medium,Open,114,,INC-2026-00573,Public Sector,false,
TCK-2026-04565,2026-01-06,2026-01,Surabaya,IPTV,Enterprise SLA Complaint,Low,Closed,114,867,INC-2026-02005,Residential,false,3.6
TCK-2026-04573,2026-01-06,2026-01,Medan,Cloud Connectivity,Router ONT Issue,Low,Closed,108,1067,,SMB,true,4.6
TCK-2026-04716,2026-01-06,2026-01,Balikpapan,Fiber Internet,Intermittent Connection,High,In Progress,17,,,Enterprise,false,
TCK-2026-05001,2026-01-06,2026-01,Semarang,Fiber Internet,Router ONT Issue,Low,Resolved,168,993,,SMB,false,3.9
TCK-2026-05298,2026-01-06,2026-01,Palembang,Fiber Internet,Internet Down,Low,Resolved,100,874,INC-2026-00825,SMB,false,4.0
TCK-2026-05377,2026-01-06,2026-01,Balikpapan,Mobile Broadband,Intermittent Connection,Low,Open,106,,,Enterprise,false,
TCK-2026-00238,2026-01-07,2026-01,Balikpapan,Cloud Connectivity,Router ONT Issue,Low,Resolved,143,952,INC-2026-01853,Residential,false,3.4
TCK-2026-00337,2026-01-07,2026-01,Semarang,Mobile Broadband,Installation Delay,Medium,Resolved,93,441,,Enterprise,false,3.8
TCK-2026-00795,2026-01-07,2026-01,Makassar,Fiber Internet,Enterprise SLA Complaint,Low,Resolved,133,918,,Residential,false,4.0
TCK-2026-01610,2026-01-07,2026-01,Denpasar,Cloud Connectivity,Internet Down,Critical,Resolved,4,65,,Residential,false,2.3
TCK-2026-02367,2026-01-07,2026-01,Semarang,Mobile Broadband,Slow Connection,Medium,Waiting Customer,76,,INC-2026-00390,Residential,false,
TCK-2026-02525,2026-01-07,2026-01,Jakarta,IPTV,Enterprise SLA Complaint,Medium,Waiting Customer,80,,INC-2026-00443,Residential,false,
TCK-2026-02986,2026-01-07,2026-01,Denpasar,Voice,Enterprise SLA Complaint,Low,Resolved,151,883,,SMB,false,3.6
TCK-2026-03265,2026-01-07,2026-01,Bandung,Voice,Slow Connection,Medium,Closed,87,367,,Enterprise,true,2.9
TCK-2026-03305,2026-01-07,2026-01,Makassar,Fiber Internet,Internet Down,Low,Closed,118,825,INC-2026-02126,Residential,false,4.3
TCK-2026-04489,2026-01-07,2026-01,Balikpapan,Cloud Connectivity,Slow Connection,Medium,Resolved,38,521,INC-2026-01853,SMB,false,3.8
TCK-2026-05038,2026-01-07,2026-01,Semarang,Enterprise VPN,Router ONT Issue,Low,Resolved,119,1105,,Residential,false,3.8
TCK-2026-00482,2026-01-08,2026-01,Semarang,Enterprise VPN,Router ONT Issue,High,Closed,27,233,,Residential,false,2.9
TCK-2026-00521,2026-01-08,2026-01,Balikpapan,Mobile Broadband,Internet Down,Medium,Closed,73,499,,SMB,false,4.6
TCK-2026-00745,2026-01-08,2026-01,Jakarta,Enterprise VPN,Internet Down,Low,Open,127,,,Residential,false,
TCK-2026-00941,2026-01-08,2026-01,Bandung,Enterprise VPN,Router ONT Issue,Medium,Resolved,85,512,INC-2026-00013,SMB,false,4.7
TCK-2026-01229,2026-01-08,2026-01,Medan,Fiber Internet,Router ONT Issue,Low,Resolved,118,797,,SMB,false,4.4
TCK-2026-01448,2026-01-08,2026-01,Bandung,IPTV,Slow Connection,High,Waiting Customer,24,,,Public Sector,false,
TCK-2026-01524,2026-01-08,2026-01,Jakarta,Voice,Internet Down,High,In Progress,44,,INC-2026-00922,Residential,false,
TCK-2026-01974,2026-01-08,2026-01,Bandung,Enterprise VPN,Slow Connection,Low,Resolved,96,1082,INC-2026-00013,Residential,false,4.3
TCK-2026-02677,2026-01-08,2026-01,Denpasar,Fiber Internet,Installation Delay,Medium,In Progress,61,,INC-2026-00952,Residential,false,
TCK-2026-02699,2026-01-08,2026-01,Denpasar,Fiber Internet,Installation Delay,High,Closed,12,153,INC-2026-00952,Residential,false,3.1
TCK-2026-03380,2026-01-08,2026-01,Makassar,IPTV,Enterprise SLA Complaint,Low,Closed,122,824,INC-2026-01524,SMB,false,4.5
TCK-2026-03406,2026-01-08,2026-01,Bandung,Mobile Broadband,Internet Down,Medium,In Progress,91,,,Residential,false,
TCK-2026-03458,2026-01-08,2026-01,Surabaya,Enterprise VPN,Billing Related,Low,In Progress,116,,,Residential,false,
TCK-2026-03640,2026-01-08,2026-01,Makassar,IPTV,Internet Down,Medium,Closed,81,534,INC-2026-01524,Enterprise,false,3.7
TCK-2026-04929,2026-01-08,2026-01,Makassar,IPTV,Slow Connection,Low,Open,160,,INC-2026-01524,Residential,false,
TCK-2026-00014,2026-01-09,2026-01,Denpasar,Cloud Connectivity,Installation Delay,Low,In Progress,133,,,SMB,false,
TCK-2026-00210,2026-01-09,2026-01,Medan,Fiber Internet,Router ONT Issue,Medium,Waiting Customer,59,,INC-2026-00649,Residential,false,
TCK-2026-00628,2026-01-09,2026-01,Medan,Fiber Internet,Enterprise SLA Complaint,Critical,Resolved,17,17,INC-2026-00649,Residential,false,5
TCK-2026-01104,2026-01-09,2026-01,Medan,Fiber Internet,Enterprise SLA Complaint,High,Resolved,30,304,INC-2026-00649,SMB,false,2.6
TCK-2026-01419,2026-01-09,2026-01,Makassar,Enterprise VPN,Billing Related,High,Resolved,48,330,,SMB,false,2.7
TCK-2026-03021,2026-01-09,2026-01,Palembang,Mobile Broadband,Installation Delay,High,Resolved,39,313,,Residential,false,3.1
TCK-2026-03567,2026-01-09,2026-01,Semarang,Cloud Connectivity,Installation Delay,Critical,Resolved,8,116,,Residential,true,3.6
TCK-2026-03631,2026-01-09,2026-01,Denpasar,Voice,Enterprise SLA Complaint,Medium,Resolved,93,438,,Residential,false,4.3
TCK-2026-04288,2026-01-09,2026-01,Makassar,Mobile Broadband,Enterprise SLA Complaint,Low,Closed,117,917,,Residential,false,4.6
TCK-2026-04610,2026-01-09,2026-01,Balikpapan,Cloud Connectivity,Installation Delay,Medium,Closed,70,493,,Enterprise,true,3.4
TCK-2026-00794,2026-01-10,2026-01,Jakarta,Voice,Billing Related,Medium,Resolved,25,592,,Enterprise,false,5
TCK-2026-01279,2026-01-10,2026-01,Jakarta,Fiber Internet,Intermittent Connection,Medium,Resolved,86,535,,Residential,false,5
TCK-2026-01832,2026-01-10,2026-01,Medan,Fiber Internet,Billing Related,Medium,Resolved,76,526,,SMB,false,4.7
TCK-2026-01850,2026-01-10,2026-01,Semarang,Voice,Billing Related,Low,Resolved,104,959,INC-2026-01705,Enterprise,false,3.7
TCK-2026-02425,2026-01-10,2026-01,Yogyakarta,Mobile Broadband,Billing Related,Critical,Open,7,,,Residential,true,
TCK-2026-03527,2026-01-10,2026-01,Medan,Fiber Internet,Billing Related,Medium,Open,51,,,Public Sector,false,
TCK-2026-03740,2026-01-10,2026-01,Medan,IPTV,Router ONT Issue,Low,Open,88,,,Enterprise,false,
TCK-2026-04020,2026-01-10,2026-01,Medan,Cloud Connectivity,Intermittent Connection,Medium,Resolved,85,455,INC-2026-00196,Residential,false,4.2
TCK-2026-04519,2026-01-10,2026-01,Surabaya,IPTV,Billing Related,Low,Resolved,130,838,,Residential,false,4.3
TCK-2026-04891,2026-01-10,2026-01,Medan,Cloud Connectivity,Enterprise SLA Complaint,High,Resolved,48,196,INC-2026-00196,SMB,false,3.7
TCK-2026-00188,2026-01-11,2026-01,Yogyakarta,Cloud Connectivity,Internet Down,Medium,Closed,38,397,,Residential,false,4.5
TCK-2026-00479,2026-01-11,2026-01,Denpasar,Fiber Internet,Router ONT Issue,High,Resolved,36,265,,Residential,false,2.7
TCK-2026-00989,2026-01-11,2026-01,Palembang,Cloud Connectivity,Slow Connection,Low,Resolved,127,852,,Enterprise,false,4.5
TCK-2026-01412,2026-01-11,2026-01,Palembang,Fiber Internet,Installation Delay,Medium,Closed,90,362,,SMB,false,3.6
TCK-2026-01821,2026-01-11,2026-01,Semarang,Voice,Enterprise SLA Complaint,Medium,Open,65,,INC-2026-00991,Residential,true,
TCK-2026-02247,2026-01-11,2026-01,Semarang,Voice,Enterprise SLA Complaint,Medium,Resolved,81,426,INC-2026-00991,Residential,false,4.0
TCK-2026-02366,2026-01-11,2026-01,Bandung,Voice,Installation Delay,High,Open,45,,INC-2026-01563,Residential,true,
TCK-2026-02868,2026-01-11,2026-01,Semarang,Voice,Slow Connection,Critical,Resolved,2,127,INC-2026-00991,Residential,false,4.1
TCK-2026-03010,2026-01-11,2026-01,Medan,Voice,Enterprise SLA Complaint,Medium,Closed,33,495,INC-2026-01227,Enterprise,false,3.5
TCK-2026-03102,2026-01-11,2026-01,Makassar,IPTV,Slow Connection,Medium,Closed,70,456,,Residential,false,4.1
TCK-2026-03728,2026-01-11,2026-01,Bandung,Voice,Billing Related,Medium,In Progress,38,,INC-2026-01563,Enterprise,false,
TCK-2026-05046,2026-01-11,2026-01,Makassar,IPTV,Slow Connection,High,Closed,25,178,,Residential,false,2.8
TCK-2026-05051,2026-01-11,2026-01,Balikpapan,Enterprise VPN,Intermittent Connection,High,In Progress,38,,,Enterprise,false,
TCK-2026-00753,2026-01-12,2026-01,Palembang,Cloud Connectivity,Router ONT Issue,Low,In Progress,119,,,Residential,true,
TCK-2026-00951,2026-01-12,2026-01,Yogyakarta,IPTV,Billing Related,High,Closed,36,342,INC-2026-00432,Residential,true,4.3
TCK-2026-01012,2026-01-12,2026-01,Surabaya,Cloud Connectivity,Billing Related,Medium,Resolved,44,508,INC-2026-00881,SMB,false,4.2
TCK-2026-01038,2026-01-12,2026-01,Medan,Voice,Slow Connection,Low,Resolved,116,879,,SMB,false,4.2
TCK-2026-02360,2026-01-12,2026-01,Balikpapan,Enterprise VPN,Intermittent Connection,High,In Progress,30,,INC-2026-00406,Enterprise,true,
TCK-2026-03493,2026-01-12,2026-01,Semarang,IPTV,Slow Connection,High,Resolved,38,249,,Residential,false,3.8
TCK-2026-03506,2026-01-12,2026-01,Jakarta,Mobile Broadband,Router ONT Issue,Critical,Open,2,,,Residential,false,
TCK-2026-03886,2026-01-12,2026-01,Yogyakarta,IPTV,Enterprise SLA Complaint,Critical,Open,10,,INC-2026-00432,Residential,false,
TCK-2026-03968,2026-01-12,2026-01,Bandung,IPTV,Enterprise SLA Complaint,High,Closed,32,238,,SMB,false,3.0
TCK-2026-05057,2026-01-12,2026-01,Balikpapan,Enterprise VPN,Router ONT Issue,Medium,Resolved,99,422,INC-2026-00406,Residential,false,3.8
TCK-2026-00093,2026-01-13,2026-01,Denpasar,Fiber Internet,Slow Connection,Critical,Open,19,,INC-2026-01716,Residential,false,
TCK-2026-00401,2026-01-13,2026-01,Palembang,Mobile Broadband,Internet Down,High,In Progress,21,,,SMB,true,
TCK-2026-01693,2026-01-13,2026-01,Surabaya,Voice,Router ONT Issue,Medium,Closed,70,507,,SMB,false,4.4
TCK-2026-01922,2026-01-13,2026-01,Palembang,Fiber Internet,Router ONT Issue,Medium,Open,76,,,Residential,false,
TCK-2026-02174,2026-01-13,2026-01,Balikpapan,Cloud Connectivity,Router ONT Issue,Medium,Resolved,48,602,,SMB,false,5
TCK-2026-02193,2026-01-13,2026-01,Balikpapan,Enterprise VPN,Billing Related,Low,In Progress,154,,INC-2026-00965,Enterprise,false,
TCK-2026-02218,2026-01-13,2026-01,Jakarta,Enterprise VPN,Internet Down,Low,Resolved,152,859,INC-2026-00321,Residential,false,5
TCK-2026-02567,2026-01-13,2026-01,Bandung,Mobile Broadband,Intermittent Connection,Low,Waiting Customer,136,,,Enterprise,false,
TCK-2026-02784,2026-01-13,2026-01,Bandung,IPTV,Internet Down,High,Closed,19,190,,Residential,false,3.5
TCK-2026-03280,2026-01-13,2026-01,Surabaya,Voice,Router ONT Issue,Medium,Resolved,57,564,INC-2026-00424,Residential,false,4.3
TCK-2026-03473,2026-01-13,2026-01,Surabaya,Voice,Slow Connection,Low,Resolved,115,864,INC-2026-00424,Enterprise,false,4.2
TCK-2026-03496,2026-01-13,2026-01,Surabaya,Voice,Billing Related,Critical,Resolved,15,191,INC-2026-00424,Residential,false,2.7
TCK-2026-03708,2026-01-13,2026-01,Yogyakarta,Fiber Internet,Installation Delay,Medium,Resolved,65,490,INC-2026-01569,Public Sector,false,3.9
TCK-2026-04073,2026-01-13,2026-01,Jakarta,Fiber Internet,Installation Delay,Medium,Resolved,108,455,INC-2026-00238,Residential,false,4.1
TCK-2026-04723,2026-01-13,2026-01,Makassar,Fiber Internet,Internet Down,Critical,Closed,2,57,,Enterprise,false,3.6
TCK-2026-05029,2026-01-13,2026-01,Medan,Mobile Broadband,Billing Related,High,Waiting Customer,43,,,Enterprise,false,
TCK-2026-00329,2026-01-14,2026-01,Makassar,Fiber Internet,Enterprise SLA Complaint,Low,Resolved,146,959,INC-2026-01757,Public Sector,false,3.3
TCK-2026-00718,2026-01-14,2026-01,Surabaya,Voice,Enterprise SLA Complaint,Medium,Waiting Customer,64,,,SMB,false,
TCK-2026-00827,2026-01-14,2026-01,Bandung,Mobile Broadband,Intermittent Connection,Low,Closed,128,906,INC-2026-00430,Residential,false,4.6
TCK-2026-00881,2026-01-14,2026-01,Palembang,Mobile Broadband,Billing Related,Medium,Closed,54,415,,SMB,true,3.1
TCK-2026-00909,2026-01-14,2026-01,Balikpapan,IPTV,Installation Delay,Low,Waiting Customer,126,,INC-2026-02098,Residential,false,
TCK-2026-01040,2026-01-14,2026-01,Balikpapan,Cloud Connectivity,Enterprise SLA Complaint,Medium,Resolved,80,496,,SMB,false,3.8
TCK-2026-01053,2026-01-14,2026-01,Makassar,IPTV,Intermittent Connection,Medium,Resolved,62,410,,Residential,false,5
TCK-2026-01277,2026-01-14,2026-01,Denpasar,Mobile Broadband,Billing Related,Medium,Resolved,74,457,,Enterprise,false,3.9
TCK-2026-01571,2026-01-14,2026-01,Denpasar,Fiber Internet,Billing Related,Low,Closed,154,763,,Enterprise,false,4.7
TCK-2026-01585,2026-01-14,2026-01,Balikpapan,Voice,Internet Down,Medium,Waiting Customer,75,,INC-2026-01496,Enterprise,true,
TCK-2026-02756,2026-01-14,2026-01,Bandung,Mobile Broadband,Billing Related,Low,Closed,163,956,INC-2026-00430,Residential,false,4.3
TCK-2026-03025,2026-01-14,2026-01,Semarang,Enterprise VPN,Intermittent Connection,Low,In Progress,100,,,Residential,false,
TCK-2026-03577,2026-01-14,2026-01,Makassar,Fiber Internet,Router ONT Issue,Medium,Resolved,39,346,INC-2026-01757,Residential,false,4.0
TCK-2026-03852,2026-01-14,2026-01,Balikpapan,Voice,Enterprise SLA Complaint,Low,Resolved,135,844,INC-2026-01496,Residential,false,4.1
TCK-2026-04055,2026-01-14,2026-01,Balikpapan,IPTV,Enterprise SLA Complaint,Low,Open,92,,INC-2026-02098,Residential,true,
TCK-2026-04196,2026-01-14,2026-01,Bandung,IPTV,Billing Related,Low,Waiting Customer,189,,,Residential,false,
TCK-2026-04572,2026-01-14,2026-01,Makassar,Fiber Internet,Router ONT Issue,Critical,Closed,15,150,INC-2026-01757,Residential,false,3.2
TCK-2026-04904,2026-01-14,2026-01,Balikpapan,Mobile Broadband,Installation Delay,Low,Resolved,86,817,INC-2026-02044,Residential,false,3.8
TCK-2026-05045,2026-01-14,2026-01,Surabaya,Voice,Installation Delay,Medium,Closed,100,504,,Residential,false,3.6
TCK-2026-05207,2026-01-14,2026-01,Medan,Voice,Slow Connection,High,Closed,48,268,,Residential,false,2.7
TCK-2026-00140,2026-01-15,2026-01,Yogyakarta,Mobile Broadband,Router ONT Issue,Medium,Closed,47,393,,Residential,false,4.7
TCK-2026-01092,2026-01-15,2026-01,Bandung,Fiber Internet,Intermittent Connection,Medium,Resolved,72,385,INC-2026-00419,Enterprise,false,4.5
TCK-2026-01752,2026-01-15,2026-01,Medan,Cloud Connectivity,Router ONT Issue,High,Resolved,14,324,INC-2026-00244,SMB,true,3.6
TCK-2026-01961,2026-01-15,2026-01,Palembang,IPTV,Router ONT Issue,Medium,Closed,100,554,,Enterprise,false,4.3
TCK-2026-02041,2026-01-15,2026-01,Palembang,Enterprise VPN,Intermittent Connection,Medium,Resolved,101,369,,Residential,false,4.2
TCK-2026-02285,2026-01-15,2026-01,Bandung,Fiber Internet,Enterprise SLA Complaint,Low,Resolved,98,761,INC-2026-00419,Residential,false,4.0
TCK-2026-02816,2026-01-15,2026-01,Semarang,Cloud Connectivity,Enterprise SLA Complaint,Medium,Resolved,86,471,,Residential,true,4.9
TCK-2026-02823,2026-01-15,2026-01,Balikpapan,Enterprise VPN,Intermittent Connection,Low,In Progress,132,,,SMB,false,
TCK-2026-03314,2026-01-15,2026-01,Surabaya,Fiber Internet,Slow Connection,High,Resolved,45,352,,Residential,false,3.8
TCK-2026-03443,2026-01-15,2026-01,Surabaya,Enterprise VPN,Slow Connection,Medium,Open,76,,,SMB,false,
TCK-2026-04329,2026-01-15,2026-01,Surabaya,Mobile Broadband,Slow Connection,High,Closed,46,293,,Enterprise,false,3.3
TCK-2026-04355,2026-01-15,2026-01,Medan,Enterprise VPN,Router ONT Issue,Medium,In Progress,73,,,Public Sector,false,
TCK-2026-04392,2026-01-15,2026-01,Balikpapan,Fiber Internet,Intermittent Connection,High,Closed,42,159,,Residential,false,2.8
TCK-2026-04901,2026-01-15,2026-01,Medan,Cloud Connectivity,Enterprise SLA Complaint,High,Waiting Customer,63,,INC-2026-00244,Residential,false,
TCK-2026-05022,2026-01-15,2026-01,Medan,Cloud Connectivity,Router ONT Issue,High,Resolved,14,178,INC-2026-00244,Residential,false,3.6
TCK-2026-00139,2026-01-16,2026-01,Yogyakarta,Mobile Broadband,Internet Down,Medium,Resolved,77,463,,Enterprise,false,3.3
TCK-2026-00392,2026-01-16,2026-01,Medan,Voice,Intermittent Connection,High,Open,23,,,Enterprise,true,
TCK-2026-00848,2026-01-16,2026-01,Medan,IPTV,Router ONT Issue,Low,Open,128,,INC-2026-01900,SMB,false,
TCK-2026-00968,2026-01-16,2026-01,Makassar,Enterprise VPN,Intermittent Connection,High,Resolved,37,143,,SMB,false,3.4
TCK-2026-00978,2026-01-16,2026-01,Medan,IPTV,Slow Connection,Low,Closed,111,962,INC-2026-01900,Residential,false,3.5
TCK-2026-01310,2026-01-16,2026-01,Medan,Fiber Internet,Slow Connection,Medium,Closed,73,277,,Residential,false,3.8
TCK-2026-01554,2026-01-16,2026-01,Yogyakarta,Fiber Internet,Slow Connection,Medium,Resolved,88,520,,Residential,false,4.1
TCK-2026-01916,2026-01-16,2026-01,Medan,Enterprise VPN,Internet Down,Medium,Open,78,,,Public Sector,false,
TCK-2026-02841,2026-01-16,2026-01,Balikpapan,Cloud Connectivity,Intermittent Connection,Medium,Open,72,,,SMB,false,
TCK-2026-03091,2026-01-16,2026-01,Balikpapan,Mobile Broadband,Enterprise SLA Complaint,Low,Resolved,137,973,,Enterprise,false,3.0
TCK-2026-03211,2026-01-16,2026-01,Semarang,Fiber Internet,Billing Related,Low,In Progress,105,,,Public Sector,false,
TCK-2026-03450,2026-01-16,2026-01,Medan,Cloud Connectivity,Internet Down,Low,Resolved,121,775,,SMB,true,3.4
TCK-2026-03476,2026-01-16,2026-01,Balikpapan,Enterprise VPN,Slow Connection,Low,Closed,111,845,INC-2026-01639,Enterprise,false,3.4
TCK-2026-03530,2026-01-16,2026-01,Medan,Voice,Billing Related,High,Resolved,23,171,,Residential,false,4.6
TCK-2026-03581,2026-01-16,2026-01,Medan,IPTV,Intermittent Connection,Medium,Resolved,44,514,INC-2026-01900,Residential,false,4.7
TCK-2026-04602,2026-01-16,2026-01,Medan,IPTV,Installation Delay,High,In Progress,41,,INC-2026-01900,Residential,false,
TCK-2026-04763,2026-01-16,2026-01,Palembang,Fiber Internet,Intermittent Connection,Medium,Closed,82,539,,Residential,false,3.6
TCK-2026-05008,2026-01-16,2026-01,Bandung,Fiber Internet,Enterprise SLA Complaint,Medium,Waiting Customer,95,,,Public Sector,false,
TCK-2026-05047,2026-01-16,2026-01,Surabaya,Voice,Billing Related,Low,Resolved,108,1050,INC-2026-01835,Residential,false,2.2
TCK-2026-05267,2026-01-16,2026-01,Balikpapan,Mobile Broadband,Enterprise SLA Complaint,Low,Waiting Customer,132,,,Residential,false,
TCK-2026-00061,2026-01-17,2026-01,Medan,Enterprise VPN,Billing Related,Medium,Resolved,87,570,INC-2026-01685,Residential,false,4.4
TCK-2026-00369,2026-01-17,2026-01,Surabaya,Cloud Connectivity,Intermittent Connection,Low,Closed,131,931,INC-2026-01398,Enterprise,false,3.3
TCK-2026-00530,2026-01-17,2026-01,Medan,Cloud Connectivity,Enterprise SLA Complaint,Medium,Open,59,,,Residential,false,
TCK-2026-01347,2026-01-17,2026-01,Semarang,IPTV,Installation Delay,Low,Resolved,147,904,,Residential,false,4.2
TCK-2026-01704,2026-01-17,2026-01,Surabaya,Mobile Broadband,Enterprise SLA Complaint,Medium,Closed,81,521,INC-2026-00658,SMB,false,5
TCK-2026-01726,2026-01-17,2026-01,Bandung,Mobile Broadband,Internet Down,Low,Resolved,112,794,,Enterprise,false,4.4
TCK-2026-01966,2026-01-17,2026-01,Medan,Fiber Internet,Router ONT Issue,Low,Closed,98,866,,Residential,false,4.1
TCK-2026-02546,2026-01-17,2026-01,Medan,Enterprise VPN,Installation Delay,Low,In Progress,133,,INC-2026-01685,Residential,false,
TCK-2026-02566,2026-01-17,2026-01,Denpasar,Enterprise VPN,Slow Connection,Low,In Progress,117,,INC-2026-00161,Enterprise,false,
TCK-2026-02845,2026-01-17,2026-01,Denpasar,Enterprise VPN,Installation Delay,High,Resolved,38,187,INC-2026-00161,SMB,true,4.0
TCK-2026-02891,2026-01-17,2026-01,Bandung,Fiber Internet,Intermittent Connection,Low,Resolved,98,858,,Residential,false,4.4
TCK-2026-02909,2026-01-17,2026-01,Makassar,Mobile Broadband,Installation Delay,High,Open,58,,INC-2026-00429,Residential,true,
TCK-2026-03234,2026-01-17,2026-01,Palembang,Enterprise VPN,Installation Delay,Medium,Resolved,68,527,,SMB,false,5
TCK-2026-03412,2026-01-17,2026-01,Jakarta,Cloud Connectivity,Billing Related,Low,Resolved,142,955,INC-2026-00059,Enterprise,false,4.3
TCK-2026-03700,2026-01-17,2026-01,Makassar,Mobile Broadband,Installation Delay,Medium,Waiting Customer,68,,INC-2026-00429,SMB,false,
TCK-2026-03919,2026-01-17,2026-01,Medan,Enterprise VPN,Installation Delay,Medium,Resolved,24,574,INC-2026-01685,Residential,false,4.6
TCK-2026-04520,2026-01-17,2026-01,Balikpapan,Cloud Connectivity,Router ONT Issue,High,Closed,20,253,,Enterprise,false,3.7
TCK-2026-04905,2026-01-17,2026-01,Denpasar,Cloud Connectivity,Intermittent Connection,Critical,Closed,13,268,,Residential,false,3.1
TCK-2026-05056,2026-01-17,2026-01,Denpasar,Cloud Connectivity,Installation Delay,High,Closed,50,162,,Enterprise,false,2.1
TCK-2026-05311,2026-01-17,2026-01,Balikpapan,Cloud Connectivity,Enterprise SLA Complaint,Medium,Open,85,,,Residential,false,
TCK-2026-00696,2026-01-18,2026-01,Jakarta,Fiber Internet,Installation Delay,Medium,In Progress,61,,,Residential,false,
TCK-2026-00764,2026-01-18,2026-01,Jakarta,Cloud Connectivity,Enterprise SLA Complaint,High,Open,16,,,Enterprise,false,
TCK-2026-00775,2026-01-18,2026-01,Surabaya,IPTV,Intermittent Connection,Low,Closed,74,899,,Enterprise,false,3.8
TCK-2026-01361,2026-01-18,2026-01,Surabaya,Cloud Connectivity,Slow Connection,Low,In Progress,91,,,Residential,false,
TCK-2026-01389,2026-01-18,2026-01,Jakarta,IPTV,Enterprise SLA Complaint,High,Closed,46,338,INC-2026-01462,Enterprise,false,3.4
TCK-2026-01631,2026-01-18,2026-01,Medan,Enterprise VPN,Internet Down,High,Resolved,45,432,INC-2026-00524,Residential,false,4.4
TCK-2026-02027,2026-01-18,2026-01,Balikpapan,Mobile Broadband,Billing Related,Low,Closed,104,899,,Enterprise,false,3.3
TCK-2026-02240,2026-01-18,2026-01,Balikpapan,Enterprise VPN,Internet Down,Medium,Waiting Customer,84,,INC-2026-00259,Residential,false,
TCK-2026-03321,2026-01-18,2026-01,Bandung,IPTV,Router ONT Issue,Low,Resolved,135,1026,,Residential,false,4.1
TCK-2026-03334,2026-01-18,2026-01,Bandung,Enterprise VPN,Intermittent Connection,Medium,Resolved,56,503,INC-2026-01690,SMB,false,4.0
TCK-2026-03418,2026-01-18,2026-01,Denpasar,Cloud Connectivity,Intermittent Connection,Medium,Resolved,80,474,,Enterprise,false,3.7
TCK-2026-03566,2026-01-18,2026-01,Semarang,Fiber Internet,Intermittent Connection,Medium,Waiting Customer,56,,,Residential,false,
TCK-2026-03594,2026-01-18,2026-01,Jakarta,Voice,Internet Down,Medium,Closed,95,434,,Residential,false,4.0
TCK-2026-03660,2026-01-18,2026-01,Yogyakarta,Cloud Connectivity,Router ONT Issue,High,Closed,52,206,INC-2026-01190,Residential,false,3.5
TCK-2026-04112,2026-01-18,2026-01,Semarang,Cloud Connectivity,Router ONT Issue,Medium,Resolved,109,302,,Residential,true,4.3
TCK-2026-05126,2026-01-18,2026-01,Yogyakarta,Cloud Connectivity,Intermittent Connection,High,Resolved,9,204,INC-2026-01190,Residential,false,3.6
TCK-2026-00183,2026-01-19,2026-01,Semarang,Enterprise VPN,Router ONT Issue,Critical,Closed,2,71,INC-2026-01318,Enterprise,false,3.7
TCK-2026-00319,2026-01-19,2026-01,Bandung,Cloud Connectivity,Enterprise SLA Complaint,Medium,In Progress,79,,,Public Sector,false,
TCK-2026-00358,2026-01-19,2026-01,Denpasar,Enterprise VPN,Enterprise SLA Complaint,Low,Resolved,112,954,,SMB,false,3.8
TCK-2026-01075,2026-01-19,2026-01,Denpasar,Mobile Broadband,Router ONT Issue,Low,Resolved,87,992,INC-2026-01040,Residential,false,4.6
TCK-2026-01455,2026-01-19,2026-01,Bandung,IPTV,Internet Down,Low,In Progress,114,,INC-2026-02115,SMB,false,
TCK-2026-01694,2026-01-19,2026-01,Jakarta,IPTV,Internet Down,Medium,Waiting Customer,75,,,Residential,false,
TCK-2026-02343,2026-01-19,2026-01,Palembang,Enterprise VPN,Router ONT Issue,Low,Closed,143,986,,Residential,false,4.3
TCK-2026-02410,2026-01-19,2026-01,Denpasar,Enterprise VPN,Billing Related,High,In Progress,69,,INC-2026-01188,SMB,false,
TCK-2026-02755,2026-01-19,2026-01,Surabaya,Fiber Internet,Intermittent Connection,Low,Resolved,147,1012,,Residential,false,3.7
TCK-2026-02875,2026-01-19,2026-01,Semarang,Enterprise VPN,Enterprise SLA Complaint,High,Resolved,42,217,INC-2026-00083,Residential,true,4.4
TCK-2026-03019,2026-01-19,2026-01,Denpasar,Enterprise VPN,Internet Down,Low,In Progress,127,,INC-2026-00717,SMB,false,
TCK-2026-03134,2026-01-19,2026-01,Jakarta,Mobile Broadband,Installation Delay,Medium,Resolved,96,497,INC-2026-01035,Residential,false,3.8
TCK-2026-03195,2026-01-19,2026-01,Makassar,IPTV,Slow Connection,Medium,In Progress,102,,INC-2026-00053,Enterprise,false,
TCK-2026-03249,2026-01-19,2026-01,Makassar,Mobile Broadband,Enterprise SLA Complaint,Critical,Waiting Customer,2,,INC-2026-00598,Residential,false,
TCK-2026-03298,2026-01-19,2026-01,Semarang,Enterprise VPN,Enterprise SLA Complaint,High,In Progress,44,,INC-2026-01318,Residential,false,
TCK-2026-03721,2026-01-19,2026-01,Yogyakarta,Voice,Intermittent Connection,High,Resolved,36,215,,Residential,false,3.9
TCK-2026-03802,2026-01-19,2026-01,Yogyakarta,Fiber Internet,Enterprise SLA Complaint,Medium,Waiting Customer,58,,,Residential,false,
TCK-2026-04109,2026-01-19,2026-01,Makassar,Voice,Internet Down,Low,Waiting Customer,96,,,Residential,false,
TCK-2026-04419,2026-01-19,2026-01,Surabaya,IPTV,Router ONT Issue,Low,In Progress,117,,,SMB,false,
TCK-2026-04787,2026-01-19,2026-01,Yogyakarta,Cloud Connectivity,Slow Connection,Medium,Closed,68,446,INC-2026-00755,Enterprise,false,3.4
TCK-2026-04793,2026-01-19,2026-01,Makassar,Cloud Connectivity,Slow Connection,High,In Progress,40,,,Residential,true,
TCK-2026-04855,2026-01-19,2026-01,Denpasar,Enterprise VPN,Internet Down,High,Waiting Customer,40,,INC-2026-01188,SMB,false,
TCK-2026-05123,2026-01-19,2026-01,Yogyakarta,Enterprise VPN,Slow Connection,Low,Open,129,,INC-2026-00070,Residential,false,
TCK-2026-05131,2026-01-19,2026-01,Medan,Fiber Internet,Enterprise SLA Complaint,Medium,Resolved,60,569,,SMB,false,5
TCK-2026-05149,2026-01-19,2026-01,Makassar,Fiber Internet,Router ONT Issue,Low,Resolved,118,899,,SMB,false,3.9
TCK-2026-05166,2026-01-19,2026-01,Makassar,Mobile Broadband,Internet Down,Medium,Waiting Customer,87,,INC-2026-00598,Residential,false,
TCK-2026-05360,2026-01-19,2026-01,Denpasar,Mobile Broadband,Enterprise SLA Complaint,Medium,Waiting Customer,71,,INC-2026-01040,Residential,false,
TCK-2026-00310,2026-01-20,2026-01,Semarang,IPTV,Slow Connection,Medium,In Progress,99,,,SMB,false,
TCK-2026-00487,2026-01-20,2026-01,Medan,Cloud Connectivity,Internet Down,Medium,Closed,75,529,,Residential,false,3.4
TCK-2026-01131,2026-01-20,2026-01,Makassar,IPTV,Router ONT Issue,Low,Closed,134,841,INC-2026-01955,Enterprise,false,3.4
TCK-2026-02084,2026-01-20,2026-01,Makassar,IPTV,Intermittent Connection,High,Closed,52,306,INC-2026-01955,Enterprise,true,3.7
TCK-2026-02766,2026-01-20,2026-01,Balikpapan,Cloud Connectivity,Slow Connection,Critical,Closed,8,240,,Residential,false,3.7
TCK-2026-02812,2026-01-20,2026-01,Makassar,IPTV,Slow Connection,High,Resolved,25,213,INC-2026-01955,Residential,false,3.2
TCK-2026-03123,2026-01-20,2026-01,Semarang,IPTV,Billing Related,Low,Closed,102,901,,Residential,false,3.9
TCK-2026-03141,2026-01-20,2026-01,Denpasar,Voice,Installation Delay,Low,Open,117,,INC-2026-00926,SMB,false,
TCK-2026-03508,2026-01-20,2026-01,Makassar,IPTV,Installation Delay,High,Open,24,,,Residential,false,
TCK-2026-03555,2026-01-20,2026-01,Makassar,Cloud Connectivity,Router ONT Issue,Medium,Resolved,26,491,,SMB,true,5
TCK-2026-03668,2026-01-20,2026-01,Bandung,Mobile Broadband,Installation Delay,High,Resolved,35,303,,Residential,false,3.5
TCK-2026-03884,2026-01-20,2026-01,Bandung,Fiber Internet,Enterprise SLA Complaint,High,Open,72,,,SMB,false,
TCK-2026-04220,2026-01-20,2026-01,Yogyakarta,IPTV,Router ONT Issue,Medium,Resolved,75,435,,Residential,false,5
TCK-2026-04264,2026-01-20,2026-01,Yogyakarta,Fiber Internet,Router ONT Issue,Medium,Resolved,86,583,,Residential,false,3.4
TCK-2026-04378,2026-01-20,2026-01,Makassar,Fiber Internet,Internet Down,Low,In Progress,140,,,Residential,false,
TCK-2026-04639,2026-01-20,2026-01,Makassar,IPTV,Router ONT Issue,Low,Resolved,90,1049,INC-2026-01955,Residential,false,3.7
TCK-2026-05263,2026-01-20,2026-01,Surabaya,Voice,Billing Related,Low,In Progress,100,,,Enterprise,true,
TCK-2026-00252,2026-01-21,2026-01,Semarang,Fiber Internet,Intermittent Connection,Low,Resolved,147,1024,,Residential,false,3.9
TCK-2026-00571,2026-01-21,2026-01,Denpasar,IPTV,Slow Connection,Medium,Closed,88,582,,SMB,true,4.1
TCK-2026-00874,2026-01-21,2026-01,Bandung,Enterprise VPN,Slow Connection,Low,Open,128,,INC-2026-00959,Residential,false,
TCK-2026-00887,2026-01-21,2026-01,Semarang,Cloud Connectivity,Slow Connection,Medium,Closed,77,541,,Residential,false,5
TCK-2026-01342,2026-01-21,2026-01,Yogyakarta,Voice,Billing Related,High,Resolved,51,336,,Residential,false,2.6
TCK-2026-01396,2026-01-21,2026-01,Semarang,Mobile Broadband,Router ONT Issue,Low,Open,135,,INC-2026-01594,SMB,false,
TCK-2026-01633,2026-01-21,2026-01,Bandung,Enterprise VPN,Router ONT Issue,Medium,In Progress,67,,INC-2026-00959,Residential,false,
TCK-2026-01664,2026-01-21,2026-01,Balikpapan,Fiber Internet,Billing Related,Low,Resolved,152,914,,Residential,false,5
TCK-2026-02136,2026-01-21,2026-01,Jakarta,Mobile Broadband,Enterprise SLA Complaint,Critical,Resolved,12,111,,Residential,false,4.6
TCK-2026-03492,2026-01-21,2026-01,Surabaya,Cloud Connectivity,Router ONT Issue,High,Closed,54,272,INC-2026-02166,Residential,false,3.6
TCK-2026-03620,2026-01-21,2026-01,Surabaya,Mobile Broadband,Intermittent Connection,High,Closed,32,332,INC-2026-00216,Residential,false,2.1
TCK-2026-03964,2026-01-21,2026-01,Jakarta,Cloud Connectivity,Router ONT Issue,Medium,Resolved,67,439,,Residential,false,4.5
TCK-2026-03989,2026-01-21,2026-01,Palembang,Mobile Broadband,Enterprise SLA Complaint,Low,Closed,138,1110,,Residential,false,5
TCK-2026-04318,2026-01-21,2026-01,Yogyakarta,Enterprise VPN,Router ONT Issue,High,Closed,23,93,,Residential,false,4.2
TCK-2026-04450,2026-01-21,2026-01,Palembang,IPTV,Enterprise SLA Complaint,Low,Closed,145,888,INC-2026-01597,Enterprise,false,3.7
TCK-2026-04503,2026-01-21,2026-01,Palembang,IPTV,Billing Related,Low,Resolved,140,869,,Enterprise,false,4.8
TCK-2026-04660,2026-01-21,2026-01,Bandung,Mobile Broadband,Slow Connection,Medium,Waiting Customer,101,,,Public Sector,false,
TCK-2026-00254,2026-01-22,2026-01,Bandung,Voice,Installation Delay,High,Resolved,24,145,INC-2026-01673,Enterprise,false,3.8
TCK-2026-00326,2026-01-22,2026-01,Yogyakarta,Cloud Connectivity,Billing Related,Medium,Closed,62,527,INC-2026-00680,Residential,false,4.9
TCK-2026-00828,2026-01-22,2026-01,Bandung,IPTV,Intermittent Connection,High,Resolved,51,169,,Residential,true,3.1
TCK-2026-01146,2026-01-22,2026-01,Medan,IPTV,Router ONT Issue,High,Resolved,25,154,,Residential,false,2.9
TCK-2026-01853,2026-01-22,2026-01,Bandung,IPTV,Billing Related,High,Closed,21,186,,SMB,false,2.7
TCK-2026-01968,2026-01-22,2026-01,Surabaya,Enterprise VPN,Slow Connection,Medium,Resolved,48,505,,Enterprise,false,3.5
TCK-2026-02187,2026-01-22,2026-01,Yogyakarta,Cloud Connectivity,Router ONT Issue,Medium,Closed,69,461,INC-2026-00680,Residential,false,3.6
TCK-2026-02338,2026-01-22,2026-01,Palembang,Cloud Connectivity,Slow Connection,Medium,In Progress,80,,,Enterprise,false,
TCK-2026-02344,2026-01-22,2026-01,Makassar,IPTV,Installation Delay,High,Open,22,,INC-2026-01022,Residential,false,
TCK-2026-02405,2026-01-22,2026-01,Bandung,Enterprise VPN,Slow Connection,Medium,Closed,82,323,INC-2026-01973,Residential,false,4.6
TCK-2026-02616,2026-01-22,2026-01,Semarang,IPTV,Installation Delay,Low,Resolved,127,896,,Residential,false,3.0
TCK-2026-02618,2026-01-22,2026-01,Balikpapan,Enterprise VPN,Billing Related,Critical,Open,22,,,Enterprise,false,
TCK-2026-02721,2026-01-22,2026-01,Makassar,IPTV,Enterprise SLA Complaint,Medium,In Progress,67,,INC-2026-01022,SMB,true,
TCK-2026-03137,2026-01-22,2026-01,Yogyakarta,Cloud Connectivity,Slow Connection,Medium,Resolved,34,476,INC-2026-00680,Public Sector,false,3.3
TCK-2026-03138,2026-01-22,2026-01,Jakarta,Voice,Intermittent Connection,Low,Closed,96,790,,SMB,false,4.5
TCK-2026-03339,2026-01-22,2026-01,Makassar,Enterprise VPN,Enterprise SLA Complaint,Medium,Closed,92,355,,SMB,false,3.6
TCK-2026-03623,2026-01-22,2026-01,Makassar,Enterprise VPN,Internet Down,Low,Waiting Customer,123,,,Residential,false,
TCK-2026-03658,2026-01-22,2026-01,Makassar,IPTV,Intermittent Connection,High,In Progress,41,,,Residential,false,
TCK-2026-04145,2026-01-22,2026-01,Semarang,Fiber Internet,Internet Down,Low,In Progress,156,,,SMB,false,
TCK-2026-04743,2026-01-22,2026-01,Palembang,Mobile Broadband,Slow Connection,High,Resolved,42,276,,Residential,false,4.0
TCK-2026-00397,2026-01-23,2026-01,Medan,IPTV,Slow Connection,Low,Closed,91,865,,SMB,false,4.3
TCK-2026-00815,2026-01-23,2026-01,Denpasar,Voice,Billing Related,Low,In Progress,106,,,Enterprise,false,
TCK-2026-01607,2026-01-23,2026-01,Makassar,Cloud Connectivity,Router ONT Issue,High,Open,35,,,SMB,false,
TCK-2026-01813,2026-01-23,2026-01,Yogyakarta,IPTV,Slow Connection,Medium,Closed,62,460,,Enterprise,false,4.7
TCK-2026-03220,2026-01-23,2026-01,Yogyakarta,Voice,Installation Delay,High,Closed,22,408,INC-2026-00632,Residential,false,3.0
TCK-2026-03541,2026-01-23,2026-01,Palembang,IPTV,Intermittent Connection,Low,Resolved,150,895,,SMB,false,3.0
TCK-2026-04083,2026-01-23,2026-01,Palembang,Mobile Broadband,Installation Delay,Low,In Progress,130,,,Residential,false,
TCK-2026-04226,2026-01-23,2026-01,Yogyakarta,Fiber Internet,Router ONT Issue,Critical,Resolved,33,216,,Enterprise,true,4.2
TCK-2026-00027,2026-01-24,2026-01,Surabaya,Voice,Internet Down,Low,Closed,96,1054,INC-2026-00253,SMB,false,3.5
TCK-2026-00037,2026-01-24,2026-01,Bandung,Voice,Installation Delay,Low,Open,91,,,SMB,false,
TCK-2026-00204,2026-01-24,2026-01,Yogyakarta,Enterprise VPN,Router ONT Issue,Medium,Resolved,106,410,,Residential,false,4.0
TCK-2026-00735,2026-01-24,2026-01,Bandung,Cloud Connectivity,Installation Delay,High,Waiting Customer,47,,INC-2026-01782,Public Sector,true,
TCK-2026-01427,2026-01-24,2026-01,Yogyakarta,IPTV,Internet Down,Low,In Progress,101,,INC-2026-00472,Residential,false,
TCK-2026-01526,2026-01-24,2026-01,Yogyakarta,Voice,Internet Down,Medium,In Progress,46,,INC-2026-00020,Enterprise,true,
TCK-2026-01582,2026-01-24,2026-01,Semarang,Enterprise VPN,Router ONT Issue,Low,In Progress,125,,INC-2026-01622,Enterprise,false,
TCK-2026-01766,2026-01-24,2026-01,Surabaya,Enterprise VPN,Intermittent Connection,High,Open,18,,,Residential,false,
TCK-2026-02030,2026-01-24,2026-01,Surabaya,Voice,Enterprise SLA Complaint,High,Closed,58,277,INC-2026-00253,Residential,false,3.4
TCK-2026-02133,2026-01-24,2026-01,Surabaya,Voice,Billing Related,Low,In Progress,134,,INC-2026-00253,Residential,false,
TCK-2026-02270,2026-01-24,2026-01,Denpasar,IPTV,Router ONT Issue,Low,In Progress,109,,,SMB,false,
TCK-2026-02380,2026-01-24,2026-01,Semarang,Voice,Installation Delay,Medium,Open,100,,,Residential,true,
TCK-2026-02457,2026-01-24,2026-01,Jakarta,IPTV,Installation Delay,High,Resolved,37,208,,Enterprise,true,3.3
TCK-2026-02471,2026-01-24,2026-01,Balikpapan,IPTV,Intermittent Connection,Medium,Resolved,29,626,INC-2026-01431,Residential,false,4.1
TCK-2026-03274,2026-01-24,2026-01,Yogyakarta,Voice,Billing Related,Low,Resolved,121,895,INC-2026-00020,Residential,false,4.6
TCK-2026-03788,2026-01-24,2026-01,Yogyakarta,Cloud Connectivity,Router ONT Issue,Critical,In Progress,5,,,Residential,false,
TCK-2026-03954,2026-01-24,2026-01,Balikpapan,Voice,Installation Delay,Medium,Closed,47,651,,Residential,false,4.3
TCK-2026-04067,2026-01-24,2026-01,Yogyakarta,Voice,Installation Delay,High,Closed,29,230,INC-2026-00020,Residential,false,4.0
TCK-2026-04442,2026-01-24,2026-01,Semarang,Voice,Installation Delay,Low,Open,112,,,SMB,true,
TCK-2026-04694,2026-01-24,2026-01,Jakarta,Voice,Installation Delay,High,Waiting Customer,63,,,SMB,true,
TCK-2026-04829,2026-01-24,2026-01,Yogyakarta,Cloud Connectivity,Slow Connection,High,Resolved,49,226,,SMB,false,2.7
TCK-2026-04951,2026-01-24,2026-01,Surabaya,Voice,Enterprise SLA Complaint,Low,Closed,106,679,INC-2026-00253,Enterprise,false,4.1
TCK-2026-00234,2026-01-25,2026-01,Semarang,IPTV,Slow Connection,Low,Closed,98,882,,Residential,false,3.3
TCK-2026-00383,2026-01-25,2026-01,Surabaya,Cloud Connectivity,Internet Down,Medium,Open,90,,INC-2026-01948,Residential,false,
TCK-2026-00890,2026-01-25,2026-01,Palembang,Fiber Internet,Billing Related,Critical,Closed,28,28,,Residential,false,2.9
TCK-2026-01096,2026-01-25,2026-01,Denpasar,Fiber Internet,Router ONT Issue,Medium,Resolved,54,475,INC-2026-00165,Residential,true,4.6
TCK-2026-01654,2026-01-25,2026-01,Bandung,Enterprise VPN,Router ONT Issue,Medium,Resolved,79,413,,Residential,false,4.4
TCK-2026-01906,2026-01-25,2026-01,Palembang,IPTV,Router ONT Issue,Medium,Waiting Customer,49,,INC-2026-00301,Enterprise,false,
TCK-2026-01952,2026-01-25,2026-01,Medan,Fiber Internet,Enterprise SLA Complaint,Low,Closed,117,870,,Public Sector,false,4.5
TCK-2026-02213,2026-01-25,2026-01,Yogyakarta,Fiber Internet,Billing Related,Medium,Open,81,,,Residential,false,
TCK-2026-02404,2026-01-25,2026-01,Denpasar,Fiber Internet,Intermittent Connection,Medium,In Progress,74,,INC-2026-00165,Residential,false,
TCK-2026-02453,2026-01-25,2026-01,Denpasar,Fiber Internet,Billing Related,Low,Resolved,97,849,INC-2026-00165,SMB,false,2.5
TCK-2026-03049,2026-01-25,2026-01,Surabaya,Cloud Connectivity,Intermittent Connection,Low,In Progress,102,,INC-2026-01948,Residential,false,
TCK-2026-03297,2026-01-25,2026-01,Medan,Fiber Internet,Router ONT Issue,Medium,Resolved,128,508,,Public Sector,false,3.3
TCK-2026-04819,2026-01-25,2026-01,Jakarta,IPTV,Slow Connection,Low,Resolved,136,909,INC-2026-00089,Public Sector,false,4.6
TCK-2026-05170,2026-01-25,2026-01,Makassar,Fiber Internet,Slow Connection,High,Open,33,,,Residential,false,
TCK-2026-05172,2026-01-25,2026-01,Makassar,Mobile Broadband,Billing Related,Low,Resolved,108,822,,SMB,false,4.1
TCK-2026-05346,2026-01-25,2026-01,Palembang,Enterprise VPN,Intermittent Connection,Low,In Progress,126,,INC-2026-01078,Residential,false,
TCK-2026-00119,2026-01-26,2026-01,Denpasar,Cloud Connectivity,Intermittent Connection,Low,Closed,153,1025,INC-2026-00802,Public Sector,true,4.8
TCK-2026-00468,2026-01-26,2026-01,Palembang,Enterprise VPN,Billing Related,Low,Closed,141,893,INC-2026-00866,Enterprise,false,4.7
TCK-2026-00669,2026-01-26,2026-01,Balikpapan,IPTV,Internet Down,Medium,Resolved,64,439,,Residential,false,3.5
TCK-2026-00772,2026-01-26,2026-01,Bandung,IPTV,Intermittent Connection,High,Resolved,30,223,,SMB,false,3.9
TCK-2026-01167,2026-01-26,2026-01,Jakarta,Fiber Internet,Internet Down,Low,Open,103,,,Public Sector,false,
TCK-2026-01367,2026-01-26,2026-01,Semarang,Cloud Connectivity,Slow Connection,Medium,Closed,72,521,INC-2026-00660,Residential,false,4.7
TCK-2026-01713,2026-01-26,2026-01,Surabaya,Mobile Broadband,Router ONT Issue,Medium,Resolved,85,431,,Residential,false,3.4
TCK-2026-01798,2026-01-26,2026-01,Medan,Cloud Connectivity,Installation Delay,Low,Resolved,125,941,,Public Sector,false,3.9
TCK-2026-02047,2026-01-26,2026-01,Palembang,Fiber Internet,Internet Down,High,In Progress,32,,,Residential,false,
TCK-2026-02339,2026-01-26,2026-01,Balikpapan,Mobile Broadband,Slow Connection,Low,Resolved,127,901,,Residential,false,3.3
TCK-2026-03070,2026-01-26,2026-01,Bandung,IPTV,Slow Connection,High,In Progress,36,,,Residential,false,
TCK-2026-03258,2026-01-26,2026-01,Medan,Mobile Broadband,Billing Related,Low,Resolved,128,796,INC-2026-00226,Enterprise,false,4.1
TCK-2026-03848,2026-01-26,2026-01,Balikpapan,Fiber Internet,Intermittent Connection,Medium,Resolved,66,529,INC-2026-01482,Residential,false,3.3
TCK-2026-04614,2026-01-26,2026-01,Makassar,Enterprise VPN,Router ONT Issue,Low,Resolved,113,1047,,Public Sector,false,4.7
TCK-2026-04682,2026-01-26,2026-01,Bandung,Mobile Broadband,Slow Connection,Low,Closed,125,709,INC-2026-01062,Enterprise,false,3.2
TCK-2026-04705,2026-01-26,2026-01,Semarang,Enterprise VPN,Internet Down,Medium,Open,66,,,SMB,false,
TCK-2026-05052,2026-01-26,2026-01,Semarang,Fiber Internet,Internet Down,Medium,Waiting Customer,59,,,Public Sector,false,
TCK-2026-05106,2026-01-26,2026-01,Medan,Cloud Connectivity,Slow Connection,High,Resolved,32,114,,Residential,false,3.5
TCK-2026-05226,2026-01-26,2026-01,Bandung,Mobile Broadband,Intermittent Connection,Medium,Closed,50,489,INC-2026-01062,Residential,false,3.8
TCK-2026-05338,2026-01-26,2026-01,Medan,Enterprise VPN,Intermittent Connection,Medium,Closed,70,488,INC-2026-01312,Residential,false,3.2
TCK-2026-00882,2026-01-27,2026-01,Denpasar,Enterprise VPN,Installation Delay,Critical,Closed,36,139,,Public Sector,false,3.1
TCK-2026-01795,2026-01-27,2026-01,Balikpapan,Mobile Broadband,Billing Related,Medium,Waiting Customer,110,,,SMB,false,
TCK-2026-01833,2026-01-27,2026-01,Bandung,Voice,Router ONT Issue,Low,Closed,102,1047,,Enterprise,false,4.2
TCK-2026-03399,2026-01-27,2026-01,Medan,Cloud Connectivity,Billing Related,Low,Closed,140,748,INC-2026-01819,Residential,false,4.4
TCK-2026-03754,2026-01-27,2026-01,Yogyakarta,IPTV,Intermittent Connection,Medium,Resolved,60,475,,Enterprise,false,4.6
TCK-2026-04246,2026-01-27,2026-01,Palembang,Enterprise VPN,Router ONT Issue,Medium,Resolved,93,408,INC-2026-00708,Residential,false,4.1
TCK-2026-04733,2026-01-27,2026-01,Surabaya,Voice,Enterprise SLA Complaint,Low,Resolved,122,801,,Residential,false,4.4
TCK-2026-04751,2026-01-27,2026-01,Balikpapan,Cloud Connectivity,Installation Delay,Low,In Progress,120,,,Residential,false,
TCK-2026-05253,2026-01-27,2026-01,Surabaya,IPTV,Slow Connection,Medium,Waiting Customer,91,,,Residential,false,
TCK-2026-05373,2026-01-27,2026-01,Jakarta,Fiber Internet,Intermittent Connection,High,Resolved,43,220,,Residential,false,2.4
TCK-2026-00275,2026-01-28,2026-01,Medan,Enterprise VPN,Slow Connection,Low,Open,116,,,Public Sector,false,
TCK-2026-00408,2026-01-28,2026-01,Surabaya,Cloud Connectivity,Internet Down,Medium,Resolved,78,689,,Residential,false,3.4
TCK-2026-01414,2026-01-28,2026-01,Bandung,Enterprise VPN,Router ONT Issue,Critical,Closed,16,96,INC-2026-00085,Residential,false,3.1
TCK-2026-01496,2026-01-28,2026-01,Yogyakarta,Voice,Slow Connection,Low,Closed,129,963,,SMB,false,4.7
TCK-2026-01522,2026-01-28,2026-01,Balikpapan,Cloud Connectivity,Internet Down,Low,Resolved,74,955,INC-2026-01057,SMB,false,4.9
TCK-2026-01578,2026-01-28,2026-01,Yogyakarta,Cloud Connectivity,Internet Down,High,Open,29,,,Residential,false,
TCK-2026-01733,2026-01-28,2026-01,Yogyakarta,Voice,Router ONT Issue,High,In Progress,18,,INC-2026-00247,Residential,false,
TCK-2026-02092,2026-01-28,2026-01,Semarang,IPTV,Router ONT Issue,Critical,Resolved,43,109,,Residential,true,3.9
TCK-2026-02409,2026-01-28,2026-01,Denpasar,Fiber Internet,Installation Delay,Medium,Resolved,51,599,,Residential,false,4.0
TCK-2026-02880,2026-01-28,2026-01,Balikpapan,Cloud Connectivity,Installation Delay,Medium,In Progress,62,,INC-2026-01057,SMB,false,
TCK-2026-02895,2026-01-28,2026-01,Balikpapan,Cloud Connectivity,Router ONT Issue,Low,Resolved,120,890,INC-2026-01057,Residential,false,3.4
TCK-2026-03204,2026-01-28,2026-01,Bandung,Fiber Internet,Internet Down,Medium,Open,39,,,Public Sector,false,
TCK-2026-03477,2026-01-28,2026-01,Medan,Enterprise VPN,Slow Connection,High,Resolved,50,314,,Residential,false,4.1
TCK-2026-04132,2026-01-28,2026-01,Yogyakarta,Voice,Slow Connection,Medium,Resolved,89,508,,Residential,false,3.8
TCK-2026-04133,2026-01-28,2026-01,Denpasar,Cloud Connectivity,Intermittent Connection,Low,Resolved,145,913,INC-2026-00461,Residential,false,5
TCK-2026-04253,2026-01-28,2026-01,Bandung,Fiber Internet,Router ONT Issue,Low,Resolved,116,844,,SMB,false,3.8
TCK-2026-04281,2026-01-28,2026-01,Makassar,Mobile Broadband,Slow Connection,Medium,Resolved,79,437,,Residential,false,3.6
TCK-2026-04524,2026-01-28,2026-01,Makassar,Voice,Billing Related,High,Resolved,33,249,,Enterprise,false,4.3
TCK-2026-04779,2026-01-28,2026-01,Jakarta,Mobile Broadband,Billing Related,Medium,Open,55,,,Residential,false,
TCK-2026-04834,2026-01-28,2026-01,Denpasar,Cloud Connectivity,Internet Down,Low,Closed,138,943,INC-2026-00461,Residential,false,4.9
TCK-2026-04912,2026-01-28,2026-01,Surabaya,Voice,Billing Related,Medium,Open,54,,INC-2026-00393,Residential,false,
TCK-2026-05154,2026-01-28,2026-01,Jakarta,Cloud Connectivity,Enterprise SLA Complaint,Medium,Resolved,73,594,,SMB,false,3.3
TCK-2026-05221,2026-01-28,2026-01,Balikpapan,Fiber Internet,Intermittent Connection,Low,Resolved,72,906,,Enterprise,false,4.7
TCK-2026-05374,2026-01-28,2026-01,Semarang,Fiber Internet,Slow Connection,Low,Open,115,,INC-2026-00139,SMB,false,
TCK-2026-05385,2026-01-28,2026-01,Bandung,Fiber Internet,Internet Down,Low,Resolved,126,839,,Residential,false,3.8
TCK-2026-00072,2026-01-29,2026-01,Yogyakarta,Cloud Connectivity,Installation Delay,Critical,Closed,2,60,,Residential,false,3.6
TCK-2026-00104,2026-01-29,2026-01,Yogyakarta,Mobile Broadband,Enterprise SLA Complaint,Low,Resolved,111,964,INC-2026-00543,SMB,false,4.3
TCK-2026-00259,2026-01-29,2026-01,Yogyakarta,Mobile Broadband,Slow Connection,High,Waiting Customer,64,,INC-2026-01670,Residential,false,
TCK-2026-01289,2026-01-29,2026-01,Balikpapan,Cloud Connectivity,Enterprise SLA Complaint,Medium,Closed,83,478,,Residential,false,5
TCK-2026-01306,2026-01-29,2026-01,Balikpapan,Fiber Internet,Intermittent Connection,Low,Resolved,121,831,,Residential,false,4.1
TCK-2026-01392,2026-01-29,2026-01,Yogyakarta,Mobile Broadband,Internet Down,Low,Resolved,82,850,INC-2026-01670,Residential,true,5
TCK-2026-01480,2026-01-29,2026-01,Jakarta,Cloud Connectivity,Internet Down,Low,In Progress,122,,INC-2026-00320,Enterprise,false,
TCK-2026-01481,2026-01-29,2026-01,Yogyakarta,Mobile Broadband,Intermittent Connection,Medium,Resolved,82,465,INC-2026-01670,Enterprise,false,3.7
TCK-2026-03342,2026-01-29,2026-01,Medan,Voice,Router ONT Issue,High,Closed,46,236,INC-2026-00604,Residential,false,2.5
TCK-2026-04330,2026-01-29,2026-01,Medan,Voice,Router ONT Issue,Low,Closed,86,888,INC-2026-00604,Residential,true,4.3
TCK-2026-04348,2026-01-29,2026-01,Yogyakarta,Mobile Broadband,Slow Connection,Medium,Open,84,,INC-2026-00543,Public Sector,false,
TCK-2026-04351,2026-01-29,2026-01,Medan,Mobile Broadband,Internet Down,High,Closed,28,294,INC-2026-00411,SMB,true,2.4
TCK-2026-04729,2026-01-29,2026-01,Medan,Voice,Slow Connection,Low,Closed,152,823,INC-2026-00604,Residential,false,5
TCK-2026-04755,2026-01-29,2026-01,Medan,Mobile Broadband,Intermittent Connection,Medium,In Progress,66,,INC-2026-00411,Residential,false,
TCK-2026-04933,2026-01-29,2026-01,Medan,Fiber Internet,Installation Delay,Critical,In Progress,32,,,Residential,false,
TCK-2026-04956,2026-01-29,2026-01,Palembang,IPTV,Slow Connection,Low,Resolved,134,792,,Residential,false,4.6
TCK-2026-04988,2026-01-29,2026-01,Medan,Mobile Broadband,Installation Delay,Low,Closed,107,939,INC-2026-00411,SMB,false,4.7
TCK-2026-05190,2026-01-29,2026-01,Palembang,Fiber Internet,Enterprise SLA Complaint,Low,Resolved,132,917,,Residential,false,3.9
TCK-2026-00424,2026-01-30,2026-01,Makassar,IPTV,Installation Delay,Low,Closed,122,852,INC-2026-00167,Residential,false,4.8
TCK-2026-00556,2026-01-30,2026-01,Makassar,Voice,Router ONT Issue,Medium,Resolved,58,472,INC-2026-00736,Residential,false,4.2
TCK-2026-01487,2026-01-30,2026-01,Makassar,Voice,Slow Connection,Medium,In Progress,65,,INC-2026-00736,Public Sector,false,
TCK-2026-02025,2026-01-30,2026-01,Makassar,IPTV,Intermittent Connection,Medium,Open,78,,INC-2026-00167,Residential,false,
TCK-2026-02267,2026-01-30,2026-01,Jakarta,Enterprise VPN,Enterprise SLA Complaint,High,Resolved,8,254,,Residential,false,3.0
TCK-2026-02452,2026-01-30,2026-01,Yogyakarta,Fiber Internet,Router ONT Issue,Medium,Resolved,104,460,,Enterprise,false,4.3
TCK-2026-02683,2026-01-30,2026-01,Surabaya,Mobile Broadband,Slow Connection,Medium,Resolved,86,514,INC-2026-00815,Public Sector,false,3.9
TCK-2026-03038,2026-01-30,2026-01,Denpasar,Cloud Connectivity,Enterprise SLA Complaint,Medium,Resolved,91,450,,Residential,false,4.2
TCK-2026-03824,2026-01-30,2026-01,Surabaya,Enterprise VPN,Installation Delay,High,Closed,63,176,,Residential,false,3.0
TCK-2026-04077,2026-01-30,2026-01,Surabaya,IPTV,Router ONT Issue,Low,In Progress,122,,,Residential,false,
TCK-2026-04094,2026-01-30,2026-01,Bandung,IPTV,Billing Related,Low,Waiting Customer,113,,,Residential,false,
TCK-2026-04860,2026-01-30,2026-01,Makassar,IPTV,Slow Connection,Low,Resolved,140,932,INC-2026-00167,SMB,false,3.5
TCK-2026-05147,2026-01-30,2026-01,Surabaya,Mobile Broadband,Router ONT Issue,Critical,Closed,20,20,INC-2026-00815,Residential,false,3.4
TCK-2026-05159,2026-01-30,2026-01,Bandung,Fiber Internet,Slow Connection,Medium,Open,46,,,Residential,false,
TCK-2026-00126,2026-01-31,2026-01,Balikpapan,Voice,Router ONT Issue,High,Closed,25,247,INC-2026-00605,Residential,false,4.1
TCK-2026-00217,2026-01-31,2026-01,Makassar,Voice,Intermittent Connection,High,Resolved,51,221,,Enterprise,true,3.1
TCK-2026-00471,2026-01-31,2026-01,Denpasar,Voice,Enterprise SLA Complaint,Low,Closed,106,905,,Residential,false,5
TCK-2026-00791,2026-01-31,2026-01,Denpasar,Mobile Broadband,Installation Delay,Low,In Progress,82,,INC-2026-00223,SMB,false,
TCK-2026-01903,2026-01-31,2026-01,Surabaya,Mobile Broadband,Installation Delay,Low,In Progress,112,,INC-2026-00860,SMB,false,
TCK-2026-01948,2026-01-31,2026-01,Jakarta,Voice,Intermittent Connection,Medium,Closed,73,545,INC-2026-01520,Residential,false,3.5
TCK-2026-02672,2026-01-31,2026-01,Palembang,IPTV,Enterprise SLA Complaint,Medium,Closed,56,547,,Residential,false,4.4
TCK-2026-02684,2026-01-31,2026-01,Balikpapan,Mobile Broadband,Billing Related,Medium,Resolved,86,681,,Residential,true,3.3
TCK-2026-02839,2026-01-31,2026-01,Jakarta,IPTV,Slow Connection,Medium,Closed,89,592,,Residential,false,4.1
TCK-2026-02873,2026-01-31,2026-01,Medan,Fiber Internet,Installation Delay,High,Closed,51,81,,Residential,false,4.2
TCK-2026-03272,2026-01-31,2026-01,Denpasar,Enterprise VPN,Internet Down,Critical,Waiting Customer,11,,,SMB,true,
TCK-2026-03804,2026-01-31,2026-01,Denpasar,Cloud Connectivity,Billing Related,Critical,In Progress,2,,,Residential,false,
TCK-2026-03896,2026-01-31,2026-01,Jakarta,Fiber Internet,Slow Connection,High,In Progress,45,,,Residential,false,
TCK-2026-04314,2026-01-31,2026-01,Palembang,Enterprise VPN,Router ONT Issue,Medium,Open,96,,,Residential,false,
TCK-2026-04432,2026-01-31,2026-01,Semarang,Fiber Internet,Installation Delay,High,Closed,23,290,,Residential,false,4.8
TCK-2026-04992,2026-01-31,2026-01,Bandung,Mobile Broadband,Router ONT Issue,Medium,Resolved,71,408,,Residential,false,3.2
TCK-2026-05079,2026-01-31,2026-01,Jakarta,Cloud Connectivity,Internet Down,Medium,Open,77,,,Residential,false,
TCK-2026-05095,2026-01-31,2026-01,Bandung,Mobile Broadband,Intermittent Connection,Medium,Resolved,39,445,,SMB,false,4.5
TCK-2026-01227,2026-02-01,2026-02,Surabaya,IPTV,Intermittent Connection,High,Closed,33,86,INC-2026-00626,Residential,false,1.9
TCK-2026-01466,2026-02-01,2026-02,Jakarta,Voice,Intermittent Connection,Low,Closed,140,775,INC-2026-01137,SMB,false,3.6
TCK-2026-01467,2026-02-01,2026-02,Bandung,Enterprise VPN,Internet Down,Medium,Closed,72,432,,SMB,false,4.2
TCK-2026-03847,2026-02-01,2026-02,Jakarta,Enterprise VPN,Installation Delay,Medium,Resolved,65,369,,SMB,false,4.5
TCK-2026-04200,2026-02-01,2026-02,Denpasar,Mobile Broadband,Internet Down,High,In Progress,51,,,SMB,false,
TCK-2026-04741,2026-02-01,2026-02,Jakarta,Voice,Billing Related,High,Resolved,27,282,,Enterprise,false,3.0
TCK-2026-04749,2026-02-01,2026-02,Balikpapan,Mobile Broadband,Router ONT Issue,Low,Closed,128,985,,SMB,false,3.5
TCK-2026-04803,2026-02-01,2026-02,Semarang,Cloud Connectivity,Router ONT Issue,High,In Progress,25,,,Residential,false,
TCK-2026-00656,2026-02-02,2026-02,Denpasar,Mobile Broadband,Slow Connection,Low,In Progress,123,,,Public Sector,false,
TCK-2026-01107,2026-02-02,2026-02,Makassar,Fiber Internet,Router ONT Issue,Medium,Closed,58,593,INC-2026-00987,Residential,false,4.2
TCK-2026-01141,2026-02-02,2026-02,Jakarta,Cloud Connectivity,Internet Down,Low,Resolved,106,746,INC-2026-02157,Residential,false,3.0
TCK-2026-01403,2026-02-02,2026-02,Bandung,Enterprise VPN,Installation Delay,Low,Open,117,,,Residential,false,
TCK-2026-01700,2026-02-02,2026-02,Palembang,Enterprise VPN,Enterprise SLA Complaint,High,In Progress,29,,,Residential,false,
TCK-2026-02665,2026-02-02,2026-02,Palembang,Mobile Broadband,Slow Connection,Critical,Waiting Customer,42,,,Residential,false,
TCK-2026-02885,2026-02-02,2026-02,Palembang,Fiber Internet,Billing Related,High,Closed,38,130,,Residential,false,3.9
TCK-2026-03169,2026-02-02,2026-02,Palembang,Cloud Connectivity,Slow Connection,Low,Closed,115,991,,Residential,false,2.6
TCK-2026-03291,2026-02-02,2026-02,Jakarta,Cloud Connectivity,Internet Down,Medium,Open,74,,,Residential,false,
TCK-2026-03742,2026-02-02,2026-02,Yogyakarta,Cloud Connectivity,Router ONT Issue,Medium,Resolved,57,529,,Residential,false,3.5
TCK-2026-03965,2026-02-02,2026-02,Balikpapan,Cloud Connectivity,Billing Related,High,Closed,65,146,,Enterprise,false,3.4
TCK-2026-04163,2026-02-02,2026-02,Balikpapan,Cloud Connectivity,Router ONT Issue,Medium,Resolved,85,540,INC-2026-01996,Residential,false,4.8
TCK-2026-04259,2026-02-02,2026-02,Jakarta,IPTV,Enterprise SLA Complaint,Low,Open,125,,,SMB,false,
TCK-2026-04706,2026-02-02,2026-02,Makassar,Fiber Internet,Intermittent Connection,Medium,Waiting Customer,71,,INC-2026-00987,Residential,false,
TCK-2026-04747,2026-02-02,2026-02,Palembang,Cloud Connectivity,Internet Down,Low,Closed,117,847,,Residential,false,4.6
TCK-2026-05313,2026-02-02,2026-02,Makassar,Mobile Broadband,Enterprise SLA Complaint,Low,In Progress,120,,,Residential,false,
TCK-2026-00205,2026-02-03,2026-02,Jakarta,Mobile Broadband,Intermittent Connection,High,Resolved,37,250,,Residential,true,4.3
TCK-2026-00382,2026-02-03,2026-02,Palembang,Voice,Internet Down,High,In Progress,25,,,Enterprise,false,
TCK-2026-00963,2026-02-03,2026-02,Jakarta,IPTV,Router ONT Issue,Critical,Closed,42,49,,Residential,false,3.3
TCK-2026-01794,2026-02-03,2026-02,Jakarta,Fiber Internet,Intermittent Connection,Low,In Progress,130,,,SMB,false,
TCK-2026-03396,2026-02-03,2026-02,Medan,Mobile Broadband,Internet Down,Medium,Resolved,88,522,,Residential,false,4.1
TCK-2026-03743,2026-02-03,2026-02,Palembang,Mobile Broadband,Internet Down,Medium,Closed,66,534,,Residential,false,4.3
TCK-2026-03986,2026-02-03,2026-02,Balikpapan,IPTV,Intermittent Connection,Medium,Resolved,62,403,,Residential,false,4.1
TCK-2026-04443,2026-02-03,2026-02,Semarang,Cloud Connectivity,Internet Down,Medium,In Progress,53,,INC-2026-00455,Residential,false,
TCK-2026-00623,2026-02-04,2026-02,Balikpapan,Cloud Connectivity,Installation Delay,Medium,Resolved,41,360,,Enterprise,false,4.8
TCK-2026-00912,2026-02-04,2026-02,Surabaya,Voice,Intermittent Connection,Low,In Progress,152,,INC-2026-01513,SMB,false,
TCK-2026-01217,2026-02-04,2026-02,Makassar,IPTV,Enterprise SLA Complaint,Medium,In Progress,82,,,Public Sector,false,
TCK-2026-02108,2026-02-04,2026-02,Bandung,Enterprise VPN,Enterprise SLA Complaint,Low,Resolved,98,991,,Residential,false,3.5
TCK-2026-03345,2026-02-04,2026-02,Makassar,Mobile Broadband,Router ONT Issue,Medium,Resolved,93,486,,SMB,true,4.2
TCK-2026-03375,2026-02-04,2026-02,Jakarta,Fiber Internet,Installation Delay,Low,Resolved,128,901,INC-2026-00354,Residential,false,4.8
TCK-2026-04961,2026-02-04,2026-02,Yogyakarta,Voice,Internet Down,Medium,Resolved,62,339,,Residential,false,5
TCK-2026-05388,2026-02-04,2026-02,Bandung,Enterprise VPN,Installation Delay,Medium,In Progress,85,,INC-2026-00078,Public Sector,false,
TCK-2026-00107,2026-02-05,2026-02,Yogyakarta,Mobile Broadband,Installation Delay,Medium,Resolved,78,397,,SMB,false,4.0
TCK-2026-00516,2026-02-05,2026-02,Bandung,Mobile Broadband,Internet Down,Medium,Open,73,,,Residential,false,
TCK-2026-00524,2026-02-05,2026-02,Palembang,Enterprise VPN,Enterprise SLA Complaint,Medium,Resolved,66,473,,Enterprise,false,3.5
TCK-2026-00590,2026-02-05,2026-02,Balikpapan,Fiber Internet,Enterprise SLA Complaint,Medium,In Progress,84,,,Residential,false,
TCK-2026-00901,2026-02-05,2026-02,Surabaya,Fiber Internet,Intermittent Connection,High,In Progress,41,,,SMB,false,
TCK-2026-01804,2026-02-05,2026-02,Surabaya,IPTV,Internet Down,Low,Open,112,,,Residential,false,
TCK-2026-02093,2026-02-05,2026-02,Bandung,Mobile Broadband,Slow Connection,Medium,Closed,29,484,,SMB,false,4.2
TCK-2026-02234,2026-02-05,2026-02,Bandung,Mobile Broadband,Billing Related,Low,In Progress,133,,,Residential,false,
TCK-2026-02399,2026-02-05,2026-02,Jakarta,IPTV,Billing Related,Low,Closed,114,958,,Public Sector,false,4.9
TCK-2026-02493,2026-02-05,2026-02,Balikpapan,IPTV,Intermittent Connection,Medium,Waiting Customer,82,,INC-2026-02161,SMB,false,
TCK-2026-02836,2026-02-05,2026-02,Medan,Cloud Connectivity,Intermittent Connection,Low,Open,100,,INC-2026-01117,Enterprise,false,
TCK-2026-02978,2026-02-05,2026-02,Semarang,Enterprise VPN,Enterprise SLA Complaint,Medium,Closed,96,506,INC-2026-01103,SMB,false,2.7
TCK-2026-03463,2026-02-05,2026-02,Balikpapan,IPTV,Slow Connection,Low,Open,105,,INC-2026-02161,Residential,true,
TCK-2026-03556,2026-02-05,2026-02,Medan,IPTV,Enterprise SLA Complaint,Medium,Resolved,42,468,,Residential,false,4.7
TCK-2026-03842,2026-02-05,2026-02,Balikpapan,IPTV,Enterprise SLA Complaint,Low,Open,131,,,Enterprise,false,
TCK-2026-03912,2026-02-05,2026-02,Medan,Voice,Billing Related,Medium,Resolved,91,480,,SMB,false,4.1
TCK-2026-04116,2026-02-05,2026-02,Jakarta,Mobile Broadband,Billing Related,Low,Closed,124,847,,Enterprise,false,3.3
TCK-2026-04311,2026-02-05,2026-02,Palembang,Voice,Installation Delay,Low,Resolved,105,928,INC-2026-01177,Enterprise,false,3.7
TCK-2026-04417,2026-02-05,2026-02,Semarang,Cloud Connectivity,Internet Down,Low,Resolved,138,1081,,Residential,false,4.2
TCK-2026-04518,2026-02-05,2026-02,Balikpapan,IPTV,Enterprise SLA Complaint,High,Resolved,26,276,INC-2026-02161,Residential,false,3.5
TCK-2026-05011,2026-02-05,2026-02,Denpasar,Enterprise VPN,Installation Delay,Low,Resolved,93,888,,Enterprise,false,2.8
TCK-2026-05068,2026-02-05,2026-02,Yogyakarta,Cloud Connectivity,Installation Delay,Low,In Progress,158,,,Enterprise,false,
TCK-2026-00056,2026-02-06,2026-02,Palembang,Fiber Internet,Installation Delay,Low,Resolved,151,885,,Enterprise,false,3.7
TCK-2026-00071,2026-02-06,2026-02,Bandung,Fiber Internet,Intermittent Connection,Low,In Progress,112,,,Residential,false,
TCK-2026-00178,2026-02-06,2026-02,Semarang,Voice,Router ONT Issue,Critical,Resolved,11,169,,Residential,false,2.9
TCK-2026-01954,2026-02-06,2026-02,Palembang,Enterprise VPN,Slow Connection,High,Waiting Customer,53,,,Residential,false,
TCK-2026-02698,2026-02-06,2026-02,Denpasar,IPTV,Intermittent Connection,Low,Waiting Customer,137,,,Residential,false,
TCK-2026-03120,2026-02-06,2026-02,Jakarta,Cloud Connectivity,Billing Related,Medium,Waiting Customer,67,,,Residential,false,
TCK-2026-03132,2026-02-06,2026-02,Medan,IPTV,Intermittent Connection,Low,Resolved,98,1135,,Residential,false,3.9
TCK-2026-03751,2026-02-06,2026-02,Medan,Mobile Broadband,Router ONT Issue,Low,Open,96,,,Enterprise,false,
TCK-2026-04441,2026-02-06,2026-02,Semarang,Mobile Broadband,Intermittent Connection,Low,In Progress,106,,INC-2026-00870,Residential,false,
TCK-2026-05018,2026-02-06,2026-02,Medan,Mobile Broadband,Installation Delay,Medium,Open,47,,,Public Sector,false,
TCK-2026-05318,2026-02-06,2026-02,Makassar,Voice,Installation Delay,Medium,Resolved,54,498,,Enterprise,false,4.7
TCK-2026-00114,2026-02-07,2026-02,Palembang,Cloud Connectivity,Router ONT Issue,High,Open,44,,,Enterprise,false,
TCK-2026-00419,2026-02-07,2026-02,Balikpapan,Fiber Internet,Internet Down,Medium,Waiting Customer,68,,INC-2026-01180,SMB,false,
TCK-2026-00847,2026-02-07,2026-02,Bandung,Cloud Connectivity,Slow Connection,Medium,Open,52,,,Enterprise,true,
TCK-2026-01004,2026-02-07,2026-02,Yogyakarta,Enterprise VPN,Intermittent Connection,High,Resolved,29,191,INC-2026-01448,Enterprise,false,2.1
TCK-2026-01085,2026-02-07,2026-02,Surabaya,Voice,Installation Delay,Low,Open,112,,,Residential,false,
TCK-2026-02806,2026-02-07,2026-02,Jakarta,Mobile Broadband,Internet Down,Medium,Closed,72,494,,Public Sector,false,5
TCK-2026-04038,2026-02-07,2026-02,Balikpapan,IPTV,Intermittent Connection,Low,Resolved,102,872,,Residential,false,3.9
TCK-2026-04170,2026-02-07,2026-02,Makassar,Mobile Broadband,Installation Delay,Low,Resolved,133,884,,Residential,false,4.5
TCK-2026-04364,2026-02-07,2026-02,Yogyakarta,Fiber Internet,Intermittent Connection,Medium,Resolved,73,485,,Residential,false,4.8
TCK-2026-05081,2026-02-07,2026-02,Palembang,Mobile Broadband,Intermittent Connection,Low,Resolved,100,900,,SMB,false,4.2
TCK-2026-00232,2026-02-08,2026-02,Yogyakarta,Mobile Broadband,Installation Delay,Low,In Progress,116,,,SMB,false,
TCK-2026-00316,2026-02-08,2026-02,Semarang,Cloud Connectivity,Billing Related,Medium,Closed,40,567,INC-2026-01989,Residential,false,3.4
TCK-2026-00634,2026-02-08,2026-02,Denpasar,Fiber Internet,Installation Delay,Medium,Open,72,,INC-2026-01549,SMB,false,
TCK-2026-00831,2026-02-08,2026-02,Bandung,Enterprise VPN,Slow Connection,Medium,Resolved,65,614,INC-2026-00963,Public Sector,true,4.1
TCK-2026-00975,2026-02-08,2026-02,Denpasar,Mobile Broadband,Billing Related,Medium,Open,77,,INC-2026-01692,SMB,false,
TCK-2026-01201,2026-02-08,2026-02,Bandung,IPTV,Intermittent Connection,Medium,Resolved,88,435,,Enterprise,false,4.5
TCK-2026-01257,2026-02-08,2026-02,Jakarta,Mobile Broadband,Router ONT Issue,Low,Waiting Customer,105,,INC-2026-02023,Enterprise,false,
TCK-2026-01325,2026-02-08,2026-02,Jakarta,IPTV,Router ONT Issue,High,Resolved,4,383,INC-2026-01808,Residential,false,3.6
TCK-2026-02146,2026-02-08,2026-02,Jakarta,IPTV,Slow Connection,Medium,In Progress,74,,,Residential,false,
TCK-2026-02463,2026-02-08,2026-02,Denpasar,Mobile Broadband,Intermittent Connection,Medium,In Progress,67,,,Enterprise,false,
TCK-2026-02708,2026-02-08,2026-02,Medan,Enterprise VPN,Internet Down,Medium,In Progress,117,,,Residential,true,
TCK-2026-02757,2026-02-08,2026-02,Bandung,Enterprise VPN,Installation Delay,Medium,Resolved,99,523,INC-2026-00963,Residential,true,5
TCK-2026-03327,2026-02-08,2026-02,Bandung,Voice,Slow Connection,Medium,In Progress,84,,,Residential,false,
TCK-2026-04368,2026-02-08,2026-02,Jakarta,Mobile Broadband,Billing Related,Low,Closed,103,910,INC-2026-02023,Residential,true,3.8
TCK-2026-04379,2026-02-08,2026-02,Yogyakarta,Enterprise VPN,Installation Delay,Critical,Closed,27,134,,Enterprise,false,3.8
TCK-2026-05255,2026-02-08,2026-02,Jakarta,Mobile Broadband,Internet Down,Medium,Resolved,74,426,INC-2026-02023,Enterprise,true,4.6
TCK-2026-00131,2026-02-09,2026-02,Medan,IPTV,Billing Related,Low,Waiting Customer,133,,INC-2026-00925,Enterprise,false,
TCK-2026-00763,2026-02-09,2026-02,Medan,Enterprise VPN,Internet Down,Low,Waiting Customer,135,,INC-2026-00960,Residential,false,
TCK-2026-01446,2026-02-09,2026-02,Medan,IPTV,Intermittent Connection,Medium,Closed,102,442,INC-2026-00925,Residential,false,3.3
TCK-2026-01818,2026-02-09,2026-02,Surabaya,Voice,Internet Down,Low,In Progress,92,,,Residential,false,
TCK-2026-02912,2026-02-09,2026-02,Medan,Mobile Broadband,Enterprise SLA Complaint,Low,In Progress,111,,,Residential,false,
TCK-2026-02948,2026-02-09,2026-02,Denpasar,Cloud Connectivity,Slow Connection,High,Waiting Customer,37,,,Residential,false,
TCK-2026-03346,2026-02-09,2026-02,Semarang,Voice,Intermittent Connection,Medium,Closed,62,596,INC-2026-01864,Residential,false,4.6
TCK-2026-03650,2026-02-09,2026-02,Bandung,IPTV,Installation Delay,Low,Resolved,111,1098,,SMB,false,3.9
TCK-2026-03723,2026-02-09,2026-02,Palembang,IPTV,Billing Related,Low,In Progress,141,,,SMB,false,
TCK-2026-03904,2026-02-09,2026-02,Jakarta,IPTV,Internet Down,Low,Closed,120,848,,Residential,false,3.2
TCK-2026-04297,2026-02-09,2026-02,Denpasar,Mobile Broadband,Installation Delay,Low,Resolved,68,763,,Enterprise,false,4.0
TCK-2026-04437,2026-02-09,2026-02,Semarang,Cloud Connectivity,Internet Down,Low,Closed,130,954,,Residential,false,4.6
TCK-2026-04483,2026-02-09,2026-02,Makassar,Enterprise VPN,Internet Down,Low,Waiting Customer,119,,,Residential,false,
TCK-2026-04917,2026-02-09,2026-02,Yogyakarta,IPTV,Enterprise SLA Complaint,Low,Resolved,104,1069,INC-2026-00939,Residential,true,4.7
TCK-2026-05103,2026-02-09,2026-02,Semarang,IPTV,Enterprise SLA Complaint,Medium,Resolved,72,382,,Residential,false,3.5
TCK-2026-00736,2026-02-10,2026-02,Surabaya,Enterprise VPN,Internet Down,High,Resolved,19,173,,Residential,false,4.4
TCK-2026-00752,2026-02-10,2026-02,Medan,IPTV,Slow Connection,High,Resolved,50,293,,Residential,false,4.2
TCK-2026-01157,2026-02-10,2026-02,Bandung,Enterprise VPN,Billing Related,Medium,Resolved,55,424,,Residential,false,3.9
TCK-2026-01534,2026-02-10,2026-02,Semarang,Mobile Broadband,Billing Related,Low,Resolved,133,892,,Enterprise,false,4.0
TCK-2026-01576,2026-02-10,2026-02,Denpasar,Cloud Connectivity,Router ONT Issue,Medium,Open,66,,INC-2026-01323,Enterprise,true,
TCK-2026-01616,2026-02-10,2026-02,Jakarta,Fiber Internet,Internet Down,Critical,Closed,2,103,,Residential,false,4.2
TCK-2026-02040,2026-02-10,2026-02,Yogyakarta,Mobile Broadband,Router ONT Issue,Low,In Progress,118,,,Residential,false,
TCK-2026-02357,2026-02-10,2026-02,Jakarta,IPTV,Router ONT Issue,Low,Closed,146,833,,Residential,false,4.2
TCK-2026-02465,2026-02-10,2026-02,Palembang,Voice,Intermittent Connection,Medium,Closed,46,425,,Residential,false,4.8
TCK-2026-02504,2026-02-10,2026-02,Jakarta,IPTV,Router ONT Issue,Medium,Waiting Customer,76,,INC-2026-01643,SMB,false,
TCK-2026-02633,2026-02-10,2026-02,Jakarta,IPTV,Installation Delay,Low,Resolved,114,799,INC-2026-01643,Residential,false,3.8
TCK-2026-03907,2026-02-10,2026-02,Jakarta,Enterprise VPN,Installation Delay,Low,Open,100,,,Enterprise,false,
TCK-2026-04234,2026-02-10,2026-02,Makassar,Fiber Internet,Billing Related,Medium,Waiting Customer,80,,,Residential,false,
TCK-2026-01512,2026-02-11,2026-02,Denpasar,Voice,Installation Delay,Medium,Resolved,98,496,INC-2026-01382,Enterprise,false,3.8
TCK-2026-01930,2026-02-11,2026-02,Denpasar,Voice,Billing Related,Medium,Resolved,80,493,INC-2026-01382,Enterprise,false,4.7
TCK-2026-01944,2026-02-11,2026-02,Denpasar,Cloud Connectivity,Billing Related,High,In Progress,13,,INC-2026-00700,Residential,false,
TCK-2026-02155,2026-02-11,2026-02,Palembang,Enterprise VPN,Billing Related,Medium,Open,85,,INC-2026-01128,Residential,false,
TCK-2026-02428,2026-02-11,2026-02,Denpasar,Cloud Connectivity,Internet Down,Low,Waiting Customer,102,,INC-2026-00700,Public Sector,false,
TCK-2026-02658,2026-02-11,2026-02,Medan,Mobile Broadband,Internet Down,Critical,Closed,54,54,,Residential,false,3.5
TCK-2026-02863,2026-02-11,2026-02,Jakarta,IPTV,Installation Delay,Medium,Resolved,65,390,,Public Sector,false,3.4
TCK-2026-03223,2026-02-11,2026-02,Yogyakarta,IPTV,Router ONT Issue,Low,In Progress,129,,,SMB,false,
TCK-2026-03618,2026-02-11,2026-02,Denpasar,Voice,Enterprise SLA Complaint,Low,Resolved,106,881,INC-2026-01382,Residential,false,3.8
TCK-2026-03643,2026-02-11,2026-02,Yogyakarta,Voice,Enterprise SLA Complaint,Low,Resolved,140,863,,SMB,true,3.4
TCK-2026-03714,2026-02-11,2026-02,Yogyakarta,IPTV,Enterprise SLA Complaint,Low,Resolved,118,993,,Residential,true,3.6
TCK-2026-04431,2026-02-11,2026-02,Semarang,Enterprise VPN,Internet Down,Low,Closed,94,909,INC-2026-02000,SMB,false,4.3
TCK-2026-04530,2026-02-11,2026-02,Denpasar,Fiber Internet,Internet Down,Low,Open,132,,,SMB,false,
TCK-2026-05070,2026-02-11,2026-02,Denpasar,Voice,Internet Down,Medium,Waiting Customer,83,,INC-2026-01382,Residential,false,
TCK-2026-05327,2026-02-11,2026-02,Jakarta,Voice,Billing Related,Medium,Closed,68,538,,Residential,false,3.5
TCK-2026-05384,2026-02-11,2026-02,Denpasar,Voice,Slow Connection,Low,Resolved,114,864,INC-2026-01382,Residential,false,4.2
TCK-2026-00706,2026-02-12,2026-02,Balikpapan,Cloud Connectivity,Enterprise SLA Complaint,Critical,Closed,2,24,INC-2026-01187,Residential,false,3.5
TCK-2026-00903,2026-02-12,2026-02,Balikpapan,Cloud Connectivity,Internet Down,Low,Waiting Customer,129,,,Enterprise,false,
TCK-2026-01706,2026-02-12,2026-02,Palembang,Fiber Internet,Intermittent Connection,Low,Open,142,,,SMB,true,
TCK-2026-02348,2026-02-12,2026-02,Denpasar,IPTV,Slow Connection,Medium,Closed,98,470,,SMB,false,5
TCK-2026-02427,2026-02-12,2026-02,Yogyakarta,Mobile Broadband,Installation Delay,Medium,Resolved,58,474,,SMB,false,4.1
TCK-2026-02648,2026-02-12,2026-02,Medan,IPTV,Slow Connection,High,Waiting Customer,32,,,SMB,false,
TCK-2026-03856,2026-02-12,2026-02,Palembang,Fiber Internet,Intermittent Connection,High,Resolved,47,289,,Public Sector,false,3.1
TCK-2026-04229,2026-02-12,2026-02,Palembang,Cloud Connectivity,Slow Connection,High,In Progress,2,,,Residential,false,
TCK-2026-04629,2026-02-12,2026-02,Surabaya,Fiber Internet,Internet Down,High,Open,38,,INC-2026-00786,Residential,false,
TCK-2026-04762,2026-02-12,2026-02,Surabaya,Fiber Internet,Intermittent Connection,Low,Closed,119,925,INC-2026-00786,Enterprise,false,5
TCK-2026-04851,2026-02-12,2026-02,Bandung,Enterprise VPN,Internet Down,Medium,Closed,69,364,,Residential,false,4.1
TCK-2026-04870,2026-02-12,2026-02,Balikpapan,Voice,Installation Delay,Medium,Resolved,101,494,INC-2026-00182,Residential,false,4.8
TCK-2026-05027,2026-02-12,2026-02,Balikpapan,Cloud Connectivity,Router ONT Issue,Medium,Resolved,77,468,INC-2026-01187,SMB,false,4.9
TCK-2026-00422,2026-02-13,2026-02,Semarang,Fiber Internet,Billing Related,Medium,Waiting Customer,74,,,Enterprise,false,
TCK-2026-00742,2026-02-13,2026-02,Bandung,IPTV,Slow Connection,Medium,Resolved,74,518,,Residential,false,5
TCK-2026-01154,2026-02-13,2026-02,Palembang,Mobile Broadband,Router ONT Issue,High,Closed,22,136,,SMB,true,4.6
TCK-2026-01282,2026-02-13,2026-02,Yogyakarta,Voice,Intermittent Connection,High,Open,2,,,Residential,false,
TCK-2026-01649,2026-02-13,2026-02,Yogyakarta,Voice,Slow Connection,Low,Open,142,,,Enterprise,false,
TCK-2026-01806,2026-02-13,2026-02,Balikpapan,Fiber Internet,Internet Down,Low,Closed,115,972,,Residential,true,4.6
TCK-2026-01915,2026-02-13,2026-02,Medan,Enterprise VPN,Router ONT Issue,Medium,Closed,79,478,INC-2026-00992,Residential,false,3.7
TCK-2026-02008,2026-02-13,2026-02,Balikpapan,Mobile Broadband,Internet Down,Medium,Waiting Customer,72,,,Residential,false,
TCK-2026-02142,2026-02-13,2026-02,Bandung,Voice,Billing Related,Medium,Resolved,86,531,INC-2026-01633,Residential,false,3.1
TCK-2026-02180,2026-02-13,2026-02,Medan,IPTV,Installation Delay,Medium,Open,32,,,SMB,false,
TCK-2026-02364,2026-02-13,2026-02,Bandung,IPTV,Internet Down,Medium,Resolved,90,513,,Residential,true,4.4
TCK-2026-03115,2026-02-13,2026-02,Surabaya,IPTV,Intermittent Connection,Medium,In Progress,87,,,Residential,true,
TCK-2026-03417,2026-02-13,2026-02,Semarang,Voice,Billing Related,High,Closed,54,269,INC-2026-01499,Enterprise,false,3.2
TCK-2026-03511,2026-02-13,2026-02,Surabaya,Enterprise VPN,Enterprise SLA Complaint,High,In Progress,26,,,Residential,false,
TCK-2026-03645,2026-02-13,2026-02,Semarang,Voice,Intermittent Connection,Medium,Waiting Customer,61,,INC-2026-01499,SMB,false,
TCK-2026-03745,2026-02-13,2026-02,Palembang,Voice,Router ONT Issue,Medium,Open,107,,,Enterprise,false,
TCK-2026-04179,2026-02-13,2026-02,Makassar,IPTV,Router ONT Issue,Low,In Progress,129,,INC-2026-01023,Residential,false,
TCK-2026-04954,2026-02-13,2026-02,Balikpapan,Mobile Broadband,Intermittent Connection,High,Resolved,18,334,,Residential,false,4.3
TCK-2026-05292,2026-02-13,2026-02,Balikpapan,Voice,Internet Down,Medium,Resolved,46,439,,Residential,false,4.4
TCK-2026-00414,2026-02-14,2026-02,Balikpapan,Mobile Broadband,Slow Connection,Low,Resolved,126,1033,INC-2026-01233,Residential,false,4.9
TCK-2026-00961,2026-02-14,2026-02,Bandung,Fiber Internet,Installation Delay,Low,Resolved,141,891,,Residential,false,4.4
TCK-2026-00979,2026-02-14,2026-02,Jakarta,IPTV,Installation Delay,Medium,Resolved,45,428,,Residential,false,4.1
TCK-2026-01209,2026-02-14,2026-02,Makassar,Voice,Billing Related,Low,Resolved,141,895,,Public Sector,false,4.8
TCK-2026-01437,2026-02-14,2026-02,Surabaya,Cloud Connectivity,Internet Down,Low,Closed,139,749,INC-2026-00335,Residential,false,4.6
TCK-2026-01516,2026-02-14,2026-02,Bandung,Mobile Broadband,Slow Connection,Low,Resolved,112,840,INC-2026-00713,Residential,false,4.4
TCK-2026-01875,2026-02-14,2026-02,Balikpapan,Mobile Broadband,Slow Connection,Low,Closed,134,942,INC-2026-01233,Public Sector,false,4.4
TCK-2026-02513,2026-02-14,2026-02,Semarang,Voice,Router ONT Issue,Low,In Progress,109,,INC-2026-01522,Residential,false,
TCK-2026-02558,2026-02-14,2026-02,Surabaya,Cloud Connectivity,Intermittent Connection,Low,Resolved,119,803,INC-2026-00335,Residential,false,3.4
TCK-2026-02898,2026-02-14,2026-02,Balikpapan,Cloud Connectivity,Intermittent Connection,Medium,Resolved,92,534,INC-2026-01471,Residential,false,3.7
TCK-2026-02970,2026-02-14,2026-02,Makassar,Enterprise VPN,Internet Down,Medium,Resolved,76,674,,Enterprise,false,4.5
TCK-2026-03213,2026-02-14,2026-02,Balikpapan,Cloud Connectivity,Billing Related,High,Resolved,41,278,INC-2026-01471,Residential,true,3.2
TCK-2026-03627,2026-02-14,2026-02,Makassar,Fiber Internet,Intermittent Connection,High,Resolved,28,219,,Residential,false,3.4
TCK-2026-03928,2026-02-14,2026-02,Bandung,Cloud Connectivity,Internet Down,Medium,Resolved,93,481,INC-2026-00549,Residential,false,4.3
TCK-2026-04654,2026-02-14,2026-02,Semarang,IPTV,Billing Related,Medium,Closed,102,599,,SMB,false,4.2
TCK-2026-04838,2026-02-14,2026-02,Surabaya,Enterprise VPN,Enterprise SLA Complaint,Low,Closed,135,816,,Residential,false,4.2
TCK-2026-05036,2026-02-14,2026-02,Balikpapan,Mobile Broadband,Slow Connection,Medium,Resolved,84,531,INC-2026-01233,Residential,false,4.0
TCK-2026-05117,2026-02-14,2026-02,Surabaya,Cloud Connectivity,Enterprise SLA Complaint,Low,Closed,102,1050,INC-2026-00335,Residential,false,4.1
TCK-2026-00724,2026-02-15,2026-02,Denpasar,Voice,Enterprise SLA Complaint,Medium,Resolved,55,533,,Residential,true,3.4
TCK-2026-00955,2026-02-15,2026-02,Bandung,Cloud Connectivity,Intermittent Connection,Medium,Open,33,,,SMB,false,
TCK-2026-02082,2026-02-15,2026-02,Medan,Enterprise VPN,Internet Down,Medium,Closed,82,382,INC-2026-01265,SMB,false,4.6
TCK-2026-02189,2026-02-15,2026-02,Jakarta,IPTV,Slow Connection,Low,Waiting Customer,122,,,Residential,false,
TCK-2026-02243,2026-02-15,2026-02,Medan,Enterprise VPN,Slow Connection,Critical,Open,9,,INC-2026-01265,Residential,true,
TCK-2026-03678,2026-02-15,2026-02,Balikpapan,Enterprise VPN,Router ONT Issue,High,Resolved,27,212,,Enterprise,false,3.1
TCK-2026-04047,2026-02-15,2026-02,Yogyakarta,Voice,Router ONT Issue,High,In Progress,25,,INC-2026-01016,Residential,false,
TCK-2026-05014,2026-02-15,2026-02,Yogyakarta,Mobile Broadband,Billing Related,Low,Closed,124,886,,Residential,false,4.3
TCK-2026-00162,2026-02-16,2026-02,Balikpapan,IPTV,Intermittent Connection,Low,Resolved,91,1000,INC-2026-02096,Residential,false,4.3
TCK-2026-00644,2026-02-16,2026-02,Balikpapan,IPTV,Installation Delay,Low,Closed,141,829,INC-2026-02096,Enterprise,false,3.4
TCK-2026-00823,2026-02-16,2026-02,Yogyakarta,Fiber Internet,Billing Related,Low,Waiting Customer,140,,,SMB,false,
TCK-2026-01273,2026-02-16,2026-02,Semarang,Mobile Broadband,Installation Delay,Low,Open,121,,INC-2026-00858,Residential,false,
TCK-2026-01892,2026-02-16,2026-02,Semarang,Mobile Broadband,Enterprise SLA Complaint,High,Resolved,45,133,INC-2026-00858,Residential,false,4.0
TCK-2026-01988,2026-02-16,2026-02,Makassar,Fiber Internet,Billing Related,Low,Closed,130,884,,Residential,false,4.1
TCK-2026-02352,2026-02-16,2026-02,Makassar,IPTV,Router ONT Issue,High,Resolved,25,237,,Residential,false,3.9
TCK-2026-02915,2026-02-16,2026-02,Denpasar,Cloud Connectivity,Enterprise SLA Complaint,Medium,Closed,86,451,INC-2026-01698,Residential,false,4.3
TCK-2026-03094,2026-02-16,2026-02,Surabaya,Mobile Broadband,Intermittent Connection,Low,In Progress,115,,INC-2026-01732,Residential,false,
TCK-2026-03326,2026-02-16,2026-02,Balikpapan,Voice,Intermittent Connection,Medium,Open,45,,INC-2026-01198,SMB,false,
TCK-2026-03472,2026-02-16,2026-02,Makassar,Voice,Router ONT Issue,Medium,Closed,67,496,,Residential,true,4.0
TCK-2026-03614,2026-02-16,2026-02,Balikpapan,Fiber Internet,Intermittent Connection,Critical,In Progress,4,,,Residential,false,
TCK-2026-03686,2026-02-16,2026-02,Makassar,Mobile Broadband,Router ONT Issue,Medium,In Progress,27,,,Residential,false,
TCK-2026-04052,2026-02-16,2026-02,Balikpapan,Voice,Slow Connection,Medium,Resolved,80,471,,Residential,false,3.8
TCK-2026-04124,2026-02-16,2026-02,Semarang,Mobile Broadband,Intermittent Connection,High,Closed,33,289,INC-2026-00858,Residential,true,2.8
TCK-2026-04218,2026-02-16,2026-02,Palembang,Voice,Billing Related,Medium,Resolved,105,555,INC-2026-01253,Residential,true,5
TCK-2026-04382,2026-02-16,2026-02,Surabaya,Fiber Internet,Intermittent Connection,Low,Open,108,,INC-2026-00010,Residential,false,
TCK-2026-01021,2026-02-17,2026-02,Balikpapan,Fiber Internet,Intermittent Connection,Medium,Resolved,68,428,INC-2026-01868,Enterprise,false,4.6
TCK-2026-01238,2026-02-17,2026-02,Medan,Fiber Internet,Installation Delay,Critical,Resolved,2,4,,SMB,false,3.1
TCK-2026-01315,2026-02-17,2026-02,Denpasar,Cloud Connectivity,Slow Connection,Low,Resolved,135,896,,SMB,false,4.5
TCK-2026-01391,2026-02-17,2026-02,Bandung,Fiber Internet,Slow Connection,Medium,Resolved,76,562,,Residential,false,3.9
TCK-2026-01428,2026-02-17,2026-02,Bandung,Voice,Router ONT Issue,High,Open,24,,,Residential,false,
TCK-2026-01491,2026-02-17,2026-02,Jakarta,Fiber Internet,Intermittent Connection,High,Closed,17,286,,SMB,false,1.8
TCK-2026-02795,2026-02-17,2026-02,Medan,Fiber Internet,Installation Delay,High,Resolved,52,288,,Residential,true,3.0
TCK-2026-03158,2026-02-17,2026-02,Bandung,Mobile Broadband,Billing Related,Low,Resolved,140,827,,Enterprise,false,3.8
TCK-2026-03794,2026-02-17,2026-02,Semarang,IPTV,Slow Connection,Low,Resolved,120,995,,Residential,false,4.1
TCK-2026-04373,2026-02-17,2026-02,Denpasar,Enterprise VPN,Intermittent Connection,Medium,Resolved,100,430,INC-2026-01063,Residential,false,4.4
TCK-2026-05140,2026-02-17,2026-02,Yogyakarta,IPTV,Slow Connection,Critical,Resolved,21,124,,Residential,false,3.9
TCK-2026-05184,2026-02-17,2026-02,Yogyakarta,Cloud Connectivity,Internet Down,High,Resolved,11,217,INC-2026-00561,Residential,false,3.5
TCK-2026-00339,2026-02-18,2026-02,Bandung,IPTV,Installation Delay,Low,In Progress,80,,,Residential,false,
TCK-2026-00444,2026-02-18,2026-02,Denpasar,IPTV,Router ONT Issue,Medium,Resolved,42,418,,Residential,false,3.3
TCK-2026-01180,2026-02-18,2026-02,Semarang,Fiber Internet,Billing Related,Medium,In Progress,76,,,SMB,false,
TCK-2026-01780,2026-02-18,2026-02,Palembang,Voice,Installation Delay,Low,Waiting Customer,113,,,Residential,false,
TCK-2026-02498,2026-02-18,2026-02,Medan,Fiber Internet,Enterprise SLA Complaint,Medium,In Progress,59,,,Residential,false,
TCK-2026-02775,2026-02-18,2026-02,Makassar,Voice,Installation Delay,Low,Resolved,133,882,INC-2026-01689,Public Sector,false,4.1
TCK-2026-03330,2026-02-18,2026-02,Bandung,Fiber Internet,Router ONT Issue,Medium,Waiting Customer,67,,,Enterprise,false,
TCK-2026-03649,2026-02-18,2026-02,Semarang,Voice,Installation Delay,Medium,Resolved,73,675,,Residential,true,4.3
TCK-2026-03945,2026-02-18,2026-02,Medan,IPTV,Router ONT Issue,Low,Closed,89,983,,Enterprise,true,4.6
TCK-2026-04389,2026-02-18,2026-02,Denpasar,Enterprise VPN,Billing Related,Medium,Resolved,80,402,,SMB,false,5
TCK-2026-05296,2026-02-18,2026-02,Makassar,Enterprise VPN,Slow Connection,Medium,Open,87,,,Residential,false,
TCK-2026-00024,2026-02-19,2026-02,Semarang,Enterprise VPN,Internet Down,Low,Closed,128,915,INC-2026-01181,SMB,false,3.9
TCK-2026-00665,2026-02-19,2026-02,Palembang,Voice,Enterprise SLA Complaint,High,Open,34,,,Residential,false,
TCK-2026-01179,2026-02-19,2026-02,Surabaya,Fiber Internet,Internet Down,Low,Closed,123,978,,Enterprise,false,5
TCK-2026-01732,2026-02-19,2026-02,Palembang,Mobile Broadband,Slow Connection,Medium,Closed,66,530,,Enterprise,false,4.2
TCK-2026-01754,2026-02-19,2026-02,Yogyakarta,Enterprise VPN,Intermittent Connection,High,Open,23,,,Enterprise,false,
TCK-2026-01870,2026-02-19,2026-02,Surabaya,IPTV,Router ONT Issue,Low,Resolved,133,894,,SMB,false,5
TCK-2026-02207,2026-02-19,2026-02,Semarang,Voice,Intermittent Connection,Medium,Waiting Customer,93,,,Residential,false,
TCK-2026-02269,2026-02-19,2026-02,Bandung,Voice,Billing Related,Medium,Resolved,84,439,,Residential,false,3.7
TCK-2026-02741,2026-02-19,2026-02,Yogyakarta,Cloud Connectivity,Intermittent Connection,Medium,Closed,88,453,INC-2026-02036,Residential,false,4.3
TCK-2026-04287,2026-02-19,2026-02,Semarang,Mobile Broadband,Slow Connection,Low,Waiting Customer,133,,,Residential,false,
TCK-2026-00953,2026-02-20,2026-02,Balikpapan,IPTV,Enterprise SLA Complaint,Low,Resolved,110,880,,Residential,false,4.2
TCK-2026-01066,2026-02-20,2026-02,Yogyakarta,Cloud Connectivity,Billing Related,High,Waiting Customer,11,,,Enterprise,false,
TCK-2026-01562,2026-02-20,2026-02,Palembang,IPTV,Billing Related,High,Resolved,20,217,INC-2026-00812,Residential,true,2.8
TCK-2026-01823,2026-02-20,2026-02,Balikpapan,Cloud Connectivity,Intermittent Connection,Low,In Progress,137,,,Enterprise,false,
TCK-2026-02181,2026-02-20,2026-02,Jakarta,IPTV,Router ONT Issue,Critical,Closed,17,180,,Enterprise,false,3.7
TCK-2026-02403,2026-02-20,2026-02,Surabaya,Cloud Connectivity,Intermittent Connection,Low,Closed,73,908,INC-2026-02169,Residential,false,3.6
TCK-2026-02443,2026-02-20,2026-02,Balikpapan,Cloud Connectivity,Billing Related,Medium,Resolved,90,460,,Residential,false,4.2
TCK-2026-02474,2026-02-20,2026-02,Balikpapan,Voice,Internet Down,Critical,Resolved,2,112,,Residential,true,3.0
TCK-2026-03813,2026-02-20,2026-02,Surabaya,IPTV,Billing Related,High,Resolved,51,300,,SMB,false,2.7
TCK-2026-03846,2026-02-20,2026-02,Yogyakarta,Fiber Internet,Installation Delay,Low,Waiting Customer,96,,,Residential,false,
TCK-2026-04859,2026-02-20,2026-02,Bandung,IPTV,Enterprise SLA Complaint,Low,Resolved,118,904,,Residential,false,3.7
TCK-2026-04920,2026-02-20,2026-02,Balikpapan,IPTV,Router ONT Issue,Medium,Waiting Customer,71,,,Residential,false,
TCK-2026-05113,2026-02-20,2026-02,Medan,Enterprise VPN,Router ONT Issue,Critical,Resolved,9,215,,SMB,false,3.5
TCK-2026-00019,2026-02-21,2026-02,Jakarta,Fiber Internet,Installation Delay,High,Resolved,33,123,,Residential,false,1.7
TCK-2026-00612,2026-02-21,2026-02,Jakarta,Mobile Broadband,Intermittent Connection,Medium,Open,80,,,Residential,false,
TCK-2026-00622,2026-02-21,2026-02,Yogyakarta,Voice,Router ONT Issue,Medium,Open,95,,,Enterprise,false,
TCK-2026-00813,2026-02-21,2026-02,Surabaya,Fiber Internet,Slow Connection,Low,Waiting Customer,114,,,Residential,false,
TCK-2026-00868,2026-02-21,2026-02,Balikpapan,Enterprise VPN,Slow Connection,High,In Progress,64,,INC-2026-00642,SMB,false,
TCK-2026-01434,2026-02-21,2026-02,Balikpapan,Enterprise VPN,Enterprise SLA Complaint,Low,Closed,105,860,INC-2026-00642,Residential,false,4.7
TCK-2026-01717,2026-02-21,2026-02,Makassar,Fiber Internet,Intermittent Connection,Medium,Waiting Customer,59,,,Enterprise,false,
TCK-2026-02017,2026-02-21,2026-02,Balikpapan,Cloud Connectivity,Enterprise SLA Complaint,Medium,Closed,84,503,,Enterprise,false,4.5
TCK-2026-02158,2026-02-21,2026-02,Surabaya,Enterprise VPN,Internet Down,Medium,Open,82,,,SMB,false,
TCK-2026-02467,2026-02-21,2026-02,Semarang,Mobile Broadband,Slow Connection,Medium,In Progress,54,,,Enterprise,false,
TCK-2026-02792,2026-02-21,2026-02,Bandung,Cloud Connectivity,Intermittent Connection,Low,Resolved,122,952,,Residential,false,4.4
TCK-2026-02910,2026-02-21,2026-02,Denpasar,Enterprise VPN,Installation Delay,Low,Resolved,98,996,,Enterprise,false,4.8
TCK-2026-03221,2026-02-21,2026-02,Surabaya,Mobile Broadband,Billing Related,Low,In Progress,108,,,Residential,false,
TCK-2026-03319,2026-02-21,2026-02,Palembang,Fiber Internet,Intermittent Connection,High,Resolved,5,320,,Residential,false,3.6
TCK-2026-03883,2026-02-21,2026-02,Balikpapan,Enterprise VPN,Internet Down,Low,In Progress,101,,INC-2026-00642,Enterprise,false,
TCK-2026-03935,2026-02-21,2026-02,Balikpapan,Mobile Broadband,Intermittent Connection,Critical,Resolved,2,132,,SMB,false,3.9
TCK-2026-04104,2026-02-21,2026-02,Denpasar,IPTV,Billing Related,Medium,Closed,63,393,,Public Sector,false,4.8
TCK-2026-04651,2026-02-21,2026-02,Yogyakarta,Enterprise VPN,Router ONT Issue,Critical,In Progress,64,,,Residential,false,
TCK-2026-04874,2026-02-21,2026-02,Makassar,Mobile Broadband,Internet Down,High,Open,2,,INC-2026-01202,SMB,false,
TCK-2026-05028,2026-02-21,2026-02,Medan,Enterprise VPN,Enterprise SLA Complaint,Low,Resolved,125,850,,Residential,false,4.6
TCK-2026-05112,2026-02-21,2026-02,Yogyakarta,Fiber Internet,Internet Down,Medium,Resolved,110,487,,Residential,false,3.0
TCK-2026-05157,2026-02-21,2026-02,Bandung,Voice,Intermittent Connection,Medium,Closed,58,438,,Residential,false,5
TCK-2026-00246,2026-02-22,2026-02,Yogyakarta,Voice,Router ONT Issue,Medium,Resolved,57,404,,Residential,false,3.1
TCK-2026-00488,2026-02-22,2026-02,Palembang,Enterprise VPN,Billing Related,Medium,Resolved,48,340,,Enterprise,false,3.3
TCK-2026-00689,2026-02-22,2026-02,Denpasar,Fiber Internet,Intermittent Connection,High,Resolved,42,233,INC-2026-00796,Enterprise,false,4.2
TCK-2026-02200,2026-02-22,2026-02,Semarang,Enterprise VPN,Internet Down,Low,Resolved,106,759,,Residential,false,4.4
TCK-2026-02801,2026-02-22,2026-02,Balikpapan,Voice,Billing Related,Medium,Closed,82,424,,SMB,false,4.4
TCK-2026-02844,2026-02-22,2026-02,Palembang,Voice,Installation Delay,Low,Waiting Customer,142,,,Residential,false,
TCK-2026-02983,2026-02-22,2026-02,Makassar,Fiber Internet,Slow Connection,Low,Resolved,95,967,INC-2026-00720,Residential,false,2.9
TCK-2026-03264,2026-02-22,2026-02,Bandung,Mobile Broadband,Enterprise SLA Complaint,Low,Resolved,134,749,,Residential,false,4.3
TCK-2026-03605,2026-02-22,2026-02,Balikpapan,Voice,Installation Delay,Critical,In Progress,9,,,Residential,true,
TCK-2026-04965,2026-02-22,2026-02,Bandung,IPTV,Router ONT Issue,Low,Resolved,130,907,,Enterprise,false,3.8
TCK-2026-05088,2026-02-22,2026-02,Denpasar,Voice,Router ONT Issue,Low,In Progress,154,,,Residential,false,
TCK-2026-00317,2026-02-23,2026-02,Surabaya,Cloud Connectivity,Slow Connection,Low,Waiting Customer,125,,,Residential,true,
TCK-2026-00481,2026-02-23,2026-02,Medan,Enterprise VPN,Enterprise SLA Complaint,Medium,Closed,63,549,INC-2026-00091,SMB,false,4.3
TCK-2026-01117,2026-02-23,2026-02,Balikpapan,Mobile Broadband,Installation Delay,Low,Resolved,107,859,INC-2026-01635,SMB,false,4.9
TCK-2026-01826,2026-02-23,2026-02,Bandung,Enterprise VPN,Installation Delay,Medium,In Progress,78,,,Residential,false,
TCK-2026-02091,2026-02-23,2026-02,Denpasar,IPTV,Installation Delay,Critical,Resolved,8,122,,Enterprise,false,3.9
TCK-2026-03236,2026-02-23,2026-02,Makassar,Enterprise VPN,Internet Down,Low,In Progress,134,,,Enterprise,false,
TCK-2026-04343,2026-02-23,2026-02,Semarang,Fiber Internet,Intermittent Connection,Critical,Closed,34,114,,Residential,false,1.9
TCK-2026-04359,2026-02-23,2026-02,Yogyakarta,IPTV,Internet Down,Critical,Resolved,17,35,INC-2026-00288,Residential,false,2.7
TCK-2026-04607,2026-02-23,2026-02,Balikpapan,Voice,Installation Delay,High,Closed,52,119,,SMB,false,3.7
TCK-2026-04950,2026-02-23,2026-02,Palembang,Enterprise VPN,Router ONT Issue,Medium,In Progress,64,,,SMB,false,
TCK-2026-05366,2026-02-23,2026-02,Semarang,IPTV,Slow Connection,Medium,Open,84,,,Enterprise,true,
TCK-2026-00716,2026-02-24,2026-02,Denpasar,Fiber Internet,Slow Connection,Critical,Resolved,2,129,,Residential,false,3.2
TCK-2026-01114,2026-02-24,2026-02,Surabaya,Cloud Connectivity,Internet Down,Critical,Open,2,,,Public Sector,false,
TCK-2026-01302,2026-02-24,2026-02,Surabaya,IPTV,Intermittent Connection,Medium,In Progress,49,,,Residential,false,
TCK-2026-01473,2026-02-24,2026-02,Denpasar,IPTV,Enterprise SLA Complaint,Low,Resolved,107,903,,Public Sector,false,3.8
TCK-2026-01873,2026-02-24,2026-02,Bandung,Mobile Broadband,Router ONT Issue,High,Resolved,54,187,,Enterprise,false,3.2
TCK-2026-01933,2026-02-24,2026-02,Bandung,IPTV,Intermittent Connection,High,Waiting Customer,44,,,Residential,false,
TCK-2026-02510,2026-02-24,2026-02,Medan,Enterprise VPN,Internet Down,Low,Closed,92,936,INC-2026-01532,Residential,false,3.1
TCK-2026-02811,2026-02-24,2026-02,Balikpapan,Mobile Broadband,Router ONT Issue,High,Resolved,12,139,,Residential,false,3.0
TCK-2026-03230,2026-02-24,2026-02,Palembang,IPTV,Intermittent Connection,High,Open,2,,INC-2026-00121,Residential,true,
TCK-2026-03237,2026-02-24,2026-02,Jakarta,IPTV,Router ONT Issue,Low,Open,115,,,SMB,false,
TCK-2026-03419,2026-02-24,2026-02,Jakarta,IPTV,Enterprise SLA Complaint,High,Closed,58,379,INC-2026-00882,Residential,false,2.2
TCK-2026-03946,2026-02-24,2026-02,Makassar,IPTV,Intermittent Connection,Medium,Closed,107,477,,Enterprise,false,3.9
TCK-2026-04769,2026-02-24,2026-02,Palembang,Enterprise VPN,Installation Delay,Medium,Closed,87,543,,SMB,false,4.6
TCK-2026-04839,2026-02-24,2026-02,Medan,IPTV,Intermittent Connection,Low,Waiting Customer,120,,,SMB,false,
TCK-2026-04942,2026-02-24,2026-02,Jakarta,IPTV,Billing Related,Low,In Progress,119,,INC-2026-00882,SMB,false,
TCK-2026-04949,2026-02-24,2026-02,Surabaya,Voice,Internet Down,Low,In Progress,100,,,Residential,false,
TCK-2026-05092,2026-02-24,2026-02,Denpasar,Fiber Internet,Installation Delay,High,Closed,41,328,,Residential,false,4.6
TCK-2026-05290,2026-02-24,2026-02,Surabaya,Fiber Internet,Installation Delay,Medium,Resolved,47,376,,Public Sector,false,4.0
TCK-2026-00163,2026-02-25,2026-02,Makassar,Fiber Internet,Intermittent Connection,Medium,Open,90,,INC-2026-00715,Residential,false,
TCK-2026-00266,2026-02-25,2026-02,Balikpapan,Cloud Connectivity,Slow Connection,Low,Waiting Customer,128,,,Residential,false,
TCK-2026-00562,2026-02-25,2026-02,Jakarta,Cloud Connectivity,Enterprise SLA Complaint,Low,Resolved,124,939,INC-2026-00733,SMB,false,4.1
TCK-2026-00936,2026-02-25,2026-02,Makassar,Cloud Connectivity,Intermittent Connection,Medium,In Progress,91,,INC-2026-01586,Residential,false,
TCK-2026-00958,2026-02-25,2026-02,Palembang,Mobile Broadband,Slow Connection,Medium,Resolved,74,459,,Residential,false,4.1
TCK-2026-01399,2026-02-25,2026-02,Makassar,Fiber Internet,Installation Delay,Medium,Closed,76,564,INC-2026-00715,Residential,false,3.6
TCK-2026-01634,2026-02-25,2026-02,Makassar,Mobile Broadband,Internet Down,Medium,Resolved,87,598,,SMB,false,4.8
TCK-2026-01676,2026-02-25,2026-02,Makassar,Cloud Connectivity,Slow Connection,Low,Resolved,111,902,INC-2026-01586,Residential,false,3.1
TCK-2026-02494,2026-02-25,2026-02,Semarang,Enterprise VPN,Internet Down,Medium,Closed,49,455,INC-2026-00681,SMB,false,3.5
TCK-2026-02789,2026-02-25,2026-02,Semarang,IPTV,Router ONT Issue,Low,Waiting Customer,145,,INC-2026-02139,Residential,false,
TCK-2026-03317,2026-02-25,2026-02,Denpasar,Enterprise VPN,Intermittent Connection,Medium,Resolved,68,487,,SMB,false,3.6
TCK-2026-03422,2026-02-25,2026-02,Makassar,Fiber Internet,Billing Related,High,Waiting Customer,2,,INC-2026-00715,Public Sector,false,
TCK-2026-03655,2026-02-25,2026-02,Jakarta,Fiber Internet,Installation Delay,Low,In Progress,139,,,Residential,false,
TCK-2026-03709,2026-02-25,2026-02,Makassar,IPTV,Internet Down,High,Resolved,29,248,,Enterprise,false,2.6
TCK-2026-03836,2026-02-25,2026-02,Yogyakarta,Mobile Broadband,Slow Connection,Critical,In Progress,20,,,Residential,true,
TCK-2026-04053,2026-02-25,2026-02,Balikpapan,Mobile Broadband,Router ONT Issue,High,Resolved,33,297,,Residential,false,2.1
TCK-2026-04460,2026-02-25,2026-02,Semarang,Enterprise VPN,Slow Connection,Low,Open,111,,INC-2026-00681,Residential,false,
TCK-2026-00842,2026-02-26,2026-02,Yogyakarta,IPTV,Installation Delay,Critical,Closed,30,282,,Public Sector,false,4.0
TCK-2026-00900,2026-02-26,2026-02,Semarang,Enterprise VPN,Slow Connection,Medium,Closed,73,640,,SMB,false,4.2
TCK-2026-00973,2026-02-26,2026-02,Surabaya,Fiber Internet,Router ONT Issue,Medium,Open,72,,,Residential,false,
TCK-2026-01082,2026-02-26,2026-02,Yogyakarta,Mobile Broadband,Internet Down,Medium,In Progress,61,,,SMB,false,
TCK-2026-01339,2026-02-26,2026-02,Bandung,Voice,Router ONT Issue,Low,Closed,127,755,,Residential,false,4.3
TCK-2026-01352,2026-02-26,2026-02,Medan,Enterprise VPN,Enterprise SLA Complaint,Low,Resolved,129,835,,Residential,false,4.6
TCK-2026-01909,2026-02-26,2026-02,Balikpapan,Voice,Internet Down,High,Closed,38,178,INC-2026-01401,SMB,false,4.2
TCK-2026-02556,2026-02-26,2026-02,Palembang,Voice,Internet Down,Low,In Progress,132,,INC-2026-01365,SMB,false,
TCK-2026-03071,2026-02-26,2026-02,Semarang,Enterprise VPN,Billing Related,High,Resolved,75,134,,Enterprise,false,2.3
TCK-2026-03191,2026-02-26,2026-02,Surabaya,IPTV,Internet Down,Low,Resolved,111,859,,SMB,false,3.9
TCK-2026-03226,2026-02-26,2026-02,Balikpapan,Voice,Installation Delay,Low,Resolved,91,908,INC-2026-01401,Enterprise,false,3.8
TCK-2026-03861,2026-02-26,2026-02,Palembang,Voice,Billing Related,Medium,Resolved,57,542,INC-2026-01365,Enterprise,false,4.6
TCK-2026-04003,2026-02-26,2026-02,Semarang,Mobile Broadband,Intermittent Connection,Medium,Resolved,76,532,,Residential,false,3.8
TCK-2026-04128,2026-02-26,2026-02,Balikpapan,Fiber Internet,Internet Down,Medium,Resolved,32,599,,Residential,false,4.7
TCK-2026-04167,2026-02-26,2026-02,Denpasar,Mobile Broadband,Installation Delay,Medium,Open,83,,,Residential,false,
TCK-2026-04247,2026-02-26,2026-02,Surabaya,IPTV,Enterprise SLA Complaint,Low,Resolved,122,776,,Enterprise,false,3.8
TCK-2026-04549,2026-02-26,2026-02,Medan,IPTV,Router ONT Issue,High,Resolved,9,254,,Residential,false,3.0
TCK-2026-04993,2026-02-26,2026-02,Palembang,Voice,Router ONT Issue,Low,Waiting Customer,112,,INC-2026-01365,Enterprise,false,
TCK-2026-05286,2026-02-26,2026-02,Yogyakarta,Voice,Billing Related,Low,Waiting Customer,132,,,Public Sector,false,
TCK-2026-00101,2026-02-27,2026-02,Semarang,Voice,Billing Related,Medium,Open,86,,INC-2026-01377,Residential,false,
TCK-2026-00276,2026-02-27,2026-02,Semarang,Voice,Router ONT Issue,Critical,Closed,25,102,INC-2026-01377,Residential,true,3.1
TCK-2026-00416,2026-02-27,2026-02,Balikpapan,Mobile Broadband,Enterprise SLA Complaint,High,Closed,42,146,INC-2026-01679,SMB,false,3.6
TCK-2026-00787,2026-02-27,2026-02,Semarang,Voice,Router ONT Issue,Low,In Progress,104,,INC-2026-01377,Residential,false,
TCK-2026-01056,2026-02-27,2026-02,Yogyakarta,Fiber Internet,Billing Related,Medium,Open,60,,,Residential,false,
TCK-2026-01547,2026-02-27,2026-02,Denpasar,Fiber Internet,Enterprise SLA Complaint,High,Open,35,,INC-2026-01465,Residential,false,
TCK-2026-01725,2026-02-27,2026-02,Surabaya,Cloud Connectivity,Intermittent Connection,Low,Closed,106,957,INC-2026-00623,Residential,false,4.8
TCK-2026-01928,2026-02-27,2026-02,Balikpapan,Mobile Broadband,Enterprise SLA Complaint,Medium,Waiting Customer,87,,INC-2026-01679,Residential,false,
TCK-2026-02282,2026-02-27,2026-02,Surabaya,Fiber Internet,Enterprise SLA Complaint,Low,Closed,131,864,INC-2026-00099,SMB,false,4.2
TCK-2026-02913,2026-02-27,2026-02,Semarang,Voice,Enterprise SLA Complaint,Medium,Resolved,72,708,INC-2026-01377,Enterprise,false,4.0
TCK-2026-03231,2026-02-27,2026-02,Balikpapan,Mobile Broadband,Enterprise SLA Complaint,Low,In Progress,141,,,Public Sector,false,
TCK-2026-03432,2026-02-27,2026-02,Palembang,IPTV,Enterprise SLA Complaint,Medium,Open,94,,,Residential,false,
TCK-2026-03685,2026-02-27,2026-02,Jakarta,Fiber Internet,Router ONT Issue,High,Resolved,36,242,INC-2026-00564,Enterprise,false,2.3
TCK-2026-03687,2026-02-27,2026-02,Denpasar,Fiber Internet,Billing Related,High,Resolved,77,293,INC-2026-01465,SMB,false,4.9
TCK-2026-03736,2026-02-27,2026-02,Medan,Voice,Enterprise SLA Complaint,Medium,Closed,84,475,,Enterprise,false,3.7
TCK-2026-03970,2026-02-27,2026-02,Semarang,Voice,Installation Delay,Low,Resolved,130,759,,SMB,false,3.5
TCK-2026-04114,2026-02-27,2026-02,Semarang,Voice,Slow Connection,Medium,Closed,74,474,INC-2026-01377,SMB,true,4.5
TCK-2026-04149,2026-02-27,2026-02,Jakarta,Fiber Internet,Internet Down,Medium,Resolved,83,487,INC-2026-00564,Residential,false,3.2
TCK-2026-04285,2026-02-27,2026-02,Jakarta,Fiber Internet,Internet Down,Medium,Resolved,70,431,INC-2026-00564,Residential,true,4.8
TCK-2026-04490,2026-02-27,2026-02,Balikpapan,Mobile Broadband,Router ONT Issue,Medium,Open,89,,INC-2026-01679,Residential,false,
TCK-2026-04554,2026-02-27,2026-02,Semarang,Voice,Intermittent Connection,Medium,Resolved,86,366,INC-2026-01377,Enterprise,false,3.9
TCK-2026-04589,2026-02-27,2026-02,Palembang,Enterprise VPN,Internet Down,Medium,Resolved,57,392,,SMB,false,4.8
TCK-2026-04946,2026-02-27,2026-02,Surabaya,Fiber Internet,Internet Down,Medium,Resolved,53,528,INC-2026-00099,Residential,false,4.2
TCK-2026-05012,2026-02-27,2026-02,Balikpapan,Fiber Internet,Enterprise SLA Complaint,Low,Resolved,130,909,INC-2026-00256,SMB,false,3.5
TCK-2026-00362,2026-02-28,2026-02,Surabaya,Voice,Router ONT Issue,Critical,Open,7,,,Residential,false,
TCK-2026-01051,2026-02-28,2026-02,Semarang,IPTV,Billing Related,High,Closed,50,212,,Residential,false,3.5
TCK-2026-01195,2026-02-28,2026-02,Makassar,Mobile Broadband,Router ONT Issue,High,Waiting Customer,13,,,Residential,false,
TCK-2026-01345,2026-02-28,2026-02,Semarang,IPTV,Intermittent Connection,High,Closed,31,124,,Enterprise,false,3.2
TCK-2026-01439,2026-02-28,2026-02,Medan,Mobile Broadband,Internet Down,Low,Open,127,,INC-2026-01516,SMB,false,
TCK-2026-02298,2026-02-28,2026-02,Yogyakarta,Cloud Connectivity,Enterprise SLA Complaint,Low,Resolved,110,829,,SMB,false,4.1
TCK-2026-02308,2026-02-28,2026-02,Denpasar,Mobile Broadband,Billing Related,Low,Open,103,,,Residential,false,
TCK-2026-02561,2026-02-28,2026-02,Semarang,Mobile Broadband,Internet Down,Low,Closed,130,1113,,SMB,false,4.5
TCK-2026-03058,2026-02-28,2026-02,Bandung,IPTV,Billing Related,High,Resolved,28,257,,Residential,false,3.6
TCK-2026-03095,2026-02-28,2026-02,Bandung,Fiber Internet,Slow Connection,Medium,Resolved,57,414,,Residential,false,4.0
TCK-2026-03119,2026-02-28,2026-02,Semarang,Enterprise VPN,Installation Delay,Medium,Resolved,93,500,,Enterprise,false,4.5
TCK-2026-03603,2026-02-28,2026-02,Semarang,IPTV,Slow Connection,High,In Progress,60,,,Enterprise,true,
TCK-2026-03863,2026-02-28,2026-02,Medan,Enterprise VPN,Slow Connection,Low,Resolved,114,1026,,Public Sector,false,5
TCK-2026-04045,2026-02-28,2026-02,Palembang,Voice,Slow Connection,Medium,In Progress,56,,,Residential,false,
TCK-2026-04454,2026-02-28,2026-02,Medan,Mobile Broadband,Router ONT Issue,Medium,Closed,64,334,,SMB,false,3.5
TCK-2026-00161,2026-03-01,2026-03,Semarang,Enterprise VPN,Internet Down,Critical,In Progress,2,,,Residential,false,
TCK-2026-00262,2026-03-01,2026-03,Denpasar,Voice,Slow Connection,High,Resolved,2,156,INC-2026-00928,Residential,false,4.5
TCK-2026-00461,2026-03-01,2026-03,Semarang,Fiber Internet,Enterprise SLA Complaint,Critical,Resolved,7,76,,Residential,false,3.9
TCK-2026-00786,2026-03-01,2026-03,Bandung,Fiber Internet,Installation Delay,High,Open,35,,,SMB,true,
TCK-2026-01882,2026-03-01,2026-03,Semarang,IPTV,Enterprise SLA Complaint,Low,Waiting Customer,142,,,Residential,false,
TCK-2026-02020,2026-03-01,2026-03,Semarang,IPTV,Slow Connection,Medium,Resolved,67,460,,Residential,false,4.3
TCK-2026-02179,2026-03-01,2026-03,Yogyakarta,Voice,Router ONT Issue,Low,Resolved,116,982,,Enterprise,false,4.3
TCK-2026-02188,2026-03-01,2026-03,Semarang,IPTV,Enterprise SLA Complaint,Medium,Resolved,104,394,,Enterprise,false,4.7
TCK-2026-02220,2026-03-01,2026-03,Yogyakarta,Enterprise VPN,Intermittent Connection,Medium,Waiting Customer,67,,,Residential,false,
TCK-2026-02276,2026-03-01,2026-03,Jakarta,Enterprise VPN,Internet Down,Low,Closed,137,921,,Residential,false,3.8
TCK-2026-02362,2026-03-01,2026-03,Medan,IPTV,Installation Delay,Low,In Progress,123,,,Residential,false,
TCK-2026-02715,2026-03-01,2026-03,Balikpapan,Mobile Broadband,Enterprise SLA Complaint,Low,Resolved,131,955,,Public Sector,false,4.3
TCK-2026-02856,2026-03-01,2026-03,Semarang,Cloud Connectivity,Intermittent Connection,Medium,Open,62,,,Residential,false,
TCK-2026-02934,2026-03-01,2026-03,Balikpapan,Fiber Internet,Intermittent Connection,Low,Resolved,130,800,,Residential,false,4.1
TCK-2026-03029,2026-03-01,2026-03,Palembang,Voice,Router ONT Issue,High,Resolved,33,275,,Residential,false,3.5
TCK-2026-03531,2026-03-01,2026-03,Bandung,Voice,Internet Down,Low,Resolved,118,805,INC-2026-00169,Residential,false,4.3
TCK-2026-04796,2026-03-01,2026-03,Yogyakarta,Fiber Internet,Installation Delay,Medium,Resolved,70,442,,Residential,false,3.6
TCK-2026-05071,2026-03-01,2026-03,Jakarta,Mobile Broadband,Intermittent Connection,Low,Waiting Customer,115,,INC-2026-00380,Residential,false,
TCK-2026-05209,2026-03-01,2026-03,Denpasar,Voice,Router ONT Issue,Medium,In Progress,76,,INC-2026-00928,Residential,false,
TCK-2026-00194,2026-03-02,2026-03,Bandung,Enterprise VPN,Billing Related,Medium,Open,88,,,Residential,false,
TCK-2026-00261,2026-03-02,2026-03,Bandung,Enterprise VPN,Slow Connection,Medium,In Progress,113,,INC-2026-00999,SMB,false,
TCK-2026-00988,2026-03-02,2026-03,Medan,Enterprise VPN,Slow Connection,High,Resolved,44,213,,Residential,false,3.4
TCK-2026-01357,2026-03-02,2026-03,Denpasar,Fiber Internet,Router ONT Issue,Medium,Resolved,75,522,,Residential,false,4.2
TCK-2026-01764,2026-03-02,2026-03,Makassar,Mobile Broadband,Intermittent Connection,Medium,Closed,66,435,,Residential,false,3.9
TCK-2026-02215,2026-03-02,2026-03,Makassar,IPTV,Router ONT Issue,High,In Progress,4,,INC-2026-01741,Enterprise,false,
TCK-2026-02310,2026-03-02,2026-03,Makassar,IPTV,Installation Delay,Low,In Progress,104,,INC-2026-01741,Residential,false,
TCK-2026-02821,2026-03-02,2026-03,Balikpapan,Fiber Internet,Installation Delay,Low,Closed,123,824,,Enterprise,false,3.9
TCK-2026-03485,2026-03-02,2026-03,Jakarta,Enterprise VPN,Billing Related,Low,Closed,123,1034,,SMB,false,4.1
TCK-2026-03869,2026-03-02,2026-03,Makassar,IPTV,Router ONT Issue,High,Open,16,,INC-2026-01741,SMB,true,
TCK-2026-03871,2026-03-02,2026-03,Bandung,Enterprise VPN,Slow Connection,Medium,Resolved,83,462,INC-2026-01031,Residential,false,3.5
TCK-2026-04493,2026-03-02,2026-03,Makassar,Mobile Broadband,Internet Down,High,Resolved,35,183,,Residential,true,3.1
TCK-2026-04569,2026-03-02,2026-03,Denpasar,Fiber Internet,Enterprise SLA Complaint,Low,Closed,99,955,INC-2026-01409,Residential,false,5
TCK-2026-04893,2026-03-02,2026-03,Denpasar,Fiber Internet,Installation Delay,Low,Waiting Customer,134,,INC-2026-01409,Residential,false,
TCK-2026-05000,2026-03-02,2026-03,Makassar,Enterprise VPN,Installation Delay,Medium,In Progress,60,,,Enterprise,false,
TCK-2026-00647,2026-03-03,2026-03,Medan,Mobile Broadband,Enterprise SLA Complaint,Low,Closed,130,772,,SMB,false,3.6
TCK-2026-00761,2026-03-03,2026-03,Yogyakarta,Voice,Slow Connection,Low,Waiting Customer,129,,,Enterprise,false,
TCK-2026-00875,2026-03-03,2026-03,Jakarta,Cloud Connectivity,Billing Related,Medium,In Progress,72,,,Residential,false,
TCK-2026-02048,2026-03-03,2026-03,Yogyakarta,Cloud Connectivity,Intermittent Connection,Medium,Resolved,53,481,,Residential,false,3.2
TCK-2026-02975,2026-03-03,2026-03,Semarang,Mobile Broadband,Installation Delay,High,Waiting Customer,49,,INC-2026-00464,Residential,false,
TCK-2026-03051,2026-03-03,2026-03,Denpasar,Fiber Internet,Internet Down,Low,Open,136,,INC-2026-01660,SMB,false,
TCK-2026-03281,2026-03-03,2026-03,Denpasar,Fiber Internet,Router ONT Issue,High,Resolved,24,250,INC-2026-01660,Residential,false,3.9
TCK-2026-03312,2026-03-03,2026-03,Makassar,Mobile Broadband,Router ONT Issue,Medium,Open,94,,INC-2026-01826,Enterprise,false,
TCK-2026-03749,2026-03-03,2026-03,Medan,Enterprise VPN,Intermittent Connection,High,Open,2,,,Enterprise,false,
TCK-2026-04279,2026-03-03,2026-03,Medan,IPTV,Slow Connection,Low,Waiting Customer,135,,,Enterprise,false,
TCK-2026-00018,2026-03-04,2026-03,Makassar,IPTV,Billing Related,Low,Open,100,,,Residential,false,
TCK-2026-00057,2026-03-04,2026-03,Balikpapan,Cloud Connectivity,Enterprise SLA Complaint,Medium,Resolved,85,407,,Enterprise,false,3.3
TCK-2026-00283,2026-03-04,2026-03,Bandung,Voice,Enterprise SLA Complaint,Low,Closed,133,819,,Residential,false,3.7
TCK-2026-02150,2026-03-04,2026-03,Semarang,Voice,Slow Connection,Medium,Resolved,108,483,,Residential,false,3.4
TCK-2026-02914,2026-03-04,2026-03,Bandung,Cloud Connectivity,Billing Related,High,Resolved,13,218,,Residential,false,3.3
TCK-2026-04487,2026-03-04,2026-03,Denpasar,Enterprise VPN,Billing Related,Medium,Resolved,66,469,INC-2026-00722,SMB,false,4.7
TCK-2026-04744,2026-03-04,2026-03,Surabaya,Voice,Intermittent Connection,Medium,Resolved,89,353,INC-2026-01929,Residential,false,2.8
TCK-2026-04791,2026-03-04,2026-03,Makassar,Cloud Connectivity,Router ONT Issue,Low,Resolved,150,980,,Public Sector,false,4.1
TCK-2026-04931,2026-03-04,2026-03,Palembang,Voice,Intermittent Connection,Medium,Resolved,75,517,,Residential,false,4.4
TCK-2026-00065,2026-03-05,2026-03,Yogyakarta,Voice,Router ONT Issue,Low,Resolved,121,878,,SMB,false,4.4
TCK-2026-00221,2026-03-05,2026-03,Surabaya,Mobile Broadband,Billing Related,Medium,Open,70,,,Residential,false,
TCK-2026-01119,2026-03-05,2026-03,Denpasar,Cloud Connectivity,Router ONT Issue,Medium,Closed,52,563,INC-2026-00886,SMB,false,4.0
TCK-2026-02239,2026-03-05,2026-03,Denpasar,Mobile Broadband,Billing Related,Critical,Resolved,2,243,,Residential,false,3.6
TCK-2026-02491,2026-03-05,2026-03,Yogyakarta,Cloud Connectivity,Internet Down,Medium,Resolved,75,385,,Residential,false,3.3
TCK-2026-02496,2026-03-05,2026-03,Makassar,Voice,Slow Connection,Low,Open,154,,,Residential,false,
TCK-2026-02988,2026-03-05,2026-03,Denpasar,IPTV,Billing Related,High,In Progress,32,,,Residential,false,
TCK-2026-03140,2026-03-05,2026-03,Denpasar,Enterprise VPN,Enterprise SLA Complaint,Critical,Resolved,2,58,INC-2026-01642,Residential,false,2.6
TCK-2026-04255,2026-03-05,2026-03,Palembang,Fiber Internet,Slow Connection,Medium,Closed,53,594,,Residential,false,4.8
TCK-2026-04498,2026-03-05,2026-03,Surabaya,Enterprise VPN,Intermittent Connection,Medium,Open,91,,,Enterprise,true,
TCK-2026-04561,2026-03-05,2026-03,Palembang,Enterprise VPN,Internet Down,Medium,Waiting Customer,53,,,SMB,false,
TCK-2026-04702,2026-03-05,2026-03,Balikpapan,IPTV,Installation Delay,High,Closed,52,220,INC-2026-00563,SMB,true,3.3
TCK-2026-04710,2026-03-05,2026-03,Yogyakarta,IPTV,Enterprise SLA Complaint,Medium,Closed,54,439,,Residential,false,3.2
TCK-2026-05118,2026-03-05,2026-03,Makassar,IPTV,Slow Connection,Low,Resolved,142,860,,Residential,false,3.6
TCK-2026-00042,2026-03-06,2026-03,Balikpapan,Fiber Internet,Billing Related,High,Closed,16,108,INC-2026-02095,SMB,false,2.9
TCK-2026-00642,2026-03-06,2026-03,Jakarta,IPTV,Intermittent Connection,High,Resolved,46,364,INC-2026-00002,SMB,false,3.1
TCK-2026-01136,2026-03-06,2026-03,Jakarta,Mobile Broadband,Installation Delay,Critical,Resolved,23,23,,SMB,false,3.8
TCK-2026-01816,2026-03-06,2026-03,Bandung,Enterprise VPN,Router ONT Issue,Low,Resolved,131,901,INC-2026-01646,Residential,false,5
TCK-2026-02446,2026-03-06,2026-03,Bandung,Enterprise VPN,Slow Connection,Critical,Open,2,,INC-2026-01646,Enterprise,false,
TCK-2026-02753,2026-03-06,2026-03,Jakarta,Voice,Enterprise SLA Complaint,Low,In Progress,116,,INC-2026-02011,Residential,false,
TCK-2026-03351,2026-03-06,2026-03,Bandung,Enterprise VPN,Intermittent Connection,Medium,Resolved,71,610,INC-2026-01646,Enterprise,false,4.4
TCK-2026-04046,2026-03-06,2026-03,Denpasar,Fiber Internet,Intermittent Connection,Medium,Waiting Customer,80,,,SMB,false,
TCK-2026-04144,2026-03-06,2026-03,Semarang,Mobile Broadband,Enterprise SLA Complaint,Medium,Closed,100,304,,Residential,false,3.7
TCK-2026-05043,2026-03-06,2026-03,Balikpapan,Fiber Internet,Installation Delay,Medium,Closed,69,571,,Residential,false,3.9
TCK-2026-05392,2026-03-06,2026-03,Makassar,Mobile Broadband,Billing Related,Medium,Resolved,79,533,,Residential,false,3.9
TCK-2026-00335,2026-03-07,2026-03,Medan,Voice,Enterprise SLA Complaint,Low,Resolved,142,961,,SMB,false,3.3
TCK-2026-00860,2026-03-07,2026-03,Yogyakarta,Fiber Internet,Installation Delay,Medium,Resolved,57,450,,Residential,false,5
TCK-2026-00871,2026-03-07,2026-03,Balikpapan,Voice,Billing Related,Low,Closed,100,857,,Residential,false,4.4
TCK-2026-00897,2026-03-07,2026-03,Semarang,IPTV,Intermittent Connection,Medium,Closed,108,582,,Enterprise,false,3.5
TCK-2026-01036,2026-03-07,2026-03,Denpasar,Voice,Enterprise SLA Complaint,Low,Resolved,145,886,,Residential,false,4.0
TCK-2026-01222,2026-03-07,2026-03,Surabaya,Enterprise VPN,Internet Down,Low,Closed,86,735,,Residential,false,4.7
TCK-2026-01380,2026-03-07,2026-03,Balikpapan,IPTV,Internet Down,Critical,In Progress,2,,INC-2026-00421,Enterprise,true,
TCK-2026-01400,2026-03-07,2026-03,Semarang,Cloud Connectivity,Slow Connection,Medium,Closed,89,224,,Residential,false,4.2
TCK-2026-02111,2026-03-07,2026-03,Jakarta,Fiber Internet,Router ONT Issue,Medium,Waiting Customer,90,,,Enterprise,false,
TCK-2026-02265,2026-03-07,2026-03,Denpasar,Fiber Internet,Internet Down,Medium,Resolved,108,419,,Residential,false,4.0
TCK-2026-02612,2026-03-07,2026-03,Jakarta,Voice,Internet Down,Medium,In Progress,61,,,Enterprise,false,
TCK-2026-03012,2026-03-07,2026-03,Semarang,Fiber Internet,Billing Related,Medium,Resolved,82,455,,Residential,false,4.7
TCK-2026-03269,2026-03-07,2026-03,Bandung,Fiber Internet,Installation Delay,Medium,In Progress,74,,,SMB,false,
TCK-2026-03547,2026-03-07,2026-03,Bandung,IPTV,Enterprise SLA Complaint,Low,Closed,106,857,INC-2026-00568,Enterprise,false,3.1
TCK-2026-04728,2026-03-07,2026-03,Surabaya,IPTV,Enterprise SLA Complaint,Medium,In Progress,67,,INC-2026-00506,SMB,false,
TCK-2026-04820,2026-03-07,2026-03,Surabaya,Fiber Internet,Router ONT Issue,High,In Progress,32,,,Residential,true,
TCK-2026-00226,2026-03-08,2026-03,Balikpapan,IPTV,Billing Related,Medium,Resolved,74,505,,Residential,false,4.9
TCK-2026-00413,2026-03-08,2026-03,Surabaya,Enterprise VPN,Router ONT Issue,Medium,Resolved,73,628,,SMB,false,4.3
TCK-2026-00849,2026-03-08,2026-03,Surabaya,Cloud Connectivity,Slow Connection,Medium,Resolved,74,548,,Residential,false,4.2
TCK-2026-01010,2026-03-08,2026-03,Makassar,Enterprise VPN,Intermittent Connection,Low,Closed,81,754,,Enterprise,false,4.4
TCK-2026-01469,2026-03-08,2026-03,Balikpapan,Cloud Connectivity,Slow Connection,Low,Resolved,128,833,,Residential,false,4.0
TCK-2026-02396,2026-03-08,2026-03,Yogyakarta,Mobile Broadband,Router ONT Issue,Low,In Progress,119,,INC-2026-00949,SMB,false,
TCK-2026-03112,2026-03-08,2026-03,Denpasar,Enterprise VPN,Internet Down,Low,Waiting Customer,108,,INC-2026-00100,Residential,false,
TCK-2026-03368,2026-03-08,2026-03,Makassar,Mobile Broadband,Internet Down,Medium,Closed,103,425,INC-2026-00810,Residential,false,4.5
TCK-2026-03762,2026-03-08,2026-03,Denpasar,Enterprise VPN,Intermittent Connection,High,Open,49,,INC-2026-00100,Residential,false,
TCK-2026-03963,2026-03-08,2026-03,Makassar,Voice,Intermittent Connection,High,In Progress,32,,,Residential,false,
TCK-2026-04397,2026-03-08,2026-03,Balikpapan,Cloud Connectivity,Slow Connection,Low,Closed,107,791,,Enterprise,false,3.6
TCK-2026-05194,2026-03-08,2026-03,Makassar,Mobile Broadband,Billing Related,High,Closed,47,340,INC-2026-00810,SMB,false,3.5
TCK-2026-00025,2026-03-09,2026-03,Yogyakarta,Enterprise VPN,Enterprise SLA Complaint,Low,Closed,149,898,,Residential,false,4.7
TCK-2026-03048,2026-03-09,2026-03,Semarang,Mobile Broadband,Slow Connection,Medium,In Progress,68,,,Enterprise,false,
TCK-2026-03405,2026-03-09,2026-03,Yogyakarta,Cloud Connectivity,Billing Related,Medium,In Progress,49,,,Residential,true,
TCK-2026-03591,2026-03-09,2026-03,Yogyakarta,Enterprise VPN,Intermittent Connection,Low,Open,118,,,Residential,false,
TCK-2026-03622,2026-03-09,2026-03,Surabaya,Enterprise VPN,Enterprise SLA Complaint,Medium,Resolved,94,521,,SMB,false,3.1
TCK-2026-03779,2026-03-09,2026-03,Denpasar,Enterprise VPN,Billing Related,High,Open,2,,,Residential,false,
TCK-2026-03893,2026-03-09,2026-03,Denpasar,Mobile Broadband,Internet Down,Medium,Resolved,90,612,INC-2026-01038,Residential,false,4.4
TCK-2026-04294,2026-03-09,2026-03,Balikpapan,Voice,Internet Down,Low,Open,129,,INC-2026-00041,SMB,false,
TCK-2026-04795,2026-03-09,2026-03,Balikpapan,Fiber Internet,Intermittent Connection,Medium,Closed,77,491,,Residential,false,4.9
TCK-2026-00280,2026-03-10,2026-03,Surabaya,Cloud Connectivity,Internet Down,Medium,Waiting Customer,58,,INC-2026-02102,Public Sector,false,
TCK-2026-00404,2026-03-10,2026-03,Palembang,Enterprise VPN,Internet Down,Medium,In Progress,67,,INC-2026-01653,Residential,true,
TCK-2026-00655,2026-03-10,2026-03,Medan,Mobile Broadband,Intermittent Connection,Medium,Open,82,,,Enterprise,false,
TCK-2026-00777,2026-03-10,2026-03,Balikpapan,Enterprise VPN,Slow Connection,Medium,Resolved,72,481,,Residential,false,3.9
TCK-2026-01067,2026-03-10,2026-03,Makassar,Cloud Connectivity,Billing Related,Low,Open,127,,,SMB,false,
TCK-2026-01084,2026-03-10,2026-03,Surabaya,Fiber Internet,Router ONT Issue,Critical,Open,50,,INC-2026-01811,Residential,false,
TCK-2026-01703,2026-03-10,2026-03,Denpasar,Enterprise VPN,Billing Related,Medium,Resolved,91,729,,Enterprise,false,3.4
TCK-2026-01897,2026-03-10,2026-03,Semarang,Cloud Connectivity,Internet Down,Medium,Waiting Customer,81,,INC-2026-00777,Residential,false,
TCK-2026-02626,2026-03-10,2026-03,Surabaya,Fiber Internet,Intermittent Connection,Low,Resolved,136,1011,INC-2026-01811,Residential,false,4.2
TCK-2026-03057,2026-03-10,2026-03,Surabaya,Cloud Connectivity,Installation Delay,Low,Resolved,114,911,INC-2026-00552,Residential,false,4.4
TCK-2026-03403,2026-03-10,2026-03,Bandung,Enterprise VPN,Intermittent Connection,High,Closed,39,319,INC-2026-00143,SMB,false,3.4
TCK-2026-03610,2026-03-10,2026-03,Bandung,Enterprise VPN,Enterprise SLA Complaint,Critical,Resolved,2,143,INC-2026-00143,Enterprise,false,3.7
TCK-2026-03860,2026-03-10,2026-03,Semarang,Cloud Connectivity,Billing Related,Medium,In Progress,68,,INC-2026-00777,SMB,false,
TCK-2026-04058,2026-03-10,2026-03,Semarang,Cloud Connectivity,Intermittent Connection,High,Waiting Customer,59,,INC-2026-00777,Residential,false,
TCK-2026-04211,2026-03-10,2026-03,Yogyakarta,Voice,Installation Delay,Low,Resolved,129,1019,,Public Sector,false,4.0
TCK-2026-04596,2026-03-10,2026-03,Surabaya,IPTV,Billing Related,High,Resolved,13,219,,SMB,true,4.3
TCK-2026-04727,2026-03-10,2026-03,Surabaya,Fiber Internet,Intermittent Connection,Medium,Resolved,78,752,,Enterprise,false,3.7
TCK-2026-05010,2026-03-10,2026-03,Semarang,Cloud Connectivity,Internet Down,Medium,Open,46,,INC-2026-00777,Residential,false,
TCK-2026-05039,2026-03-10,2026-03,Bandung,Enterprise VPN,Enterprise SLA Complaint,Critical,Open,5,,INC-2026-00143,SMB,true,
TCK-2026-00020,2026-03-11,2026-03,Jakarta,Fiber Internet,Internet Down,Medium,In Progress,89,,,Residential,false,
TCK-2026-00578,2026-03-11,2026-03,Palembang,Enterprise VPN,Installation Delay,High,In Progress,45,,,Residential,false,
TCK-2026-01213,2026-03-11,2026-03,Yogyakarta,Cloud Connectivity,Installation Delay,Low,In Progress,125,,,SMB,false,
TCK-2026-01779,2026-03-11,2026-03,Palembang,Voice,Billing Related,Medium,Open,96,,INC-2026-01379,SMB,false,
TCK-2026-01854,2026-03-11,2026-03,Makassar,Voice,Internet Down,Medium,Resolved,75,517,INC-2026-00666,Residential,false,4.6
TCK-2026-02551,2026-03-11,2026-03,Makassar,Voice,Installation Delay,High,In Progress,37,,INC-2026-00666,Residential,false,
TCK-2026-02702,2026-03-11,2026-03,Semarang,Fiber Internet,Enterprise SLA Complaint,Medium,Waiting Customer,69,,INC-2026-00730,SMB,false,
TCK-2026-02959,2026-03-11,2026-03,Palembang,Voice,Slow Connection,Low,In Progress,121,,INC-2026-01379,Enterprise,false,
TCK-2026-03753,2026-03-11,2026-03,Denpasar,Fiber Internet,Router ONT Issue,High,Open,2,,,Residential,true,
TCK-2026-04203,2026-03-11,2026-03,Balikpapan,Fiber Internet,Intermittent Connection,Medium,Resolved,55,570,INC-2026-01762,Residential,false,4.9
TCK-2026-05369,2026-03-11,2026-03,Makassar,Voice,Enterprise SLA Complaint,Medium,In Progress,91,,INC-2026-00666,Residential,false,
TCK-2026-00029,2026-03-12,2026-03,Semarang,Cloud Connectivity,Internet Down,Medium,Resolved,62,466,INC-2026-01143,Residential,false,4.6
TCK-2026-00244,2026-03-12,2026-03,Semarang,Fiber Internet,Billing Related,Low,Resolved,138,769,,SMB,false,3.8
TCK-2026-00257,2026-03-12,2026-03,Yogyakarta,Mobile Broadband,Intermittent Connection,High,Open,4,,INC-2026-00696,Public Sector,false,
TCK-2026-00343,2026-03-12,2026-03,Yogyakarta,Enterprise VPN,Router ONT Issue,Low,In Progress,163,,INC-2026-01631,Enterprise,false,
TCK-2026-01759,2026-03-12,2026-03,Yogyakarta,Mobile Broadband,Internet Down,Medium,Resolved,64,485,INC-2026-00696,Residential,false,4.3
TCK-2026-02119,2026-03-12,2026-03,Surabaya,Mobile Broadband,Router ONT Issue,High,Open,20,,,Residential,true,
TCK-2026-02166,2026-03-12,2026-03,Yogyakarta,Voice,Enterprise SLA Complaint,Medium,Resolved,77,455,,Enterprise,true,5
TCK-2026-03074,2026-03-12,2026-03,Semarang,Cloud Connectivity,Billing Related,Medium,In Progress,92,,INC-2026-01143,Residential,false,
TCK-2026-03088,2026-03-12,2026-03,Yogyakarta,Mobile Broadband,Internet Down,Medium,Resolved,106,479,INC-2026-00696,Enterprise,false,4.2
TCK-2026-03617,2026-03-12,2026-03,Surabaya,Enterprise VPN,Billing Related,Medium,Waiting Customer,60,,,Residential,false,
TCK-2026-03976,2026-03-12,2026-03,Surabaya,Fiber Internet,Internet Down,Medium,In Progress,77,,,SMB,false,
TCK-2026-04065,2026-03-12,2026-03,Bandung,IPTV,Enterprise SLA Complaint,Medium,Resolved,63,438,,Enterprise,false,3.8
TCK-2026-05091,2026-03-12,2026-03,Medan,Enterprise VPN,Internet Down,Low,Open,116,,,SMB,false,
TCK-2026-05331,2026-03-12,2026-03,Yogyakarta,Mobile Broadband,Internet Down,High,Waiting Customer,14,,INC-2026-00696,SMB,false,
TCK-2026-00211,2026-03-13,2026-03,Semarang,Mobile Broadband,Router ONT Issue,Medium,In Progress,80,,INC-2026-00107,Residential,false,
TCK-2026-01296,2026-03-13,2026-03,Yogyakarta,Voice,Slow Connection,High,Waiting Customer,29,,INC-2026-01396,Enterprise,false,
TCK-2026-01824,2026-03-13,2026-03,Jakarta,Mobile Broadband,Billing Related,Medium,In Progress,86,,,Residential,false,
TCK-2026-01969,2026-03-13,2026-03,Semarang,Mobile Broadband,Internet Down,High,Closed,36,382,INC-2026-00107,Residential,false,3.4
TCK-2026-02106,2026-03-13,2026-03,Semarang,Mobile Broadband,Slow Connection,High,Closed,8,288,INC-2026-00107,Residential,false,3.4
TCK-2026-02489,2026-03-13,2026-03,Bandung,Fiber Internet,Router ONT Issue,High,In Progress,11,,INC-2026-01914,Residential,false,
TCK-2026-02656,2026-03-13,2026-03,Semarang,Mobile Broadband,Enterprise SLA Complaint,High,Open,30,,INC-2026-00107,Enterprise,false,
TCK-2026-03208,2026-03-13,2026-03,Jakarta,IPTV,Billing Related,Low,Open,98,,,SMB,false,
TCK-2026-03750,2026-03-13,2026-03,Medan,Voice,Slow Connection,Low,Waiting Customer,141,,,Enterprise,true,
TCK-2026-04049,2026-03-13,2026-03,Yogyakarta,Cloud Connectivity,Installation Delay,Medium,In Progress,53,,INC-2026-00438,Residential,false,
TCK-2026-04063,2026-03-13,2026-03,Palembang,Cloud Connectivity,Enterprise SLA Complaint,High,Resolved,33,199,,SMB,false,3.4
TCK-2026-04086,2026-03-13,2026-03,Makassar,IPTV,Billing Related,Low,Closed,97,816,INC-2026-00363,Residential,false,4.0
TCK-2026-04764,2026-03-13,2026-03,Surabaya,IPTV,Internet Down,Low,In Progress,102,,INC-2026-01883,SMB,false,
TCK-2026-04814,2026-03-13,2026-03,Palembang,Enterprise VPN,Router ONT Issue,High,In Progress,60,,INC-2026-00045,SMB,false,
TCK-2026-04827,2026-03-13,2026-03,Yogyakarta,Voice,Slow Connection,Medium,Resolved,72,636,INC-2026-01396,SMB,false,3.7
TCK-2026-05200,2026-03-13,2026-03,Medan,IPTV,Internet Down,Low,Resolved,142,947,,Residential,false,4.5
TCK-2026-00379,2026-03-14,2026-03,Denpasar,Mobile Broadband,Router ONT Issue,Medium,Closed,64,375,INC-2026-01053,Residential,false,4.3
TCK-2026-00697,2026-03-14,2026-03,Denpasar,Mobile Broadband,Router ONT Issue,Critical,Open,11,,,Enterprise,false,
TCK-2026-00854,2026-03-14,2026-03,Denpasar,Fiber Internet,Billing Related,Low,Closed,151,944,INC-2026-02090,Public Sector,false,2.7
TCK-2026-00884,2026-03-14,2026-03,Medan,IPTV,Internet Down,Low,Waiting Customer,117,,INC-2026-01009,Residential,false,
TCK-2026-01187,2026-03-14,2026-03,Semarang,Enterprise VPN,Intermittent Connection,Medium,Resolved,71,653,INC-2026-01094,Enterprise,true,3.8
TCK-2026-01228,2026-03-14,2026-03,Medan,Mobile Broadband,Installation Delay,Low,Closed,117,801,INC-2026-00351,Residential,false,3.7
TCK-2026-01646,2026-03-14,2026-03,Surabaya,Cloud Connectivity,Installation Delay,Medium,Resolved,91,496,,Enterprise,false,4.3
TCK-2026-01715,2026-03-14,2026-03,Denpasar,Fiber Internet,Router ONT Issue,High,In Progress,2,,,SMB,true,
TCK-2026-02299,2026-03-14,2026-03,Makassar,Enterprise VPN,Slow Connection,Critical,Open,24,,,Residential,false,
TCK-2026-02426,2026-03-14,2026-03,Medan,Fiber Internet,Slow Connection,Low,In Progress,128,,,Residential,false,
TCK-2026-02956,2026-03-14,2026-03,Palembang,Mobile Broadband,Internet Down,Low,Resolved,118,980,,Residential,false,4.9
TCK-2026-03165,2026-03-14,2026-03,Palembang,IPTV,Installation Delay,Medium,Resolved,89,528,,Residential,false,3.2
TCK-2026-03613,2026-03-14,2026-03,Bandung,Cloud Connectivity,Intermittent Connection,Medium,Resolved,18,509,,Residential,false,4.5
TCK-2026-03825,2026-03-14,2026-03,Denpasar,Mobile Broadband,Installation Delay,Medium,Waiting Customer,89,,INC-2026-01053,SMB,false,
TCK-2026-03835,2026-03-14,2026-03,Yogyakarta,Mobile Broadband,Internet Down,Low,Closed,117,922,,Enterprise,false,4.9
TCK-2026-04353,2026-03-14,2026-03,Palembang,Cloud Connectivity,Slow Connection,High,Resolved,57,224,,Residential,false,2.5
TCK-2026-04774,2026-03-14,2026-03,Jakarta,Enterprise VPN,Billing Related,Medium,Resolved,67,518,,Residential,false,4.0
TCK-2026-05332,2026-03-14,2026-03,Jakarta,Mobile Broadband,Billing Related,Low,Closed,144,809,,Residential,false,4.1
TCK-2026-05340,2026-03-14,2026-03,Balikpapan,Fiber Internet,Internet Down,Medium,Waiting Customer,81,,INC-2026-00723,SMB,false,
TCK-2026-05382,2026-03-14,2026-03,Denpasar,Fiber Internet,Enterprise SLA Complaint,Critical,Resolved,2,170,INC-2026-02090,Residential,false,3.2
TCK-2026-00051,2026-03-15,2026-03,Semarang,Mobile Broadband,Router ONT Issue,Medium,Closed,77,500,INC-2026-00558,Public Sector,false,4.2
TCK-2026-00077,2026-03-15,2026-03,Palembang,Mobile Broadband,Intermittent Connection,Medium,Open,30,,INC-2026-00166,SMB,false,
TCK-2026-00167,2026-03-15,2026-03,Balikpapan,Voice,Installation Delay,Medium,Closed,85,413,,SMB,false,4.1
TCK-2026-00345,2026-03-15,2026-03,Bandung,Voice,Slow Connection,High,Closed,46,316,INC-2026-00859,Residential,false,2.9
TCK-2026-00674,2026-03-15,2026-03,Surabaya,Cloud Connectivity,Billing Related,Low,Closed,136,910,,Enterprise,false,3.3
TCK-2026-00681,2026-03-15,2026-03,Denpasar,Fiber Internet,Installation Delay,Medium,Resolved,93,469,INC-2026-01266,Residential,false,4.2
TCK-2026-01249,2026-03-15,2026-03,Semarang,Mobile Broadband,Slow Connection,Low,Closed,110,845,INC-2026-00558,Enterprise,false,4.0
TCK-2026-01684,2026-03-15,2026-03,Denpasar,IPTV,Internet Down,High,Closed,31,301,,Residential,false,3.1
TCK-2026-02033,2026-03-15,2026-03,Semarang,Mobile Broadband,Installation Delay,Medium,Open,86,,INC-2026-00408,Residential,false,
TCK-2026-02304,2026-03-15,2026-03,Balikpapan,Mobile Broadband,Slow Connection,Low,Closed,102,977,,Residential,false,3.5
TCK-2026-02712,2026-03-15,2026-03,Denpasar,Voice,Intermittent Connection,Low,Closed,107,903,INC-2026-00028,Residential,true,4.5
TCK-2026-02903,2026-03-15,2026-03,Surabaya,Cloud Connectivity,Internet Down,Low,Open,163,,,Enterprise,false,
TCK-2026-02976,2026-03-15,2026-03,Yogyakarta,Voice,Internet Down,Medium,Closed,94,462,,Residential,false,4.1
TCK-2026-02990,2026-03-15,2026-03,Balikpapan,Fiber Internet,Billing Related,Low,In Progress,111,,,Residential,false,
TCK-2026-03389,2026-03-15,2026-03,Jakarta,Enterprise VPN,Router ONT Issue,High,Resolved,23,225,,Residential,false,3.4
TCK-2026-03973,2026-03-15,2026-03,Yogyakarta,Enterprise VPN,Router ONT Issue,Medium,Resolved,72,616,,Residential,false,4.6
TCK-2026-04305,2026-03-15,2026-03,Surabaya,Voice,Installation Delay,Critical,Closed,8,91,,Enterprise,false,3.1
TCK-2026-04475,2026-03-15,2026-03,Palembang,Fiber Internet,Enterprise SLA Complaint,Low,Open,127,,INC-2026-01376,SMB,false,
TCK-2026-04783,2026-03-15,2026-03,Palembang,Enterprise VPN,Slow Connection,Low,Closed,138,869,,Residential,false,4.4
TCK-2026-04900,2026-03-15,2026-03,Surabaya,Mobile Broadband,Intermittent Connection,Low,Closed,102,912,,Residential,false,3.7
TCK-2026-04932,2026-03-15,2026-03,Makassar,Voice,Router ONT Issue,Medium,Waiting Customer,81,,,SMB,false,
TCK-2026-05032,2026-03-15,2026-03,Yogyakarta,IPTV,Slow Connection,Low,Closed,117,820,,SMB,false,3.9
TCK-2026-05372,2026-03-15,2026-03,Semarang,Mobile Broadband,Intermittent Connection,High,In Progress,40,,INC-2026-00408,Residential,false,
TCK-2026-05389,2026-03-15,2026-03,Medan,Enterprise VPN,Installation Delay,Low,Open,99,,,Residential,false,
TCK-2026-00079,2026-03-16,2026-03,Jakarta,IPTV,Slow Connection,Medium,Resolved,84,503,INC-2026-00214,Enterprise,true,5
TCK-2026-00146,2026-03-16,2026-03,Bandung,Voice,Installation Delay,High,Resolved,12,198,,SMB,false,3.9
TCK-2026-00844,2026-03-16,2026-03,Jakarta,Cloud Connectivity,Internet Down,High,Open,35,,,Residential,false,
TCK-2026-01807,2026-03-16,2026-03,Denpasar,Mobile Broadband,Router ONT Issue,Low,In Progress,111,,INC-2026-01101,Residential,false,
TCK-2026-01844,2026-03-16,2026-03,Palembang,Enterprise VPN,Router ONT Issue,Medium,Waiting Customer,76,,,Residential,false,
TCK-2026-01981,2026-03-16,2026-03,Palembang,IPTV,Enterprise SLA Complaint,Low,Waiting Customer,95,,,SMB,false,
TCK-2026-02230,2026-03-16,2026-03,Jakarta,Cloud Connectivity,Installation Delay,Low,Closed,127,950,,Residential,false,5
TCK-2026-02689,2026-03-16,2026-03,Yogyakarta,Cloud Connectivity,Slow Connection,Low,Closed,137,846,,Residential,false,4.5
TCK-2026-02822,2026-03-16,2026-03,Balikpapan,IPTV,Router ONT Issue,Medium,Closed,102,522,,Residential,false,4.1
TCK-2026-03494,2026-03-16,2026-03,Denpasar,Fiber Internet,Installation Delay,Low,Resolved,81,959,,Residential,true,5
TCK-2026-03662,2026-03-16,2026-03,Denpasar,Mobile Broadband,Billing Related,High,In Progress,21,,INC-2026-01101,Residential,false,
TCK-2026-04357,2026-03-16,2026-03,Semarang,Voice,Router ONT Issue,Low,Resolved,114,804,,SMB,true,4.1
TCK-2026-04995,2026-03-16,2026-03,Palembang,Fiber Internet,Slow Connection,High,Closed,40,265,,Residential,false,3.2
TCK-2026-00006,2026-03-17,2026-03,Jakarta,Fiber Internet,Router ONT Issue,Medium,Open,94,,,Enterprise,false,
TCK-2026-00156,2026-03-17,2026-03,Yogyakarta,Voice,Installation Delay,Low,Resolved,108,976,,Residential,false,3.8
TCK-2026-00173,2026-03-17,2026-03,Palembang,Cloud Connectivity,Router ONT Issue,Medium,In Progress,85,,,Residential,false,
TCK-2026-00218,2026-03-17,2026-03,Surabaya,Mobile Broadband,Enterprise SLA Complaint,Medium,Resolved,96,495,,Residential,false,3.9
TCK-2026-00286,2026-03-17,2026-03,Surabaya,Voice,Billing Related,Medium,In Progress,67,,,Residential,false,
TCK-2026-00412,2026-03-17,2026-03,Yogyakarta,Voice,Internet Down,Low,Resolved,129,834,,Residential,false,3.6
TCK-2026-00433,2026-03-17,2026-03,Makassar,IPTV,Intermittent Connection,High,Closed,40,324,,SMB,false,4.3
TCK-2026-01173,2026-03-17,2026-03,Denpasar,Fiber Internet,Router ONT Issue,Medium,Resolved,60,565,INC-2026-00022,Residential,false,3.2
TCK-2026-01907,2026-03-17,2026-03,Jakarta,Fiber Internet,Enterprise SLA Complaint,Low,Open,119,,,Residential,false,
TCK-2026-02732,2026-03-17,2026-03,Palembang,IPTV,Enterprise SLA Complaint,Medium,Resolved,109,488,INC-2026-01261,Residential,false,3.4
TCK-2026-02925,2026-03-17,2026-03,Jakarta,Voice,Enterprise SLA Complaint,Medium,Closed,81,398,,Residential,false,3.0
TCK-2026-03042,2026-03-17,2026-03,Surabaya,Mobile Broadband,Router ONT Issue,Critical,Resolved,9,9,,SMB,true,3.4
TCK-2026-03090,2026-03-17,2026-03,Semarang,Enterprise VPN,Router ONT Issue,Medium,In Progress,35,,,Enterprise,true,
TCK-2026-04050,2026-03-17,2026-03,Yogyakarta,Fiber Internet,Router ONT Issue,Medium,Resolved,26,390,INC-2026-01654,Residential,false,4.1
TCK-2026-04358,2026-03-17,2026-03,Palembang,Enterprise VPN,Intermittent Connection,Low,In Progress,141,,,Residential,false,
TCK-2026-04574,2026-03-17,2026-03,Bandung,IPTV,Billing Related,Low,In Progress,117,,,Residential,false,
TCK-2026-04640,2026-03-17,2026-03,Balikpapan,Voice,Installation Delay,High,In Progress,49,,,Enterprise,false,
TCK-2026-04811,2026-03-17,2026-03,Yogyakarta,Fiber Internet,Intermittent Connection,Low,Closed,119,816,INC-2026-01654,Residential,false,1.8
TCK-2026-00067,2026-03-18,2026-03,Makassar,Mobile Broadband,Internet Down,Medium,Resolved,108,539,,SMB,false,3.6
TCK-2026-00264,2026-03-18,2026-03,Makassar,Cloud Connectivity,Installation Delay,Low,In Progress,123,,INC-2026-02053,SMB,false,
TCK-2026-00660,2026-03-18,2026-03,Jakarta,Cloud Connectivity,Billing Related,Medium,Resolved,108,492,,Enterprise,false,3.1
TCK-2026-01735,2026-03-18,2026-03,Palembang,Cloud Connectivity,Router ONT Issue,High,Waiting Customer,15,,,Enterprise,true,
TCK-2026-02014,2026-03-18,2026-03,Jakarta,Fiber Internet,Enterprise SLA Complaint,Medium,Open,98,,INC-2026-01893,Enterprise,false,
TCK-2026-02216,2026-03-18,2026-03,Denpasar,Enterprise VPN,Slow Connection,Medium,Closed,86,508,,SMB,false,4.5
TCK-2026-02359,2026-03-18,2026-03,Yogyakarta,IPTV,Billing Related,Medium,Resolved,105,504,,Residential,true,4.3
TCK-2026-02781,2026-03-18,2026-03,Palembang,Fiber Internet,Billing Related,Medium,Resolved,90,504,,Residential,false,3.6
TCK-2026-03217,2026-03-18,2026-03,Semarang,Voice,Billing Related,High,Resolved,49,175,,SMB,false,4.9
TCK-2026-04249,2026-03-18,2026-03,Yogyakarta,Voice,Installation Delay,Low,Open,94,,,Residential,false,
TCK-2026-04363,2026-03-18,2026-03,Surabaya,Enterprise VPN,Slow Connection,Critical,Resolved,2,137,,SMB,false,2.9
TCK-2026-04568,2026-03-18,2026-03,Makassar,Mobile Broadband,Installation Delay,High,In Progress,36,,,Residential,false,
TCK-2026-05243,2026-03-18,2026-03,Bandung,Enterprise VPN,Installation Delay,High,Resolved,34,205,,Residential,false,4.6
TCK-2026-00195,2026-03-19,2026-03,Yogyakarta,IPTV,Installation Delay,Low,Resolved,117,882,,Residential,false,4.6
TCK-2026-00935,2026-03-19,2026-03,Surabaya,Cloud Connectivity,Billing Related,Medium,Open,92,,,Residential,false,
TCK-2026-01083,2026-03-19,2026-03,Denpasar,Fiber Internet,Router ONT Issue,Critical,Open,33,,,Enterprise,true,
TCK-2026-01122,2026-03-19,2026-03,Jakarta,IPTV,Router ONT Issue,High,Closed,29,167,,Residential,false,3.1
TCK-2026-01603,2026-03-19,2026-03,Balikpapan,IPTV,Installation Delay,Low,Closed,117,1027,,Public Sector,false,4.5
TCK-2026-01699,2026-03-19,2026-03,Balikpapan,Enterprise VPN,Router ONT Issue,Medium,Resolved,49,425,,SMB,false,3.3
TCK-2026-01708,2026-03-19,2026-03,Yogyakarta,Mobile Broadband,Installation Delay,Low,Resolved,117,839,,Residential,false,3.2
TCK-2026-02742,2026-03-19,2026-03,Medan,Cloud Connectivity,Installation Delay,Medium,In Progress,93,,INC-2026-01711,Residential,true,
TCK-2026-02963,2026-03-19,2026-03,Balikpapan,Fiber Internet,Internet Down,High,Closed,49,217,,Residential,true,3.4
TCK-2026-03187,2026-03-19,2026-03,Medan,Cloud Connectivity,Internet Down,Low,Closed,141,1019,INC-2026-01711,SMB,true,3.7
TCK-2026-04621,2026-03-19,2026-03,Balikpapan,IPTV,Slow Connection,High,Closed,50,112,,Residential,false,2.8
TCK-2026-05212,2026-03-19,2026-03,Medan,Cloud Connectivity,Installation Delay,Low,Waiting Customer,63,,INC-2026-01711,SMB,false,
TCK-2026-00265,2026-03-20,2026-03,Makassar,IPTV,Internet Down,High,Resolved,45,341,INC-2026-00416,Residential,false,4.8
TCK-2026-00324,2026-03-20,2026-03,Bandung,Enterprise VPN,Billing Related,Low,Open,128,,,Residential,false,
TCK-2026-00537,2026-03-20,2026-03,Medan,Mobile Broadband,Billing Related,High,Resolved,86,423,,SMB,false,3.1
TCK-2026-01086,2026-03-20,2026-03,Bandung,IPTV,Intermittent Connection,Medium,Closed,48,414,,Residential,false,3.9
TCK-2026-01129,2026-03-20,2026-03,Denpasar,Cloud Connectivity,Enterprise SLA Complaint,Low,In Progress,144,,INC-2026-01614,Residential,false,
TCK-2026-01239,2026-03-20,2026-03,Balikpapan,IPTV,Installation Delay,High,In Progress,60,,,Residential,false,
TCK-2026-01502,2026-03-20,2026-03,Bandung,Enterprise VPN,Slow Connection,Medium,Resolved,82,449,INC-2026-01725,Residential,false,3.5
TCK-2026-02099,2026-03-20,2026-03,Medan,Enterprise VPN,Billing Related,Medium,In Progress,79,,,Residential,false,
TCK-2026-02143,2026-03-20,2026-03,Balikpapan,Enterprise VPN,Installation Delay,High,Resolved,45,240,,Residential,false,2.9
TCK-2026-02320,2026-03-20,2026-03,Bandung,IPTV,Billing Related,High,Resolved,57,238,,Enterprise,false,3.6
TCK-2026-02475,2026-03-20,2026-03,Semarang,IPTV,Internet Down,Low,In Progress,115,,INC-2026-00790,SMB,true,
TCK-2026-02704,2026-03-20,2026-03,Semarang,Cloud Connectivity,Billing Related,Medium,Closed,98,655,INC-2026-01708,Residential,false,4.1
TCK-2026-02736,2026-03-20,2026-03,Semarang,Cloud Connectivity,Installation Delay,Medium,Closed,97,626,INC-2026-01708,Residential,true,4.2
TCK-2026-03028,2026-03-20,2026-03,Semarang,IPTV,Slow Connection,Medium,Resolved,77,537,INC-2026-00790,Residential,false,4.0
TCK-2026-03286,2026-03-20,2026-03,Yogyakarta,IPTV,Billing Related,High,Resolved,51,241,,SMB,false,3.2
TCK-2026-03436,2026-03-20,2026-03,Semarang,IPTV,Internet Down,Medium,Resolved,101,373,INC-2026-00790,Residential,false,4.3
TCK-2026-03495,2026-03-20,2026-03,Balikpapan,Cloud Connectivity,Intermittent Connection,Critical,Resolved,2,45,,SMB,true,4.6
TCK-2026-03705,2026-03-20,2026-03,Surabaya,Voice,Internet Down,Low,Closed,123,936,INC-2026-01309,Residential,false,5
TCK-2026-03792,2026-03-20,2026-03,Palembang,IPTV,Router ONT Issue,Medium,Resolved,46,505,INC-2026-02040,Residential,false,3.5
TCK-2026-04370,2026-03-20,2026-03,Denpasar,Cloud Connectivity,Slow Connection,Low,Closed,112,822,INC-2026-01614,SMB,true,4.5
TCK-2026-04585,2026-03-20,2026-03,Balikpapan,Mobile Broadband,Billing Related,Medium,Closed,45,633,,Residential,false,3.6
TCK-2026-04632,2026-03-20,2026-03,Denpasar,Cloud Connectivity,Slow Connection,Low,In Progress,102,,INC-2026-01614,SMB,false,
TCK-2026-04894,2026-03-20,2026-03,Palembang,IPTV,Billing Related,Medium,Closed,67,441,,Residential,false,4.3
TCK-2026-05329,2026-03-20,2026-03,Bandung,Enterprise VPN,Billing Related,High,Closed,23,289,,Residential,true,4.6
TCK-2026-00570,2026-03-21,2026-03,Semarang,IPTV,Enterprise SLA Complaint,High,Closed,54,216,,Enterprise,false,2.0
TCK-2026-00923,2026-03-21,2026-03,Denpasar,Voice,Slow Connection,Medium,Closed,77,476,,Residential,false,3.9
TCK-2026-01560,2026-03-21,2026-03,Balikpapan,Mobile Broadband,Billing Related,Low,Resolved,155,993,,Residential,false,4.0
TCK-2026-01563,2026-03-21,2026-03,Denpasar,IPTV,Intermittent Connection,Low,In Progress,122,,,Residential,false,
TCK-2026-01830,2026-03-21,2026-03,Semarang,Enterprise VPN,Internet Down,Low,Open,84,,INC-2026-01307,Enterprise,false,
TCK-2026-02361,2026-03-21,2026-03,Balikpapan,Fiber Internet,Billing Related,Low,Closed,99,847,,Enterprise,false,3.9
TCK-2026-02492,2026-03-21,2026-03,Denpasar,IPTV,Internet Down,Low,Open,136,,,Residential,false,
TCK-2026-02890,2026-03-21,2026-03,Semarang,Enterprise VPN,Enterprise SLA Complaint,Low,Closed,140,859,,Residential,false,4.6
TCK-2026-04438,2026-03-21,2026-03,Balikpapan,Enterprise VPN,Router ONT Issue,Low,In Progress,114,,,Residential,false,
TCK-2026-04847,2026-03-21,2026-03,Medan,Fiber Internet,Router ONT Issue,Medium,Closed,86,617,INC-2026-01455,SMB,false,3.8
TCK-2026-04926,2026-03-21,2026-03,Bandung,Enterprise VPN,Slow Connection,Low,Closed,105,948,,SMB,true,1.8
TCK-2026-00103,2026-03-22,2026-03,Medan,IPTV,Enterprise SLA Complaint,Low,Waiting Customer,121,,INC-2026-01847,SMB,true,
TCK-2026-00108,2026-03-22,2026-03,Palembang,Voice,Intermittent Connection,Low,Closed,88,843,,Enterprise,false,3.9
TCK-2026-00269,2026-03-22,2026-03,Balikpapan,Enterprise VPN,Installation Delay,Medium,Closed,89,395,,Residential,false,4.4
TCK-2026-00779,2026-03-22,2026-03,Bandung,Mobile Broadband,Billing Related,Medium,Closed,80,481,,SMB,false,4.2
TCK-2026-00853,2026-03-22,2026-03,Palembang,Fiber Internet,Enterprise SLA Complaint,Low,Open,96,,,Residential,false,
TCK-2026-01188,2026-03-22,2026-03,Yogyakarta,Cloud Connectivity,Installation Delay,Medium,Open,57,,,SMB,false,
TCK-2026-01220,2026-03-22,2026-03,Denpasar,Voice,Installation Delay,High,Open,74,,INC-2026-02174,Enterprise,false,
TCK-2026-01321,2026-03-22,2026-03,Balikpapan,Cloud Connectivity,Intermittent Connection,Medium,Closed,94,700,INC-2026-01315,Enterprise,false,4.0
TCK-2026-01529,2026-03-22,2026-03,Bandung,Voice,Internet Down,Low,Resolved,123,1067,,Residential,false,4.9
TCK-2026-01602,2026-03-22,2026-03,Palembang,Enterprise VPN,Internet Down,Low,Resolved,91,848,,Residential,false,2.6
TCK-2026-01669,2026-03-22,2026-03,Bandung,Voice,Installation Delay,High,Closed,44,243,,Residential,false,2.5
TCK-2026-01776,2026-03-22,2026-03,Denpasar,Cloud Connectivity,Billing Related,Medium,Closed,110,496,,Residential,false,4.5
TCK-2026-02013,2026-03-22,2026-03,Bandung,Enterprise VPN,Enterprise SLA Complaint,Medium,Waiting Customer,70,,,Residential,false,
TCK-2026-02145,2026-03-22,2026-03,Balikpapan,Cloud Connectivity,Internet Down,Medium,Resolved,61,436,INC-2026-01315,SMB,false,4.1
TCK-2026-02256,2026-03-22,2026-03,Balikpapan,Cloud Connectivity,Slow Connection,Medium,Resolved,103,505,INC-2026-01315,Residential,false,5
TCK-2026-02355,2026-03-22,2026-03,Balikpapan,Cloud Connectivity,Router ONT Issue,Medium,Resolved,94,444,INC-2026-01315,Residential,false,3.8
TCK-2026-02654,2026-03-22,2026-03,Medan,IPTV,Billing Related,High,In Progress,20,,INC-2026-01847,Residential,false,
TCK-2026-02926,2026-03-22,2026-03,Balikpapan,IPTV,Enterprise SLA Complaint,Low,Waiting Customer,119,,INC-2026-01195,Residential,false,
TCK-2026-02985,2026-03-22,2026-03,Surabaya,Fiber Internet,Router ONT Issue,Low,Resolved,116,933,,Enterprise,false,3.3
TCK-2026-03170,2026-03-22,2026-03,Medan,IPTV,Slow Connection,Critical,In Progress,2,,INC-2026-01847,Residential,false,
TCK-2026-03299,2026-03-22,2026-03,Balikpapan,Voice,Slow Connection,Low,Resolved,142,959,INC-2026-01874,Residential,false,3.8
TCK-2026-03833,2026-03-22,2026-03,Jakarta,Mobile Broadband,Intermittent Connection,High,Resolved,30,172,,Residential,false,2.6
TCK-2026-04643,2026-03-22,2026-03,Makassar,Fiber Internet,Enterprise SLA Complaint,Medium,Open,76,,INC-2026-02163,Residential,false,
TCK-2026-05059,2026-03-22,2026-03,Bandung,Enterprise VPN,Intermittent Connection,Low,Closed,141,862,,Residential,false,4.7
TCK-2026-05119,2026-03-22,2026-03,Denpasar,Voice,Internet Down,Low,Resolved,106,804,INC-2026-02174,Enterprise,false,3.8
TCK-2026-05195,2026-03-22,2026-03,Balikpapan,Cloud Connectivity,Slow Connection,Low,Resolved,139,875,INC-2026-01315,Residential,false,3.1
TCK-2026-05310,2026-03-22,2026-03,Bandung,Cloud Connectivity,Slow Connection,Medium,Closed,70,399,,SMB,false,4.8
TCK-2026-00303,2026-03-23,2026-03,Denpasar,IPTV,Installation Delay,Medium,Resolved,55,491,,Residential,false,4.7
TCK-2026-00719,2026-03-23,2026-03,Surabaya,Voice,Internet Down,Low,Resolved,76,777,INC-2026-00887,SMB,false,4.8
TCK-2026-00970,2026-03-23,2026-03,Jakarta,Enterprise VPN,Billing Related,Medium,Resolved,73,593,INC-2026-00847,SMB,false,4.5
TCK-2026-01457,2026-03-23,2026-03,Palembang,IPTV,Intermittent Connection,Medium,Resolved,77,499,INC-2026-00377,Residential,false,4.3
TCK-2026-01992,2026-03-23,2026-03,Medan,Fiber Internet,Slow Connection,Low,Closed,129,969,,Residential,false,4.7
TCK-2026-01999,2026-03-23,2026-03,Medan,Enterprise VPN,Intermittent Connection,Medium,Resolved,68,494,INC-2026-00057,Residential,true,3.6
TCK-2026-03257,2026-03-23,2026-03,Yogyakarta,Enterprise VPN,Billing Related,Medium,Resolved,84,523,,Enterprise,false,4.2
TCK-2026-04069,2026-03-23,2026-03,Balikpapan,Cloud Connectivity,Intermittent Connection,Medium,Closed,117,448,INC-2026-02168,Public Sector,false,3.3
TCK-2026-04081,2026-03-23,2026-03,Surabaya,Enterprise VPN,Billing Related,High,Open,32,,,Residential,false,
TCK-2026-04129,2026-03-23,2026-03,Makassar,Enterprise VPN,Billing Related,Low,Closed,142,830,,Residential,false,3.5
TCK-2026-04301,2026-03-23,2026-03,Makassar,Mobile Broadband,Slow Connection,Low,Resolved,104,924,INC-2026-00794,SMB,false,4.4
TCK-2026-04316,2026-03-23,2026-03,Palembang,Mobile Broadband,Router ONT Issue,Medium,In Progress,80,,,Residential,false,
TCK-2026-04726,2026-03-23,2026-03,Surabaya,Cloud Connectivity,Slow Connection,Low,Closed,95,918,,Enterprise,false,4.2
TCK-2026-04960,2026-03-23,2026-03,Medan,Enterprise VPN,Enterprise SLA Complaint,Low,Resolved,139,898,INC-2026-00057,Residential,false,4.0
TCK-2026-05247,2026-03-23,2026-03,Semarang,Fiber Internet,Enterprise SLA Complaint,High,Closed,35,214,,Residential,true,3.4
TCK-2026-00190,2026-03-24,2026-03,Bandung,Enterprise VPN,Intermittent Connection,Low,Resolved,130,791,INC-2026-01229,SMB,false,5
TCK-2026-00263,2026-03-24,2026-03,Semarang,Enterprise VPN,Enterprise SLA Complaint,Medium,Resolved,73,490,INC-2026-00599,SMB,false,3.2
TCK-2026-00695,2026-03-24,2026-03,Semarang,Fiber Internet,Billing Related,Low,Closed,132,782,,Residential,false,4.5
TCK-2026-00856,2026-03-24,2026-03,Jakarta,Cloud Connectivity,Router ONT Issue,Low,Waiting Customer,133,,INC-2026-00774,Residential,false,
TCK-2026-01087,2026-03-24,2026-03,Yogyakarta,Cloud Connectivity,Internet Down,Medium,In Progress,68,,,SMB,false,
TCK-2026-01144,2026-03-24,2026-03,Semarang,Enterprise VPN,Billing Related,High,Resolved,28,299,INC-2026-00599,Enterprise,true,4.8
TCK-2026-01573,2026-03-24,2026-03,Palembang,Mobile Broadband,Billing Related,Medium,Closed,72,551,,Residential,false,4.0
TCK-2026-02051,2026-03-24,2026-03,Yogyakarta,Voice,Internet Down,Low,Closed,129,869,,Enterprise,false,4.5
TCK-2026-02829,2026-03-24,2026-03,Bandung,Enterprise VPN,Internet Down,High,In Progress,38,,INC-2026-01229,SMB,true,
TCK-2026-04262,2026-03-24,2026-03,Palembang,IPTV,Installation Delay,Low,Resolved,112,880,,Residential,false,4.4
TCK-2026-04869,2026-03-24,2026-03,Jakarta,IPTV,Installation Delay,Low,Resolved,139,883,,Enterprise,false,3.8
TCK-2026-05244,2026-03-24,2026-03,Medan,Voice,Installation Delay,Medium,Resolved,72,517,INC-2026-01752,Residential,false,4.7
TCK-2026-05287,2026-03-24,2026-03,Balikpapan,Fiber Internet,Billing Related,Medium,Resolved,72,444,,Residential,false,2.8
TCK-2026-00012,2026-03-25,2026-03,Bandung,Cloud Connectivity,Installation Delay,Medium,Resolved,89,473,INC-2026-02080,Residential,false,5
TCK-2026-00081,2026-03-25,2026-03,Semarang,Fiber Internet,Billing Related,Low,Resolved,128,1010,INC-2026-02105,SMB,false,4.6
TCK-2026-00608,2026-03-25,2026-03,Makassar,IPTV,Installation Delay,Low,Closed,116,939,INC-2026-02107,SMB,false,4.1
TCK-2026-00639,2026-03-25,2026-03,Semarang,Fiber Internet,Router ONT Issue,Critical,Open,20,,,SMB,false,
TCK-2026-00751,2026-03-25,2026-03,Denpasar,Cloud Connectivity,Internet Down,High,Resolved,15,255,,SMB,false,2.9
TCK-2026-01171,2026-03-25,2026-03,Makassar,IPTV,Internet Down,High,Open,44,,INC-2026-02107,SMB,true,
TCK-2026-01384,2026-03-25,2026-03,Denpasar,Voice,Billing Related,Medium,Resolved,81,568,,Residential,false,4.0
TCK-2026-01435,2026-03-25,2026-03,Medan,Voice,Internet Down,Low,Closed,69,1088,INC-2026-02191,Residential,false,4.8
TCK-2026-01705,2026-03-25,2026-03,Yogyakarta,Enterprise VPN,Enterprise SLA Complaint,Medium,Closed,80,352,INC-2026-00582,SMB,false,3.7
TCK-2026-01744,2026-03-25,2026-03,Denpasar,Mobile Broadband,Enterprise SLA Complaint,High,In Progress,37,,,Residential,false,
TCK-2026-01899,2026-03-25,2026-03,Yogyakarta,IPTV,Internet Down,Medium,In Progress,53,,INC-2026-01296,Residential,false,
TCK-2026-02138,2026-03-25,2026-03,Surabaya,Enterprise VPN,Installation Delay,High,Closed,53,106,,Enterprise,false,3.3
TCK-2026-02259,2026-03-25,2026-03,Surabaya,Cloud Connectivity,Enterprise SLA Complaint,Low,Resolved,108,919,,SMB,false,3.5
TCK-2026-02679,2026-03-25,2026-03,Medan,Enterprise VPN,Router ONT Issue,Medium,Resolved,54,584,,SMB,false,2.9
TCK-2026-02697,2026-03-25,2026-03,Makassar,IPTV,Internet Down,Low,Closed,117,727,INC-2026-02107,Residential,false,4.3
TCK-2026-02750,2026-03-25,2026-03,Surabaya,Cloud Connectivity,Billing Related,Low,Resolved,95,859,,SMB,false,4.4
TCK-2026-02834,2026-03-25,2026-03,Bandung,IPTV,Internet Down,Medium,Resolved,76,511,,Public Sector,false,3.9
TCK-2026-03358,2026-03-25,2026-03,Yogyakarta,IPTV,Installation Delay,High,In Progress,45,,INC-2026-01296,Enterprise,true,
TCK-2026-03593,2026-03-25,2026-03,Makassar,IPTV,Enterprise SLA Complaint,Medium,In Progress,69,,INC-2026-02107,Residential,false,
TCK-2026-03744,2026-03-25,2026-03,Medan,Cloud Connectivity,Router ONT Issue,Low,Resolved,133,838,,SMB,false,4.0
TCK-2026-04142,2026-03-25,2026-03,Surabaya,Cloud Connectivity,Router ONT Issue,Medium,Open,81,,,Enterprise,false,
TCK-2026-04497,2026-03-25,2026-03,Semarang,Fiber Internet,Internet Down,High,Resolved,48,293,INC-2026-02105,Residential,false,2.8
TCK-2026-04765,2026-03-25,2026-03,Medan,Enterprise VPN,Billing Related,Medium,Resolved,69,533,INC-2026-00009,Residential,false,4.2
TCK-2026-04789,2026-03-25,2026-03,Yogyakarta,Enterprise VPN,Enterprise SLA Complaint,Critical,Closed,22,69,,Residential,false,3.5
TCK-2026-04980,2026-03-25,2026-03,Bandung,Mobile Broadband,Billing Related,Medium,Resolved,93,557,INC-2026-01983,SMB,true,4.5
TCK-2026-05053,2026-03-25,2026-03,Bandung,Enterprise VPN,Slow Connection,Low,Resolved,119,964,,Enterprise,false,3.9
TCK-2026-05156,2026-03-25,2026-03,Denpasar,Mobile Broadband,Router ONT Issue,Low,Resolved,92,888,,Public Sector,false,3.6
TCK-2026-05188,2026-03-25,2026-03,Makassar,IPTV,Slow Connection,High,Open,65,,INC-2026-02107,Public Sector,true,
TCK-2026-01232,2026-03-26,2026-03,Makassar,Voice,Router ONT Issue,Medium,Waiting Customer,73,,INC-2026-00426,Enterprise,false,
TCK-2026-01378,2026-03-26,2026-03,Balikpapan,IPTV,Slow Connection,Low,Resolved,127,950,,Enterprise,false,3.6
TCK-2026-01484,2026-03-26,2026-03,Surabaya,Fiber Internet,Installation Delay,High,In Progress,29,,INC-2026-02140,Residential,false,
TCK-2026-01614,2026-03-26,2026-03,Jakarta,Fiber Internet,Enterprise SLA Complaint,Low,Closed,125,1026,,SMB,false,3.8
TCK-2026-01636,2026-03-26,2026-03,Jakarta,Fiber Internet,Slow Connection,Medium,In Progress,51,,,Residential,false,
TCK-2026-01709,2026-03-26,2026-03,Palembang,Voice,Installation Delay,Low,Resolved,110,820,,Enterprise,false,3.0
TCK-2026-02325,2026-03-26,2026-03,Yogyakarta,Voice,Intermittent Connection,Low,Resolved,129,935,,SMB,false,3.7
TCK-2026-02996,2026-03-26,2026-03,Surabaya,Fiber Internet,Enterprise SLA Complaint,Medium,Resolved,108,537,INC-2026-02140,Residential,false,3.4
TCK-2026-03114,2026-03-26,2026-03,Yogyakarta,IPTV,Installation Delay,Low,Resolved,111,739,INC-2026-02160,Residential,false,4.5
TCK-2026-03517,2026-03-26,2026-03,Makassar,Voice,Installation Delay,Critical,Resolved,45,105,INC-2026-00426,Residential,false,3.2
TCK-2026-03553,2026-03-26,2026-03,Balikpapan,Mobile Broadband,Slow Connection,Medium,Resolved,40,323,INC-2026-01544,Residential,false,5
TCK-2026-03892,2026-03-26,2026-03,Makassar,Voice,Router ONT Issue,Medium,Waiting Customer,81,,INC-2026-00426,Residential,false,
TCK-2026-04502,2026-03-26,2026-03,Makassar,Voice,Router ONT Issue,Medium,Resolved,60,527,INC-2026-00426,Residential,false,4.2
TCK-2026-04668,2026-03-26,2026-03,Denpasar,Mobile Broadband,Slow Connection,Medium,Closed,70,553,,SMB,false,4.0
TCK-2026-04991,2026-03-26,2026-03,Palembang,Enterprise VPN,Internet Down,High,Resolved,53,202,,Residential,false,2.8
TCK-2026-05049,2026-03-26,2026-03,Jakarta,Fiber Internet,Slow Connection,Low,Open,151,,INC-2026-01415,Residential,false,
TCK-2026-05359,2026-03-26,2026-03,Makassar,Voice,Router ONT Issue,Medium,In Progress,48,,INC-2026-00426,SMB,false,
TCK-2026-00272,2026-03-27,2026-03,Semarang,Cloud Connectivity,Enterprise SLA Complaint,Medium,In Progress,77,,,SMB,false,
TCK-2026-00357,2026-03-27,2026-03,Yogyakarta,Voice,Billing Related,Medium,Open,81,,,Residential,false,
TCK-2026-00663,2026-03-27,2026-03,Denpasar,Mobile Broadband,Intermittent Connection,Medium,Waiting Customer,77,,,Residential,true,
TCK-2026-00864,2026-03-27,2026-03,Surabaya,Fiber Internet,Billing Related,Medium,Waiting Customer,113,,,SMB,true,
TCK-2026-01203,2026-03-27,2026-03,Denpasar,Enterprise VPN,Internet Down,High,Closed,53,277,INC-2026-02199,SMB,false,3.2
TCK-2026-01802,2026-03-27,2026-03,Semarang,Voice,Slow Connection,Medium,Closed,94,379,INC-2026-01993,SMB,false,4.0
TCK-2026-02222,2026-03-27,2026-03,Surabaya,Enterprise VPN,Installation Delay,High,Closed,30,260,,Residential,false,3.6
TCK-2026-03129,2026-03-27,2026-03,Yogyakarta,Enterprise VPN,Installation Delay,Medium,Closed,60,438,,Enterprise,false,3.8
TCK-2026-04184,2026-03-27,2026-03,Jakarta,Cloud Connectivity,Installation Delay,Low,Resolved,83,976,,Residential,false,3.7
TCK-2026-04434,2026-03-27,2026-03,Semarang,Mobile Broadband,Router ONT Issue,Medium,Resolved,87,438,,Enterprise,false,4.3
TCK-2026-04864,2026-03-27,2026-03,Palembang,IPTV,Internet Down,Medium,In Progress,77,,,Residential,false,
TCK-2026-04918,2026-03-27,2026-03,Yogyakarta,Cloud Connectivity,Intermittent Connection,Medium,Resolved,75,593,,Enterprise,false,4.5
TCK-2026-05035,2026-03-27,2026-03,Semarang,Voice,Enterprise SLA Complaint,Low,Closed,129,915,INC-2026-01993,Enterprise,false,3.6
TCK-2026-05349,2026-03-27,2026-03,Surabaya,Voice,Installation Delay,Critical,Waiting Customer,21,,,Enterprise,true,
TCK-2026-00050,2026-03-28,2026-03,Jakarta,Voice,Internet Down,Critical,Closed,17,67,,Residential,false,3.0
TCK-2026-00236,2026-03-28,2026-03,Denpasar,Enterprise VPN,Internet Down,Medium,In Progress,75,,INC-2026-00662,Residential,false,
TCK-2026-00387,2026-03-28,2026-03,Balikpapan,Cloud Connectivity,Installation Delay,Medium,In Progress,108,,,Enterprise,false,
TCK-2026-01172,2026-03-28,2026-03,Denpasar,Enterprise VPN,Intermittent Connection,High,In Progress,62,,INC-2026-00662,Residential,false,
TCK-2026-01231,2026-03-28,2026-03,Denpasar,Cloud Connectivity,Router ONT Issue,Medium,Open,78,,INC-2026-01796,Enterprise,false,
TCK-2026-01561,2026-03-28,2026-03,Makassar,Voice,Internet Down,High,Waiting Customer,34,,,Residential,false,
TCK-2026-01782,2026-03-28,2026-03,Makassar,Voice,Billing Related,Medium,Resolved,66,323,,Residential,false,4.0
TCK-2026-02011,2026-03-28,2026-03,Denpasar,Cloud Connectivity,Enterprise SLA Complaint,Medium,Resolved,63,450,INC-2026-01796,Enterprise,false,3.2
TCK-2026-02057,2026-03-28,2026-03,Bandung,Fiber Internet,Slow Connection,Low,Resolved,127,920,,Enterprise,false,2.3
TCK-2026-02231,2026-03-28,2026-03,Denpasar,Voice,Slow Connection,Medium,Resolved,76,452,,SMB,false,5
TCK-2026-02316,2026-03-28,2026-03,Surabaya,Cloud Connectivity,Router ONT Issue,Low,Closed,99,884,,Public Sector,false,3.8
TCK-2026-02928,2026-03-28,2026-03,Denpasar,Enterprise VPN,Billing Related,Medium,Open,67,,INC-2026-00662,Residential,true,
TCK-2026-03128,2026-03-28,2026-03,Semarang,Mobile Broadband,Billing Related,Low,Closed,102,851,INC-2026-00040,Residential,false,3.7
TCK-2026-03130,2026-03-28,2026-03,Makassar,IPTV,Installation Delay,Medium,In Progress,61,,INC-2026-00274,Enterprise,false,
TCK-2026-03244,2026-03-28,2026-03,Semarang,Cloud Connectivity,Slow Connection,Low,Resolved,97,1048,,Residential,false,4.5
TCK-2026-04013,2026-03-28,2026-03,Bandung,Mobile Broadband,Router ONT Issue,Low,In Progress,133,,,Residential,true,
TCK-2026-00206,2026-03-29,2026-03,Jakarta,Voice,Router ONT Issue,Low,Waiting Customer,146,,INC-2026-01419,Residential,false,
TCK-2026-00230,2026-03-29,2026-03,Palembang,Fiber Internet,Billing Related,Low,Closed,106,870,,Enterprise,false,4.9
TCK-2026-00426,2026-03-29,2026-03,Jakarta,Voice,Billing Related,Medium,Closed,88,427,INC-2026-01419,Residential,false,4.0
TCK-2026-00511,2026-03-29,2026-03,Denpasar,Cloud Connectivity,Billing Related,Medium,Waiting Customer,48,,,SMB,false,
TCK-2026-00512,2026-03-29,2026-03,Balikpapan,Cloud Connectivity,Internet Down,Medium,Resolved,96,343,,SMB,false,4.6
TCK-2026-00638,2026-03-29,2026-03,Jakarta,Cloud Connectivity,Billing Related,High,Closed,42,230,INC-2026-01291,SMB,false,2.7
TCK-2026-01510,2026-03-29,2026-03,Palembang,Fiber Internet,Intermittent Connection,Low,Waiting Customer,94,,,Residential,false,
TCK-2026-02115,2026-03-29,2026-03,Medan,Cloud Connectivity,Installation Delay,Low,Resolved,115,956,,Residential,false,3.9
TCK-2026-02297,2026-03-29,2026-03,Palembang,IPTV,Enterprise SLA Complaint,High,Resolved,38,42,,Residential,false,4.1
TCK-2026-02785,2026-03-29,2026-03,Jakarta,Voice,Intermittent Connection,Medium,Resolved,56,498,INC-2026-01419,Public Sector,false,2.9
TCK-2026-03774,2026-03-29,2026-03,Balikpapan,Enterprise VPN,Enterprise SLA Complaint,Low,In Progress,103,,,Residential,false,
TCK-2026-03936,2026-03-29,2026-03,Balikpapan,Voice,Router ONT Issue,Low,Closed,109,707,,Enterprise,false,4.7
TCK-2026-04187,2026-03-29,2026-03,Bandung,Voice,Billing Related,Medium,Closed,75,574,,Public Sector,false,4.4
TCK-2026-04403,2026-03-29,2026-03,Makassar,Cloud Connectivity,Intermittent Connection,Low,Resolved,147,893,,Enterprise,false,3.8
TCK-2026-05006,2026-03-29,2026-03,Surabaya,Enterprise VPN,Internet Down,Medium,Resolved,80,441,,Residential,false,3.1
TCK-2026-00443,2026-03-30,2026-03,Yogyakarta,Fiber Internet,Enterprise SLA Complaint,Medium,Open,76,,,Residential,false,
TCK-2026-01328,2026-03-30,2026-03,Semarang,IPTV,Internet Down,Low,In Progress,101,,,Residential,false,
TCK-2026-01351,2026-03-30,2026-03,Palembang,IPTV,Enterprise SLA Complaint,Medium,Closed,28,485,INC-2026-00509,Enterprise,false,4.6
TCK-2026-01728,2026-03-30,2026-03,Jakarta,Voice,Router ONT Issue,Low,Resolved,103,1098,,SMB,false,3.7
TCK-2026-02506,2026-03-30,2026-03,Medan,Mobile Broadband,Internet Down,Critical,In Progress,43,,,Enterprise,false,
TCK-2026-03023,2026-03-30,2026-03,Balikpapan,Voice,Intermittent Connection,Low,In Progress,148,,INC-2026-01458,SMB,false,
TCK-2026-03372,2026-03-30,2026-03,Medan,Fiber Internet,Billing Related,Low,Open,109,,,Residential,false,
TCK-2026-03598,2026-03-30,2026-03,Denpasar,Cloud Connectivity,Intermittent Connection,Medium,In Progress,25,,,Enterprise,false,
TCK-2026-03701,2026-03-30,2026-03,Bandung,IPTV,Slow Connection,Low,Resolved,145,864,,Residential,true,5
TCK-2026-03844,2026-03-30,2026-03,Makassar,Mobile Broadband,Slow Connection,High,Resolved,47,278,,Residential,true,3.7
TCK-2026-04292,2026-03-30,2026-03,Denpasar,IPTV,Enterprise SLA Complaint,Low,Resolved,122,796,,Residential,false,4.3
TCK-2026-04583,2026-03-30,2026-03,Surabaya,Cloud Connectivity,Enterprise SLA Complaint,Critical,Resolved,2,76,,Enterprise,false,2.8
TCK-2026-00626,2026-03-31,2026-03,Bandung,Fiber Internet,Billing Related,Low,Waiting Customer,89,,,Residential,false,
TCK-2026-01044,2026-03-31,2026-03,Medan,IPTV,Router ONT Issue,High,In Progress,2,,,SMB,false,
TCK-2026-01262,2026-03-31,2026-03,Jakarta,Mobile Broadband,Slow Connection,High,Resolved,5,274,,Residential,false,3.0
TCK-2026-01387,2026-03-31,2026-03,Jakarta,Cloud Connectivity,Installation Delay,Medium,Closed,96,540,,Residential,false,3.9
TCK-2026-01956,2026-03-31,2026-03,Yogyakarta,Fiber Internet,Intermittent Connection,Low,Closed,138,942,,Residential,false,4.1
TCK-2026-02454,2026-03-31,2026-03,Semarang,Mobile Broadband,Internet Down,High,Resolved,26,231,,SMB,false,4.2
TCK-2026-02952,2026-03-31,2026-03,Bandung,Voice,Enterprise SLA Complaint,Low,Resolved,133,857,INC-2026-01743,Enterprise,false,4.0
TCK-2026-03176,2026-03-31,2026-03,Balikpapan,Voice,Intermittent Connection,Low,Resolved,128,954,INC-2026-00178,Residential,false,4.4
TCK-2026-03241,2026-03-31,2026-03,Yogyakarta,Fiber Internet,Enterprise SLA Complaint,Medium,Resolved,83,354,,Residential,false,4.6
TCK-2026-03590,2026-03-31,2026-03,Yogyakarta,Fiber Internet,Router ONT Issue,Medium,Closed,70,365,,Residential,false,4.2
TCK-2026-03607,2026-03-31,2026-03,Balikpapan,Fiber Internet,Router ONT Issue,Low,Open,111,,INC-2026-01367,Enterprise,false,
TCK-2026-03911,2026-03-31,2026-03,Balikpapan,Fiber Internet,Enterprise SLA Complaint,Medium,Resolved,110,438,INC-2026-01367,Residential,false,3.6
TCK-2026-04698,2026-03-31,2026-03,Makassar,Fiber Internet,Installation Delay,Medium,Resolved,70,406,,Residential,false,3.4
TCK-2026-00315,2026-04-01,2026-04,Balikpapan,Fiber Internet,Router ONT Issue,High,Resolved,30,226,,Residential,false,1.6
TCK-2026-00331,2026-04-01,2026-04,Bandung,Mobile Broadband,Internet Down,High,Open,56,,,SMB,false,
TCK-2026-00360,2026-04-01,2026-04,Surabaya,Fiber Internet,Internet Down,Medium,Closed,92,424,INC-2026-00118,Residential,false,4.3
TCK-2026-00473,2026-04-01,2026-04,Denpasar,Cloud Connectivity,Slow Connection,Medium,Waiting Customer,61,,INC-2026-02074,Enterprise,false,
TCK-2026-01453,2026-04-01,2026-04,Medan,Mobile Broadband,Installation Delay,Medium,In Progress,67,,INC-2026-01494,SMB,false,
TCK-2026-01641,2026-04-01,2026-04,Denpasar,IPTV,Intermittent Connection,Medium,Resolved,49,563,,Residential,false,5
TCK-2026-01879,2026-04-01,2026-04,Medan,Cloud Connectivity,Enterprise SLA Complaint,Low,Resolved,94,1018,INC-2026-00115,SMB,false,4.2
TCK-2026-02063,2026-04-01,2026-04,Semarang,Mobile Broadband,Internet Down,Medium,Open,72,,,Residential,false,
TCK-2026-02306,2026-04-01,2026-04,Denpasar,Cloud Connectivity,Router ONT Issue,Low,Closed,122,1128,INC-2026-02074,SMB,false,4.6
TCK-2026-02606,2026-04-01,2026-04,Medan,Cloud Connectivity,Internet Down,High,Resolved,27,165,INC-2026-00115,Residential,false,3.8
TCK-2026-02664,2026-04-01,2026-04,Palembang,IPTV,Installation Delay,Critical,Resolved,14,66,,Enterprise,false,3.5
TCK-2026-03139,2026-04-01,2026-04,Makassar,Fiber Internet,Slow Connection,Low,Open,132,,,Enterprise,false,
TCK-2026-03282,2026-04-01,2026-04,Yogyakarta,Enterprise VPN,Internet Down,Low,In Progress,119,,,Residential,false,
TCK-2026-03790,2026-04-01,2026-04,Bandung,Fiber Internet,Internet Down,High,Waiting Customer,24,,,SMB,false,
TCK-2026-03897,2026-04-01,2026-04,Denpasar,Fiber Internet,Intermittent Connection,Medium,In Progress,56,,,SMB,false,
TCK-2026-00375,2026-04-02,2026-04,Denpasar,IPTV,Billing Related,Medium,Closed,80,567,INC-2026-00643,Enterprise,false,3.7
TCK-2026-00384,2026-04-02,2026-04,Yogyakarta,IPTV,Billing Related,Low,Resolved,99,879,,Residential,false,3.1
TCK-2026-00506,2026-04-02,2026-04,Makassar,Cloud Connectivity,Internet Down,Low,In Progress,86,,INC-2026-00224,Residential,false,
TCK-2026-00582,2026-04-02,2026-04,Jakarta,Fiber Internet,Intermittent Connection,Medium,Resolved,66,457,INC-2026-01383,SMB,false,4.6
TCK-2026-01449,2026-04-02,2026-04,Denpasar,Fiber Internet,Router ONT Issue,Critical,Waiting Customer,22,,,SMB,true,
TCK-2026-01460,2026-04-02,2026-04,Semarang,Enterprise VPN,Router ONT Issue,Low,In Progress,93,,INC-2026-01748,Residential,false,
TCK-2026-01848,2026-04-02,2026-04,Surabaya,Cloud Connectivity,Enterprise SLA Complaint,High,Open,56,,INC-2026-00187,SMB,false,
TCK-2026-02114,2026-04-02,2026-04,Palembang,Voice,Enterprise SLA Complaint,Low,Open,112,,,Residential,false,
TCK-2026-02401,2026-04-02,2026-04,Yogyakarta,Enterprise VPN,Slow Connection,High,In Progress,59,,INC-2026-00848,Residential,false,
TCK-2026-02432,2026-04-02,2026-04,Surabaya,Voice,Router ONT Issue,Low,In Progress,160,,,Residential,false,
TCK-2026-02486,2026-04-02,2026-04,Semarang,Fiber Internet,Billing Related,Low,Resolved,103,883,,Residential,false,4.1
TCK-2026-02582,2026-04-02,2026-04,Makassar,Voice,Installation Delay,Low,Resolved,82,882,,SMB,false,4.8
TCK-2026-02710,2026-04-02,2026-04,Palembang,IPTV,Installation Delay,Medium,Resolved,45,338,,Residential,false,3.8
TCK-2026-02748,2026-04-02,2026-04,Denpasar,IPTV,Internet Down,Medium,In Progress,96,,INC-2026-00643,Residential,false,
TCK-2026-03260,2026-04-02,2026-04,Balikpapan,Mobile Broadband,Enterprise SLA Complaint,Medium,Resolved,57,632,,Enterprise,false,4.4
TCK-2026-03449,2026-04-02,2026-04,Makassar,Voice,Internet Down,High,Resolved,28,122,,Residential,false,2.6
TCK-2026-03787,2026-04-02,2026-04,Yogyakarta,Voice,Billing Related,Critical,Closed,14,192,,SMB,false,3.7
TCK-2026-05009,2026-04-02,2026-04,Semarang,Enterprise VPN,Slow Connection,Low,Resolved,100,904,INC-2026-01748,SMB,false,3.5
TCK-2026-05034,2026-04-02,2026-04,Yogyakarta,Enterprise VPN,Installation Delay,Low,Closed,114,887,INC-2026-00848,Residential,false,2.8
TCK-2026-05058,2026-04-02,2026-04,Bandung,Voice,Router ONT Issue,High,In Progress,43,,,Residential,false,
TCK-2026-05181,2026-04-02,2026-04,Denpasar,IPTV,Enterprise SLA Complaint,Low,Resolved,124,953,INC-2026-00643,Enterprise,false,4.3
TCK-2026-00771,2026-04-03,2026-04,Bandung,Enterprise VPN,Router ONT Issue,Low,Open,128,,INC-2026-01313,Enterprise,false,
TCK-2026-00822,2026-04-03,2026-04,Semarang,IPTV,Router ONT Issue,Medium,Closed,82,545,,Residential,false,4.1
TCK-2026-00939,2026-04-03,2026-04,Jakarta,Cloud Connectivity,Intermittent Connection,Low,In Progress,115,,INC-2026-01203,Residential,false,
TCK-2026-01031,2026-04-03,2026-04,Surabaya,IPTV,Billing Related,High,Closed,44,346,,Residential,false,4.1
TCK-2026-01253,2026-04-03,2026-04,Balikpapan,Fiber Internet,Billing Related,Low,Waiting Customer,121,,INC-2026-00111,Residential,false,
TCK-2026-01291,2026-04-03,2026-04,Balikpapan,Cloud Connectivity,Installation Delay,Medium,Resolved,59,522,INC-2026-00644,Residential,false,4.2
TCK-2026-01493,2026-04-03,2026-04,Palembang,Enterprise VPN,Internet Down,Low,Open,120,,INC-2026-00980,Enterprise,false,
TCK-2026-01595,2026-04-03,2026-04,Surabaya,Mobile Broadband,Installation Delay,Critical,Resolved,8,8,,Residential,false,3.6
TCK-2026-01681,2026-04-03,2026-04,Jakarta,Cloud Connectivity,Slow Connection,Low,In Progress,145,,INC-2026-01203,Residential,false,
TCK-2026-01688,2026-04-03,2026-04,Semarang,Fiber Internet,Router ONT Issue,Low,Resolved,117,1032,,Enterprise,false,3.1
TCK-2026-01788,2026-04-03,2026-04,Palembang,Voice,Intermittent Connection,High,Resolved,24,93,,Residential,false,3.0
TCK-2026-01840,2026-04-03,2026-04,Jakarta,Enterprise VPN,Slow Connection,High,Open,32,,INC-2026-01386,Residential,false,
TCK-2026-02010,2026-04-03,2026-04,Makassar,IPTV,Slow Connection,Medium,In Progress,58,,INC-2026-01374,Residential,false,
TCK-2026-02079,2026-04-03,2026-04,Bandung,IPTV,Enterprise SLA Complaint,Medium,In Progress,54,,,SMB,false,
TCK-2026-03040,2026-04-03,2026-04,Denpasar,IPTV,Router ONT Issue,Medium,In Progress,62,,,Residential,false,
TCK-2026-03052,2026-04-03,2026-04,Jakarta,Cloud Connectivity,Enterprise SLA Complaint,Medium,In Progress,75,,INC-2026-01203,Enterprise,false,
TCK-2026-03126,2026-04-03,2026-04,Bandung,IPTV,Router ONT Issue,Low,Waiting Customer,103,,,SMB,false,
TCK-2026-03543,2026-04-03,2026-04,Makassar,IPTV,Billing Related,Low,Closed,84,1015,INC-2026-01374,Residential,false,3.1
TCK-2026-03826,2026-04-03,2026-04,Jakarta,Cloud Connectivity,Installation Delay,Low,Resolved,119,914,INC-2026-01203,Residential,false,3.0
TCK-2026-04578,2026-04-03,2026-04,Jakarta,Cloud Connectivity,Billing Related,High,Resolved,43,221,INC-2026-01203,Enterprise,false,4.3
TCK-2026-04833,2026-04-03,2026-04,Palembang,Enterprise VPN,Internet Down,High,In Progress,48,,INC-2026-00980,Residential,false,
TCK-2026-05219,2026-04-03,2026-04,Denpasar,Enterprise VPN,Installation Delay,High,Closed,82,338,,Residential,false,4.2
TCK-2026-00224,2026-04-04,2026-04,Medan,Cloud Connectivity,Installation Delay,Medium,Closed,48,384,INC-2026-01182,Residential,false,3.3
TCK-2026-00614,2026-04-04,2026-04,Jakarta,Cloud Connectivity,Slow Connection,Medium,Resolved,91,554,,SMB,false,3.1
TCK-2026-01206,2026-04-04,2026-04,Balikpapan,Fiber Internet,Intermittent Connection,Medium,Closed,78,541,,Enterprise,false,4.1
TCK-2026-01401,2026-04-04,2026-04,Surabaya,Fiber Internet,Billing Related,Low,Resolved,79,910,,Enterprise,false,3.9
TCK-2026-01495,2026-04-04,2026-04,Medan,Cloud Connectivity,Internet Down,High,Closed,36,255,INC-2026-01182,Residential,false,2.7
TCK-2026-01577,2026-04-04,2026-04,Yogyakarta,Cloud Connectivity,Intermittent Connection,Low,Resolved,120,805,INC-2026-00155,Residential,false,3.5
TCK-2026-01608,2026-04-04,2026-04,Semarang,Mobile Broadband,Installation Delay,High,Resolved,27,243,INC-2026-00872,Residential,false,3.3
TCK-2026-01667,2026-04-04,2026-04,Bandung,Voice,Slow Connection,Low,Resolved,121,891,,Enterprise,false,4.4
TCK-2026-02061,2026-04-04,2026-04,Semarang,Enterprise VPN,Installation Delay,Medium,Resolved,81,372,,SMB,false,4.6
TCK-2026-02383,2026-04-04,2026-04,Makassar,Enterprise VPN,Slow Connection,High,Resolved,32,91,,Residential,false,3.3
TCK-2026-02479,2026-04-04,2026-04,Palembang,Enterprise VPN,Billing Related,Low,Closed,103,897,INC-2026-01302,Residential,false,4.3
TCK-2026-02695,2026-04-04,2026-04,Yogyakarta,Cloud Connectivity,Installation Delay,High,Resolved,44,229,INC-2026-00155,Residential,false,2.8
TCK-2026-02794,2026-04-04,2026-04,Palembang,IPTV,Enterprise SLA Complaint,Medium,Open,94,,,Residential,false,
TCK-2026-02809,2026-04-04,2026-04,Semarang,Voice,Router ONT Issue,Low,Resolved,121,863,,SMB,false,4.3
TCK-2026-03296,2026-04-04,2026-04,Surabaya,Cloud Connectivity,Installation Delay,Medium,In Progress,110,,,Residential,false,
TCK-2026-03913,2026-04-04,2026-04,Denpasar,Enterprise VPN,Router ONT Issue,Low,Closed,134,1001,,Residential,false,4.4
TCK-2026-04233,2026-04-04,2026-04,Makassar,IPTV,Router ONT Issue,Low,Closed,88,962,INC-2026-01785,Enterprise,false,3.7
TCK-2026-05066,2026-04-04,2026-04,Balikpapan,IPTV,Billing Related,High,In Progress,27,,,SMB,false,
TCK-2026-05228,2026-04-04,2026-04,Denpasar,Mobile Broadband,Router ONT Issue,Medium,Closed,52,431,,Residential,false,3.4
TCK-2026-05355,2026-04-04,2026-04,Balikpapan,IPTV,Router ONT Issue,Low,Resolved,117,831,,Enterprise,false,5
TCK-2026-00180,2026-04-05,2026-04,Surabaya,Voice,Router ONT Issue,Medium,Closed,71,506,INC-2026-00536,Enterprise,false,4.1
TCK-2026-00213,2026-04-05,2026-04,Jakarta,Voice,Billing Related,Medium,Resolved,69,471,,SMB,false,4.9
TCK-2026-00320,2026-04-05,2026-04,Medan,Enterprise VPN,Internet Down,High,Open,62,,,Residential,false,
TCK-2026-00557,2026-04-05,2026-04,Semarang,Cloud Connectivity,Router ONT Issue,Low,Resolved,87,954,INC-2026-00903,SMB,false,4.2
TCK-2026-00713,2026-04-05,2026-04,Jakarta,Enterprise VPN,Enterprise SLA Complaint,Low,Open,119,,,SMB,false,
TCK-2026-00778,2026-04-05,2026-04,Balikpapan,Voice,Internet Down,Low,Open,137,,,Public Sector,false,
TCK-2026-00816,2026-04-05,2026-04,Jakarta,IPTV,Installation Delay,Medium,Resolved,63,510,,Residential,false,3.8
TCK-2026-02124,2026-04-05,2026-04,Makassar,IPTV,Router ONT Issue,Medium,Resolved,73,553,INC-2026-01554,Enterprise,false,2.7
TCK-2026-02674,2026-04-05,2026-04,Jakarta,Enterprise VPN,Enterprise SLA Complaint,High,Waiting Customer,29,,,Residential,false,
TCK-2026-02947,2026-04-05,2026-04,Jakarta,Cloud Connectivity,Intermittent Connection,Medium,Resolved,92,533,,Residential,false,5
TCK-2026-03252,2026-04-05,2026-04,Makassar,IPTV,Enterprise SLA Complaint,Critical,In Progress,12,,INC-2026-01554,Residential,false,
TCK-2026-04462,2026-04-05,2026-04,Surabaya,Voice,Internet Down,Medium,Resolved,50,444,INC-2026-00536,Residential,false,3.7
TCK-2026-04648,2026-04-05,2026-04,Jakarta,IPTV,Billing Related,High,In Progress,43,,,Residential,true,
TCK-2026-04666,2026-04-05,2026-04,Denpasar,Enterprise VPN,Internet Down,Low,Closed,138,988,,Residential,false,3.8
TCK-2026-04947,2026-04-05,2026-04,Yogyakarta,Mobile Broadband,Slow Connection,Critical,Resolved,8,114,,Residential,false,2.7
TCK-2026-04963,2026-04-05,2026-04,Yogyakarta,Enterprise VPN,Enterprise SLA Complaint,Low,Resolved,121,952,,SMB,true,3.6
TCK-2026-00832,2026-04-06,2026-04,Denpasar,Cloud Connectivity,Enterprise SLA Complaint,Medium,Resolved,77,426,INC-2026-01769,SMB,false,3.9
TCK-2026-01623,2026-04-06,2026-04,Semarang,Voice,Billing Related,Low,Resolved,125,913,,Enterprise,false,3.5
TCK-2026-01666,2026-04-06,2026-04,Yogyakarta,Enterprise VPN,Billing Related,Low,Resolved,112,1002,INC-2026-01452,Enterprise,false,3.5
TCK-2026-01970,2026-04-06,2026-04,Medan,Mobile Broadband,Installation Delay,Medium,Resolved,76,458,INC-2026-01366,Enterprise,false,5
TCK-2026-02046,2026-04-06,2026-04,Makassar,Fiber Internet,Intermittent Connection,Low,Resolved,111,865,,SMB,false,4.1
TCK-2026-02827,2026-04-06,2026-04,Medan,Voice,Router ONT Issue,Medium,Open,84,,INC-2026-00744,Public Sector,true,
TCK-2026-03333,2026-04-06,2026-04,Bandung,Mobile Broadband,Internet Down,Critical,Resolved,54,56,,Residential,false,2.9
TCK-2026-03639,2026-04-06,2026-04,Medan,Enterprise VPN,Router ONT Issue,Medium,Closed,72,378,,Residential,false,4.1
TCK-2026-03722,2026-04-06,2026-04,Yogyakarta,Enterprise VPN,Internet Down,Low,Resolved,101,985,INC-2026-01452,Enterprise,false,4.2
TCK-2026-03739,2026-04-06,2026-04,Yogyakarta,Enterprise VPN,Intermittent Connection,Medium,Resolved,91,482,INC-2026-01452,Residential,true,3.7
TCK-2026-04177,2026-04-06,2026-04,Denpasar,Mobile Broadband,Installation Delay,Low,In Progress,126,,,Residential,false,
TCK-2026-04241,2026-04-06,2026-04,Bandung,Voice,Enterprise SLA Complaint,Medium,Open,60,,,Public Sector,false,
TCK-2026-04354,2026-04-06,2026-04,Surabaya,Cloud Connectivity,Installation Delay,Medium,Resolved,114,450,,Enterprise,false,3.9
TCK-2026-04678,2026-04-06,2026-04,Medan,Voice,Billing Related,High,Closed,32,259,INC-2026-00744,Enterprise,false,3.4
TCK-2026-04767,2026-04-06,2026-04,Jakarta,Fiber Internet,Billing Related,Low,Closed,125,877,INC-2026-00261,Residential,false,2.9
TCK-2026-04823,2026-04-06,2026-04,Jakarta,Fiber Internet,Internet Down,Medium,Resolved,57,556,,Enterprise,false,5
TCK-2026-04841,2026-04-06,2026-04,Medan,Voice,Slow Connection,Critical,Resolved,49,60,INC-2026-00744,Enterprise,false,2.0
TCK-2026-00400,2026-04-07,2026-04,Palembang,IPTV,Enterprise SLA Complaint,Medium,In Progress,97,,,Residential,false,
TCK-2026-00631,2026-04-07,2026-04,Bandung,Mobile Broadband,Slow Connection,Medium,Closed,90,369,,Residential,false,4.9
TCK-2026-00707,2026-04-07,2026-04,Bandung,Fiber Internet,Slow Connection,High,Resolved,54,194,INC-2026-01729,SMB,false,3.3
TCK-2026-01307,2026-04-07,2026-04,Makassar,Cloud Connectivity,Intermittent Connection,Low,Open,119,,,Enterprise,false,
TCK-2026-01442,2026-04-07,2026-04,Jakarta,Voice,Billing Related,High,Open,47,,,Enterprise,false,
TCK-2026-02229,2026-04-07,2026-04,Makassar,Fiber Internet,Slow Connection,Medium,Resolved,53,555,,Enterprise,false,4.0
TCK-2026-03365,2026-04-07,2026-04,Bandung,Fiber Internet,Internet Down,High,In Progress,18,,INC-2026-01729,Residential,false,
TCK-2026-03478,2026-04-07,2026-04,Bandung,IPTV,Intermittent Connection,High,Resolved,15,207,,Residential,true,4.5
TCK-2026-04468,2026-04-07,2026-04,Bandung,IPTV,Billing Related,Low,Resolved,120,860,,Residential,true,5
TCK-2026-04852,2026-04-07,2026-04,Balikpapan,Fiber Internet,Router ONT Issue,Low,In Progress,108,,,Residential,true,
TCK-2026-05042,2026-04-07,2026-04,Bandung,Fiber Internet,Router ONT Issue,Medium,Closed,82,571,INC-2026-01729,Residential,false,3.0
TCK-2026-05378,2026-04-07,2026-04,Semarang,Cloud Connectivity,Installation Delay,Medium,Resolved,70,416,,Residential,false,3.6
TCK-2026-00094,2026-04-08,2026-04,Makassar,Mobile Broadband,Router ONT Issue,Low,Closed,121,846,,Enterprise,true,3.4
TCK-2026-00288,2026-04-08,2026-04,Palembang,Mobile Broadband,Billing Related,High,In Progress,37,,,SMB,false,
TCK-2026-00505,2026-04-08,2026-04,Yogyakarta,Mobile Broadband,Installation Delay,Low,Waiting Customer,118,,,Residential,false,
TCK-2026-00708,2026-04-08,2026-04,Makassar,Fiber Internet,Router ONT Issue,Medium,Resolved,93,519,,Residential,false,4.1
TCK-2026-01199,2026-04-08,2026-04,Medan,Voice,Internet Down,Medium,In Progress,85,,,Residential,false,
TCK-2026-01611,2026-04-08,2026-04,Denpasar,Fiber Internet,Enterprise SLA Complaint,Medium,Closed,73,439,,Residential,false,4.5
TCK-2026-01643,2026-04-08,2026-04,Bandung,Fiber Internet,Enterprise SLA Complaint,Medium,Resolved,29,626,,SMB,false,3.6
TCK-2026-02412,2026-04-08,2026-04,Bandung,IPTV,Internet Down,Medium,Open,75,,,Residential,false,
TCK-2026-03047,2026-04-08,2026-04,Semarang,Mobile Broadband,Installation Delay,Low,Resolved,126,895,,Residential,false,3.6
TCK-2026-03133,2026-04-08,2026-04,Medan,Mobile Broadband,Slow Connection,High,Closed,41,284,,Residential,false,3.5
TCK-2026-03344,2026-04-08,2026-04,Makassar,Fiber Internet,Billing Related,Low,In Progress,114,,INC-2026-01507,SMB,false,
TCK-2026-03424,2026-04-08,2026-04,Jakarta,Fiber Internet,Slow Connection,High,Open,33,,,Residential,false,
TCK-2026-03993,2026-04-08,2026-04,Makassar,Fiber Internet,Internet Down,High,Resolved,19,132,INC-2026-01507,Residential,false,3.7
TCK-2026-04056,2026-04-08,2026-04,Yogyakarta,Mobile Broadband,Billing Related,Medium,Open,71,,INC-2026-00746,Residential,false,
TCK-2026-05033,2026-04-08,2026-04,Yogyakarta,Mobile Broadband,Slow Connection,High,Closed,24,199,INC-2026-00746,Enterprise,false,2.4
TCK-2026-05171,2026-04-08,2026-04,Surabaya,Voice,Intermittent Connection,Critical,Resolved,21,213,,Residential,false,3.5
TCK-2026-00925,2026-04-09,2026-04,Denpasar,Mobile Broadband,Slow Connection,Medium,Closed,79,597,INC-2026-02113,Residential,false,5
TCK-2026-01017,2026-04-09,2026-04,Bandung,Mobile Broadband,Billing Related,Low,Waiting Customer,86,,,SMB,true,
TCK-2026-01478,2026-04-09,2026-04,Surabaya,IPTV,Enterprise SLA Complaint,Low,Closed,118,987,INC-2026-01050,Enterprise,false,3.5
TCK-2026-01531,2026-04-09,2026-04,Denpasar,Mobile Broadband,Enterprise SLA Complaint,Low,Open,98,,INC-2026-02113,Residential,false,
TCK-2026-01912,2026-04-09,2026-04,Surabaya,IPTV,Internet Down,Low,In Progress,124,,,SMB,false,
TCK-2026-02102,2026-04-09,2026-04,Denpasar,Mobile Broadband,Router ONT Issue,Medium,In Progress,71,,INC-2026-02113,Residential,false,
TCK-2026-02173,2026-04-09,2026-04,Surabaya,IPTV,Billing Related,Medium,Closed,108,449,,Residential,false,3.9
TCK-2026-02907,2026-04-09,2026-04,Surabaya,Fiber Internet,Intermittent Connection,Low,Closed,124,952,,Residential,false,4.5
TCK-2026-03902,2026-04-09,2026-04,Yogyakarta,Cloud Connectivity,Installation Delay,Medium,Closed,65,555,,Enterprise,false,2.7
TCK-2026-04509,2026-04-09,2026-04,Yogyakarta,Enterprise VPN,Router ONT Issue,Medium,In Progress,45,,,Enterprise,false,
TCK-2026-04677,2026-04-09,2026-04,Surabaya,Fiber Internet,Intermittent Connection,Medium,Resolved,73,357,,Enterprise,false,4.5
TCK-2026-05314,2026-04-09,2026-04,Semarang,Fiber Internet,Intermittent Connection,Medium,Resolved,66,481,,SMB,false,4.4
TCK-2026-01964,2026-04-10,2026-04,Medan,Cloud Connectivity,Slow Connection,Low,Closed,108,936,,SMB,true,3.2
TCK-2026-02164,2026-04-10,2026-04,Balikpapan,Fiber Internet,Slow Connection,Medium,Resolved,72,353,INC-2026-00638,Enterprise,false,4.8
TCK-2026-02511,2026-04-10,2026-04,Balikpapan,Fiber Internet,Slow Connection,High,Waiting Customer,2,,INC-2026-00638,Public Sector,true,
TCK-2026-03285,2026-04-10,2026-04,Palembang,Mobile Broadband,Enterprise SLA Complaint,Medium,Closed,55,477,INC-2026-01910,Residential,false,5
TCK-2026-03922,2026-04-10,2026-04,Medan,Enterprise VPN,Installation Delay,Low,Resolved,103,984,INC-2026-00114,Residential,false,4.8
TCK-2026-04240,2026-04-10,2026-04,Palembang,Mobile Broadband,Billing Related,High,Resolved,63,307,INC-2026-01910,Residential,false,2.8
TCK-2026-04420,2026-04-10,2026-04,Semarang,IPTV,Billing Related,High,Closed,8,284,,SMB,true,4.1
TCK-2026-04461,2026-04-10,2026-04,Surabaya,Cloud Connectivity,Internet Down,Medium,Closed,107,474,,SMB,false,3.9
TCK-2026-04719,2026-04-10,2026-04,Yogyakarta,IPTV,Router ONT Issue,Low,Resolved,101,819,,Residential,false,3.4
TCK-2026-04766,2026-04-10,2026-04,Jakarta,Mobile Broadband,Intermittent Connection,High,Open,2,,,Residential,false,
TCK-2026-00106,2026-04-11,2026-04,Bandung,Cloud Connectivity,Internet Down,Low,In Progress,108,,,SMB,true,
TCK-2026-00483,2026-04-11,2026-04,Makassar,Mobile Broadband,Internet Down,Low,Closed,142,1013,INC-2026-02076,Residential,false,5
TCK-2026-00560,2026-04-11,2026-04,Makassar,Mobile Broadband,Intermittent Connection,Medium,Closed,66,480,INC-2026-02076,Residential,false,5
TCK-2026-00843,2026-04-11,2026-04,Surabaya,Mobile Broadband,Enterprise SLA Complaint,High,Waiting Customer,19,,,Residential,false,
TCK-2026-00966,2026-04-11,2026-04,Makassar,Mobile Broadband,Slow Connection,Low,In Progress,107,,INC-2026-02076,Residential,false,
TCK-2026-01991,2026-04-11,2026-04,Palembang,Enterprise VPN,Billing Related,High,In Progress,31,,,SMB,false,
TCK-2026-02572,2026-04-11,2026-04,Jakarta,Fiber Internet,Billing Related,Low,Open,141,,,SMB,true,
TCK-2026-02578,2026-04-11,2026-04,Balikpapan,IPTV,Internet Down,High,Closed,36,273,,SMB,false,4.3
TCK-2026-02636,2026-04-11,2026-04,Palembang,Voice,Enterprise SLA Complaint,Medium,Closed,53,455,,Residential,false,5
TCK-2026-02878,2026-04-11,2026-04,Surabaya,Fiber Internet,Billing Related,High,Closed,13,106,,SMB,false,3.1
TCK-2026-02899,2026-04-11,2026-04,Palembang,IPTV,Enterprise SLA Complaint,Low,Resolved,123,839,,Residential,false,3.9
TCK-2026-03201,2026-04-11,2026-04,Makassar,Mobile Broadband,Intermittent Connection,Medium,Closed,90,481,INC-2026-02076,Public Sector,false,2.6
TCK-2026-00004,2026-04-12,2026-04,Palembang,IPTV,Internet Down,Critical,Resolved,24,160,INC-2026-01369,Residential,false,5
TCK-2026-00087,2026-04-12,2026-04,Semarang,Cloud Connectivity,Intermittent Connection,Low,Open,122,,INC-2026-01069,Residential,false,
TCK-2026-00144,2026-04-12,2026-04,Yogyakarta,Fiber Internet,Enterprise SLA Complaint,Medium,Resolved,62,478,,SMB,false,3.8
TCK-2026-00520,2026-04-12,2026-04,Surabaya,Voice,Router ONT Issue,High,Resolved,29,204,INC-2026-00655,SMB,false,2.3
TCK-2026-00756,2026-04-12,2026-04,Palembang,IPTV,Installation Delay,Medium,Resolved,73,544,INC-2026-01369,SMB,false,3.9
TCK-2026-01409,2026-04-12,2026-04,Jakarta,Enterprise VPN,Billing Related,High,Closed,45,327,,Residential,false,2.4
TCK-2026-02667,2026-04-12,2026-04,Medan,Voice,Router ONT Issue,Low,Resolved,96,764,,Enterprise,false,4.9
TCK-2026-02734,2026-04-12,2026-04,Semarang,Mobile Broadband,Intermittent Connection,High,Closed,29,224,INC-2026-01335,Residential,false,3.6
TCK-2026-02744,2026-04-12,2026-04,Surabaya,Mobile Broadband,Internet Down,Low,Waiting Customer,91,,,Residential,false,
TCK-2026-02892,2026-04-12,2026-04,Semarang,Enterprise VPN,Installation Delay,Low,Resolved,139,710,,Residential,false,5
TCK-2026-03069,2026-04-12,2026-04,Palembang,IPTV,Billing Related,Low,Resolved,102,813,INC-2026-01369,SMB,false,3.9
TCK-2026-03092,2026-04-12,2026-04,Jakarta,Cloud Connectivity,Intermittent Connection,Critical,Closed,26,37,,Enterprise,false,4.0
TCK-2026-03166,2026-04-12,2026-04,Semarang,Fiber Internet,Internet Down,High,In Progress,58,,,Residential,false,
TCK-2026-03421,2026-04-12,2026-04,Surabaya,Voice,Internet Down,Medium,Resolved,72,471,INC-2026-00655,Residential,false,3.3
TCK-2026-03435,2026-04-12,2026-04,Semarang,Cloud Connectivity,Intermittent Connection,Medium,Resolved,83,459,INC-2026-01069,Residential,false,4.5
TCK-2026-03730,2026-04-12,2026-04,Yogyakarta,Enterprise VPN,Billing Related,High,Resolved,14,130,INC-2026-01434,SMB,false,2.9
TCK-2026-03938,2026-04-12,2026-04,Semarang,Fiber Internet,Internet Down,Medium,Waiting Customer,72,,,Residential,false,
TCK-2026-04376,2026-04-12,2026-04,Makassar,Fiber Internet,Installation Delay,High,Resolved,40,281,INC-2026-01551,Residential,false,4.6
TCK-2026-05186,2026-04-12,2026-04,Semarang,Cloud Connectivity,Router ONT Issue,Medium,Resolved,55,530,INC-2026-01069,SMB,false,3.7
TCK-2026-05316,2026-04-12,2026-04,Palembang,IPTV,Router ONT Issue,High,In Progress,2,,INC-2026-01369,Residential,false,
TCK-2026-00919,2026-04-13,2026-04,Balikpapan,Fiber Internet,Slow Connection,Medium,Closed,60,609,,Enterprise,false,3.6
TCK-2026-01548,2026-04-13,2026-04,Makassar,IPTV,Internet Down,Medium,Resolved,78,441,,Residential,false,3.6
TCK-2026-01789,2026-04-13,2026-04,Palembang,Cloud Connectivity,Internet Down,Medium,Resolved,73,502,,Residential,true,5
TCK-2026-03366,2026-04-13,2026-04,Palembang,IPTV,Router ONT Issue,High,Closed,76,331,INC-2026-02189,Residential,false,3.1
TCK-2026-03428,2026-04-13,2026-04,Jakarta,Fiber Internet,Slow Connection,High,Resolved,38,349,,Residential,false,2.9
TCK-2026-04136,2026-04-13,2026-04,Jakarta,IPTV,Slow Connection,Low,Resolved,140,915,INC-2026-01475,SMB,false,4.3
TCK-2026-04714,2026-04-13,2026-04,Jakarta,IPTV,Intermittent Connection,Medium,Resolved,97,458,INC-2026-01475,SMB,false,4.1
TCK-2026-04798,2026-04-13,2026-04,Denpasar,Fiber Internet,Intermittent Connection,Low,In Progress,142,,,Enterprise,false,
TCK-2026-04902,2026-04-13,2026-04,Denpasar,Mobile Broadband,Enterprise SLA Complaint,Low,Resolved,104,834,,Public Sector,false,3.6
TCK-2026-04909,2026-04-13,2026-04,Denpasar,Mobile Broadband,Internet Down,Medium,Resolved,67,614,INC-2026-01604,Enterprise,false,4.9
TCK-2026-04981,2026-04-13,2026-04,Denpasar,Mobile Broadband,Installation Delay,Low,Resolved,145,847,INC-2026-01604,Residential,false,4.6
TCK-2026-05197,2026-04-13,2026-04,Semarang,IPTV,Enterprise SLA Complaint,High,Resolved,15,198,,Enterprise,true,3.8
TCK-2026-00064,2026-04-14,2026-04,Semarang,Cloud Connectivity,Slow Connection,Medium,Closed,65,308,,SMB,false,3.5
TCK-2026-00179,2026-04-14,2026-04,Semarang,Fiber Internet,Enterprise SLA Complaint,Low,In Progress,118,,,SMB,false,
TCK-2026-01186,2026-04-14,2026-04,Jakarta,Voice,Enterprise SLA Complaint,Medium,Resolved,52,343,INC-2026-01364,Enterprise,false,4.0
TCK-2026-02073,2026-04-14,2026-04,Balikpapan,IPTV,Internet Down,Medium,In Progress,85,,,SMB,false,
TCK-2026-02470,2026-04-14,2026-04,Denpasar,Enterprise VPN,Installation Delay,High,Closed,34,331,,Residential,false,3.2
TCK-2026-02473,2026-04-14,2026-04,Jakarta,Voice,Internet Down,Low,Waiting Customer,130,,INC-2026-01364,Residential,false,
TCK-2026-03001,2026-04-14,2026-04,Makassar,Mobile Broadband,Intermittent Connection,High,Resolved,34,154,,Residential,false,3.6
TCK-2026-03579,2026-04-14,2026-04,Jakarta,IPTV,Intermittent Connection,Medium,Waiting Customer,48,,,Residential,false,
TCK-2026-03727,2026-04-14,2026-04,Denpasar,Cloud Connectivity,Enterprise SLA Complaint,Low,Open,129,,INC-2026-01461,Residential,false,
TCK-2026-03849,2026-04-14,2026-04,Denpasar,Cloud Connectivity,Intermittent Connection,Low,Closed,106,817,,Residential,true,3.4
TCK-2026-04191,2026-04-14,2026-04,Semarang,Mobile Broadband,Installation Delay,Low,Resolved,116,997,,Residential,false,4.4
TCK-2026-04625,2026-04-14,2026-04,Palembang,Cloud Connectivity,Billing Related,High,Open,40,,,Enterprise,false,
TCK-2026-04957,2026-04-14,2026-04,Denpasar,Enterprise VPN,Installation Delay,Medium,Resolved,113,446,,Residential,false,4.7
TCK-2026-05291,2026-04-14,2026-04,Denpasar,Fiber Internet,Billing Related,Medium,Resolved,58,512,,SMB,false,3.8
TCK-2026-05344,2026-04-14,2026-04,Jakarta,Voice,Intermittent Connection,High,In Progress,40,,INC-2026-01364,Residential,true,
TCK-2026-00330,2026-04-15,2026-04,Balikpapan,Mobile Broadband,Slow Connection,Low,Resolved,167,853,,Residential,false,4.1
TCK-2026-01192,2026-04-15,2026-04,Surabaya,Enterprise VPN,Internet Down,Critical,Open,19,,,Enterprise,false,
TCK-2026-01828,2026-04-15,2026-04,Balikpapan,Mobile Broadband,Slow Connection,High,Open,16,,,Residential,false,
TCK-2026-01967,2026-04-15,2026-04,Makassar,Mobile Broadband,Slow Connection,Medium,Resolved,94,454,INC-2026-01912,Enterprise,false,3.4
TCK-2026-02121,2026-04-15,2026-04,Balikpapan,Cloud Connectivity,Enterprise SLA Complaint,Low,Resolved,100,860,,Public Sector,true,3.6
TCK-2026-02154,2026-04-15,2026-04,Bandung,IPTV,Intermittent Connection,Low,Resolved,146,888,,Residential,false,4.1
TCK-2026-02554,2026-04-15,2026-04,Surabaya,Voice,Installation Delay,Medium,In Progress,69,,INC-2026-00207,Residential,false,
TCK-2026-02808,2026-04-15,2026-04,Semarang,IPTV,Billing Related,Low,In Progress,97,,,Residential,false,
TCK-2026-03039,2026-04-15,2026-04,Denpasar,Fiber Internet,Billing Related,Medium,Resolved,97,600,,Residential,false,4.2
TCK-2026-03054,2026-04-15,2026-04,Jakarta,Cloud Connectivity,Enterprise SLA Complaint,Low,Open,110,,,Residential,false,
TCK-2026-03192,2026-04-15,2026-04,Palembang,Voice,Installation Delay,Medium,Closed,68,635,INC-2026-00092,Residential,false,4.8
TCK-2026-03361,2026-04-15,2026-04,Surabaya,Voice,Installation Delay,Low,In Progress,109,,INC-2026-00207,Public Sector,false,
TCK-2026-03958,2026-04-15,2026-04,Medan,Cloud Connectivity,Internet Down,Medium,In Progress,67,,,SMB,false,
TCK-2026-04105,2026-04-15,2026-04,Makassar,Cloud Connectivity,Installation Delay,High,Resolved,46,300,,Residential,false,2.3
TCK-2026-04360,2026-04-15,2026-04,Medan,Enterprise VPN,Installation Delay,Low,Resolved,102,794,INC-2026-01672,Residential,false,4.1
TCK-2026-04919,2026-04-15,2026-04,Bandung,Mobile Broadband,Internet Down,Critical,In Progress,2,,,SMB,false,
TCK-2026-00002,2026-04-16,2026-04,Denpasar,Fiber Internet,Router ONT Issue,Medium,Waiting Customer,101,,INC-2026-01898,Enterprise,true,
TCK-2026-00100,2026-04-16,2026-04,Jakarta,Fiber Internet,Billing Related,Medium,Closed,74,647,INC-2026-01608,Public Sector,false,4.1
TCK-2026-00534,2026-04-16,2026-04,Denpasar,Cloud Connectivity,Intermittent Connection,Medium,Resolved,88,476,,Enterprise,false,3.0
TCK-2026-00972,2026-04-16,2026-04,Denpasar,Fiber Internet,Intermittent Connection,High,Closed,30,240,INC-2026-01898,Residential,false,4.5
TCK-2026-01349,2026-04-16,2026-04,Denpasar,Fiber Internet,Enterprise SLA Complaint,Low,Closed,110,874,INC-2026-01898,SMB,false,4.3
TCK-2026-01492,2026-04-16,2026-04,Semarang,Enterprise VPN,Internet Down,High,Open,72,,INC-2026-01167,Enterprise,false,
TCK-2026-01720,2026-04-16,2026-04,Medan,Voice,Billing Related,Medium,Resolved,47,448,,Public Sector,false,4.5
TCK-2026-01778,2026-04-16,2026-04,Bandung,Mobile Broadband,Internet Down,Medium,In Progress,65,,,Residential,false,
TCK-2026-02591,2026-04-16,2026-04,Balikpapan,Fiber Internet,Slow Connection,Critical,In Progress,57,,INC-2026-00520,Enterprise,false,
TCK-2026-03336,2026-04-16,2026-04,Jakarta,Voice,Intermittent Connection,Medium,In Progress,74,,,SMB,false,
TCK-2026-03600,2026-04-16,2026-04,Surabaya,Fiber Internet,Internet Down,Medium,Open,68,,,Residential,false,
TCK-2026-03670,2026-04-16,2026-04,Bandung,IPTV,Internet Down,Medium,Resolved,82,545,INC-2026-01528,Residential,false,4.4
TCK-2026-03854,2026-04-16,2026-04,Palembang,Fiber Internet,Router ONT Issue,High,Resolved,61,163,,Enterprise,false,3.3
TCK-2026-04095,2026-04-16,2026-04,Makassar,Fiber Internet,Installation Delay,Critical,Resolved,2,125,INC-2026-02006,Residential,false,3.1
TCK-2026-04411,2026-04-16,2026-04,Bandung,IPTV,Router ONT Issue,Medium,Closed,82,441,INC-2026-01528,Enterprise,false,4.7
TCK-2026-04598,2026-04-16,2026-04,Balikpapan,Mobile Broadband,Installation Delay,Medium,Closed,63,521,INC-2026-01054,Residential,false,4.1
TCK-2026-05077,2026-04-16,2026-04,Surabaya,Cloud Connectivity,Internet Down,Low,Open,133,,,Residential,false,
TCK-2026-00580,2026-04-17,2026-04,Surabaya,Cloud Connectivity,Intermittent Connection,High,Closed,33,159,INC-2026-00901,SMB,false,3.4
TCK-2026-01008,2026-04-17,2026-04,Semarang,Enterprise VPN,Router ONT Issue,Low,Resolved,141,864,INC-2026-01468,Residential,true,4.0
TCK-2026-01023,2026-04-17,2026-04,Surabaya,Fiber Internet,Enterprise SLA Complaint,Medium,Resolved,83,590,,SMB,false,4.0
TCK-2026-01341,2026-04-17,2026-04,Semarang,Cloud Connectivity,Internet Down,Low,Open,111,,,Residential,false,
TCK-2026-01485,2026-04-17,2026-04,Semarang,IPTV,Billing Related,Critical,Resolved,2,276,,Public Sector,false,2.7
TCK-2026-01976,2026-04-17,2026-04,Bandung,Mobile Broadband,Billing Related,High,In Progress,39,,INC-2026-00934,Residential,false,
TCK-2026-02137,2026-04-17,2026-04,Bandung,Enterprise VPN,Slow Connection,Low,Resolved,118,890,INC-2026-01108,Residential,false,3.2
TCK-2026-02245,2026-04-17,2026-04,Denpasar,Cloud Connectivity,Intermittent Connection,Low,Waiting Customer,116,,INC-2026-01087,Residential,false,
TCK-2026-02680,2026-04-17,2026-04,Medan,Voice,Intermittent Connection,High,Closed,37,195,,Residential,false,3.9
TCK-2026-03865,2026-04-17,2026-04,Medan,Cloud Connectivity,Intermittent Connection,Medium,In Progress,62,,,Enterprise,true,
TCK-2026-04451,2026-04-17,2026-04,Denpasar,Cloud Connectivity,Internet Down,Medium,Closed,56,423,INC-2026-01087,Residential,false,5
TCK-2026-05109,2026-04-17,2026-04,Surabaya,Cloud Connectivity,Router ONT Issue,Low,Open,132,,INC-2026-00901,SMB,false,
TCK-2026-05164,2026-04-17,2026-04,Makassar,IPTV,Router ONT Issue,Low,In Progress,99,,INC-2026-00701,SMB,false,
TCK-2026-05236,2026-04-17,2026-04,Bandung,Mobile Broadband,Internet Down,High,In Progress,22,,INC-2026-00934,Residential,false,
TCK-2026-00606,2026-04-18,2026-04,Semarang,Mobile Broadband,Internet Down,Low,In Progress,106,,INC-2026-01822,SMB,false,
TCK-2026-00818,2026-04-18,2026-04,Makassar,Cloud Connectivity,Enterprise SLA Complaint,Medium,In Progress,75,,,Enterprise,false,
TCK-2026-00984,2026-04-18,2026-04,Yogyakarta,Cloud Connectivity,Slow Connection,Medium,Waiting Customer,54,,,Enterprise,false,
TCK-2026-01062,2026-04-18,2026-04,Yogyakarta,Voice,Intermittent Connection,High,Waiting Customer,16,,INC-2026-01219,Residential,false,
TCK-2026-01267,2026-04-18,2026-04,Makassar,Fiber Internet,Enterprise SLA Complaint,High,Resolved,33,185,INC-2026-00257,Residential,false,3.5
TCK-2026-01283,2026-04-18,2026-04,Semarang,Enterprise VPN,Internet Down,High,Closed,11,241,,Residential,false,3.0
TCK-2026-01811,2026-04-18,2026-04,Medan,Cloud Connectivity,Installation Delay,Low,Resolved,96,927,,Residential,false,3.0
TCK-2026-01977,2026-04-18,2026-04,Yogyakarta,Voice,Billing Related,Low,In Progress,118,,INC-2026-01219,SMB,false,
TCK-2026-02065,2026-04-18,2026-04,Denpasar,Cloud Connectivity,Billing Related,High,Waiting Customer,25,,INC-2026-00601,SMB,false,
TCK-2026-02197,2026-04-18,2026-04,Medan,Voice,Internet Down,Medium,Open,103,,,Residential,false,
TCK-2026-02709,2026-04-18,2026-04,Balikpapan,Cloud Connectivity,Slow Connection,Medium,Open,66,,,Residential,false,
TCK-2026-02733,2026-04-18,2026-04,Palembang,Mobile Broadband,Installation Delay,Low,Resolved,122,886,,Residential,false,3.0
TCK-2026-02810,2026-04-18,2026-04,Denpasar,Enterprise VPN,Router ONT Issue,Medium,Waiting Customer,100,,,Residential,false,
TCK-2026-02954,2026-04-18,2026-04,Medan,Fiber Internet,Internet Down,Medium,Resolved,88,360,,Residential,false,2.9
TCK-2026-02968,2026-04-18,2026-04,Denpasar,Cloud Connectivity,Installation Delay,Medium,Resolved,67,378,INC-2026-00601,Enterprise,false,2.7
TCK-2026-03295,2026-04-18,2026-04,Makassar,Cloud Connectivity,Router ONT Issue,Low,Open,111,,INC-2026-00594,Enterprise,true,
TCK-2026-03490,2026-04-18,2026-04,Denpasar,Enterprise VPN,Intermittent Connection,Medium,Open,87,,,Residential,false,
TCK-2026-03859,2026-04-18,2026-04,Jakarta,IPTV,Installation Delay,Medium,Open,94,,,Residential,false,
TCK-2026-04609,2026-04-18,2026-04,Balikpapan,Cloud Connectivity,Internet Down,High,Waiting Customer,53,,,Residential,false,
TCK-2026-05017,2026-04-18,2026-04,Medan,Mobile Broadband,Billing Related,Low,Closed,124,920,INC-2026-00058,Residential,false,4.6
TCK-2026-05107,2026-04-18,2026-04,Semarang,Cloud Connectivity,Slow Connection,Medium,Closed,91,369,,Residential,false,4.6
TCK-2026-05179,2026-04-18,2026-04,Bandung,Voice,Internet Down,Medium,In Progress,90,,,SMB,false,
TCK-2026-05288,2026-04-18,2026-04,Surabaya,Fiber Internet,Enterprise SLA Complaint,Low,Closed,133,905,,Public Sector,false,4.5
TCK-2026-05363,2026-04-18,2026-04,Makassar,Cloud Connectivity,Enterprise SLA Complaint,Medium,Closed,67,475,INC-2026-00594,Residential,false,3.7
TCK-2026-00076,2026-04-19,2026-04,Medan,Voice,Intermittent Connection,Medium,In Progress,97,,INC-2026-00634,SMB,false,
TCK-2026-00577,2026-04-19,2026-04,Makassar,Cloud Connectivity,Billing Related,Medium,Open,85,,,Public Sector,false,
TCK-2026-00705,2026-04-19,2026-04,Palembang,Fiber Internet,Slow Connection,Low,Resolved,91,949,,Enterprise,true,4.2
TCK-2026-00792,2026-04-19,2026-04,Medan,Mobile Broadband,Intermittent Connection,Low,In Progress,133,,INC-2026-02048,Residential,false,
TCK-2026-01247,2026-04-19,2026-04,Jakarta,Fiber Internet,Slow Connection,Medium,Closed,64,457,,SMB,false,4.9
TCK-2026-01323,2026-04-19,2026-04,Semarang,Fiber Internet,Router ONT Issue,High,Resolved,52,271,,Residential,false,2.8
TCK-2026-01817,2026-04-19,2026-04,Denpasar,Mobile Broadband,Installation Delay,High,Resolved,33,264,,Residential,false,4.4
TCK-2026-02639,2026-04-19,2026-04,Denpasar,Mobile Broadband,Internet Down,Medium,Closed,76,483,,Enterprise,false,4.5
TCK-2026-02871,2026-04-19,2026-04,Denpasar,Cloud Connectivity,Router ONT Issue,Low,Resolved,117,1098,,SMB,false,2.8
TCK-2026-02901,2026-04-19,2026-04,Palembang,Fiber Internet,Billing Related,High,Resolved,38,149,,Residential,false,2.7
TCK-2026-04036,2026-04-19,2026-04,Yogyakarta,IPTV,Installation Delay,High,Resolved,30,288,,SMB,false,2.2
TCK-2026-04111,2026-04-19,2026-04,Semarang,Fiber Internet,Enterprise SLA Complaint,High,Resolved,45,158,,Residential,false,4.1
TCK-2026-04591,2026-04-19,2026-04,Medan,Voice,Billing Related,Low,Closed,144,728,INC-2026-00634,Residential,true,4.3
TCK-2026-04802,2026-04-19,2026-04,Balikpapan,Mobile Broadband,Installation Delay,Low,Closed,94,786,,Enterprise,false,4.1
TCK-2026-00032,2026-04-20,2026-04,Balikpapan,Voice,Internet Down,Medium,Resolved,70,419,,Residential,false,4.5
TCK-2026-00177,2026-04-20,2026-04,Medan,Fiber Internet,Installation Delay,Medium,In Progress,82,,,Residential,false,
TCK-2026-00285,2026-04-20,2026-04,Balikpapan,Mobile Broadband,Intermittent Connection,Low,In Progress,128,,INC-2026-01517,Enterprise,true,
TCK-2026-00551,2026-04-20,2026-04,Medan,Mobile Broadband,Internet Down,Low,Closed,127,857,INC-2026-02050,Enterprise,false,4.2
TCK-2026-01147,2026-04-20,2026-04,Jakarta,Cloud Connectivity,Router ONT Issue,Low,Open,147,,,Residential,false,
TCK-2026-01210,2026-04-20,2026-04,Medan,Mobile Broadband,Enterprise SLA Complaint,High,Resolved,36,301,INC-2026-02050,Residential,false,3.8
TCK-2026-02657,2026-04-20,2026-04,Balikpapan,Cloud Connectivity,Enterprise SLA Complaint,Low,Open,121,,INC-2026-00764,SMB,false,
TCK-2026-03096,2026-04-20,2026-04,Makassar,IPTV,Intermittent Connection,High,Resolved,32,237,INC-2026-01591,Residential,true,3.6
TCK-2026-04324,2026-04-20,2026-04,Medan,Mobile Broadband,Installation Delay,High,Closed,47,250,INC-2026-02050,Residential,false,2.2
TCK-2026-04711,2026-04-20,2026-04,Bandung,Voice,Installation Delay,Medium,In Progress,72,,,Residential,true,
TCK-2026-05216,2026-04-20,2026-04,Semarang,IPTV,Enterprise SLA Complaint,Medium,In Progress,83,,,Residential,false,
TCK-2026-00003,2026-04-21,2026-04,Bandung,Fiber Internet,Slow Connection,Critical,In Progress,33,,,Enterprise,false,
TCK-2026-00555,2026-04-21,2026-04,Surabaya,IPTV,Enterprise SLA Complaint,Low,Resolved,117,701,INC-2026-01578,Residential,true,3.3
TCK-2026-00725,2026-04-21,2026-04,Jakarta,Voice,Slow Connection,High,Closed,51,218,,Residential,false,3.7
TCK-2026-01335,2026-04-21,2026-04,Medan,Enterprise VPN,Intermittent Connection,Low,Closed,90,896,,Residential,false,4.4
TCK-2026-01514,2026-04-21,2026-04,Surabaya,Cloud Connectivity,Router ONT Issue,High,Open,30,,INC-2026-01417,Residential,false,
TCK-2026-01622,2026-04-21,2026-04,Surabaya,Cloud Connectivity,Slow Connection,High,Resolved,22,218,INC-2026-01417,Enterprise,false,4.5
TCK-2026-02103,2026-04-21,2026-04,Palembang,Cloud Connectivity,Router ONT Issue,High,Open,21,,,Residential,true,
TCK-2026-02294,2026-04-21,2026-04,Jakarta,Mobile Broadband,Billing Related,Low,Resolved,86,916,,SMB,false,3.4
TCK-2026-02539,2026-04-21,2026-04,Medan,Mobile Broadband,Internet Down,Low,Open,139,,,SMB,false,
TCK-2026-02642,2026-04-21,2026-04,Semarang,Cloud Connectivity,Enterprise SLA Complaint,Medium,Closed,83,490,INC-2026-01922,Residential,false,2.4
TCK-2026-02818,2026-04-21,2026-04,Palembang,Enterprise VPN,Intermittent Connection,Medium,Closed,90,434,INC-2026-01693,Residential,false,4.2
TCK-2026-02870,2026-04-21,2026-04,Semarang,Enterprise VPN,Intermittent Connection,High,Resolved,2,292,INC-2026-02056,Residential,false,3.0
TCK-2026-03172,2026-04-21,2026-04,Bandung,Cloud Connectivity,Installation Delay,Low,Closed,100,856,,Residential,false,5
TCK-2026-03488,2026-04-21,2026-04,Jakarta,Mobile Broadband,Router ONT Issue,Medium,Resolved,68,614,INC-2026-00478,Residential,false,4.3
TCK-2026-03768,2026-04-21,2026-04,Jakarta,Mobile Broadband,Billing Related,Medium,In Progress,71,,,Residential,false,
TCK-2026-03781,2026-04-21,2026-04,Semarang,Cloud Connectivity,Slow Connection,Low,Resolved,138,817,INC-2026-01922,Public Sector,false,4.2
TCK-2026-04042,2026-04-21,2026-04,Semarang,IPTV,Intermittent Connection,High,In Progress,33,,,SMB,true,
TCK-2026-05074,2026-04-21,2026-04,Surabaya,Cloud Connectivity,Enterprise SLA Complaint,Medium,Closed,89,434,INC-2026-01417,Residential,false,3.5
TCK-2026-05150,2026-04-21,2026-04,Semarang,Cloud Connectivity,Installation Delay,Medium,In Progress,78,,INC-2026-01922,Residential,true,
TCK-2026-05396,2026-04-21,2026-04,Semarang,Enterprise VPN,Intermittent Connection,Medium,Closed,61,378,INC-2026-02056,Public Sector,false,5
TCK-2026-00411,2026-04-22,2026-04,Palembang,Cloud Connectivity,Intermittent Connection,Low,In Progress,96,,,SMB,true,
TCK-2026-00442,2026-04-22,2026-04,Bandung,Voice,Slow Connection,Low,Closed,156,871,,Residential,false,3.5
TCK-2026-00584,2026-04-22,2026-04,Medan,Voice,Installation Delay,Medium,Waiting Customer,62,,INC-2026-02182,Residential,false,
TCK-2026-00598,2026-04-22,2026-04,Bandung,Cloud Connectivity,Slow Connection,Low,In Progress,138,,,Enterprise,false,
TCK-2026-00668,2026-04-22,2026-04,Palembang,Mobile Broadband,Router ONT Issue,Critical,Closed,27,193,,Residential,true,3.8
TCK-2026-02752,2026-04-22,2026-04,Jakarta,Fiber Internet,Internet Down,Low,Waiting Customer,143,,,Enterprise,false,
TCK-2026-02817,2026-04-22,2026-04,Balikpapan,Fiber Internet,Installation Delay,Low,Open,138,,,Residential,false,
TCK-2026-03606,2026-04-22,2026-04,Surabaya,Enterprise VPN,Billing Related,Low,Closed,106,839,,SMB,false,3.3
TCK-2026-04276,2026-04-22,2026-04,Semarang,IPTV,Router ONT Issue,Medium,In Progress,67,,,Residential,false,
TCK-2026-04601,2026-04-22,2026-04,Surabaya,Voice,Intermittent Connection,Medium,Waiting Customer,73,,INC-2026-01533,Residential,false,
TCK-2026-04713,2026-04-22,2026-04,Yogyakarta,Enterprise VPN,Internet Down,Medium,Waiting Customer,71,,,Enterprise,false,
TCK-2026-00142,2026-04-23,2026-04,Makassar,Voice,Slow Connection,Low,Waiting Customer,150,,,Residential,false,
TCK-2026-00199,2026-04-23,2026-04,Denpasar,Cloud Connectivity,Slow Connection,Low,Closed,103,964,INC-2026-01648,Enterprise,false,4.4
TCK-2026-00477,2026-04-23,2026-04,Medan,Mobile Broadband,Router ONT Issue,Medium,Resolved,108,441,INC-2026-01061,Residential,false,3.4
TCK-2026-01128,2026-04-23,2026-04,Medan,Voice,Billing Related,Low,Resolved,134,745,INC-2026-01492,Residential,true,3.1
TCK-2026-01151,2026-04-23,2026-04,Surabaya,Voice,Internet Down,Low,In Progress,107,,INC-2026-01184,Residential,false,
TCK-2026-01240,2026-04-23,2026-04,Palembang,Mobile Broadband,Installation Delay,Medium,Closed,54,547,,SMB,false,3.4
TCK-2026-01792,2026-04-23,2026-04,Jakarta,IPTV,Router ONT Issue,Low,Closed,117,856,,Residential,false,3.4
TCK-2026-02129,2026-04-23,2026-04,Jakarta,Enterprise VPN,Enterprise SLA Complaint,High,Resolved,43,289,,SMB,false,3.2
TCK-2026-02301,2026-04-23,2026-04,Medan,IPTV,Installation Delay,Medium,Waiting Customer,56,,,Residential,false,
TCK-2026-02609,2026-04-23,2026-04,Balikpapan,IPTV,Billing Related,Medium,Resolved,58,409,,Residential,false,4.6
TCK-2026-02994,2026-04-23,2026-04,Palembang,Cloud Connectivity,Router ONT Issue,Medium,Closed,73,523,,Enterprise,false,4.2
TCK-2026-04147,2026-04-23,2026-04,Yogyakarta,Voice,Billing Related,Medium,Resolved,78,352,INC-2026-01251,Residential,false,4.6
TCK-2026-04832,2026-04-23,2026-04,Medan,Enterprise VPN,Intermittent Connection,Low,Resolved,90,868,INC-2026-00718,Residential,false,3.0
TCK-2026-04972,2026-04-23,2026-04,Surabaya,Voice,Billing Related,High,Resolved,59,172,INC-2026-01184,Residential,true,3.1
TCK-2026-04984,2026-04-23,2026-04,Bandung,Cloud Connectivity,Slow Connection,Medium,Open,85,,,Residential,false,
TCK-2026-05224,2026-04-23,2026-04,Yogyakarta,IPTV,Router ONT Issue,Medium,Closed,87,534,,SMB,false,5
TCK-2026-05325,2026-04-23,2026-04,Surabaya,Fiber Internet,Enterprise SLA Complaint,Low,Open,118,,,Residential,false,
TCK-2026-00189,2026-04-24,2026-04,Balikpapan,Voice,Installation Delay,Medium,Open,58,,INC-2026-00315,Residential,false,
TCK-2026-00305,2026-04-24,2026-04,Balikpapan,Mobile Broadband,Installation Delay,High,Resolved,2,304,,SMB,false,2.9
TCK-2026-00602,2026-04-24,2026-04,Makassar,Enterprise VPN,Enterprise SLA Complaint,Medium,In Progress,50,,,Residential,false,
TCK-2026-00643,2026-04-24,2026-04,Jakarta,Enterprise VPN,Billing Related,Medium,In Progress,76,,,Residential,false,
TCK-2026-01011,2026-04-24,2026-04,Medan,IPTV,Slow Connection,High,Closed,25,213,,Enterprise,false,3.4
TCK-2026-01207,2026-04-24,2026-04,Balikpapan,IPTV,Intermittent Connection,Medium,Closed,53,463,,Residential,false,3.1
TCK-2026-01312,2026-04-24,2026-04,Jakarta,Voice,Slow Connection,Low,Open,144,,INC-2026-00996,SMB,true,
TCK-2026-02212,2026-04-24,2026-04,Surabaya,Mobile Broadband,Billing Related,Low,Resolved,114,886,,Residential,false,2.7
TCK-2026-02233,2026-04-24,2026-04,Balikpapan,Voice,Router ONT Issue,High,Open,34,,INC-2026-00315,Residential,false,
TCK-2026-02333,2026-04-24,2026-04,Jakarta,Mobile Broadband,Internet Down,High,Waiting Customer,24,,,Residential,true,
TCK-2026-03384,2026-04-24,2026-04,Semarang,Fiber Internet,Internet Down,High,Resolved,26,237,,Enterprise,false,3.4
TCK-2026-03837,2026-04-24,2026-04,Palembang,Mobile Broadband,Installation Delay,High,Closed,22,440,,Enterprise,false,3.3
TCK-2026-03838,2026-04-24,2026-04,Surabaya,Cloud Connectivity,Installation Delay,Medium,Resolved,76,489,,Residential,false,3.2
TCK-2026-04332,2026-04-24,2026-04,Denpasar,IPTV,Internet Down,Low,Closed,92,954,,Residential,false,4.3
TCK-2026-04440,2026-04-24,2026-04,Jakarta,Fiber Internet,Router ONT Issue,Medium,Closed,60,555,,Enterprise,false,4.0
TCK-2026-04473,2026-04-24,2026-04,Palembang,Cloud Connectivity,Slow Connection,Low,Closed,115,945,,Enterprise,true,3.8
TCK-2026-00462,2026-04-25,2026-04,Semarang,Cloud Connectivity,Billing Related,Medium,In Progress,95,,,Residential,false,
TCK-2026-01212,2026-04-25,2026-04,Palembang,IPTV,Installation Delay,Medium,Open,65,,,Enterprise,false,
TCK-2026-01707,2026-04-25,2026-04,Surabaya,IPTV,Router ONT Issue,Medium,Resolved,84,642,,SMB,false,4.2
TCK-2026-02585,2026-04-25,2026-04,Balikpapan,Mobile Broadband,Installation Delay,High,Resolved,57,232,,SMB,false,3.5
TCK-2026-02989,2026-04-25,2026-04,Makassar,Cloud Connectivity,Internet Down,Medium,Resolved,87,446,,Residential,false,3.9
TCK-2026-03142,2026-04-25,2026-04,Denpasar,IPTV,Slow Connection,Low,Waiting Customer,120,,,Residential,false,
TCK-2026-03198,2026-04-25,2026-04,Medan,IPTV,Internet Down,Medium,Waiting Customer,45,,,Residential,false,
TCK-2026-04219,2026-04-25,2026-04,Denpasar,Cloud Connectivity,Internet Down,Medium,Closed,77,496,INC-2026-00103,Residential,false,3.8
TCK-2026-04974,2026-04-25,2026-04,Yogyakarta,Fiber Internet,Billing Related,High,Resolved,33,255,,Residential,false,2.8
TCK-2026-05023,2026-04-25,2026-04,Denpasar,Fiber Internet,Enterprise SLA Complaint,High,Resolved,19,364,,Enterprise,false,3.6
TCK-2026-05134,2026-04-25,2026-04,Balikpapan,Fiber Internet,Router ONT Issue,Low,Open,134,,INC-2026-01446,Residential,false,
TCK-2026-00942,2026-04-26,2026-04,Palembang,IPTV,Intermittent Connection,High,Resolved,20,135,,Residential,false,3.5
TCK-2026-01507,2026-04-26,2026-04,Palembang,Cloud Connectivity,Intermittent Connection,High,In Progress,62,,,Residential,false,
TCK-2026-01508,2026-04-26,2026-04,Denpasar,Cloud Connectivity,Router ONT Issue,Low,Closed,115,909,,Enterprise,false,4.2
TCK-2026-03348,2026-04-26,2026-04,Medan,Mobile Broadband,Intermittent Connection,Low,In Progress,136,,INC-2026-00512,Residential,false,
TCK-2026-03823,2026-04-26,2026-04,Surabaya,Fiber Internet,Internet Down,Low,Open,112,,,Enterprise,false,
TCK-2026-03881,2026-04-26,2026-04,Bandung,Cloud Connectivity,Intermittent Connection,Low,Closed,126,975,,Public Sector,false,4.4
TCK-2026-04387,2026-04-26,2026-04,Balikpapan,Cloud Connectivity,Installation Delay,Medium,Resolved,86,364,,Public Sector,false,2.8
TCK-2026-05256,2026-04-26,2026-04,Medan,Cloud Connectivity,Enterprise SLA Complaint,Medium,Open,104,,,Public Sector,false,
TCK-2026-01193,2026-04-27,2026-04,Medan,IPTV,Installation Delay,Low,Resolved,131,1036,,SMB,false,4.4
TCK-2026-01305,2026-04-27,2026-04,Balikpapan,Mobile Broadband,Billing Related,High,Resolved,42,254,,Residential,false,3.5
TCK-2026-01461,2026-04-27,2026-04,Medan,Cloud Connectivity,Installation Delay,High,Resolved,70,156,,Enterprise,false,2.9
TCK-2026-02083,2026-04-27,2026-04,Jakarta,Voice,Billing Related,Low,Resolved,149,830,,Enterprise,false,3.9
TCK-2026-02176,2026-04-27,2026-04,Surabaya,IPTV,Internet Down,High,Closed,69,69,INC-2026-00721,Enterprise,false,3.0
TCK-2026-02351,2026-04-27,2026-04,Semarang,IPTV,Installation Delay,Low,Resolved,105,782,,Residential,false,4.4
TCK-2026-02571,2026-04-27,2026-04,Surabaya,IPTV,Router ONT Issue,High,Resolved,21,286,INC-2026-00721,SMB,true,2.1
TCK-2026-02607,2026-04-27,2026-04,Medan,Cloud Connectivity,Installation Delay,Low,In Progress,116,,INC-2026-00578,Residential,false,
TCK-2026-02949,2026-04-27,2026-04,Yogyakarta,Cloud Connectivity,Internet Down,High,Closed,39,224,,Residential,false,3.5
TCK-2026-03131,2026-04-27,2026-04,Jakarta,Fiber Internet,Intermittent Connection,Medium,Resolved,54,395,,Residential,true,4.3
TCK-2026-03318,2026-04-27,2026-04,Yogyakarta,Voice,Installation Delay,Low,Closed,112,784,,Public Sector,true,3.7
TCK-2026-03497,2026-04-27,2026-04,Yogyakarta,Cloud Connectivity,Enterprise SLA Complaint,Critical,Resolved,5,177,,SMB,false,4.0
TCK-2026-03551,2026-04-27,2026-04,Denpasar,Fiber Internet,Intermittent Connection,Medium,Resolved,40,406,,Residential,false,4.3
TCK-2026-04650,2026-04-27,2026-04,Yogyakarta,Fiber Internet,Enterprise SLA Complaint,Medium,Closed,74,542,,Residential,false,5
TCK-2026-00328,2026-04-28,2026-04,Balikpapan,Mobile Broadband,Router ONT Issue,Low,Closed,102,943,INC-2026-00867,Residential,true,3.5
TCK-2026-01450,2026-04-28,2026-04,Surabaya,Mobile Broadband,Enterprise SLA Complaint,Low,Open,116,,,SMB,false,
TCK-2026-02235,2026-04-28,2026-04,Denpasar,IPTV,Intermittent Connection,Medium,Resolved,58,516,,Public Sector,false,4.2
TCK-2026-02296,2026-04-28,2026-04,Bandung,Mobile Broadband,Router ONT Issue,Low,In Progress,126,,,Residential,false,
TCK-2026-03464,2026-04-28,2026-04,Surabaya,IPTV,Enterprise SLA Complaint,Critical,Open,2,,INC-2026-00540,SMB,false,
TCK-2026-05270,2026-04-28,2026-04,Denpasar,Enterprise VPN,Installation Delay,Medium,Closed,75,385,,Residential,false,3.9
TCK-2026-00839,2026-04-29,2026-04,Yogyakarta,Cloud Connectivity,Intermittent Connection,Low,Resolved,121,820,,Residential,false,5
TCK-2026-00893,2026-04-29,2026-04,Balikpapan,Fiber Internet,Billing Related,Critical,Resolved,2,47,INC-2026-02129,Residential,false,4.3
TCK-2026-01058,2026-04-29,2026-04,Bandung,Fiber Internet,Intermittent Connection,Low,Resolved,130,723,,Residential,false,3.9
TCK-2026-01116,2026-04-29,2026-04,Surabaya,Enterprise VPN,Installation Delay,Low,Resolved,86,919,,SMB,false,3.8
TCK-2026-01872,2026-04-29,2026-04,Medan,Mobile Broadband,Internet Down,Medium,Resolved,88,380,,Enterprise,false,4.4
TCK-2026-01886,2026-04-29,2026-04,Denpasar,IPTV,Installation Delay,Medium,Closed,61,466,,Residential,false,3.9
TCK-2026-02461,2026-04-29,2026-04,Semarang,Fiber Internet,Intermittent Connection,Medium,In Progress,68,,,Residential,false,
TCK-2026-02759,2026-04-29,2026-04,Jakarta,Fiber Internet,Router ONT Issue,Low,Closed,110,920,,Public Sector,false,4.4
TCK-2026-03261,2026-04-29,2026-04,Semarang,Voice,Billing Related,Medium,Resolved,64,498,,Residential,false,4.3
TCK-2026-03667,2026-04-29,2026-04,Denpasar,IPTV,Intermittent Connection,High,In Progress,81,,,Residential,false,
TCK-2026-04962,2026-04-29,2026-04,Yogyakarta,IPTV,Enterprise SLA Complaint,Low,Waiting Customer,128,,,SMB,false,
TCK-2026-05067,2026-04-29,2026-04,Makassar,Voice,Slow Connection,Medium,Resolved,78,439,,Residential,false,4.7
TCK-2026-05192,2026-04-29,2026-04,Semarang,Voice,Installation Delay,Low,Open,140,,,Residential,false,
TCK-2026-00830,2026-04-30,2026-04,Makassar,IPTV,Enterprise SLA Complaint,Medium,Resolved,93,492,,Residential,false,2.9
TCK-2026-01527,2026-04-30,2026-04,Denpasar,Cloud Connectivity,Router ONT Issue,Low,Resolved,100,928,INC-2026-00875,SMB,false,4.7
TCK-2026-02328,2026-04-30,2026-04,Surabaya,Enterprise VPN,Router ONT Issue,Medium,Resolved,67,566,,Residential,false,3.8
TCK-2026-03697,2026-04-30,2026-04,Makassar,Fiber Internet,Slow Connection,Critical,Closed,31,63,,Residential,false,3.4
TCK-2026-03900,2026-04-30,2026-04,Bandung,Enterprise VPN,Billing Related,Low,In Progress,145,,,SMB,false,
TCK-2026-04118,2026-04-30,2026-04,Denpasar,Cloud Connectivity,Router ONT Issue,Low,Resolved,128,889,INC-2026-00875,Residential,false,4.1
TCK-2026-04335,2026-04-30,2026-04,Denpasar,Fiber Internet,Installation Delay,Medium,Resolved,90,450,,Residential,false,3.4
TCK-2026-04844,2026-04-30,2026-04,Surabaya,Mobile Broadband,Enterprise SLA Complaint,Medium,Waiting Customer,89,,,Residential,false,
TCK-2026-00023,2026-05-01,2026-05,Palembang,Fiber Internet,Billing Related,High,Closed,29,238,,Public Sector,true,3.7
TCK-2026-00349,2026-05-01,2026-05,Balikpapan,Mobile Broadband,Internet Down,Medium,Closed,76,424,,Residential,false,5
TCK-2026-00409,2026-05-01,2026-05,Surabaya,Enterprise VPN,Enterprise SLA Complaint,Low,Closed,145,903,,Enterprise,false,3.9
TCK-2026-00755,2026-05-01,2026-05,Palembang,Mobile Broadband,Billing Related,High,Resolved,25,267,,Residential,false,3.7
TCK-2026-02624,2026-05-01,2026-05,Balikpapan,Fiber Internet,Billing Related,Critical,Waiting Customer,70,,,Enterprise,true,
TCK-2026-03242,2026-05-01,2026-05,Surabaya,Cloud Connectivity,Billing Related,Critical,Closed,20,118,,SMB,false,4.1
TCK-2026-03507,2026-05-01,2026-05,Makassar,IPTV,Billing Related,Critical,In Progress,47,,INC-2026-00280,Residential,false,
TCK-2026-04927,2026-05-01,2026-05,Bandung,IPTV,Slow Connection,Medium,Resolved,94,645,,Residential,false,5
TCK-2026-00646,2026-05-02,2026-05,Denpasar,Fiber Internet,Router ONT Issue,Medium,Closed,102,611,,SMB,false,3.7
TCK-2026-01497,2026-05-02,2026-05,Medan,Fiber Internet,Internet Down,High,Closed,30,253,,Enterprise,false,5
TCK-2026-01785,2026-05-02,2026-05,Denpasar,Fiber Internet,Internet Down,Low,Resolved,139,951,INC-2026-01013,Enterprise,false,4.0
TCK-2026-02238,2026-05-02,2026-05,Yogyakarta,Cloud Connectivity,Billing Related,Low,Closed,85,1001,,SMB,false,5
TCK-2026-02779,2026-05-02,2026-05,Denpasar,Cloud Connectivity,Installation Delay,Medium,Closed,75,448,INC-2026-01205,Residential,false,4.8
TCK-2026-02780,2026-05-02,2026-05,Jakarta,Voice,Intermittent Connection,Medium,In Progress,72,,,Residential,false,
TCK-2026-03024,2026-05-02,2026-05,Surabaya,Fiber Internet,Slow Connection,Low,Resolved,130,918,,Residential,false,4.0
TCK-2026-03263,2026-05-02,2026-05,Balikpapan,Voice,Router ONT Issue,Medium,Closed,56,577,,SMB,false,4.3
TCK-2026-03746,2026-05-02,2026-05,Makassar,Cloud Connectivity,Installation Delay,High,Waiting Customer,53,,,Enterprise,false,
TCK-2026-03929,2026-05-02,2026-05,Denpasar,Mobile Broadband,Enterprise SLA Complaint,Low,Resolved,116,885,,Enterprise,false,3.2
TCK-2026-04821,2026-05-02,2026-05,Medan,Fiber Internet,Router ONT Issue,Critical,Resolved,6,83,,Enterprise,false,3.1
TCK-2026-05271,2026-05-02,2026-05,Balikpapan,Fiber Internet,Slow Connection,Low,Resolved,139,852,,Residential,true,5
TCK-2026-00981,2026-05-03,2026-05,Semarang,Enterprise VPN,Internet Down,Low,In Progress,150,,,Residential,false,
TCK-2026-01153,2026-05-03,2026-05,Makassar,Cloud Connectivity,Router ONT Issue,Medium,Resolved,99,563,,Residential,false,4.2
TCK-2026-01765,2026-05-03,2026-05,Makassar,Mobile Broadband,Intermittent Connection,Medium,Resolved,63,453,INC-2026-00595,Residential,false,4.6
TCK-2026-01943,2026-05-03,2026-05,Makassar,Voice,Router ONT Issue,Medium,Waiting Customer,76,,,SMB,false,
TCK-2026-02122,2026-05-03,2026-05,Palembang,Fiber Internet,Slow Connection,High,Resolved,53,300,,SMB,false,3.8
TCK-2026-02132,2026-05-03,2026-05,Surabaya,IPTV,Intermittent Connection,Medium,Waiting Customer,57,,INC-2026-01445,Residential,false,
TCK-2026-02183,2026-05-03,2026-05,Medan,Mobile Broadband,Slow Connection,Medium,Open,85,,INC-2026-01338,Residential,false,
TCK-2026-02603,2026-05-03,2026-05,Palembang,Mobile Broadband,Internet Down,Medium,Open,58,,,Residential,false,
TCK-2026-02660,2026-05-03,2026-05,Balikpapan,Voice,Installation Delay,Medium,In Progress,86,,,Enterprise,false,
TCK-2026-02669,2026-05-03,2026-05,Surabaya,Voice,Billing Related,Low,In Progress,122,,,Residential,false,
TCK-2026-04173,2026-05-03,2026-05,Denpasar,Enterprise VPN,Billing Related,Low,Resolved,115,870,,Enterprise,false,2.8
TCK-2026-04361,2026-05-03,2026-05,Surabaya,IPTV,Router ONT Issue,Low,Waiting Customer,109,,INC-2026-01445,SMB,false,
TCK-2026-04371,2026-05-03,2026-05,Makassar,Voice,Internet Down,Low,Resolved,76,916,,SMB,false,3.7
TCK-2026-04989,2026-05-03,2026-05,Denpasar,IPTV,Intermittent Connection,High,In Progress,11,,,Residential,false,
TCK-2026-05306,2026-05-03,2026-05,Jakarta,Fiber Internet,Slow Connection,Low,In Progress,102,,INC-2026-01168,SMB,false,
TCK-2026-00009,2026-05-04,2026-05,Makassar,Mobile Broadband,Intermittent Connection,Medium,In Progress,85,,INC-2026-00333,Enterprise,false,
TCK-2026-00518,2026-05-04,2026-05,Balikpapan,IPTV,Enterprise SLA Complaint,Low,In Progress,135,,INC-2026-01322,Residential,false,
TCK-2026-00889,2026-05-04,2026-05,Makassar,Mobile Broadband,Intermittent Connection,Low,In Progress,94,,INC-2026-00333,Residential,false,
TCK-2026-01334,2026-05-04,2026-05,Balikpapan,IPTV,Installation Delay,High,In Progress,40,,INC-2026-01322,Residential,false,
TCK-2026-01415,2026-05-04,2026-05,Makassar,Mobile Broadband,Installation Delay,Critical,In Progress,2,,INC-2026-00333,SMB,true,
TCK-2026-02322,2026-05-04,2026-05,Semarang,Cloud Connectivity,Installation Delay,Medium,Resolved,95,654,INC-2026-00185,Public Sector,false,3.4
TCK-2026-02340,2026-05-04,2026-05,Medan,Fiber Internet,Router ONT Issue,Low,In Progress,128,,,Residential,false,
TCK-2026-02445,2026-05-04,2026-05,Yogyakarta,Mobile Broadband,Slow Connection,Medium,In Progress,97,,,Residential,false,
TCK-2026-03899,2026-05-04,2026-05,Palembang,Mobile Broadband,Enterprise SLA Complaint,Low,Resolved,124,854,INC-2026-00911,Residential,false,4.0
TCK-2026-03923,2026-05-04,2026-05,Makassar,Cloud Connectivity,Slow Connection,Medium,Closed,82,504,,Residential,false,4.4
TCK-2026-04365,2026-05-04,2026-05,Medan,Enterprise VPN,Enterprise SLA Complaint,Medium,Waiting Customer,55,,,Residential,false,
TCK-2026-00485,2026-05-05,2026-05,Denpasar,Voice,Router ONT Issue,Medium,Waiting Customer,84,,,Residential,false,
TCK-2026-01196,2026-05-05,2026-05,Surabaya,Mobile Broadband,Internet Down,High,Open,20,,,Residential,false,
TCK-2026-01680,2026-05-05,2026-05,Palembang,Fiber Internet,Enterprise SLA Complaint,High,Closed,51,265,,Residential,true,2.8
TCK-2026-02052,2026-05-05,2026-05,Bandung,IPTV,Intermittent Connection,Low,Open,140,,,SMB,false,
TCK-2026-02067,2026-05-05,2026-05,Bandung,Voice,Router ONT Issue,Low,Closed,137,967,,SMB,true,4.2
TCK-2026-02940,2026-05-05,2026-05,Semarang,Cloud Connectivity,Intermittent Connection,Medium,Closed,77,336,INC-2026-00222,Enterprise,false,3.4
TCK-2026-03796,2026-05-05,2026-05,Makassar,Mobile Broadband,Slow Connection,Low,Closed,118,866,,Public Sector,false,4.1
TCK-2026-04459,2026-05-05,2026-05,Jakarta,IPTV,Internet Down,High,Closed,3,355,,Residential,false,3.0
TCK-2026-04505,2026-05-05,2026-05,Semarang,Fiber Internet,Slow Connection,Medium,Open,83,,,Enterprise,false,
TCK-2026-04538,2026-05-05,2026-05,Makassar,Enterprise VPN,Billing Related,Low,Open,107,,,Residential,false,
TCK-2026-04952,2026-05-05,2026-05,Jakarta,Cloud Connectivity,Slow Connection,High,In Progress,36,,,Public Sector,false,
TCK-2026-05142,2026-05-05,2026-05,Semarang,Cloud Connectivity,Router ONT Issue,Medium,Waiting Customer,72,,INC-2026-00222,Residential,false,
TCK-2026-05380,2026-05-05,2026-05,Yogyakarta,Cloud Connectivity,Enterprise SLA Complaint,Low,Resolved,113,899,,Residential,false,3.6
TCK-2026-00498,2026-05-06,2026-05,Palembang,IPTV,Installation Delay,Medium,Open,94,,INC-2026-00611,Residential,false,
TCK-2026-00904,2026-05-06,2026-05,Denpasar,Voice,Slow Connection,Medium,Resolved,85,412,INC-2026-01791,Enterprise,false,4.6
TCK-2026-00908,2026-05-06,2026-05,Balikpapan,IPTV,Billing Related,High,Resolved,8,215,INC-2026-00434,Residential,false,3.3
TCK-2026-01211,2026-05-06,2026-05,Surabaya,IPTV,Billing Related,Low,Resolved,143,995,INC-2026-00729,Enterprise,false,3.2
TCK-2026-01337,2026-05-06,2026-05,Balikpapan,IPTV,Intermittent Connection,Low,Resolved,92,953,INC-2026-00434,Residential,false,3.4
TCK-2026-01581,2026-05-06,2026-05,Medan,Voice,Installation Delay,Low,In Progress,104,,,Public Sector,false,
TCK-2026-02538,2026-05-06,2026-05,Denpasar,Voice,Router ONT Issue,Low,Closed,133,968,INC-2026-01791,Residential,false,4.8
TCK-2026-02541,2026-05-06,2026-05,Medan,Enterprise VPN,Router ONT Issue,Low,Resolved,106,928,,Residential,false,3.2
TCK-2026-02637,2026-05-06,2026-05,Balikpapan,Enterprise VPN,Enterprise SLA Complaint,Low,Closed,124,901,INC-2026-01738,Residential,false,3.6
TCK-2026-02865,2026-05-06,2026-05,Makassar,Fiber Internet,Slow Connection,Critical,Closed,23,23,,Residential,false,3.6
TCK-2026-03343,2026-05-06,2026-05,Balikpapan,Enterprise VPN,Enterprise SLA Complaint,Low,In Progress,128,,INC-2026-01738,Public Sector,false,
TCK-2026-03409,2026-05-06,2026-05,Balikpapan,Enterprise VPN,Router ONT Issue,Low,Resolved,135,969,INC-2026-01738,Enterprise,false,4.7
TCK-2026-03621,2026-05-06,2026-05,Balikpapan,IPTV,Intermittent Connection,Low,Resolved,129,865,INC-2026-00434,SMB,false,3.5
TCK-2026-03672,2026-05-06,2026-05,Semarang,Cloud Connectivity,Billing Related,Low,Resolved,156,928,,Enterprise,false,2.8
TCK-2026-03807,2026-05-06,2026-05,Makassar,Enterprise VPN,Internet Down,Medium,Open,68,,,Residential,false,
TCK-2026-04007,2026-05-06,2026-05,Balikpapan,Enterprise VPN,Internet Down,Medium,Closed,67,407,INC-2026-01738,Residential,false,2.9
TCK-2026-04953,2026-05-06,2026-05,Medan,Cloud Connectivity,Billing Related,High,Closed,17,296,INC-2026-01671,Residential,false,3.4
TCK-2026-05319,2026-05-06,2026-05,Semarang,Voice,Enterprise SLA Complaint,Low,Open,130,,,SMB,false,
TCK-2026-00239,2026-05-07,2026-05,Palembang,Voice,Enterprise SLA Complaint,Low,Resolved,108,920,,Residential,false,4.7
TCK-2026-00292,2026-05-07,2026-05,Bandung,Fiber Internet,Internet Down,Medium,In Progress,81,,,Residential,false,
TCK-2026-00950,2026-05-07,2026-05,Palembang,Cloud Connectivity,Enterprise SLA Complaint,Medium,Resolved,58,403,,Residential,false,3.4
TCK-2026-01120,2026-05-07,2026-05,Jakarta,Fiber Internet,Enterprise SLA Complaint,Low,Resolved,116,874,INC-2026-00974,SMB,false,3.7
TCK-2026-01440,2026-05-07,2026-05,Palembang,Mobile Broadband,Internet Down,Medium,Closed,92,496,,Residential,false,4.8
TCK-2026-01501,2026-05-07,2026-05,Semarang,Cloud Connectivity,Slow Connection,Low,Resolved,131,771,,SMB,false,4.3
TCK-2026-01721,2026-05-07,2026-05,Semarang,IPTV,Installation Delay,Low,Open,143,,,Residential,false,
TCK-2026-02228,2026-05-07,2026-05,Medan,IPTV,Router ONT Issue,Low,In Progress,98,,INC-2026-00159,Public Sector,false,
TCK-2026-02663,2026-05-07,2026-05,Semarang,Mobile Broadband,Installation Delay,Critical,In Progress,41,,,Residential,false,
TCK-2026-02941,2026-05-07,2026-05,Balikpapan,IPTV,Enterprise SLA Complaint,Low,Closed,122,753,,Residential,false,3.9
TCK-2026-03706,2026-05-07,2026-05,Bandung,Cloud Connectivity,Enterprise SLA Complaint,Medium,Resolved,94,460,,Residential,false,3.6
TCK-2026-04076,2026-05-07,2026-05,Medan,Mobile Broadband,Router ONT Issue,Medium,Resolved,79,432,,SMB,false,5
TCK-2026-04293,2026-05-07,2026-05,Jakarta,Fiber Internet,Billing Related,Low,Resolved,142,875,INC-2026-00974,SMB,false,3.5
TCK-2026-04661,2026-05-07,2026-05,Balikpapan,Mobile Broadband,Intermittent Connection,Medium,Resolved,101,453,INC-2026-00227,SMB,false,4.0
TCK-2026-04672,2026-05-07,2026-05,Palembang,Voice,Enterprise SLA Complaint,Low,Resolved,126,724,,SMB,true,3.6
TCK-2026-00082,2026-05-08,2026-05,Yogyakarta,Fiber Internet,Router ONT Issue,High,Closed,34,235,,Residential,false,2.8
TCK-2026-00508,2026-05-08,2026-05,Yogyakarta,Voice,Router ONT Issue,Medium,In Progress,93,,INC-2026-00935,Residential,false,
TCK-2026-00762,2026-05-08,2026-05,Yogyakarta,Voice,Installation Delay,Critical,Resolved,2,37,INC-2026-00935,Residential,false,2.5
TCK-2026-00998,2026-05-08,2026-05,Surabaya,Enterprise VPN,Installation Delay,Medium,Closed,78,459,,Residential,true,3.8
TCK-2026-01183,2026-05-08,2026-05,Medan,IPTV,Router ONT Issue,High,Waiting Customer,35,,INC-2026-02150,Residential,false,
TCK-2026-01348,2026-05-08,2026-05,Balikpapan,Fiber Internet,Installation Delay,Low,Waiting Customer,134,,INC-2026-00125,Enterprise,false,
TCK-2026-01465,2026-05-08,2026-05,Yogyakarta,Voice,Enterprise SLA Complaint,Low,Closed,100,812,,SMB,false,4.5
TCK-2026-01482,2026-05-08,2026-05,Jakarta,IPTV,Intermittent Connection,Low,Open,88,,INC-2026-02177,Residential,false,
TCK-2026-01905,2026-05-08,2026-05,Bandung,Cloud Connectivity,Internet Down,Critical,Waiting Customer,2,,,Residential,false,
TCK-2026-03064,2026-05-08,2026-05,Yogyakarta,Voice,Enterprise SLA Complaint,High,Resolved,8,396,INC-2026-00935,Residential,false,2.7
TCK-2026-03255,2026-05-08,2026-05,Medan,Enterprise VPN,Enterprise SLA Complaint,High,Closed,23,371,,Enterprise,false,2.9
TCK-2026-03287,2026-05-08,2026-05,Semarang,Mobile Broadband,Internet Down,High,In Progress,43,,,Public Sector,false,
TCK-2026-03302,2026-05-08,2026-05,Makassar,Voice,Intermittent Connection,Low,Waiting Customer,97,,,Residential,false,
TCK-2026-03457,2026-05-08,2026-05,Yogyakarta,Voice,Router ONT Issue,High,Resolved,28,175,INC-2026-00935,Enterprise,false,3.6
TCK-2026-03582,2026-05-08,2026-05,Denpasar,Voice,Installation Delay,Low,In Progress,133,,INC-2026-00172,Residential,false,
TCK-2026-03890,2026-05-08,2026-05,Semarang,Fiber Internet,Router ONT Issue,Low,In Progress,104,,,Residential,false,
TCK-2026-04564,2026-05-08,2026-05,Medan,IPTV,Intermittent Connection,Low,Open,104,,INC-2026-02150,Public Sector,true,
TCK-2026-04587,2026-05-08,2026-05,Makassar,IPTV,Billing Related,High,Closed,54,225,INC-2026-00541,Enterprise,true,3.1
TCK-2026-04881,2026-05-08,2026-05,Medan,IPTV,Intermittent Connection,Low,Closed,133,998,,Enterprise,true,4.8
TCK-2026-05222,2026-05-08,2026-05,Palembang,Voice,Intermittent Connection,High,Resolved,25,219,INC-2026-01510,SMB,false,3.1
TCK-2026-05350,2026-05-08,2026-05,Denpasar,Voice,Internet Down,Low,Resolved,110,838,INC-2026-00172,Residential,false,4.4
TCK-2026-00293,2026-05-09,2026-05,Palembang,Mobile Broadband,Enterprise SLA Complaint,Medium,In Progress,69,,INC-2026-00192,Public Sector,false,
TCK-2026-00698,2026-05-09,2026-05,Bandung,Voice,Billing Related,Low,Closed,121,877,INC-2026-02046,SMB,false,3.7
TCK-2026-01281,2026-05-09,2026-05,Bandung,Fiber Internet,Slow Connection,Medium,Waiting Customer,98,,,Residential,false,
TCK-2026-01532,2026-05-09,2026-05,Jakarta,IPTV,Router ONT Issue,Low,Open,109,,,Residential,false,
TCK-2026-01674,2026-05-09,2026-05,Makassar,Mobile Broadband,Enterprise SLA Complaint,Medium,Open,95,,,Residential,false,
TCK-2026-01986,2026-05-09,2026-05,Jakarta,Cloud Connectivity,Router ONT Issue,Low,Closed,101,988,INC-2026-00319,SMB,false,4.0
TCK-2026-02003,2026-05-09,2026-05,Balikpapan,IPTV,Billing Related,Medium,Waiting Customer,57,,INC-2026-00412,Residential,false,
TCK-2026-02006,2026-05-09,2026-05,Makassar,Cloud Connectivity,Internet Down,Low,Closed,109,1015,,Residential,false,4.4
TCK-2026-02113,2026-05-09,2026-05,Palembang,Cloud Connectivity,Slow Connection,Low,Resolved,144,858,,SMB,false,4.0
TCK-2026-02184,2026-05-09,2026-05,Jakarta,Cloud Connectivity,Enterprise SLA Complaint,Low,Resolved,120,917,INC-2026-00319,Residential,false,3.2
TCK-2026-02272,2026-05-09,2026-05,Balikpapan,Fiber Internet,Router ONT Issue,Medium,In Progress,88,,,SMB,false,
TCK-2026-02369,2026-05-09,2026-05,Medan,IPTV,Intermittent Connection,Low,In Progress,127,,,Residential,false,
TCK-2026-02770,2026-05-09,2026-05,Medan,Fiber Internet,Intermittent Connection,Low,Open,150,,,Residential,false,
TCK-2026-03106,2026-05-09,2026-05,Yogyakarta,Voice,Slow Connection,Low,Closed,114,939,,SMB,false,4.5
TCK-2026-03341,2026-05-09,2026-05,Denpasar,Voice,Enterprise SLA Complaint,Medium,Open,63,,,Residential,false,
TCK-2026-03429,2026-05-09,2026-05,Yogyakarta,Cloud Connectivity,Billing Related,Low,Resolved,97,823,INC-2026-00055,Residential,false,3.6
TCK-2026-03661,2026-05-09,2026-05,Bandung,Voice,Enterprise SLA Complaint,Medium,Closed,73,487,INC-2026-02046,Enterprise,false,4.0
TCK-2026-04061,2026-05-09,2026-05,Palembang,Mobile Broadband,Installation Delay,Low,Closed,127,921,INC-2026-00192,SMB,false,5
TCK-2026-04284,2026-05-09,2026-05,Makassar,Voice,Billing Related,Medium,Waiting Customer,83,,,Residential,true,
TCK-2026-04674,2026-05-09,2026-05,Medan,IPTV,Internet Down,Low,Resolved,139,885,,Residential,false,4.4
TCK-2026-04718,2026-05-09,2026-05,Makassar,Fiber Internet,Installation Delay,Medium,Resolved,65,386,,Residential,false,4.3
TCK-2026-05015,2026-05-09,2026-05,Medan,Fiber Internet,Router ONT Issue,Critical,Resolved,31,31,,Residential,false,3.5
TCK-2026-05180,2026-05-09,2026-05,Surabaya,Enterprise VPN,Billing Related,Medium,Resolved,77,483,,Residential,false,4.7
TCK-2026-05199,2026-05-09,2026-05,Balikpapan,Enterprise VPN,Slow Connection,High,Waiting Customer,25,,,Enterprise,false,
TCK-2026-05289,2026-05-09,2026-05,Yogyakarta,Cloud Connectivity,Slow Connection,Medium,Resolved,82,637,INC-2026-00055,SMB,false,3.6
TCK-2026-05333,2026-05-09,2026-05,Bandung,Voice,Intermittent Connection,Low,Resolved,146,909,,SMB,false,5
TCK-2026-00437,2026-05-10,2026-05,Bandung,Voice,Router ONT Issue,Medium,Resolved,90,423,INC-2026-01977,SMB,true,3.9
TCK-2026-00709,2026-05-10,2026-05,Denpasar,IPTV,Intermittent Connection,Low,Open,88,,,Residential,false,
TCK-2026-00732,2026-05-10,2026-05,Jakarta,Cloud Connectivity,Installation Delay,High,Closed,38,298,,Residential,false,2.5
TCK-2026-00898,2026-05-10,2026-05,Bandung,Voice,Installation Delay,Low,Waiting Customer,115,,INC-2026-01977,SMB,false,
TCK-2026-01287,2026-05-10,2026-05,Palembang,Voice,Enterprise SLA Complaint,Low,Resolved,98,919,,Residential,false,5
TCK-2026-01300,2026-05-10,2026-05,Bandung,Voice,Installation Delay,Low,Resolved,110,1000,INC-2026-01977,Residential,true,4.2
TCK-2026-01902,2026-05-10,2026-05,Palembang,IPTV,Router ONT Issue,Medium,Resolved,110,621,,Residential,false,3.2
TCK-2026-02520,2026-05-10,2026-05,Yogyakarta,Voice,Router ONT Issue,Low,Resolved,120,1006,,SMB,false,4.1
TCK-2026-03151,2026-05-10,2026-05,Medan,Cloud Connectivity,Internet Down,High,In Progress,47,,,Residential,false,
TCK-2026-03162,2026-05-10,2026-05,Makassar,Enterprise VPN,Internet Down,High,Resolved,15,365,,Residential,false,2.0
TCK-2026-03983,2026-05-10,2026-05,Yogyakarta,IPTV,Slow Connection,Low,Resolved,131,879,,Residential,true,5
TCK-2026-04213,2026-05-10,2026-05,Yogyakarta,IPTV,Router ONT Issue,Medium,In Progress,99,,,Residential,true,
TCK-2026-04785,2026-05-10,2026-05,Yogyakarta,Mobile Broadband,Installation Delay,Medium,Open,71,,,Residential,false,
TCK-2026-04854,2026-05-10,2026-05,Bandung,Mobile Broadband,Enterprise SLA Complaint,High,In Progress,33,,,SMB,false,
TCK-2026-05019,2026-05-10,2026-05,Denpasar,Voice,Installation Delay,High,Closed,60,234,,Residential,false,3.6
TCK-2026-00321,2026-05-11,2026-05,Medan,Cloud Connectivity,Router ONT Issue,High,Waiting Customer,20,,,Public Sector,false,
TCK-2026-00547,2026-05-11,2026-05,Palembang,Enterprise VPN,Intermittent Connection,Low,Waiting Customer,123,,,SMB,false,
TCK-2026-00959,2026-05-11,2026-05,Makassar,Mobile Broadband,Intermittent Connection,Low,Waiting Customer,113,,INC-2026-01882,Residential,false,
TCK-2026-01140,2026-05-11,2026-05,Makassar,Mobile Broadband,Intermittent Connection,Low,Resolved,108,865,INC-2026-01882,Residential,false,4.2
TCK-2026-01470,2026-05-11,2026-05,Denpasar,Mobile Broadband,Slow Connection,Medium,Resolved,98,437,,Residential,false,5
TCK-2026-01545,2026-05-11,2026-05,Surabaya,Voice,Router ONT Issue,Medium,Open,84,,,Enterprise,false,
TCK-2026-01861,2026-05-11,2026-05,Denpasar,Fiber Internet,Router ONT Issue,Low,Resolved,117,825,INC-2026-01980,Public Sector,true,3.2
TCK-2026-02246,2026-05-11,2026-05,Yogyakarta,Cloud Connectivity,Enterprise SLA Complaint,Medium,Waiting Customer,82,,,Residential,false,
TCK-2026-02528,2026-05-11,2026-05,Semarang,Enterprise VPN,Intermittent Connection,Medium,Closed,43,448,,Residential,false,4.2
TCK-2026-02837,2026-05-11,2026-05,Jakarta,IPTV,Intermittent Connection,Medium,Waiting Customer,63,,,Residential,false,
TCK-2026-03148,2026-05-11,2026-05,Jakarta,Enterprise VPN,Internet Down,Low,Resolved,90,1000,,Residential,false,3.4
TCK-2026-03243,2026-05-11,2026-05,Jakarta,Voice,Internet Down,Low,Resolved,95,700,,Residential,false,3.6
TCK-2026-03370,2026-05-11,2026-05,Denpasar,Fiber Internet,Internet Down,Low,Resolved,136,961,INC-2026-01980,Enterprise,false,4.7
TCK-2026-03974,2026-05-11,2026-05,Medan,Enterprise VPN,Installation Delay,Medium,Closed,84,509,,Residential,false,4.2
TCK-2026-04532,2026-05-11,2026-05,Denpasar,Fiber Internet,Enterprise SLA Complaint,Medium,Waiting Customer,78,,,SMB,false,
TCK-2026-04647,2026-05-11,2026-05,Jakarta,Enterprise VPN,Enterprise SLA Complaint,Medium,Resolved,97,444,,SMB,false,4.7
TCK-2026-04973,2026-05-11,2026-05,Bandung,Enterprise VPN,Internet Down,High,Waiting Customer,2,,,Residential,false,
TCK-2026-00687,2026-05-12,2026-05,Surabaya,Enterprise VPN,Router ONT Issue,Medium,In Progress,81,,,Residential,false,
TCK-2026-00924,2026-05-12,2026-05,Makassar,IPTV,Router ONT Issue,Low,Open,141,,,SMB,false,
TCK-2026-01615,2026-05-12,2026-05,Semarang,Fiber Internet,Billing Related,High,Resolved,19,209,,SMB,false,4.6
TCK-2026-02217,2026-05-12,2026-05,Semarang,Cloud Connectivity,Router ONT Issue,Low,Resolved,97,864,INC-2026-01792,Residential,false,5
TCK-2026-02707,2026-05-12,2026-05,Palembang,IPTV,Billing Related,Medium,Closed,80,504,,Residential,false,4.3
TCK-2026-02872,2026-05-12,2026-05,Bandung,Mobile Broadband,Intermittent Connection,High,Resolved,6,242,INC-2026-00647,Residential,false,2.6
TCK-2026-03188,2026-05-12,2026-05,Surabaya,Mobile Broadband,Billing Related,Low,Closed,104,1012,,Residential,false,4.7
TCK-2026-04529,2026-05-12,2026-05,Jakarta,Voice,Router ONT Issue,Low,In Progress,144,,INC-2026-01095,Residential,false,
TCK-2026-04758,2026-05-12,2026-05,Jakarta,Voice,Router ONT Issue,High,Resolved,68,189,INC-2026-01095,Residential,false,3.9
TCK-2026-04818,2026-05-12,2026-05,Semarang,Cloud Connectivity,Internet Down,Medium,Resolved,82,614,INC-2026-01792,Residential,false,3.8
TCK-2026-00857,2026-05-13,2026-05,Yogyakarta,Enterprise VPN,Installation Delay,Critical,Resolved,2,130,,Residential,false,4.0
TCK-2026-01103,2026-05-13,2026-05,Medan,IPTV,Billing Related,Low,Closed,79,969,,Residential,false,3.9
TCK-2026-01690,2026-05-13,2026-05,Surabaya,Fiber Internet,Billing Related,Critical,Resolved,21,236,INC-2026-02125,Residential,true,2.7
TCK-2026-01775,2026-05-13,2026-05,Surabaya,Fiber Internet,Internet Down,Critical,In Progress,2,,INC-2026-02125,Residential,false,
TCK-2026-01888,2026-05-13,2026-05,Yogyakarta,IPTV,Router ONT Issue,Low,Closed,131,812,INC-2026-01041,Enterprise,false,4.4
TCK-2026-03311,2026-05-13,2026-05,Yogyakarta,IPTV,Installation Delay,Medium,Closed,90,347,INC-2026-01041,Residential,false,3.2
TCK-2026-04208,2026-05-13,2026-05,Jakarta,Fiber Internet,Intermittent Connection,Low,In Progress,122,,,SMB,false,
TCK-2026-04300,2026-05-13,2026-05,Jakarta,IPTV,Internet Down,Medium,In Progress,73,,,Residential,false,
TCK-2026-04424,2026-05-13,2026-05,Medan,Cloud Connectivity,Router ONT Issue,Medium,Resolved,88,462,,SMB,false,4.2
TCK-2026-04689,2026-05-13,2026-05,Denpasar,Voice,Internet Down,Medium,Waiting Customer,53,,,Enterprise,false,
TCK-2026-00165,2026-05-14,2026-05,Surabaya,Fiber Internet,Intermittent Connection,Medium,Closed,69,342,,Residential,false,3.2
TCK-2026-00605,2026-05-14,2026-05,Makassar,Fiber Internet,Billing Related,Low,Closed,113,845,,Residential,false,4.2
TCK-2026-01115,2026-05-14,2026-05,Denpasar,Fiber Internet,Installation Delay,Medium,In Progress,82,,INC-2026-00804,Residential,false,
TCK-2026-01274,2026-05-14,2026-05,Palembang,Cloud Connectivity,Installation Delay,Low,Resolved,111,779,,Residential,false,4.4
TCK-2026-01338,2026-05-14,2026-05,Balikpapan,Fiber Internet,Billing Related,Medium,Waiting Customer,59,,,Residential,false,
TCK-2026-01366,2026-05-14,2026-05,Medan,IPTV,Router ONT Issue,Low,Open,122,,INC-2026-01930,Residential,false,
TCK-2026-01444,2026-05-14,2026-05,Semarang,Cloud Connectivity,Billing Related,Low,Resolved,116,811,,Enterprise,false,5
TCK-2026-01536,2026-05-14,2026-05,Semarang,Cloud Connectivity,Internet Down,Medium,Resolved,70,362,INC-2026-00511,SMB,false,4.0
TCK-2026-01880,2026-05-14,2026-05,Jakarta,IPTV,Enterprise SLA Complaint,Low,Resolved,129,934,INC-2026-01174,SMB,false,4.0
TCK-2026-02416,2026-05-14,2026-05,Jakarta,IPTV,Slow Connection,High,Open,11,,INC-2026-01174,Residential,false,
TCK-2026-03267,2026-05-14,2026-05,Yogyakarta,Enterprise VPN,Slow Connection,Medium,In Progress,47,,,Residential,false,
TCK-2026-03544,2026-05-14,2026-05,Bandung,Voice,Intermittent Connection,High,Resolved,59,289,,Residential,false,2.8
TCK-2026-03569,2026-05-14,2026-05,Surabaya,Mobile Broadband,Slow Connection,High,In Progress,54,,,Enterprise,false,
TCK-2026-03595,2026-05-14,2026-05,Bandung,Enterprise VPN,Intermittent Connection,Medium,Open,108,,INC-2026-01848,Residential,false,
TCK-2026-03690,2026-05-14,2026-05,Denpasar,Enterprise VPN,Intermittent Connection,Critical,Closed,3,223,,SMB,false,4.5
TCK-2026-03992,2026-05-14,2026-05,Semarang,Cloud Connectivity,Intermittent Connection,Low,Closed,121,847,INC-2026-00511,Residential,false,4.4
TCK-2026-04269,2026-05-14,2026-05,Jakarta,IPTV,Intermittent Connection,Low,Closed,81,812,INC-2026-01174,Enterprise,false,4.5
TCK-2026-04336,2026-05-14,2026-05,Semarang,Enterprise VPN,Internet Down,Medium,In Progress,92,,,Residential,false,
TCK-2026-05233,2026-05-14,2026-05,Semarang,Cloud Connectivity,Router ONT Issue,Low,In Progress,122,,,Residential,false,
TCK-2026-05357,2026-05-14,2026-05,Medan,Mobile Broadband,Intermittent Connection,Medium,Resolved,56,448,,Residential,false,4.4
TCK-2026-00036,2026-05-15,2026-05,Balikpapan,Fiber Internet,Internet Down,Low,Resolved,111,949,INC-2026-01915,Residential,false,4.8
TCK-2026-00078,2026-05-15,2026-05,Palembang,Fiber Internet,Intermittent Connection,Medium,Open,79,,INC-2026-01275,Residential,false,
TCK-2026-00594,2026-05-15,2026-05,Balikpapan,Voice,Installation Delay,High,Resolved,52,245,,Residential,false,5
TCK-2026-00676,2026-05-15,2026-05,Jakarta,Enterprise VPN,Slow Connection,Low,Resolved,125,894,INC-2026-00391,Residential,false,4.5
TCK-2026-01050,2026-05-15,2026-05,Denpasar,Mobile Broadband,Slow Connection,Low,Resolved,119,862,,Enterprise,false,4.4
TCK-2026-01208,2026-05-15,2026-05,Palembang,Fiber Internet,Router ONT Issue,High,Resolved,48,88,,Residential,false,4.2
TCK-2026-01294,2026-05-15,2026-05,Semarang,Cloud Connectivity,Installation Delay,High,Resolved,40,251,,SMB,false,2.7
TCK-2026-02005,2026-05-15,2026-05,Denpasar,Mobile Broadband,Enterprise SLA Complaint,High,In Progress,38,,INC-2026-00131,SMB,true,
TCK-2026-02165,2026-05-15,2026-05,Yogyakarta,Voice,Slow Connection,Low,Resolved,139,942,,Residential,false,3.6
TCK-2026-02211,2026-05-15,2026-05,Semarang,Voice,Installation Delay,Low,In Progress,138,,INC-2026-01570,Residential,false,
TCK-2026-02430,2026-05-15,2026-05,Denpasar,Mobile Broadband,Billing Related,Medium,Open,69,,INC-2026-00131,Residential,false,
TCK-2026-02853,2026-05-15,2026-05,Semarang,Cloud Connectivity,Enterprise SLA Complaint,Critical,Resolved,6,195,INC-2026-00105,Residential,false,2.7
TCK-2026-03055,2026-05-15,2026-05,Bandung,Enterprise VPN,Intermittent Connection,High,Waiting Customer,40,,,Residential,true,
TCK-2026-03822,2026-05-15,2026-05,Denpasar,Mobile Broadband,Internet Down,Low,Closed,129,927,,Enterprise,false,3.7
TCK-2026-03909,2026-05-15,2026-05,Jakarta,Enterprise VPN,Installation Delay,Medium,Open,73,,INC-2026-00391,Residential,false,
TCK-2026-04034,2026-05-15,2026-05,Palembang,Enterprise VPN,Intermittent Connection,Critical,Closed,11,236,,Residential,true,3.7
TCK-2026-04807,2026-05-15,2026-05,Balikpapan,Fiber Internet,Internet Down,Medium,Closed,74,614,,Residential,false,4.4
TCK-2026-04810,2026-05-15,2026-05,Jakarta,Enterprise VPN,Installation Delay,Medium,Waiting Customer,98,,,SMB,false,
TCK-2026-04842,2026-05-15,2026-05,Denpasar,Mobile Broadband,Slow Connection,Medium,Resolved,53,514,INC-2026-00131,Residential,false,4.2
TCK-2026-05133,2026-05-15,2026-05,Makassar,IPTV,Internet Down,High,In Progress,50,,,SMB,false,
TCK-2026-05348,2026-05-15,2026-05,Palembang,IPTV,Billing Related,High,Closed,46,326,INC-2026-01370,Residential,true,3.2
TCK-2026-00341,2026-05-16,2026-05,Yogyakarta,Mobile Broadband,Internet Down,Medium,Open,115,,INC-2026-01355,Residential,false,
TCK-2026-00543,2026-05-16,2026-05,Palembang,Enterprise VPN,Slow Connection,High,Closed,8,141,INC-2026-00920,Residential,false,4.4
TCK-2026-00733,2026-05-16,2026-05,Yogyakarta,Mobile Broadband,Slow Connection,Medium,Resolved,92,522,INC-2026-01355,Enterprise,false,3.8
TCK-2026-01175,2026-05-16,2026-05,Yogyakarta,Mobile Broadband,Enterprise SLA Complaint,Critical,Open,9,,INC-2026-01355,Residential,false,
TCK-2026-01504,2026-05-16,2026-05,Balikpapan,Voice,Router ONT Issue,Low,Open,126,,INC-2026-01636,Residential,false,
TCK-2026-01701,2026-05-16,2026-05,Palembang,Fiber Internet,Slow Connection,High,Closed,50,176,,Residential,false,3.1
TCK-2026-01874,2026-05-16,2026-05,Yogyakarta,Mobile Broadband,Installation Delay,Medium,Waiting Customer,72,,INC-2026-01355,SMB,false,
TCK-2026-02422,2026-05-16,2026-05,Medan,Fiber Internet,Slow Connection,Medium,Resolved,46,450,,Public Sector,false,4.5
TCK-2026-02623,2026-05-16,2026-05,Semarang,Cloud Connectivity,Installation Delay,Low,Resolved,119,907,INC-2026-00772,Residential,false,3.4
TCK-2026-02791,2026-05-16,2026-05,Denpasar,Enterprise VPN,Billing Related,Medium,Resolved,62,421,,Residential,true,4.6
TCK-2026-03648,2026-05-16,2026-05,Semarang,Enterprise VPN,Enterprise SLA Complaint,Low,Closed,105,900,,SMB,false,4.0
TCK-2026-03738,2026-05-16,2026-05,Palembang,Cloud Connectivity,Billing Related,High,Resolved,16,149,,Residential,false,3.1
TCK-2026-03830,2026-05-16,2026-05,Medan,Cloud Connectivity,Billing Related,Low,Open,126,,,SMB,false,
TCK-2026-03949,2026-05-16,2026-05,Yogyakarta,Mobile Broadband,Billing Related,Low,Resolved,124,891,,Residential,true,3.3
TCK-2026-03982,2026-05-16,2026-05,Medan,Mobile Broadband,Enterprise SLA Complaint,Medium,Resolved,69,434,,Residential,false,3.6
TCK-2026-04655,2026-05-16,2026-05,Makassar,Fiber Internet,Installation Delay,Medium,In Progress,68,,,SMB,false,
TCK-2026-04724,2026-05-16,2026-05,Yogyakarta,Mobile Broadband,Enterprise SLA Complaint,Medium,Open,90,,INC-2026-01355,SMB,true,
TCK-2026-05368,2026-05-16,2026-05,Jakarta,Voice,Intermittent Connection,Medium,In Progress,70,,,Residential,false,
TCK-2026-00766,2026-05-17,2026-05,Semarang,Voice,Billing Related,Low,Open,103,,INC-2026-00152,Enterprise,false,
TCK-2026-00913,2026-05-17,2026-05,Makassar,Voice,Internet Down,Low,Open,146,,INC-2026-00819,Residential,false,
TCK-2026-02007,2026-05-17,2026-05,Palembang,IPTV,Intermittent Connection,Low,Resolved,128,919,INC-2026-01652,SMB,false,5
TCK-2026-02341,2026-05-17,2026-05,Semarang,Mobile Broadband,Installation Delay,Medium,Resolved,82,478,,Residential,false,4.5
TCK-2026-02408,2026-05-17,2026-05,Semarang,Voice,Router ONT Issue,Low,Open,113,,INC-2026-00152,Public Sector,false,
TCK-2026-02592,2026-05-17,2026-05,Medan,Mobile Broadband,Intermittent Connection,Medium,Open,85,,INC-2026-01118,SMB,false,
TCK-2026-02630,2026-05-17,2026-05,Palembang,Cloud Connectivity,Router ONT Issue,Low,Open,141,,,Residential,false,
TCK-2026-02761,2026-05-17,2026-05,Balikpapan,Voice,Intermittent Connection,Medium,Open,85,,,Public Sector,false,
TCK-2026-02840,2026-05-17,2026-05,Medan,Voice,Enterprise SLA Complaint,Medium,Resolved,36,253,,Residential,false,3.2
TCK-2026-03163,2026-05-17,2026-05,Bandung,Voice,Billing Related,High,Closed,16,211,,Enterprise,false,3.0
TCK-2026-03363,2026-05-17,2026-05,Surabaya,IPTV,Installation Delay,Medium,Resolved,68,628,,Enterprise,false,3.8
TCK-2026-03578,2026-05-17,2026-05,Semarang,Voice,Router ONT Issue,Low,In Progress,137,,INC-2026-00152,Enterprise,false,
TCK-2026-04037,2026-05-17,2026-05,Bandung,Enterprise VPN,Billing Related,Low,Resolved,149,987,INC-2026-02130,Residential,false,4.4
TCK-2026-04642,2026-05-17,2026-05,Yogyakarta,Voice,Billing Related,High,In Progress,20,,,Residential,false,
TCK-2026-04867,2026-05-17,2026-05,Palembang,Fiber Internet,Billing Related,Low,In Progress,116,,,SMB,true,
TCK-2026-05379,2026-05-17,2026-05,Jakarta,Enterprise VPN,Billing Related,Low,Closed,112,790,,SMB,false,4.4
TCK-2026-00926,2026-05-18,2026-05,Yogyakarta,Mobile Broadband,Installation Delay,Medium,Resolved,89,409,,Public Sector,false,3.6
TCK-2026-00982,2026-05-18,2026-05,Medan,Voice,Billing Related,Medium,Closed,70,394,INC-2026-00418,Residential,false,3.6
TCK-2026-01535,2026-05-18,2026-05,Bandung,Voice,Internet Down,Low,In Progress,121,,INC-2026-01166,Residential,false,
TCK-2026-01822,2026-05-18,2026-05,Denpasar,Voice,Enterprise SLA Complaint,Medium,In Progress,44,,INC-2026-00766,Public Sector,false,
TCK-2026-01839,2026-05-18,2026-05,Makassar,Fiber Internet,Slow Connection,Low,Open,135,,,Enterprise,false,
TCK-2026-01940,2026-05-18,2026-05,Bandung,Voice,Slow Connection,Medium,Resolved,70,363,INC-2026-01166,Residential,false,4.3
TCK-2026-02687,2026-05-18,2026-05,Jakarta,Enterprise VPN,Intermittent Connection,High,Waiting Customer,50,,,Public Sector,false,
TCK-2026-02831,2026-05-18,2026-05,Denpasar,Voice,Enterprise SLA Complaint,Medium,Resolved,90,463,INC-2026-00766,Residential,false,5
TCK-2026-03164,2026-05-18,2026-05,Balikpapan,Fiber Internet,Intermittent Connection,Medium,Resolved,82,479,,Residential,false,4.4
TCK-2026-03695,2026-05-18,2026-05,Makassar,Fiber Internet,Enterprise SLA Complaint,Medium,In Progress,61,,,Public Sector,true,
TCK-2026-03994,2026-05-18,2026-05,Medan,Cloud Connectivity,Installation Delay,High,Open,29,,INC-2026-01514,Residential,true,
TCK-2026-04339,2026-05-18,2026-05,Surabaya,Mobile Broadband,Enterprise SLA Complaint,Low,Resolved,108,757,,SMB,false,3.4
TCK-2026-04773,2026-05-18,2026-05,Makassar,Cloud Connectivity,Slow Connection,High,Closed,29,150,,Residential,true,3.0
TCK-2026-04790,2026-05-18,2026-05,Jakarta,Cloud Connectivity,Internet Down,High,Open,53,,,Residential,false,
TCK-2026-00243,2026-05-19,2026-05,Balikpapan,IPTV,Enterprise SLA Complaint,Low,Open,124,,,Enterprise,false,
TCK-2026-00327,2026-05-19,2026-05,Medan,Cloud Connectivity,Enterprise SLA Complaint,Medium,Waiting Customer,53,,INC-2026-00485,Residential,false,
TCK-2026-00824,2026-05-19,2026-05,Palembang,Mobile Broadband,Router ONT Issue,High,Resolved,17,387,,Residential,false,2.8
TCK-2026-01639,2026-05-19,2026-05,Bandung,IPTV,Billing Related,Critical,Resolved,44,127,,SMB,false,2.5
TCK-2026-01661,2026-05-19,2026-05,Balikpapan,IPTV,Enterprise SLA Complaint,Critical,Resolved,3,69,INC-2026-00808,Residential,true,3.2
TCK-2026-03200,2026-05-19,2026-05,Jakarta,Fiber Internet,Billing Related,Medium,Closed,73,541,,Residential,false,2.8
TCK-2026-03294,2026-05-19,2026-05,Yogyakarta,Mobile Broadband,Intermittent Connection,Medium,Resolved,98,477,,SMB,false,5
TCK-2026-03313,2026-05-19,2026-05,Jakarta,Voice,Enterprise SLA Complaint,Medium,Closed,62,585,,Residential,false,3.4
TCK-2026-03724,2026-05-19,2026-05,Surabaya,Fiber Internet,Intermittent Connection,Low,Open,122,,,Residential,false,
TCK-2026-03735,2026-05-19,2026-05,Balikpapan,IPTV,Router ONT Issue,High,Resolved,64,335,INC-2026-00808,Residential,false,3.5
TCK-2026-04002,2026-05-19,2026-05,Yogyakarta,Voice,Enterprise SLA Complaint,Low,Waiting Customer,108,,,Residential,false,
TCK-2026-04374,2026-05-19,2026-05,Makassar,Voice,Installation Delay,Medium,In Progress,54,,,Residential,false,
TCK-2026-04474,2026-05-19,2026-05,Balikpapan,Cloud Connectivity,Slow Connection,Medium,Resolved,47,469,,Residential,false,5
TCK-2026-04835,2026-05-19,2026-05,Palembang,Mobile Broadband,Slow Connection,Low,Open,86,,,Residential,false,
TCK-2026-00495,2026-05-20,2026-05,Balikpapan,Mobile Broadband,Router ONT Issue,Medium,Closed,102,545,,Residential,false,4.8
TCK-2026-00684,2026-05-20,2026-05,Semarang,IPTV,Internet Down,Medium,Closed,73,586,INC-2026-00140,SMB,false,4.0
TCK-2026-00891,2026-05-20,2026-05,Balikpapan,Mobile Broadband,Intermittent Connection,High,Resolved,3,147,,Residential,false,3.7
TCK-2026-01064,2026-05-20,2026-05,Semarang,Mobile Broadband,Installation Delay,Critical,In Progress,2,,,Residential,false,
TCK-2026-01070,2026-05-20,2026-05,Medan,Mobile Broadband,Installation Delay,Medium,Open,101,,,Residential,false,
TCK-2026-01071,2026-05-20,2026-05,Surabaya,Mobile Broadband,Intermittent Connection,Low,Open,116,,,Residential,false,
TCK-2026-01100,2026-05-20,2026-05,Denpasar,IPTV,Internet Down,Low,Resolved,96,890,,Residential,false,3.9
TCK-2026-02049,2026-05-20,2026-05,Yogyakarta,Mobile Broadband,Slow Connection,High,Resolved,48,279,,Residential,false,2.2
TCK-2026-02182,2026-05-20,2026-05,Balikpapan,Voice,Enterprise SLA Complaint,High,In Progress,42,,,Residential,false,
TCK-2026-02253,2026-05-20,2026-05,Palembang,IPTV,Enterprise SLA Complaint,High,Resolved,36,214,INC-2026-00924,Enterprise,false,2.9
TCK-2026-02565,2026-05-20,2026-05,Yogyakarta,Enterprise VPN,Billing Related,Low,In Progress,96,,,Residential,false,
TCK-2026-02921,2026-05-20,2026-05,Yogyakarta,IPTV,Installation Delay,Medium,Resolved,66,399,,Residential,false,4.3
TCK-2026-03328,2026-05-20,2026-05,Jakarta,Enterprise VPN,Intermittent Connection,Critical,Open,2,,,Residential,true,
TCK-2026-03509,2026-05-20,2026-05,Jakarta,Cloud Connectivity,Installation Delay,Low,Resolved,119,852,,Residential,false,4.3
TCK-2026-03514,2026-05-20,2026-05,Yogyakarta,Mobile Broadband,Intermittent Connection,Medium,Resolved,91,427,,SMB,false,4.3
TCK-2026-04861,2026-05-20,2026-05,Semarang,Cloud Connectivity,Intermittent Connection,Medium,In Progress,66,,INC-2026-01753,SMB,false,
TCK-2026-05087,2026-05-20,2026-05,Makassar,Voice,Enterprise SLA Complaint,Low,In Progress,112,,INC-2026-00892,Enterprise,false,
TCK-2026-05122,2026-05-20,2026-05,Semarang,IPTV,Internet Down,Low,In Progress,107,,INC-2026-00140,Residential,false,
TCK-2026-05274,2026-05-20,2026-05,Bandung,Cloud Connectivity,Enterprise SLA Complaint,Medium,Closed,107,519,,Residential,false,3.5
TCK-2026-00102,2026-05-21,2026-05,Semarang,Mobile Broadband,Router ONT Issue,Medium,Resolved,58,447,INC-2026-00768,Residential,false,4.3
TCK-2026-00160,2026-05-21,2026-05,Makassar,Voice,Billing Related,Critical,Open,4,,INC-2026-02092,SMB,false,
TCK-2026-00489,2026-05-21,2026-05,Denpasar,Fiber Internet,Router ONT Issue,Low,Closed,138,769,INC-2026-00898,Enterprise,false,4.7
TCK-2026-00525,2026-05-21,2026-05,Bandung,Cloud Connectivity,Router ONT Issue,Low,Resolved,115,964,,Residential,false,4.3
TCK-2026-00740,2026-05-21,2026-05,Balikpapan,Cloud Connectivity,Installation Delay,Low,Open,95,,INC-2026-01421,Residential,true,
TCK-2026-00917,2026-05-21,2026-05,Semarang,Mobile Broadband,Installation Delay,Medium,Resolved,103,532,INC-2026-00768,SMB,false,3.3
TCK-2026-01099,2026-05-21,2026-05,Semarang,Fiber Internet,Internet Down,Low,Resolved,125,913,,SMB,false,3.1
TCK-2026-01318,2026-05-21,2026-05,Semarang,Mobile Broadband,Router ONT Issue,Medium,Open,72,,INC-2026-00768,Residential,false,
TCK-2026-01369,2026-05-21,2026-05,Makassar,IPTV,Installation Delay,Medium,Closed,88,338,INC-2026-01779,Residential,false,2.8
TCK-2026-01580,2026-05-21,2026-05,Surabaya,Enterprise VPN,Enterprise SLA Complaint,High,In Progress,33,,,Residential,false,
TCK-2026-01719,2026-05-21,2026-05,Denpasar,Mobile Broadband,Internet Down,Low,Open,125,,,Residential,false,
TCK-2026-02134,2026-05-21,2026-05,Denpasar,Fiber Internet,Router ONT Issue,Low,Resolved,104,984,INC-2026-00898,SMB,false,3.9
TCK-2026-02203,2026-05-21,2026-05,Balikpapan,Cloud Connectivity,Installation Delay,Low,Resolved,110,878,INC-2026-01421,Residential,false,3.9
TCK-2026-02221,2026-05-21,2026-05,Makassar,Voice,Slow Connection,Low,Closed,132,720,INC-2026-02092,SMB,true,3.8
TCK-2026-02232,2026-05-21,2026-05,Semarang,Mobile Broadband,Internet Down,High,Resolved,46,182,INC-2026-00768,Residential,false,4.2
TCK-2026-03168,2026-05-21,2026-05,Palembang,Voice,Internet Down,High,Open,36,,,Residential,false,
TCK-2026-03183,2026-05-21,2026-05,Makassar,Voice,Enterprise SLA Complaint,Low,Open,106,,INC-2026-02092,SMB,false,
TCK-2026-03414,2026-05-21,2026-05,Jakarta,Mobile Broadband,Slow Connection,Low,Resolved,105,939,,Enterprise,false,5
TCK-2026-03456,2026-05-21,2026-05,Denpasar,Fiber Internet,Slow Connection,Low,Closed,125,949,INC-2026-00898,Residential,false,4.0
TCK-2026-04631,2026-05-21,2026-05,Makassar,Voice,Slow Connection,Medium,Waiting Customer,50,,INC-2026-02092,Residential,false,
TCK-2026-04935,2026-05-21,2026-05,Balikpapan,IPTV,Router ONT Issue,High,Closed,18,184,INC-2026-00056,Residential,false,3.3
TCK-2026-05125,2026-05-21,2026-05,Bandung,Cloud Connectivity,Internet Down,Low,Resolved,143,992,,Residential,false,3.9
TCK-2026-05135,2026-05-21,2026-05,Makassar,Mobile Broadband,Installation Delay,High,Resolved,35,376,,Enterprise,false,2.6
TCK-2026-00153,2026-05-22,2026-05,Surabaya,Voice,Intermittent Connection,Medium,In Progress,50,,,Residential,false,
TCK-2026-00250,2026-05-22,2026-05,Semarang,Mobile Broadband,Installation Delay,Medium,Closed,49,677,,SMB,true,4.1
TCK-2026-00325,2026-05-22,2026-05,Makassar,IPTV,Billing Related,Low,Closed,100,837,,Residential,false,4.2
TCK-2026-01045,2026-05-22,2026-05,Semarang,IPTV,Intermittent Connection,Medium,Waiting Customer,61,,,SMB,false,
TCK-2026-01270,2026-05-22,2026-05,Denpasar,Cloud Connectivity,Billing Related,Medium,Closed,84,318,,Residential,false,4.8
TCK-2026-01490,2026-05-22,2026-05,Medan,IPTV,Internet Down,Low,Resolved,118,948,,Residential,false,4.6
TCK-2026-02802,2026-05-22,2026-05,Jakarta,Enterprise VPN,Router ONT Issue,Low,Closed,142,848,INC-2026-02097,Public Sector,false,3.6
TCK-2026-02835,2026-05-22,2026-05,Jakarta,Enterprise VPN,Internet Down,Low,Resolved,131,962,INC-2026-02097,SMB,false,4.0
TCK-2026-03099,2026-05-22,2026-05,Jakarta,Cloud Connectivity,Slow Connection,Medium,In Progress,77,,,Residential,false,
TCK-2026-03560,2026-05-22,2026-05,Makassar,Enterprise VPN,Intermittent Connection,Medium,In Progress,95,,,SMB,true,
TCK-2026-04103,2026-05-22,2026-05,Jakarta,Fiber Internet,Installation Delay,Medium,Closed,82,524,INC-2026-00102,Enterprise,false,4.1
TCK-2026-04826,2026-05-22,2026-05,Surabaya,Fiber Internet,Installation Delay,Critical,Resolved,2,90,,SMB,false,3.7
TCK-2026-05178,2026-05-22,2026-05,Bandung,Cloud Connectivity,Enterprise SLA Complaint,Medium,In Progress,57,,,SMB,false,
TCK-2026-00113,2026-05-23,2026-05,Semarang,Cloud Connectivity,Slow Connection,Low,Resolved,99,799,INC-2026-00068,Residential,false,2.7
TCK-2026-00220,2026-05-23,2026-05,Denpasar,Fiber Internet,Intermittent Connection,Low,Open,133,,,Residential,false,
TCK-2026-01255,2026-05-23,2026-05,Surabaya,Cloud Connectivity,Intermittent Connection,Medium,Closed,80,457,,SMB,false,3.1
TCK-2026-01606,2026-05-23,2026-05,Yogyakarta,Voice,Slow Connection,High,Resolved,60,235,INC-2026-02082,Residential,false,2.9
TCK-2026-01921,2026-05-23,2026-05,Balikpapan,Enterprise VPN,Internet Down,Medium,Resolved,74,486,,Residential,false,3.3
TCK-2026-02028,2026-05-23,2026-05,Semarang,Mobile Broadband,Intermittent Connection,High,Resolved,47,284,INC-2026-00614,SMB,false,2.7
TCK-2026-02906,2026-05-23,2026-05,Semarang,Voice,Intermittent Connection,Medium,Resolved,83,432,,Residential,false,4.6
TCK-2026-02923,2026-05-23,2026-05,Jakarta,Cloud Connectivity,Installation Delay,Medium,Closed,66,514,,Residential,false,4.4
TCK-2026-03270,2026-05-23,2026-05,Jakarta,IPTV,Slow Connection,Medium,Closed,105,547,,Residential,false,4.8
TCK-2026-03870,2026-05-23,2026-05,Yogyakarta,Voice,Internet Down,Medium,Resolved,94,439,,SMB,false,3.8
TCK-2026-03895,2026-05-23,2026-05,Denpasar,Cloud Connectivity,Slow Connection,Low,Open,138,,,SMB,false,
TCK-2026-03926,2026-05-23,2026-05,Semarang,Mobile Broadband,Slow Connection,High,In Progress,54,,INC-2026-00306,SMB,false,
TCK-2026-04534,2026-05-23,2026-05,Semarang,Cloud Connectivity,Slow Connection,Medium,Resolved,96,533,INC-2026-00068,Residential,false,4.3
TCK-2026-04941,2026-05-23,2026-05,Yogyakarta,Cloud Connectivity,Enterprise SLA Complaint,Medium,In Progress,72,,,SMB,false,
TCK-2026-00517,2026-05-24,2026-05,Yogyakarta,Fiber Internet,Router ONT Issue,Medium,Resolved,84,308,,Public Sector,false,2.5
TCK-2026-00601,2026-05-24,2026-05,Surabaya,IPTV,Router ONT Issue,Low,Resolved,132,965,,Residential,false,5
TCK-2026-01265,2026-05-24,2026-05,Yogyakarta,IPTV,Intermittent Connection,Critical,Closed,27,307,,Residential,false,3.4
TCK-2026-01468,2026-05-24,2026-05,Jakarta,Fiber Internet,Billing Related,Low,Waiting Customer,115,,INC-2026-02101,SMB,false,
TCK-2026-01476,2026-05-24,2026-05,Palembang,Voice,Internet Down,Low,Closed,133,930,,SMB,false,4.9
TCK-2026-01841,2026-05-24,2026-05,Bandung,Enterprise VPN,Router ONT Issue,High,Closed,39,248,,SMB,false,2.0
TCK-2026-02086,2026-05-24,2026-05,Medan,Voice,Slow Connection,Low,Closed,117,893,,SMB,false,4.0
TCK-2026-02128,2026-05-24,2026-05,Jakarta,Fiber Internet,Enterprise SLA Complaint,Low,Closed,101,928,INC-2026-02101,Residential,false,3.7
TCK-2026-02743,2026-05-24,2026-05,Medan,Mobile Broadband,Router ONT Issue,High,Resolved,32,176,,Public Sector,false,3.2
TCK-2026-03609,2026-05-24,2026-05,Denpasar,Enterprise VPN,Enterprise SLA Complaint,Medium,Resolved,71,463,,Enterprise,false,4.7
TCK-2026-04236,2026-05-24,2026-05,Semarang,Fiber Internet,Installation Delay,Low,Resolved,125,807,,SMB,false,3.3
TCK-2026-04337,2026-05-24,2026-05,Yogyakarta,Fiber Internet,Installation Delay,Low,Resolved,115,964,,Residential,false,2.7
TCK-2026-00279,2026-05-25,2026-05,Denpasar,Voice,Intermittent Connection,High,Resolved,7,104,,Residential,false,3.0
TCK-2026-00393,2026-05-25,2026-05,Denpasar,Fiber Internet,Slow Connection,Low,In Progress,112,,,Residential,false,
TCK-2026-00615,2026-05-25,2026-05,Medan,Fiber Internet,Installation Delay,High,Resolved,2,121,,Residential,false,3.7
TCK-2026-01025,2026-05-25,2026-05,Jakarta,Enterprise VPN,Installation Delay,Medium,Resolved,58,438,,Public Sector,false,4.1
TCK-2026-01945,2026-05-25,2026-05,Balikpapan,Voice,Router ONT Issue,Low,Open,130,,,Enterprise,false,
TCK-2026-02384,2026-05-25,2026-05,Medan,Mobile Broadband,Router ONT Issue,Low,Open,123,,,Residential,false,
TCK-2026-02389,2026-05-25,2026-05,Bandung,Mobile Broadband,Enterprise SLA Complaint,High,Resolved,42,153,INC-2026-00629,Residential,false,2.2
TCK-2026-02462,2026-05-25,2026-05,Medan,Voice,Enterprise SLA Complaint,Medium,Resolved,52,503,,SMB,false,4.6
TCK-2026-02904,2026-05-25,2026-05,Medan,IPTV,Intermittent Connection,High,In Progress,58,,,Residential,false,
TCK-2026-03059,2026-05-25,2026-05,Jakarta,Fiber Internet,Intermittent Connection,Low,Resolved,139,892,,Residential,false,4.0
TCK-2026-03529,2026-05-25,2026-05,Balikpapan,IPTV,Router ONT Issue,Low,Closed,144,838,,Residential,false,3.3
TCK-2026-03669,2026-05-25,2026-05,Palembang,Enterprise VPN,Router ONT Issue,Medium,Closed,60,520,,Enterprise,false,3.7
TCK-2026-04667,2026-05-25,2026-05,Palembang,IPTV,Installation Delay,Low,Closed,92,798,INC-2026-01778,Residential,false,3.4
TCK-2026-05136,2026-05-25,2026-05,Surabaya,Fiber Internet,Slow Connection,Medium,Resolved,71,473,,SMB,false,3.8
TCK-2026-00151,2026-05-26,2026-05,Jakarta,Enterprise VPN,Slow Connection,High,Resolved,26,236,,Public Sector,false,2.9
TCK-2026-01022,2026-05-26,2026-05,Balikpapan,Mobile Broadband,Enterprise SLA Complaint,High,Closed,40,174,,Enterprise,true,3.3
TCK-2026-02252,2026-05-26,2026-05,Makassar,Mobile Broadband,Intermittent Connection,Critical,Resolved,10,28,,Residential,false,3.4
TCK-2026-02519,2026-05-26,2026-05,Bandung,Cloud Connectivity,Installation Delay,Medium,Closed,61,553,,Residential,false,3.8
TCK-2026-02549,2026-05-26,2026-05,Palembang,Voice,Billing Related,Medium,Closed,72,474,,Enterprise,false,3.7
TCK-2026-03135,2026-05-26,2026-05,Medan,Enterprise VPN,Router ONT Issue,Low,Resolved,105,1041,,SMB,false,5
TCK-2026-03469,2026-05-26,2026-05,Surabaya,Fiber Internet,Internet Down,Medium,Resolved,69,515,,Enterprise,false,3.6
TCK-2026-03644,2026-05-26,2026-05,Balikpapan,Fiber Internet,Internet Down,Medium,Resolved,61,539,,Residential,false,4.0
TCK-2026-03984,2026-05-26,2026-05,Balikpapan,Cloud Connectivity,Slow Connection,Low,Resolved,129,669,,Residential,false,2.2
TCK-2026-04612,2026-05-26,2026-05,Jakarta,IPTV,Billing Related,Medium,Open,88,,,Residential,false,
TCK-2026-05308,2026-05-26,2026-05,Yogyakarta,Mobile Broadband,Slow Connection,Medium,Resolved,83,432,,Residential,false,3.4
TCK-2026-00047,2026-05-27,2026-05,Denpasar,Mobile Broadband,Installation Delay,Medium,In Progress,69,,,Residential,false,
TCK-2026-00576,2026-05-27,2026-05,Jakarta,Enterprise VPN,Enterprise SLA Complaint,Low,Waiting Customer,107,,,Residential,false,
TCK-2026-01250,2026-05-27,2026-05,Palembang,Mobile Broadband,Internet Down,Medium,Open,76,,,Residential,false,
TCK-2026-01849,2026-05-27,2026-05,Bandung,Mobile Broadband,Intermittent Connection,Medium,Open,69,,INC-2026-00653,SMB,false,
TCK-2026-01942,2026-05-27,2026-05,Surabaya,Cloud Connectivity,Router ONT Issue,Medium,Closed,85,461,,Residential,false,4.3
TCK-2026-02881,2026-05-27,2026-05,Balikpapan,IPTV,Enterprise SLA Complaint,High,Resolved,29,252,,Enterprise,false,3.9
TCK-2026-03180,2026-05-27,2026-05,Yogyakarta,Cloud Connectivity,Intermittent Connection,Low,Resolved,121,994,,Residential,false,3.7
TCK-2026-03390,2026-05-27,2026-05,Jakarta,Mobile Broadband,Enterprise SLA Complaint,Critical,Closed,35,123,,Public Sector,true,2.8
TCK-2026-04270,2026-05-27,2026-05,Jakarta,Cloud Connectivity,Installation Delay,Low,In Progress,148,,,SMB,false,
TCK-2026-04278,2026-05-27,2026-05,Surabaya,Mobile Broadband,Installation Delay,Medium,Resolved,70,530,,SMB,true,3.9
TCK-2026-04492,2026-05-27,2026-05,Balikpapan,Voice,Router ONT Issue,High,Resolved,50,300,INC-2026-01766,SMB,false,3.5
TCK-2026-04880,2026-05-27,2026-05,Semarang,Voice,Internet Down,Low,Waiting Customer,133,,,Enterprise,false,
TCK-2026-05114,2026-05-27,2026-05,Semarang,Enterprise VPN,Internet Down,Medium,Resolved,49,594,,SMB,false,4.0
TCK-2026-00039,2026-05-28,2026-05,Surabaya,Cloud Connectivity,Billing Related,Medium,Waiting Customer,75,,,Enterprise,false,
TCK-2026-00630,2026-05-28,2026-05,Balikpapan,Voice,Router ONT Issue,Critical,In Progress,35,,INC-2026-01823,Enterprise,false,
TCK-2026-00782,2026-05-28,2026-05,Surabaya,Mobile Broadband,Slow Connection,Medium,Resolved,83,490,INC-2026-01940,SMB,false,3.5
TCK-2026-00806,2026-05-28,2026-05,Jakarta,Enterprise VPN,Intermittent Connection,Low,Waiting Customer,104,,,SMB,false,
TCK-2026-02171,2026-05-28,2026-05,Jakarta,Enterprise VPN,Enterprise SLA Complaint,Medium,Closed,49,514,,SMB,false,4.5
TCK-2026-02237,2026-05-28,2026-05,Denpasar,Voice,Router ONT Issue,Critical,Open,5,,,Residential,false,
TCK-2026-02385,2026-05-28,2026-05,Surabaya,Mobile Broadband,Internet Down,Low,Waiting Customer,112,,,Public Sector,false,
TCK-2026-02480,2026-05-28,2026-05,Surabaya,Mobile Broadband,Billing Related,Low,Resolved,70,851,INC-2026-01940,SMB,false,4.4
TCK-2026-02659,2026-05-28,2026-05,Denpasar,Cloud Connectivity,Billing Related,Medium,Resolved,85,434,INC-2026-01248,Residential,false,5
TCK-2026-02887,2026-05-28,2026-05,Balikpapan,Voice,Enterprise SLA Complaint,High,Resolved,29,227,INC-2026-01823,Residential,true,3.2
TCK-2026-03031,2026-05-28,2026-05,Yogyakarta,Voice,Router ONT Issue,Medium,Resolved,42,376,INC-2026-01830,Residential,false,3.9
TCK-2026-03046,2026-05-28,2026-05,Surabaya,Cloud Connectivity,Internet Down,Medium,Closed,66,562,,Residential,false,3.6
TCK-2026-03675,2026-05-28,2026-05,Denpasar,Cloud Connectivity,Enterprise SLA Complaint,High,Resolved,35,151,INC-2026-01248,Enterprise,false,3.7
TCK-2026-03718,2026-05-28,2026-05,Yogyakarta,Voice,Enterprise SLA Complaint,High,Closed,21,316,INC-2026-01830,Residential,false,3.1
TCK-2026-04260,2026-05-28,2026-05,Jakarta,Enterprise VPN,Installation Delay,High,Resolved,49,178,INC-2026-01493,Residential,false,4.4
TCK-2026-04319,2026-05-28,2026-05,Balikpapan,Voice,Slow Connection,Medium,Resolved,59,489,INC-2026-01823,Residential,true,5
TCK-2026-04770,2026-05-28,2026-05,Makassar,IPTV,Installation Delay,High,Resolved,20,295,INC-2026-00707,SMB,false,3.4
TCK-2026-04797,2026-05-28,2026-05,Jakarta,Enterprise VPN,Billing Related,Medium,Closed,90,553,INC-2026-01493,Residential,false,4.0
TCK-2026-05213,2026-05-28,2026-05,Bandung,Fiber Internet,Billing Related,Low,In Progress,143,,,Residential,false,
TCK-2026-00030,2026-05-29,2026-05,Makassar,Fiber Internet,Router ONT Issue,Low,Resolved,108,924,INC-2026-01508,Residential,false,4.6
TCK-2026-00294,2026-05-29,2026-05,Jakarta,Mobile Broadband,Billing Related,Low,Closed,120,715,INC-2026-00423,Residential,false,4.4
TCK-2026-01069,2026-05-29,2026-05,Palembang,Voice,Installation Delay,Low,In Progress,134,,,Residential,false,
TCK-2026-01166,2026-05-29,2026-05,Denpasar,IPTV,Installation Delay,High,Open,26,,,Residential,false,
TCK-2026-01489,2026-05-29,2026-05,Palembang,Voice,Slow Connection,Critical,Resolved,18,30,INC-2026-01616,SMB,false,3.4
TCK-2026-01594,2026-05-29,2026-05,Yogyakarta,Voice,Installation Delay,Low,Closed,132,968,,Residential,false,4.2
TCK-2026-02309,2026-05-29,2026-05,Makassar,IPTV,Intermittent Connection,Low,Resolved,117,969,,Enterprise,false,4.7
TCK-2026-03181,2026-05-29,2026-05,Denpasar,Mobile Broadband,Intermittent Connection,Low,In Progress,99,,,SMB,false,
TCK-2026-00277,2026-05-30,2026-05,Semarang,Cloud Connectivity,Internet Down,Medium,Resolved,62,521,INC-2026-01145,Residential,false,4.5
TCK-2026-00458,2026-05-30,2026-05,Semarang,Cloud Connectivity,Installation Delay,Low,Resolved,130,940,INC-2026-01145,Residential,false,3.3
TCK-2026-00737,2026-05-30,2026-05,Surabaya,Voice,Intermittent Connection,Low,Resolved,123,795,,Enterprise,false,4.4
TCK-2026-00867,2026-05-30,2026-05,Medan,Enterprise VPN,Router ONT Issue,Low,Waiting Customer,136,,,Public Sector,false,
TCK-2026-01138,2026-05-30,2026-05,Jakarta,Cloud Connectivity,Slow Connection,High,Closed,38,188,INC-2026-02131,Residential,false,3.0
TCK-2026-01471,2026-05-30,2026-05,Balikpapan,Enterprise VPN,Intermittent Connection,High,Resolved,28,211,,Residential,false,3.1
TCK-2026-01781,2026-05-30,2026-05,Semarang,Cloud Connectivity,Router ONT Issue,Low,Closed,141,855,INC-2026-01145,Residential,false,4.7
TCK-2026-02576,2026-05-30,2026-05,Yogyakarta,Voice,Installation Delay,Medium,In Progress,74,,,Public Sector,false,
TCK-2026-02653,2026-05-30,2026-05,Bandung,Enterprise VPN,Internet Down,Medium,Resolved,73,496,,Residential,false,4.2
TCK-2026-02807,2026-05-30,2026-05,Medan,Fiber Internet,Router ONT Issue,Low,Resolved,114,934,,Residential,false,4.2
TCK-2026-03159,2026-05-30,2026-05,Jakarta,Cloud Connectivity,Billing Related,Critical,Closed,5,22,INC-2026-02131,Residential,true,3.9
TCK-2026-03568,2026-05-30,2026-05,Bandung,IPTV,Slow Connection,Medium,Closed,84,594,,Public Sector,false,4.1
TCK-2026-04937,2026-05-30,2026-05,Medan,Fiber Internet,Internet Down,Low,Resolved,130,937,,Residential,false,4.2
TCK-2026-05268,2026-05-30,2026-05,Denpasar,IPTV,Intermittent Connection,Medium,Closed,94,423,,Residential,false,5
TCK-2026-00268,2026-05-31,2026-05,Surabaya,Enterprise VPN,Intermittent Connection,Low,Open,109,,INC-2026-01070,Enterprise,false,
TCK-2026-00723,2026-05-31,2026-05,Denpasar,IPTV,Installation Delay,Critical,Waiting Customer,38,,,Residential,false,
TCK-2026-00789,2026-05-31,2026-05,Denpasar,Fiber Internet,Slow Connection,Low,Closed,103,735,,SMB,false,4.3
TCK-2026-01360,2026-05-31,2026-05,Makassar,Fiber Internet,Router ONT Issue,Medium,Closed,72,482,,SMB,true,4.4
TCK-2026-01743,2026-05-31,2026-05,Makassar,IPTV,Internet Down,Low,Closed,146,822,,SMB,false,4.3
TCK-2026-02611,2026-05-31,2026-05,Jakarta,Fiber Internet,Internet Down,Medium,Closed,55,550,INC-2026-01926,Residential,false,3.2
TCK-2026-02644,2026-05-31,2026-05,Yogyakarta,IPTV,Intermittent Connection,High,Open,59,,,SMB,false,
TCK-2026-04511,2026-05-31,2026-05,Medan,Enterprise VPN,Router ONT Issue,High,Closed,10,258,,Enterprise,false,4.8
TCK-2026-04736,2026-05-31,2026-05,Bandung,Voice,Internet Down,Medium,Waiting Customer,57,,,Public Sector,false,
TCK-2026-00175,2026-06-01,2026-06,Balikpapan,Cloud Connectivity,Slow Connection,Medium,In Progress,51,,INC-2026-00189,Residential,false,
TCK-2026-00585,2026-06-01,2026-06,Medan,IPTV,Billing Related,Low,Closed,82,944,INC-2026-00659,Enterprise,true,3.2
TCK-2026-00886,2026-06-01,2026-06,Jakarta,Enterprise VPN,Intermittent Connection,Low,Resolved,115,888,,Residential,false,4.8
TCK-2026-01013,2026-06-01,2026-06,Yogyakarta,Voice,Billing Related,Low,Resolved,114,938,,Residential,false,4.3
TCK-2026-01127,2026-06-01,2026-06,Palembang,Voice,Installation Delay,High,Resolved,51,285,INC-2026-01744,Residential,false,3.6
TCK-2026-01592,2026-06-01,2026-06,Medan,Mobile Broadband,Intermittent Connection,High,Closed,32,314,INC-2026-02061,Residential,false,3.9
TCK-2026-02529,2026-06-01,2026-06,Denpasar,Enterprise VPN,Router ONT Issue,High,Closed,54,368,INC-2026-01784,Public Sector,false,3.9
TCK-2026-02536,2026-06-01,2026-06,Palembang,IPTV,Intermittent Connection,Low,Closed,104,982,,Residential,false,3.9
TCK-2026-02700,2026-06-01,2026-06,Medan,Cloud Connectivity,Internet Down,Medium,In Progress,62,,INC-2026-01577,Residential,false,
TCK-2026-02848,2026-06-01,2026-06,Jakarta,Enterprise VPN,Router ONT Issue,Medium,Open,90,,,Residential,false,
TCK-2026-03411,2026-06-01,2026-06,Medan,Cloud Connectivity,Router ONT Issue,High,Resolved,65,257,INC-2026-01577,Public Sector,false,4.3
TCK-2026-03528,2026-06-01,2026-06,Medan,Mobile Broadband,Internet Down,Critical,Resolved,12,47,INC-2026-02061,Residential,false,3.9
TCK-2026-03597,2026-06-01,2026-06,Yogyakarta,Cloud Connectivity,Internet Down,Medium,In Progress,71,,,Residential,false,
TCK-2026-03711,2026-06-01,2026-06,Medan,Cloud Connectivity,Router ONT Issue,Medium,Closed,83,552,INC-2026-01577,Residential,false,3.7
TCK-2026-03889,2026-06-01,2026-06,Medan,IPTV,Slow Connection,Medium,Waiting Customer,39,,INC-2026-00659,Enterprise,false,
TCK-2026-04289,2026-06-01,2026-06,Medan,Mobile Broadband,Internet Down,High,In Progress,51,,INC-2026-02061,Residential,false,
TCK-2026-04772,2026-06-01,2026-06,Palembang,Fiber Internet,Billing Related,Medium,Open,48,,,Public Sector,false,
TCK-2026-05016,2026-06-01,2026-06,Yogyakarta,IPTV,Installation Delay,Critical,Open,52,,,Enterprise,false,
TCK-2026-05223,2026-06-01,2026-06,Bandung,Mobile Broadband,Enterprise SLA Complaint,Critical,Resolved,27,229,,Enterprise,false,2.7
TCK-2026-00026,2026-06-02,2026-06,Surabaya,IPTV,Installation Delay,Critical,Resolved,2,223,,Residential,false,2.9
TCK-2026-00811,2026-06-02,2026-06,Makassar,Enterprise VPN,Billing Related,Critical,Resolved,17,198,,Enterprise,false,2.2
TCK-2026-01260,2026-06-02,2026-06,Bandung,Voice,Billing Related,Medium,Resolved,93,414,INC-2026-01529,SMB,false,4.3
TCK-2026-01755,2026-06-02,2026-06,Medan,Voice,Enterprise SLA Complaint,Low,Resolved,116,820,,Residential,false,4.5
TCK-2026-01946,2026-06-02,2026-06,Palembang,Voice,Billing Related,High,Open,57,,,Residential,false,
TCK-2026-02160,2026-06-02,2026-06,Bandung,Voice,Internet Down,Low,Resolved,162,897,INC-2026-01529,SMB,false,4.4
TCK-2026-02327,2026-06-02,2026-06,Palembang,Voice,Enterprise SLA Complaint,Low,In Progress,134,,,Enterprise,false,
TCK-2026-02774,2026-06-02,2026-06,Surabaya,IPTV,Installation Delay,Medium,Waiting Customer,90,,,SMB,false,
TCK-2026-03489,2026-06-02,2026-06,Palembang,Mobile Broadband,Router ONT Issue,Medium,Closed,78,535,,Enterprise,false,4.1
TCK-2026-04421,2026-06-02,2026-06,Yogyakarta,Fiber Internet,Enterprise SLA Complaint,Low,Open,122,,,Residential,false,
TCK-2026-04600,2026-06-02,2026-06,Medan,Voice,Slow Connection,Medium,Resolved,69,407,,Residential,false,4.2
TCK-2026-04777,2026-06-02,2026-06,Yogyakarta,Enterprise VPN,Internet Down,Medium,Open,91,,,Enterprise,false,
TCK-2026-05347,2026-06-02,2026-06,Medan,Voice,Internet Down,High,Resolved,50,266,,Residential,false,4.1
TCK-2026-05364,2026-06-02,2026-06,Bandung,Fiber Internet,Installation Delay,Medium,Closed,99,395,,Residential,false,4.3
TCK-2026-00021,2026-06-03,2026-06,Yogyakarta,Cloud Connectivity,Internet Down,High,Resolved,30,248,,Residential,false,3.1
TCK-2026-00356,2026-06-03,2026-06,Bandung,Fiber Internet,Billing Related,Medium,Resolved,27,520,,Residential,false,3.8
TCK-2026-00546,2026-06-03,2026-06,Semarang,Cloud Connectivity,Enterprise SLA Complaint,Low,In Progress,103,,INC-2026-01972,Residential,false,
TCK-2026-00835,2026-06-03,2026-06,Surabaya,Voice,Slow Connection,Medium,Closed,84,354,,Residential,false,2.6
TCK-2026-01653,2026-06-03,2026-06,Surabaya,Fiber Internet,Router ONT Issue,Medium,Resolved,84,487,INC-2026-00447,Residential,false,5
TCK-2026-02268,2026-06-03,2026-06,Makassar,IPTV,Billing Related,Medium,Resolved,69,517,,Residential,false,5
TCK-2026-02286,2026-06-03,2026-06,Jakarta,IPTV,Billing Related,Medium,Closed,56,559,,Residential,false,3.9
TCK-2026-02788,2026-06-03,2026-06,Medan,Mobile Broadband,Enterprise SLA Complaint,Medium,Waiting Customer,90,,,Enterprise,false,
TCK-2026-02957,2026-06-03,2026-06,Semarang,Fiber Internet,Installation Delay,Medium,Closed,74,575,,SMB,false,4.1
TCK-2026-03538,2026-06-03,2026-06,Denpasar,Voice,Intermittent Connection,Low,Resolved,122,958,,SMB,false,3.1
TCK-2026-03715,2026-06-03,2026-06,Jakarta,Enterprise VPN,Intermittent Connection,Critical,Resolved,4,120,,Residential,false,3.4
TCK-2026-04005,2026-06-03,2026-06,Medan,Voice,Intermittent Connection,Low,Open,108,,,Residential,false,
TCK-2026-04082,2026-06-03,2026-06,Surabaya,Fiber Internet,Enterprise SLA Complaint,Low,Resolved,130,834,INC-2026-00447,Enterprise,false,3.9
TCK-2026-05330,2026-06-03,2026-06,Yogyakarta,IPTV,Router ONT Issue,Medium,Closed,38,425,,SMB,false,3.9
TCK-2026-00957,2026-06-04,2026-06,Makassar,Cloud Connectivity,Installation Delay,Medium,Resolved,108,545,,Residential,false,3.1
TCK-2026-01626,2026-06-04,2026-06,Palembang,IPTV,Installation Delay,Low,Resolved,116,894,,Residential,false,4.8
TCK-2026-01885,2026-06-04,2026-06,Makassar,Mobile Broadband,Installation Delay,Low,Closed,118,902,INC-2026-01988,SMB,false,3.9
TCK-2026-02162,2026-06-04,2026-06,Palembang,Fiber Internet,Router ONT Issue,Low,Resolved,129,826,,Enterprise,false,4.8
TCK-2026-02227,2026-06-04,2026-06,Balikpapan,Fiber Internet,Billing Related,Critical,Resolved,46,161,,Residential,false,3.1
TCK-2026-02728,2026-06-04,2026-06,Makassar,Mobile Broadband,Slow Connection,High,Resolved,49,155,INC-2026-01988,Residential,false,3.3
TCK-2026-02917,2026-06-04,2026-06,Bandung,Voice,Slow Connection,Low,Waiting Customer,153,,INC-2026-01573,Residential,false,
TCK-2026-02922,2026-06-04,2026-06,Medan,Cloud Connectivity,Router ONT Issue,Medium,Waiting Customer,61,,,Residential,false,
TCK-2026-03445,2026-06-04,2026-06,Bandung,IPTV,Internet Down,Low,Open,79,,,Public Sector,false,
TCK-2026-03552,2026-06-04,2026-06,Bandung,Mobile Broadband,Installation Delay,Medium,Resolved,79,507,INC-2026-00220,SMB,false,3.4
TCK-2026-03572,2026-06-04,2026-06,Yogyakarta,Voice,Enterprise SLA Complaint,Medium,Resolved,67,447,INC-2026-01207,Residential,false,4.4
TCK-2026-03719,2026-06-04,2026-06,Yogyakarta,IPTV,Billing Related,Low,Closed,120,936,INC-2026-01780,Residential,false,3.5
TCK-2026-04331,2026-06-04,2026-06,Bandung,IPTV,Billing Related,Low,Resolved,96,929,,Enterprise,false,3.3
TCK-2026-04391,2026-06-04,2026-06,Jakarta,Cloud Connectivity,Internet Down,High,Waiting Customer,43,,,SMB,false,
TCK-2026-04405,2026-06-04,2026-06,Palembang,Fiber Internet,Installation Delay,Medium,Closed,96,475,,Residential,false,4.1
TCK-2026-04659,2026-06-04,2026-06,Surabaya,Enterprise VPN,Billing Related,Low,Closed,102,930,,Residential,false,4.9
TCK-2026-04697,2026-06-04,2026-06,Medan,Cloud Connectivity,Enterprise SLA Complaint,High,Closed,65,204,,Residential,false,3.8
TCK-2026-04717,2026-06-04,2026-06,Palembang,Voice,Installation Delay,Low,Resolved,110,1099,INC-2026-00584,Residential,false,3.7
TCK-2026-05108,2026-06-04,2026-06,Bandung,Mobile Broadband,Slow Connection,Low,Resolved,135,931,INC-2026-00220,SMB,false,4.2
TCK-2026-05345,2026-06-04,2026-06,Denpasar,Enterprise VPN,Router ONT Issue,Low,Resolved,98,961,INC-2026-00308,Residential,false,4.4
TCK-2026-00164,2026-06-05,2026-06,Jakarta,Voice,Internet Down,Medium,Resolved,59,486,INC-2026-00389,Enterprise,false,4.4
TCK-2026-00342,2026-06-05,2026-06,Bandung,Voice,Billing Related,Medium,Resolved,63,493,INC-2026-01426,Residential,false,4.2
TCK-2026-00586,2026-06-05,2026-06,Jakarta,Fiber Internet,Router ONT Issue,High,In Progress,30,,,Residential,true,
TCK-2026-00640,2026-06-05,2026-06,Balikpapan,Fiber Internet,Router ONT Issue,Medium,Open,60,,INC-2026-01526,Public Sector,false,
TCK-2026-01205,2026-06-05,2026-06,Semarang,IPTV,Slow Connection,High,Resolved,39,194,,SMB,false,4.0
TCK-2026-01509,2026-06-05,2026-06,Denpasar,IPTV,Slow Connection,Medium,Waiting Customer,66,,,Residential,false,
TCK-2026-01805,2026-06-05,2026-06,Bandung,Fiber Internet,Intermittent Connection,Critical,Resolved,22,205,INC-2026-01437,SMB,false,3.2
TCK-2026-01957,2026-06-05,2026-06,Bandung,Fiber Internet,Enterprise SLA Complaint,Low,Open,123,,INC-2026-01437,Residential,false,
TCK-2026-02244,2026-06-05,2026-06,Medan,Enterprise VPN,Installation Delay,Low,Closed,133,914,,Residential,false,5
TCK-2026-02392,2026-06-05,2026-06,Makassar,Cloud Connectivity,Enterprise SLA Complaint,Medium,Open,68,,,Residential,false,
TCK-2026-02421,2026-06-05,2026-06,Bandung,Cloud Connectivity,Intermittent Connection,Medium,Waiting Customer,77,,,Residential,false,
TCK-2026-02851,2026-06-05,2026-06,Bandung,Fiber Internet,Internet Down,Medium,Closed,108,682,INC-2026-01437,Residential,false,3.6
TCK-2026-03812,2026-06-05,2026-06,Surabaya,Enterprise VPN,Installation Delay,Low,Open,133,,,Residential,false,
TCK-2026-03821,2026-06-05,2026-06,Surabaya,Fiber Internet,Enterprise SLA Complaint,High,Open,17,,INC-2026-00088,Residential,false,
TCK-2026-04396,2026-06-05,2026-06,Bandung,Voice,Billing Related,Low,Closed,104,1004,INC-2026-01426,Residential,false,4.5
TCK-2026-04768,2026-06-05,2026-06,Jakarta,Fiber Internet,Installation Delay,Low,Resolved,115,987,INC-2026-00631,Residential,false,5
TCK-2026-05145,2026-06-05,2026-06,Medan,Mobile Broadband,Installation Delay,Critical,Waiting Customer,31,,,SMB,false,
TCK-2026-00045,2026-06-06,2026-06,Semarang,Fiber Internet,Intermittent Connection,High,Resolved,48,338,,Enterprise,false,3.3
TCK-2026-00229,2026-06-06,2026-06,Jakarta,Voice,Router ONT Issue,Critical,Closed,2,27,INC-2026-00868,Residential,false,3.6
TCK-2026-00454,2026-06-06,2026-06,Jakarta,Cloud Connectivity,Intermittent Connection,Low,Closed,115,830,,Residential,false,3.4
TCK-2026-00671,2026-06-06,2026-06,Yogyakarta,Cloud Connectivity,Internet Down,High,Resolved,48,185,,SMB,false,3.5
TCK-2026-00943,2026-06-06,2026-06,Medan,Mobile Broadband,Router ONT Issue,Critical,In Progress,7,,INC-2026-01347,Residential,false,
TCK-2026-01005,2026-06-06,2026-06,Bandung,Mobile Broadband,Enterprise SLA Complaint,Medium,Waiting Customer,65,,INC-2026-02034,Enterprise,false,
TCK-2026-01264,2026-06-06,2026-06,Medan,Enterprise VPN,Internet Down,Low,Resolved,100,1041,,SMB,true,4.0
TCK-2026-01982,2026-06-06,2026-06,Medan,Fiber Internet,Enterprise SLA Complaint,Medium,Waiting Customer,47,,,Residential,false,
TCK-2026-02060,2026-06-06,2026-06,Medan,Mobile Broadband,Installation Delay,High,Open,33,,INC-2026-01347,Residential,false,
TCK-2026-03347,2026-06-06,2026-06,Balikpapan,Enterprise VPN,Enterprise SLA Complaint,Medium,Resolved,83,350,,SMB,false,4.2
TCK-2026-03905,2026-06-06,2026-06,Jakarta,Mobile Broadband,Billing Related,Low,Open,120,,INC-2026-00807,Residential,false,
TCK-2026-03950,2026-06-06,2026-06,Denpasar,Mobile Broadband,Router ONT Issue,High,Closed,59,161,INC-2026-02024,Enterprise,false,3.0
TCK-2026-04395,2026-06-06,2026-06,Bandung,Cloud Connectivity,Internet Down,Low,Resolved,91,959,,Residential,false,4.5
TCK-2026-04409,2026-06-06,2026-06,Surabaya,Enterprise VPN,Internet Down,Medium,Closed,61,468,INC-2026-00726,Enterprise,false,4.6
TCK-2026-04425,2026-06-06,2026-06,Bandung,Voice,Installation Delay,Low,Resolved,119,872,INC-2026-00477,Residential,true,3.1
TCK-2026-04692,2026-06-06,2026-06,Bandung,Enterprise VPN,Router ONT Issue,Low,Closed,122,827,INC-2026-00714,Residential,false,3.5
TCK-2026-04746,2026-06-06,2026-06,Makassar,Enterprise VPN,Router ONT Issue,Medium,Resolved,76,454,,Enterprise,false,3.6
TCK-2026-00711,2026-06-07,2026-06,Palembang,Enterprise VPN,Intermittent Connection,High,Closed,8,237,INC-2026-00758,SMB,false,3.7
TCK-2026-00796,2026-06-07,2026-06,Palembang,Mobile Broadband,Intermittent Connection,Medium,Open,87,,INC-2026-01891,Residential,false,
TCK-2026-01375,2026-06-07,2026-06,Makassar,Voice,Internet Down,Medium,In Progress,76,,,Residential,false,
TCK-2026-01424,2026-06-07,2026-06,Palembang,Mobile Broadband,Enterprise SLA Complaint,Low,Resolved,114,1069,INC-2026-01891,Residential,false,5
TCK-2026-01635,2026-06-07,2026-06,Palembang,Mobile Broadband,Internet Down,High,Waiting Customer,19,,INC-2026-01891,SMB,false,
TCK-2026-01790,2026-06-07,2026-06,Palembang,Mobile Broadband,Billing Related,Low,Open,101,,INC-2026-01891,Residential,false,
TCK-2026-01949,2026-06-07,2026-06,Palembang,Enterprise VPN,Installation Delay,Low,Resolved,89,941,,SMB,false,3.9
TCK-2026-02031,2026-06-07,2026-06,Bandung,Enterprise VPN,Installation Delay,High,Resolved,44,108,,Residential,false,3.1
TCK-2026-03218,2026-06-07,2026-06,Medan,Mobile Broadband,Slow Connection,Medium,Resolved,96,521,,Residential,true,5
TCK-2026-03290,2026-06-07,2026-06,Medan,Voice,Slow Connection,Medium,Open,87,,INC-2026-00352,Residential,false,
TCK-2026-03329,2026-06-07,2026-06,Medan,Mobile Broadband,Billing Related,High,Waiting Customer,45,,,Residential,false,
TCK-2026-03545,2026-06-07,2026-06,Medan,Voice,Internet Down,High,Resolved,15,275,INC-2026-00352,Residential,false,3.4
TCK-2026-03789,2026-06-07,2026-06,Denpasar,Cloud Connectivity,Enterprise SLA Complaint,Low,Closed,118,943,INC-2026-00817,Residential,false,3.8
TCK-2026-04217,2026-06-07,2026-06,Medan,Voice,Billing Related,Low,Resolved,117,939,INC-2026-01363,Residential,false,3.6
TCK-2026-04939,2026-06-07,2026-06,Bandung,Mobile Broadband,Enterprise SLA Complaint,High,Resolved,26,246,,Residential,false,3.7
TCK-2026-00117,2026-06-08,2026-06,Jakarta,Mobile Broadband,Slow Connection,Low,Closed,128,742,,Residential,false,3.9
TCK-2026-00240,2026-06-08,2026-06,Bandung,Fiber Internet,Enterprise SLA Complaint,Critical,Closed,5,70,,SMB,false,3.5
TCK-2026-00610,2026-06-08,2026-06,Palembang,Fiber Internet,Router ONT Issue,Low,Resolved,154,949,,SMB,false,4.1
TCK-2026-01223,2026-06-08,2026-06,Jakarta,Fiber Internet,Billing Related,Low,Closed,139,841,INC-2026-01295,Residential,true,5
TCK-2026-01395,2026-06-08,2026-06,Jakarta,Cloud Connectivity,Billing Related,Medium,Open,88,,INC-2026-00314,SMB,false,
TCK-2026-01500,2026-06-08,2026-06,Jakarta,Enterprise VPN,Intermittent Connection,Medium,Resolved,84,492,INC-2026-00710,Residential,false,3.8
TCK-2026-01619,2026-06-08,2026-06,Jakarta,Fiber Internet,Internet Down,High,Open,31,,INC-2026-01295,Residential,false,
TCK-2026-01799,2026-06-08,2026-06,Balikpapan,Mobile Broadband,Billing Related,Medium,Resolved,77,404,,Enterprise,false,4.5
TCK-2026-02386,2026-06-08,2026-06,Medan,Cloud Connectivity,Billing Related,Medium,Resolved,76,502,INC-2026-01044,Residential,false,3.8
TCK-2026-02398,2026-06-08,2026-06,Semarang,Enterprise VPN,Intermittent Connection,Low,Waiting Customer,91,,,SMB,false,
TCK-2026-02594,2026-06-08,2026-06,Yogyakarta,IPTV,Billing Related,Medium,Closed,76,500,,Public Sector,false,3.5
TCK-2026-02735,2026-06-08,2026-06,Palembang,Voice,Slow Connection,Low,Closed,88,918,INC-2026-00603,SMB,false,3.6
TCK-2026-03175,2026-06-08,2026-06,Jakarta,IPTV,Internet Down,High,Resolved,39,290,,Residential,false,3.6
TCK-2026-03278,2026-06-08,2026-06,Yogyakarta,Cloud Connectivity,Billing Related,Low,Resolved,116,836,,SMB,false,4.5
TCK-2026-03373,2026-06-08,2026-06,Medan,Cloud Connectivity,Router ONT Issue,High,Closed,14,260,INC-2026-01044,Residential,true,3.7
TCK-2026-03702,2026-06-08,2026-06,Yogyakarta,Mobile Broadband,Enterprise SLA Complaint,High,Resolved,32,195,,Residential,false,2.5
TCK-2026-03737,2026-06-08,2026-06,Jakarta,Fiber Internet,Internet Down,Critical,Resolved,5,180,INC-2026-01295,Enterprise,false,5
TCK-2026-04025,2026-06-08,2026-06,Surabaya,Voice,Intermittent Connection,Medium,Closed,71,438,,Residential,false,5
TCK-2026-04180,2026-06-08,2026-06,Surabaya,IPTV,Internet Down,Medium,Closed,77,322,,Enterprise,false,4.3
TCK-2026-04635,2026-06-08,2026-06,Medan,Cloud Connectivity,Intermittent Connection,Medium,Waiting Customer,30,,INC-2026-01044,SMB,false,
TCK-2026-05284,2026-06-08,2026-06,Bandung,IPTV,Intermittent Connection,Medium,In Progress,55,,,Residential,false,
TCK-2026-05307,2026-06-08,2026-06,Medan,Mobile Broadband,Router ONT Issue,Medium,Resolved,57,545,INC-2026-00551,Residential,false,5
TCK-2026-00215,2026-06-09,2026-06,Balikpapan,Fiber Internet,Intermittent Connection,Low,In Progress,112,,INC-2026-00811,Residential,true,
TCK-2026-00302,2026-06-09,2026-06,Makassar,Mobile Broadband,Billing Related,Medium,In Progress,90,,INC-2026-00602,Residential,false,
TCK-2026-00702,2026-06-09,2026-06,Semarang,Enterprise VPN,Enterprise SLA Complaint,Medium,Resolved,74,568,INC-2026-01538,Residential,false,3.6
TCK-2026-01046,2026-06-09,2026-06,Medan,Fiber Internet,Intermittent Connection,Medium,Closed,106,450,INC-2026-02167,SMB,false,4.0
TCK-2026-01168,2026-06-09,2026-06,Makassar,Mobile Broadband,Intermittent Connection,Medium,Closed,71,630,INC-2026-00602,Enterprise,false,4.2
TCK-2026-01297,2026-06-09,2026-06,Balikpapan,Fiber Internet,Router ONT Issue,Low,Resolved,116,1019,INC-2026-00811,Enterprise,false,3.5
TCK-2026-01317,2026-06-09,2026-06,Yogyakarta,Fiber Internet,Slow Connection,High,In Progress,67,,,SMB,false,
TCK-2026-01350,2026-06-09,2026-06,Makassar,IPTV,Router ONT Issue,Medium,Closed,65,387,,Residential,false,4.8
TCK-2026-02190,2026-06-09,2026-06,Makassar,Mobile Broadband,Internet Down,High,In Progress,52,,INC-2026-00602,Enterprise,false,
TCK-2026-02334,2026-06-09,2026-06,Surabaya,IPTV,Installation Delay,Low,Resolved,123,992,,Residential,false,4.3
TCK-2026-03209,2026-06-09,2026-06,Balikpapan,Fiber Internet,Internet Down,High,Closed,41,342,INC-2026-00811,Residential,false,3.6
TCK-2026-03589,2026-06-09,2026-06,Semarang,Cloud Connectivity,Router ONT Issue,Low,Resolved,145,845,INC-2026-00636,SMB,false,3.4
TCK-2026-03642,2026-06-09,2026-06,Yogyakarta,Mobile Broadband,Installation Delay,Medium,Resolved,71,376,,Enterprise,false,4.1
TCK-2026-03777,2026-06-09,2026-06,Semarang,Enterprise VPN,Router ONT Issue,High,Open,46,,INC-2026-01538,Enterprise,false,
TCK-2026-04123,2026-06-09,2026-06,Jakarta,Mobile Broadband,Enterprise SLA Complaint,Medium,Resolved,52,404,,Enterprise,false,4.7
TCK-2026-04135,2026-06-09,2026-06,Yogyakarta,Enterprise VPN,Enterprise SLA Complaint,High,Open,27,,,SMB,false,
TCK-2026-04446,2026-06-09,2026-06,Bandung,Mobile Broadband,Installation Delay,Low,Waiting Customer,149,,,SMB,false,
TCK-2026-04620,2026-06-09,2026-06,Bandung,Cloud Connectivity,Installation Delay,Low,Waiting Customer,120,,,Residential,false,
TCK-2026-05264,2026-06-09,2026-06,Makassar,Mobile Broadband,Installation Delay,Low,Open,131,,INC-2026-00602,SMB,false,
TCK-2026-00381,2026-06-10,2026-06,Semarang,IPTV,Internet Down,High,In Progress,52,,INC-2026-01623,Residential,false,
TCK-2026-00637,2026-06-10,2026-06,Palembang,IPTV,Billing Related,Medium,In Progress,89,,INC-2026-01485,Enterprise,false,
TCK-2026-00770,2026-06-10,2026-06,Palembang,Mobile Broadband,Router ONT Issue,Medium,Resolved,39,482,INC-2026-01258,Enterprise,false,4.9
TCK-2026-00934,2026-06-10,2026-06,Palembang,IPTV,Intermittent Connection,High,Resolved,28,96,INC-2026-01485,SMB,false,2.9
TCK-2026-01065,2026-06-10,2026-06,Medan,Mobile Broadband,Intermittent Connection,Medium,Resolved,56,328,,SMB,false,4.1
TCK-2026-01068,2026-06-10,2026-06,Palembang,Fiber Internet,Internet Down,Medium,Open,70,,,SMB,false,
TCK-2026-01150,2026-06-10,2026-06,Makassar,Mobile Broadband,Intermittent Connection,Medium,Closed,68,429,,Enterprise,false,5
TCK-2026-01559,2026-06-10,2026-06,Palembang,IPTV,Billing Related,Low,In Progress,111,,INC-2026-01485,Residential,false,
TCK-2026-01801,2026-06-10,2026-06,Bandung,Enterprise VPN,Intermittent Connection,High,Open,25,,,Residential,true,
TCK-2026-01893,2026-06-10,2026-06,Surabaya,IPTV,Router ONT Issue,Low,Open,105,,,Residential,false,
TCK-2026-02507,2026-06-10,2026-06,Makassar,Mobile Broadband,Billing Related,Medium,Closed,36,600,,Residential,false,4.6
TCK-2026-03815,2026-06-10,2026-06,Palembang,IPTV,Slow Connection,Low,In Progress,135,,,Residential,false,
TCK-2026-04148,2026-06-10,2026-06,Makassar,Cloud Connectivity,Internet Down,Low,Open,88,,,Residential,false,
TCK-2026-04449,2026-06-10,2026-06,Semarang,Enterprise VPN,Intermittent Connection,Low,Waiting Customer,114,,,Residential,false,
TCK-2026-04868,2026-06-10,2026-06,Bandung,Voice,Enterprise SLA Complaint,Medium,Resolved,40,563,,SMB,false,5
TCK-2026-05193,2026-06-10,2026-06,Denpasar,Enterprise VPN,Router ONT Issue,Medium,Open,105,,,Residential,false,
TCK-2026-00964,2026-06-11,2026-06,Yogyakarta,Voice,Enterprise SLA Complaint,Medium,Resolved,68,552,,Residential,false,4.7
TCK-2026-01072,2026-06-11,2026-06,Palembang,Voice,Router ONT Issue,Medium,Open,93,,,Residential,false,
TCK-2026-01644,2026-06-11,2026-06,Surabaya,Cloud Connectivity,Billing Related,Medium,Resolved,78,596,INC-2026-01878,SMB,true,4.0
TCK-2026-02332,2026-06-11,2026-06,Palembang,Voice,Enterprise SLA Complaint,Low,In Progress,118,,INC-2026-02111,Enterprise,false,
TCK-2026-03079,2026-06-11,2026-06,Bandung,Enterprise VPN,Billing Related,High,Closed,61,423,,Residential,false,3.7
TCK-2026-03612,2026-06-11,2026-06,Semarang,Cloud Connectivity,Billing Related,High,Closed,5,337,,Residential,true,3.3
TCK-2026-03784,2026-06-11,2026-06,Balikpapan,Fiber Internet,Enterprise SLA Complaint,Low,In Progress,97,,,Enterprise,false,
TCK-2026-04345,2026-06-11,2026-06,Medan,IPTV,Billing Related,Low,Resolved,96,823,,Enterprise,false,5
TCK-2026-04517,2026-06-11,2026-06,Medan,Enterprise VPN,Router ONT Issue,Low,In Progress,145,,,Public Sector,false,
TCK-2026-05266,2026-06-11,2026-06,Bandung,Fiber Internet,Billing Related,High,Resolved,61,278,,Enterprise,false,3.3
TCK-2026-00703,2026-06-12,2026-06,Palembang,IPTV,Billing Related,High,In Progress,31,,,SMB,false,
TCK-2026-00829,2026-06-12,2026-06,Balikpapan,Enterprise VPN,Internet Down,High,Resolved,21,182,,SMB,false,3.3
TCK-2026-02342,2026-06-12,2026-06,Jakarta,Cloud Connectivity,Slow Connection,Medium,Resolved,77,587,,SMB,false,5
TCK-2026-02557,2026-06-12,2026-06,Medan,Mobile Broadband,Installation Delay,Low,Resolved,125,870,,Enterprise,true,4.9
TCK-2026-03468,2026-06-12,2026-06,Jakarta,IPTV,Router ONT Issue,High,Resolved,42,327,INC-2026-01429,Residential,false,4.0
TCK-2026-03998,2026-06-12,2026-06,Denpasar,IPTV,Intermittent Connection,Low,Closed,103,931,,Residential,false,4.1
TCK-2026-04000,2026-06-12,2026-06,Surabaya,Voice,Internet Down,Low,Waiting Customer,113,,,Residential,true,
TCK-2026-04548,2026-06-12,2026-06,Palembang,Enterprise VPN,Billing Related,Medium,In Progress,90,,,Residential,true,
TCK-2026-05229,2026-06-12,2026-06,Semarang,IPTV,Router ONT Issue,Low,Closed,147,762,,Residential,false,4.0
TCK-2026-02002,2026-06-13,2026-06,Yogyakarta,IPTV,Billing Related,Low,Waiting Customer,84,,,Public Sector,false,
TCK-2026-02967,2026-06-13,2026-06,Yogyakarta,Enterprise VPN,Enterprise SLA Complaint,Medium,Closed,121,587,,Residential,false,4.8
TCK-2026-03147,2026-06-13,2026-06,Semarang,Mobile Broadband,Installation Delay,Medium,Closed,73,591,,Residential,false,3.8
TCK-2026-03420,2026-06-13,2026-06,Jakarta,Voice,Intermittent Connection,Low,Open,112,,,Residential,false,
TCK-2026-00074,2026-06-14,2026-06,Denpasar,Voice,Enterprise SLA Complaint,Medium,Closed,88,469,INC-2026-00211,SMB,false,4.9
TCK-2026-00866,2026-06-14,2026-06,Jakarta,Enterprise VPN,Billing Related,Medium,Closed,74,319,INC-2026-02062,SMB,false,4.9
TCK-2026-01336,2026-06-14,2026-06,Palembang,Enterprise VPN,Intermittent Connection,Medium,In Progress,61,,,Enterprise,false,
TCK-2026-01675,2026-06-14,2026-06,Denpasar,Cloud Connectivity,Billing Related,Low,Closed,141,927,,Residential,false,4.9
TCK-2026-01761,2026-06-14,2026-06,Balikpapan,Cloud Connectivity,Installation Delay,Low,Closed,131,917,,SMB,false,4.5
TCK-2026-01846,2026-06-14,2026-06,Semarang,Mobile Broadband,Enterprise SLA Complaint,Medium,Waiting Customer,86,,,SMB,false,
TCK-2026-02096,2026-06-14,2026-06,Jakarta,Enterprise VPN,Intermittent Connection,Low,Resolved,114,864,INC-2026-02062,Enterprise,false,3.3
TCK-2026-04606,2026-06-14,2026-06,Medan,Cloud Connectivity,Slow Connection,Low,Resolved,127,867,INC-2026-00884,Residential,false,4.7
TCK-2026-04812,2026-06-14,2026-06,Medan,Cloud Connectivity,Billing Related,Medium,In Progress,75,,INC-2026-00884,Residential,false,
TCK-2026-05324,2026-06-14,2026-06,Surabaya,IPTV,Installation Delay,High,Resolved,61,380,,Residential,false,4.0
TCK-2026-00097,2026-06-15,2026-06,Balikpapan,Voice,Slow Connection,Medium,Closed,59,490,,Residential,false,5
TCK-2026-00880,2026-06-15,2026-06,Bandung,Fiber Internet,Billing Related,Low,Closed,151,869,INC-2026-01810,Residential,false,3.6
TCK-2026-00937,2026-06-15,2026-06,Yogyakarta,IPTV,Intermittent Connection,High,Closed,26,174,,Residential,true,3.4
TCK-2026-01089,2026-06-15,2026-06,Denpasar,Fiber Internet,Router ONT Issue,Medium,Closed,86,585,,Residential,true,4.6
TCK-2026-01511,2026-06-15,2026-06,Bandung,Fiber Internet,Billing Related,Medium,Closed,73,407,INC-2026-01810,Residential,true,5
TCK-2026-01937,2026-06-15,2026-06,Bandung,Mobile Broadband,Intermittent Connection,Medium,Resolved,64,503,,Residential,false,4.1
TCK-2026-02095,2026-06-15,2026-06,Bandung,Fiber Internet,Internet Down,Low,Closed,122,863,INC-2026-01810,SMB,true,4.7
TCK-2026-02199,2026-06-15,2026-06,Balikpapan,Enterprise VPN,Installation Delay,High,Resolved,28,246,,Residential,false,1.8
TCK-2026-02444,2026-06-15,2026-06,Bandung,IPTV,Slow Connection,High,Closed,10,282,,SMB,false,4.0
TCK-2026-02472,2026-06-15,2026-06,Medan,Mobile Broadband,Billing Related,Low,Closed,126,981,INC-2026-01216,Residential,false,5
TCK-2026-03704,2026-06-15,2026-06,Palembang,Mobile Broadband,Router ONT Issue,Medium,Resolved,85,463,,Residential,false,3.4
TCK-2026-03953,2026-06-15,2026-06,Yogyakarta,IPTV,Slow Connection,High,In Progress,53,,,SMB,false,
TCK-2026-04028,2026-06-15,2026-06,Surabaya,IPTV,Installation Delay,Medium,Waiting Customer,66,,INC-2026-00799,SMB,false,
TCK-2026-04527,2026-06-15,2026-06,Balikpapan,Fiber Internet,Billing Related,Medium,In Progress,59,,,Residential,false,
TCK-2026-00225,2026-06-16,2026-06,Surabaya,Voice,Intermittent Connection,Medium,Waiting Customer,84,,INC-2026-02060,Public Sector,false,
TCK-2026-00418,2026-06-16,2026-06,Surabaya,IPTV,Internet Down,Low,Resolved,135,947,,Enterprise,false,4.5
TCK-2026-01189,2026-06-16,2026-06,Denpasar,Enterprise VPN,Enterprise SLA Complaint,Medium,Closed,76,572,,SMB,false,3.3
TCK-2026-01895,2026-06-16,2026-06,Denpasar,Voice,Billing Related,High,Open,15,,,Residential,false,
TCK-2026-02574,2026-06-16,2026-06,Palembang,Mobile Broadband,Installation Delay,Low,Resolved,88,935,INC-2026-00581,Residential,false,4.0
TCK-2026-02676,2026-06-16,2026-06,Denpasar,Cloud Connectivity,Enterprise SLA Complaint,Low,Closed,161,874,,Residential,false,3.8
TCK-2026-02951,2026-06-16,2026-06,Palembang,Enterprise VPN,Intermittent Connection,Medium,Closed,67,625,,Enterprise,false,3.7
TCK-2026-03066,2026-06-16,2026-06,Yogyakarta,IPTV,Installation Delay,Low,Resolved,112,848,INC-2026-01119,SMB,false,4.1
TCK-2026-03520,2026-06-16,2026-06,Jakarta,Cloud Connectivity,Slow Connection,Medium,Closed,81,480,,SMB,false,4.6
TCK-2026-03573,2026-06-16,2026-06,Denpasar,Fiber Internet,Slow Connection,Medium,Waiting Customer,18,,,Residential,true,
TCK-2026-04138,2026-06-16,2026-06,Yogyakarta,Mobile Broadband,Slow Connection,Medium,Closed,89,434,INC-2026-01558,SMB,false,5
TCK-2026-04344,2026-06-16,2026-06,Bandung,Cloud Connectivity,Internet Down,Medium,Resolved,49,400,,Residential,false,4.5
TCK-2026-04586,2026-06-16,2026-06,Bandung,Cloud Connectivity,Slow Connection,Medium,Resolved,103,601,,Residential,false,2.8
TCK-2026-05163,2026-06-16,2026-06,Yogyakarta,Mobile Broadband,Router ONT Issue,Low,Resolved,96,1003,INC-2026-01558,Residential,false,5
TCK-2026-00216,2026-06-17,2026-06,Medan,Mobile Broadband,Billing Related,Low,In Progress,115,,INC-2026-00267,Residential,false,
TCK-2026-00233,2026-06-17,2026-06,Bandung,Enterprise VPN,Slow Connection,Low,Resolved,99,978,,Residential,false,3.8
TCK-2026-00318,2026-06-17,2026-06,Balikpapan,IPTV,Enterprise SLA Complaint,Low,Closed,142,783,,Residential,false,2.9
TCK-2026-00403,2026-06-17,2026-06,Makassar,Voice,Slow Connection,High,Open,23,,INC-2026-01686,SMB,false,
TCK-2026-00502,2026-06-17,2026-06,Yogyakarta,Mobile Broadband,Billing Related,Low,Resolved,127,886,,Residential,false,4.7
TCK-2026-01126,2026-06-17,2026-06,Makassar,Voice,Intermittent Connection,Critical,Waiting Customer,4,,,Enterprise,false,
TCK-2026-01311,2026-06-17,2026-06,Surabaya,Mobile Broadband,Internet Down,High,Waiting Customer,20,,INC-2026-01440,Residential,false,
TCK-2026-01541,2026-06-17,2026-06,Yogyakarta,Fiber Internet,Intermittent Connection,Low,Open,135,,,Enterprise,true,
TCK-2026-01612,2026-06-17,2026-06,Surabaya,Voice,Enterprise SLA Complaint,Low,Closed,151,939,INC-2026-00289,Residential,false,4.1
TCK-2026-01689,2026-06-17,2026-06,Balikpapan,IPTV,Slow Connection,Medium,Closed,82,415,INC-2026-01262,Residential,false,4.5
TCK-2026-02198,2026-06-17,2026-06,Jakarta,IPTV,Intermittent Connection,Medium,Closed,83,450,,Enterprise,false,4.3
TCK-2026-02336,2026-06-17,2026-06,Makassar,Voice,Installation Delay,Low,Open,119,,INC-2026-01686,Residential,false,
TCK-2026-02387,2026-06-17,2026-06,Balikpapan,Cloud Connectivity,Enterprise SLA Complaint,High,Waiting Customer,10,,,SMB,true,
TCK-2026-02531,2026-06-17,2026-06,Bandung,Mobile Broadband,Enterprise SLA Complaint,Low,In Progress,128,,INC-2026-00516,Enterprise,false,
TCK-2026-02847,2026-06-17,2026-06,Semarang,IPTV,Enterprise SLA Complaint,Low,Closed,115,953,,Residential,false,5
TCK-2026-02961,2026-06-17,2026-06,Makassar,IPTV,Installation Delay,Low,Resolved,110,769,,SMB,false,2.7
TCK-2026-03068,2026-06-17,2026-06,Makassar,Voice,Enterprise SLA Complaint,Low,Resolved,158,761,INC-2026-00065,Residential,false,3.8
TCK-2026-03186,2026-06-17,2026-06,Jakarta,Cloud Connectivity,Internet Down,Low,Open,107,,INC-2026-01668,Residential,false,
TCK-2026-03205,2026-06-17,2026-06,Makassar,Enterprise VPN,Billing Related,Medium,Resolved,84,474,,Residential,false,5
TCK-2026-03306,2026-06-17,2026-06,Palembang,IPTV,Intermittent Connection,Medium,In Progress,70,,INC-2026-00620,SMB,false,
TCK-2026-03315,2026-06-17,2026-06,Balikpapan,IPTV,Internet Down,Low,Closed,141,930,INC-2026-01262,SMB,false,3.6
TCK-2026-03682,2026-06-17,2026-06,Bandung,Mobile Broadband,Slow Connection,Low,Closed,106,853,INC-2026-00516,Residential,false,3.8
TCK-2026-03977,2026-06-17,2026-06,Makassar,IPTV,Router ONT Issue,High,Closed,39,231,,SMB,false,4.2
TCK-2026-04227,2026-06-17,2026-06,Makassar,Voice,Intermittent Connection,High,Resolved,18,214,INC-2026-01686,SMB,false,2.6
TCK-2026-04495,2026-06-17,2026-06,Surabaya,Voice,Router ONT Issue,Medium,Closed,72,566,INC-2026-00289,Residential,false,5
TCK-2026-04853,2026-06-17,2026-06,Medan,Mobile Broadband,Intermittent Connection,Medium,In Progress,63,,INC-2026-00267,Residential,false,
TCK-2026-00596,2026-06-18,2026-06,Makassar,Voice,Router ONT Issue,Low,Resolved,110,839,,Residential,false,3.4
TCK-2026-00990,2026-06-18,2026-06,Makassar,Fiber Internet,Intermittent Connection,High,Resolved,28,170,,Residential,false,3.6
TCK-2026-01617,2026-06-18,2026-06,Medan,Voice,Internet Down,Low,Closed,115,990,,Residential,false,3.7
TCK-2026-01980,2026-06-18,2026-06,Balikpapan,Enterprise VPN,Billing Related,Critical,Open,32,,,SMB,false,
TCK-2026-02037,2026-06-18,2026-06,Bandung,Enterprise VPN,Router ONT Issue,Medium,Resolved,71,581,,Residential,false,3.6
TCK-2026-03277,2026-06-18,2026-06,Palembang,IPTV,Internet Down,Low,Closed,140,1070,,Enterprise,false,3.9
TCK-2026-03733,2026-06-18,2026-06,Palembang,Mobile Broadband,Internet Down,Low,Resolved,133,853,,Residential,false,2.9
TCK-2026-04317,2026-06-18,2026-06,Yogyakarta,Fiber Internet,Router ONT Issue,Medium,Resolved,103,372,,Residential,false,3.3
TCK-2026-04831,2026-06-18,2026-06,Balikpapan,IPTV,Installation Delay,Critical,Resolved,2,101,,Residential,false,3.5
TCK-2026-05393,2026-06-18,2026-06,Balikpapan,Mobile Broadband,Internet Down,Low,Resolved,91,928,,Enterprise,false,3.2
TCK-2026-00611,2026-06-19,2026-06,Palembang,Enterprise VPN,Enterprise SLA Complaint,High,In Progress,43,,,Residential,false,
TCK-2026-01054,2026-06-19,2026-06,Denpasar,Voice,Enterprise SLA Complaint,Low,Resolved,108,910,,Residential,false,4.7
TCK-2026-02274,2026-06-19,2026-06,Balikpapan,IPTV,Intermittent Connection,Critical,Open,2,,,Residential,false,
TCK-2026-02323,2026-06-19,2026-06,Jakarta,Mobile Broadband,Enterprise SLA Complaint,Low,Resolved,123,782,,Residential,false,3.4
TCK-2026-02832,2026-06-19,2026-06,Denpasar,Fiber Internet,Internet Down,Low,Closed,133,1001,,Public Sector,false,4.7
TCK-2026-02972,2026-06-19,2026-06,Bandung,Fiber Internet,Enterprise SLA Complaint,Critical,Resolved,29,29,INC-2026-01348,Public Sector,false,2.4
TCK-2026-02980,2026-06-19,2026-06,Semarang,Cloud Connectivity,Slow Connection,Low,Closed,98,999,,Residential,false,3.9
TCK-2026-03657,2026-06-19,2026-06,Denpasar,Voice,Installation Delay,Critical,Resolved,26,68,,Residential,true,3.6
TCK-2026-03720,2026-06-19,2026-06,Bandung,Enterprise VPN,Enterprise SLA Complaint,Low,In Progress,161,,,SMB,false,
TCK-2026-03827,2026-06-19,2026-06,Surabaya,Fiber Internet,Router ONT Issue,Low,Open,95,,,SMB,false,
TCK-2026-04312,2026-06-19,2026-06,Denpasar,IPTV,Billing Related,High,Waiting Customer,2,,,Residential,false,
TCK-2026-05064,2026-06-19,2026-06,Bandung,Mobile Broadband,Internet Down,Low,Closed,143,717,INC-2026-00343,Enterprise,false,3.5
TCK-2026-05341,2026-06-19,2026-06,Medan,IPTV,Billing Related,Medium,Open,75,,,Residential,false,
TCK-2026-00430,2026-06-20,2026-06,Semarang,Fiber Internet,Enterprise SLA Complaint,Medium,Open,68,,,Residential,false,
TCK-2026-01346,2026-06-20,2026-06,Medan,Cloud Connectivity,Slow Connection,Low,Resolved,126,815,,Residential,true,1.8
TCK-2026-01558,2026-06-20,2026-06,Semarang,Enterprise VPN,Enterprise SLA Complaint,Medium,Resolved,70,397,,Residential,false,3.3
TCK-2026-01808,2026-06-20,2026-06,Jakarta,IPTV,Internet Down,Low,Resolved,126,872,,SMB,false,3.4
TCK-2026-02087,2026-06-20,2026-06,Jakarta,IPTV,Router ONT Issue,Medium,Resolved,97,425,,Residential,false,4.5
TCK-2026-02615,2026-06-20,2026-06,Bandung,Enterprise VPN,Installation Delay,Low,Closed,120,814,INC-2026-01734,Residential,false,4.4
TCK-2026-03212,2026-06-20,2026-06,Denpasar,IPTV,Internet Down,Low,Resolved,151,829,,SMB,false,2.7
TCK-2026-04021,2026-06-20,2026-06,Surabaya,Voice,Enterprise SLA Complaint,Low,In Progress,127,,INC-2026-01709,Residential,false,
TCK-2026-05013,2026-06-20,2026-06,Medan,Fiber Internet,Router ONT Issue,Medium,Resolved,61,468,,Residential,false,3.9
TCK-2026-00228,2026-06-21,2026-06,Surabaya,Voice,Router ONT Issue,High,Resolved,42,203,,Residential,false,3.1
TCK-2026-00389,2026-06-21,2026-06,Palembang,IPTV,Slow Connection,Low,Resolved,124,948,INC-2026-00954,Enterprise,false,3.8
TCK-2026-00428,2026-06-21,2026-06,Palembang,IPTV,Enterprise SLA Complaint,High,Resolved,54,334,INC-2026-00954,Enterprise,false,5
TCK-2026-00916,2026-06-21,2026-06,Bandung,Cloud Connectivity,Enterprise SLA Complaint,High,In Progress,22,,,SMB,false,
TCK-2026-01695,2026-06-21,2026-06,Palembang,IPTV,Enterprise SLA Complaint,Medium,Open,53,,INC-2026-00954,SMB,false,
TCK-2026-01926,2026-06-21,2026-06,Palembang,IPTV,Billing Related,Critical,Resolved,41,116,INC-2026-00954,SMB,true,1.8
TCK-2026-02613,2026-06-21,2026-06,Palembang,IPTV,Intermittent Connection,Low,Resolved,147,901,INC-2026-00954,Residential,false,3.1
TCK-2026-02645,2026-06-21,2026-06,Palembang,Voice,Installation Delay,Low,Resolved,95,835,,Enterprise,false,5
TCK-2026-02930,2026-06-21,2026-06,Denpasar,Voice,Installation Delay,Medium,Closed,72,448,,Residential,false,4.1
TCK-2026-03866,2026-06-21,2026-06,Palembang,Mobile Broadband,Router ONT Issue,Low,Resolved,116,901,,SMB,false,4.7
TCK-2026-04290,2026-06-21,2026-06,Balikpapan,Mobile Broadband,Internet Down,High,In Progress,42,,,SMB,true,
TCK-2026-04630,2026-06-21,2026-06,Palembang,Fiber Internet,Installation Delay,Low,Resolved,113,767,,Residential,false,4.6
TCK-2026-04808,2026-06-21,2026-06,Palembang,Cloud Connectivity,Router ONT Issue,High,Open,38,,,SMB,true,
TCK-2026-04872,2026-06-21,2026-06,Jakarta,Cloud Connectivity,Installation Delay,Medium,Resolved,103,386,INC-2026-01895,Residential,false,3.4
TCK-2026-04887,2026-06-21,2026-06,Denpasar,Cloud Connectivity,Enterprise SLA Complaint,Medium,Resolved,79,377,INC-2026-00453,Residential,false,4.7
TCK-2026-04975,2026-06-21,2026-06,Balikpapan,Enterprise VPN,Intermittent Connection,Low,Resolved,120,944,,Residential,false,4.0
TCK-2026-00110,2026-06-22,2026-06,Denpasar,Cloud Connectivity,Installation Delay,Low,Resolved,127,866,,Residential,true,3.5
TCK-2026-00334,2026-06-22,2026-06,Yogyakarta,IPTV,Router ONT Issue,Low,Closed,116,900,INC-2026-02198,SMB,false,4.2
TCK-2026-00575,2026-06-22,2026-06,Bandung,Mobile Broadband,Billing Related,Low,Resolved,119,890,INC-2026-00784,Public Sector,false,4.1
TCK-2026-00650,2026-06-22,2026-06,Bandung,Enterprise VPN,Internet Down,Low,In Progress,122,,,Residential,false,
TCK-2026-00944,2026-06-22,2026-06,Denpasar,IPTV,Internet Down,High,Resolved,63,233,INC-2026-01330,SMB,false,2.7
TCK-2026-00952,2026-06-22,2026-06,Yogyakarta,Enterprise VPN,Billing Related,Medium,In Progress,96,,,SMB,false,
TCK-2026-01390,2026-06-22,2026-06,Surabaya,IPTV,Internet Down,Medium,Resolved,69,599,,SMB,false,4.3
TCK-2026-01924,2026-06-22,2026-06,Yogyakarta,Enterprise VPN,Slow Connection,Medium,Open,80,,,Enterprise,false,
TCK-2026-03107,2026-06-22,2026-06,Medan,IPTV,Router ONT Issue,High,Open,15,,,SMB,true,
TCK-2026-03273,2026-06-22,2026-06,Palembang,Cloud Connectivity,Router ONT Issue,High,Resolved,39,305,,Residential,false,3.5
TCK-2026-03624,2026-06-22,2026-06,Denpasar,Cloud Connectivity,Installation Delay,Medium,Resolved,78,534,INC-2026-01909,Residential,false,3.8
TCK-2026-03930,2026-06-22,2026-06,Medan,Mobile Broadband,Slow Connection,Medium,In Progress,55,,INC-2026-00488,SMB,false,
TCK-2026-04303,2026-06-22,2026-06,Jakarta,Mobile Broadband,Router ONT Issue,Low,Closed,141,862,,SMB,false,4.5
TCK-2026-04753,2026-06-22,2026-06,Bandung,Mobile Broadband,Installation Delay,Medium,Resolved,38,492,INC-2026-00784,Public Sector,true,4.7
TCK-2026-05076,2026-06-22,2026-06,Balikpapan,Fiber Internet,Internet Down,Medium,Waiting Customer,68,,,Residential,false,
TCK-2026-05099,2026-06-22,2026-06,Denpasar,Enterprise VPN,Router ONT Issue,Medium,In Progress,76,,,Residential,false,
TCK-2026-00192,2026-06-23,2026-06,Semarang,Cloud Connectivity,Enterprise SLA Complaint,High,Resolved,17,198,INC-2026-01763,Residential,false,4.2
TCK-2026-00291,2026-06-23,2026-06,Bandung,IPTV,Installation Delay,Medium,Resolved,82,493,INC-2026-00492,SMB,false,5
TCK-2026-00415,2026-06-23,2026-06,Palembang,Mobile Broadband,Slow Connection,High,Closed,51,282,INC-2026-00456,Residential,false,2.3
TCK-2026-01472,2026-06-23,2026-06,Palembang,Fiber Internet,Router ONT Issue,High,Resolved,29,204,INC-2026-00853,Residential,true,3.1
TCK-2026-01544,2026-06-23,2026-06,Jakarta,IPTV,Router ONT Issue,Low,Resolved,160,1005,,Enterprise,false,3.7
TCK-2026-02023,2026-06-23,2026-06,Palembang,Fiber Internet,Installation Delay,Low,Waiting Customer,123,,INC-2026-00853,Residential,false,
TCK-2026-02195,2026-06-23,2026-06,Yogyakarta,Fiber Internet,Slow Connection,Medium,In Progress,89,,,Residential,false,
TCK-2026-02459,2026-06-23,2026-06,Medan,Voice,Router ONT Issue,Low,Resolved,123,942,INC-2026-01921,Residential,false,3.1
TCK-2026-02814,2026-06-23,2026-06,Palembang,Fiber Internet,Installation Delay,High,In Progress,3,,INC-2026-00853,Residential,false,
TCK-2026-03335,2026-06-23,2026-06,Jakarta,Fiber Internet,Billing Related,Low,Resolved,87,911,INC-2026-00016,Public Sector,false,3.9
TCK-2026-03471,2026-06-23,2026-06,Denpasar,Cloud Connectivity,Router ONT Issue,Medium,In Progress,75,,INC-2026-00364,Residential,false,
TCK-2026-03524,2026-06-23,2026-06,Semarang,Cloud Connectivity,Internet Down,High,Open,2,,INC-2026-01763,Residential,false,
TCK-2026-03633,2026-06-23,2026-06,Palembang,Fiber Internet,Router ONT Issue,Medium,Waiting Customer,75,,,Residential,false,
TCK-2026-03776,2026-06-23,2026-06,Bandung,Enterprise VPN,Internet Down,High,In Progress,28,,,Public Sector,false,
TCK-2026-04558,2026-06-23,2026-06,Makassar,Mobile Broadband,Enterprise SLA Complaint,High,Closed,25,298,,Residential,false,3.4
TCK-2026-05337,2026-06-23,2026-06,Jakarta,Mobile Broadband,Enterprise SLA Complaint,Low,Resolved,144,1050,,Residential,false,3.2
TCK-2026-00312,2026-06-24,2026-06,Denpasar,Fiber Internet,Enterprise SLA Complaint,Medium,Resolved,65,474,INC-2026-01080,Public Sector,false,3.8
TCK-2026-00355,2026-06-24,2026-06,Surabaya,Voice,Internet Down,Low,Resolved,73,864,,Residential,false,2.9
TCK-2026-00529,2026-06-24,2026-06,Medan,Fiber Internet,Slow Connection,Medium,Open,54,,,Residential,false,
TCK-2026-00603,2026-06-24,2026-06,Medan,IPTV,Router ONT Issue,Medium,Closed,91,455,,Residential,false,3.3
TCK-2026-00624,2026-06-24,2026-06,Denpasar,Voice,Installation Delay,Medium,Waiting Customer,76,,,Residential,false,
TCK-2026-01110,2026-06-24,2026-06,Denpasar,Fiber Internet,Slow Connection,Medium,Closed,88,467,INC-2026-01080,Residential,false,2.6
TCK-2026-01748,2026-06-24,2026-06,Makassar,Voice,Billing Related,Low,Closed,107,1148,,SMB,false,4.5
TCK-2026-02044,2026-06-24,2026-06,Makassar,Fiber Internet,Enterprise SLA Complaint,Critical,Resolved,2,189,INC-2026-00826,Residential,false,2.2
TCK-2026-02869,2026-06-24,2026-06,Makassar,Fiber Internet,Slow Connection,Low,Waiting Customer,136,,INC-2026-00190,SMB,false,
TCK-2026-03353,2026-06-24,2026-06,Makassar,Fiber Internet,Billing Related,Medium,In Progress,51,,INC-2026-00826,Public Sector,false,
TCK-2026-03962,2026-06-24,2026-06,Makassar,Fiber Internet,Billing Related,High,Closed,42,289,INC-2026-00826,SMB,false,3.5
TCK-2026-00385,2026-06-25,2026-06,Balikpapan,Cloud Connectivity,Slow Connection,Low,Resolved,122,748,INC-2026-00365,Residential,false,3.4
TCK-2026-00680,2026-06-25,2026-06,Makassar,Mobile Broadband,Billing Related,Medium,Open,55,,INC-2026-02184,SMB,false,
TCK-2026-01076,2026-06-25,2026-06,Denpasar,Voice,Internet Down,Low,Resolved,112,783,,Residential,false,4.7
TCK-2026-01124,2026-06-25,2026-06,Yogyakarta,IPTV,Intermittent Connection,High,Open,57,,INC-2026-02148,Residential,false,
TCK-2026-01381,2026-06-25,2026-06,Jakarta,Mobile Broadband,Billing Related,High,Resolved,34,220,INC-2026-00617,Residential,false,3.3
TCK-2026-01927,2026-06-25,2026-06,Bandung,Cloud Connectivity,Enterprise SLA Complaint,Low,Open,116,,,SMB,false,
TCK-2026-02135,2026-06-25,2026-06,Makassar,Mobile Broadband,Enterprise SLA Complaint,High,Closed,34,251,INC-2026-01941,Residential,false,3.1
TCK-2026-03080,2026-06-25,2026-06,Yogyakarta,Fiber Internet,Enterprise SLA Complaint,Low,Resolved,105,907,,Residential,false,4.1
TCK-2026-03316,2026-06-25,2026-06,Medan,Fiber Internet,Internet Down,Low,Closed,130,960,,Residential,false,4.6
TCK-2026-03937,2026-06-25,2026-06,Balikpapan,Cloud Connectivity,Installation Delay,Low,Closed,96,855,INC-2026-00365,Enterprise,false,3.3
TCK-2026-04393,2026-06-25,2026-06,Bandung,Voice,Installation Delay,High,Closed,21,295,,SMB,true,2.9
TCK-2026-04491,2026-06-25,2026-06,Bandung,Voice,Billing Related,Low,In Progress,116,,INC-2026-00871,Residential,false,
TCK-2026-04930,2026-06-25,2026-06,Yogyakarta,Fiber Internet,Enterprise SLA Complaint,Medium,Resolved,97,589,,Enterprise,false,4.4
TCK-2026-05277,2026-06-25,2026-06,Makassar,Voice,Billing Related,Critical,Open,2,,,Residential,false,
TCK-2026-00046,2026-06-26,2026-06,Medan,Mobile Broadband,Billing Related,Medium,In Progress,98,,,Enterprise,false,
TCK-2026-00395,2026-06-26,2026-06,Balikpapan,Enterprise VPN,Slow Connection,Low,Closed,128,846,,Enterprise,false,4.0
TCK-2026-00662,2026-06-26,2026-06,Medan,Fiber Internet,Intermittent Connection,Critical,Closed,30,182,INC-2026-00075,Residential,false,4.0
TCK-2026-02043,2026-06-26,2026-06,Surabaya,IPTV,Slow Connection,Low,Waiting Customer,113,,,Enterprise,false,
TCK-2026-02104,2026-06-26,2026-06,Medan,Enterprise VPN,Intermittent Connection,Medium,Closed,65,379,INC-2026-00907,Enterprise,false,4.1
TCK-2026-02515,2026-06-26,2026-06,Yogyakarta,Mobile Broadband,Enterprise SLA Complaint,Critical,Open,40,,,Residential,true,
TCK-2026-03156,2026-06-26,2026-06,Makassar,Cloud Connectivity,Internet Down,Medium,In Progress,76,,,Residential,false,
TCK-2026-03174,2026-06-26,2026-06,Makassar,Enterprise VPN,Billing Related,Low,Closed,109,855,,Residential,false,4.0
TCK-2026-03185,2026-06-26,2026-06,Jakarta,IPTV,Enterprise SLA Complaint,High,Closed,23,281,,Public Sector,true,2.2
TCK-2026-03401,2026-06-26,2026-06,Semarang,Cloud Connectivity,Router ONT Issue,Medium,Open,99,,INC-2026-01731,SMB,false,
TCK-2026-03525,2026-06-26,2026-06,Denpasar,Mobile Broadband,Router ONT Issue,Low,In Progress,135,,,Residential,true,
TCK-2026-03707,2026-06-26,2026-06,Makassar,Mobile Broadband,Billing Related,High,Closed,2,236,INC-2026-01618,Residential,false,3.1
TCK-2026-04098,2026-06-26,2026-06,Denpasar,Mobile Broadband,Enterprise SLA Complaint,Low,Resolved,105,775,,Residential,false,4.3
TCK-2026-04228,2026-06-26,2026-06,Semarang,Cloud Connectivity,Internet Down,Medium,Resolved,79,392,,Residential,false,3.7
TCK-2026-04408,2026-06-26,2026-06,Palembang,Mobile Broadband,Intermittent Connection,Low,Resolved,135,979,,SMB,false,3.9
TCK-2026-04611,2026-06-26,2026-06,Medan,Enterprise VPN,Intermittent Connection,Low,Open,115,,INC-2026-00907,Residential,false,
TCK-2026-00044,2026-06-27,2026-06,Palembang,Enterprise VPN,Enterprise SLA Complaint,Medium,Open,80,,,Residential,false,
TCK-2026-01668,2026-06-27,2026-06,Jakarta,Cloud Connectivity,Internet Down,Medium,Waiting Customer,50,,INC-2026-00936,Residential,false,
TCK-2026-04212,2026-06-27,2026-06,Medan,Voice,Intermittent Connection,Critical,Resolved,31,163,INC-2026-02114,SMB,true,3.0
TCK-2026-04605,2026-06-27,2026-06,Balikpapan,Mobile Broadband,Billing Related,Medium,Resolved,82,544,,Enterprise,false,3.5
TCK-2026-04888,2026-06-27,2026-06,Medan,Voice,Enterprise SLA Complaint,Medium,Closed,87,558,INC-2026-02114,Public Sector,false,3.7
TCK-2026-05280,2026-06-27,2026-06,Medan,Mobile Broadband,Enterprise SLA Complaint,High,Open,44,,INC-2026-00741,Residential,false,
TCK-2026-00322,2026-06-28,2026-06,Denpasar,IPTV,Billing Related,Medium,Resolved,95,555,,Residential,false,3.4
TCK-2026-00667,2026-06-28,2026-06,Denpasar,Mobile Broadband,Slow Connection,Low,Resolved,113,872,INC-2026-01411,Residential,false,3.8
TCK-2026-00738,2026-06-28,2026-06,Jakarta,Enterprise VPN,Slow Connection,Low,In Progress,142,,,SMB,false,
TCK-2026-01074,2026-06-28,2026-06,Semarang,IPTV,Installation Delay,Low,Resolved,112,927,,Enterprise,false,3.7
TCK-2026-01081,2026-06-28,2026-06,Denpasar,Enterprise VPN,Installation Delay,Medium,Waiting Customer,71,,,Residential,false,
TCK-2026-01355,2026-06-28,2026-06,Makassar,Cloud Connectivity,Enterprise SLA Complaint,Low,Open,123,,,Residential,false,
TCK-2026-01363,2026-06-28,2026-06,Surabaya,Enterprise VPN,Enterprise SLA Complaint,Low,In Progress,139,,,Residential,false,
TCK-2026-01587,2026-06-28,2026-06,Yogyakarta,Cloud Connectivity,Installation Delay,Medium,Resolved,53,492,,Residential,false,3.7
TCK-2026-02123,2026-06-28,2026-06,Medan,IPTV,Router ONT Issue,Medium,Waiting Customer,69,,,Residential,false,
TCK-2026-02194,2026-06-28,2026-06,Denpasar,Mobile Broadband,Enterprise SLA Complaint,Low,Resolved,87,849,INC-2026-01411,Residential,false,2.8
TCK-2026-02196,2026-06-28,2026-06,Yogyakarta,IPTV,Enterprise SLA Complaint,Medium,Resolved,64,610,INC-2026-01470,Residential,false,4.2
TCK-2026-02388,2026-06-28,2026-06,Balikpapan,Cloud Connectivity,Internet Down,High,Closed,29,216,INC-2026-01867,SMB,false,3.6
TCK-2026-02418,2026-06-28,2026-06,Bandung,Fiber Internet,Router ONT Issue,Medium,Closed,79,461,,Residential,false,4.5
TCK-2026-03005,2026-06-28,2026-06,Medan,IPTV,Router ONT Issue,Low,Resolved,135,918,,SMB,false,3.9
TCK-2026-03251,2026-06-28,2026-06,Yogyakarta,IPTV,Installation Delay,Medium,Waiting Customer,75,,,Enterprise,false,
TCK-2026-03480,2026-06-28,2026-06,Denpasar,Cloud Connectivity,Slow Connection,Critical,Resolved,32,32,,SMB,false,4.8
TCK-2026-03748,2026-06-28,2026-06,Makassar,Enterprise VPN,Installation Delay,Low,Closed,139,829,,Residential,false,2.7
TCK-2026-04567,2026-06-28,2026-06,Makassar,Voice,Billing Related,Low,Resolved,111,817,,Residential,false,4.3
TCK-2026-04581,2026-06-28,2026-06,Denpasar,Mobile Broadband,Billing Related,Medium,Open,73,,INC-2026-01411,SMB,false,
TCK-2026-04828,2026-06-28,2026-06,Yogyakarta,IPTV,Billing Related,Low,Closed,105,837,INC-2026-01470,Residential,false,4.5
TCK-2026-04959,2026-06-28,2026-06,Makassar,Cloud Connectivity,Internet Down,Medium,Closed,70,495,INC-2026-00122,Enterprise,false,4.3
TCK-2026-00066,2026-06-29,2026-06,Medan,Cloud Connectivity,Internet Down,Critical,Open,2,,INC-2026-00011,SMB,false,
TCK-2026-00092,2026-06-29,2026-06,Jakarta,Cloud Connectivity,Enterprise SLA Complaint,Low,Resolved,108,787,INC-2026-00240,SMB,true,3.7
TCK-2026-00133,2026-06-29,2026-06,Palembang,IPTV,Enterprise SLA Complaint,High,Open,42,,INC-2026-01790,Enterprise,false,
TCK-2026-00589,2026-06-29,2026-06,Makassar,IPTV,Installation Delay,Medium,Resolved,80,654,INC-2026-02001,SMB,false,3.9
TCK-2026-00609,2026-06-29,2026-06,Surabaya,Voice,Slow Connection,Medium,Closed,93,586,,Residential,false,4.6
TCK-2026-01176,2026-06-29,2026-06,Makassar,Cloud Connectivity,Installation Delay,Medium,Waiting Customer,69,,,SMB,false,
TCK-2026-01204,2026-06-29,2026-06,Semarang,IPTV,Installation Delay,Critical,Resolved,3,23,,Residential,false,4.9
TCK-2026-01862,2026-06-29,2026-06,Surabaya,Fiber Internet,Intermittent Connection,High,In Progress,49,,,Residential,false,
TCK-2026-01884,2026-06-29,2026-06,Balikpapan,Voice,Billing Related,Critical,Closed,2,154,,Residential,false,3.1
TCK-2026-02064,2026-06-29,2026-06,Medan,Cloud Connectivity,Slow Connection,Medium,In Progress,34,,INC-2026-00011,Residential,false,
TCK-2026-02406,2026-06-29,2026-06,Denpasar,Mobile Broadband,Slow Connection,High,Resolved,35,225,,Residential,false,3.6
TCK-2026-03415,2026-06-29,2026-06,Denpasar,Mobile Broadband,Router ONT Issue,Low,Waiting Customer,118,,,Residential,true,
TCK-2026-03427,2026-06-29,2026-06,Makassar,IPTV,Enterprise SLA Complaint,Low,Closed,132,771,INC-2026-02001,Enterprise,false,4.6
TCK-2026-03653,2026-06-29,2026-06,Makassar,IPTV,Router ONT Issue,Medium,Resolved,57,521,,Public Sector,false,2.9
TCK-2026-03689,2026-06-29,2026-06,Medan,Voice,Enterprise SLA Complaint,Medium,Resolved,83,491,,Public Sector,true,3.6
TCK-2026-03891,2026-06-29,2026-06,Denpasar,Voice,Router ONT Issue,High,In Progress,17,,,Public Sector,false,
TCK-2026-03940,2026-06-29,2026-06,Balikpapan,Fiber Internet,Billing Related,Medium,Resolved,75,428,,Public Sector,false,3.9
TCK-2026-04165,2026-06-29,2026-06,Yogyakarta,IPTV,Billing Related,Low,In Progress,128,,,Enterprise,false,
TCK-2026-04271,2026-06-29,2026-06,Semarang,Fiber Internet,Internet Down,Low,Resolved,126,820,,Enterprise,false,4.3
TCK-2026-04327,2026-06-29,2026-06,Palembang,IPTV,Slow Connection,Low,In Progress,112,,INC-2026-01790,Residential,false,
TCK-2026-04721,2026-06-29,2026-06,Palembang,Cloud Connectivity,Enterprise SLA Complaint,Medium,Closed,72,498,,Residential,false,3.8
TCK-2026-04858,2026-06-29,2026-06,Surabaya,Cloud Connectivity,Intermittent Connection,Low,Closed,118,750,,Public Sector,false,4.8
TCK-2026-04879,2026-06-29,2026-06,Yogyakarta,Voice,Enterprise SLA Complaint,Medium,Resolved,53,483,,Residential,false,4.0
TCK-2026-05174,2026-06-29,2026-06,Palembang,Mobile Broadband,Slow Connection,High,In Progress,38,,,Enterprise,true,
TCK-2026-00034,2026-06-30,2026-06,Medan,Cloud Connectivity,Installation Delay,Low,Waiting Customer,125,,,Residential,false,
TCK-2026-00278,2026-06-30,2026-06,Balikpapan,Fiber Internet,Billing Related,Low,Closed,110,982,,Residential,false,4.3
TCK-2026-00545,2026-06-30,2026-06,Semarang,Mobile Broadband,Intermittent Connection,Low,Closed,133,904,INC-2026-01967,Residential,false,4.0
TCK-2026-00922,2026-06-30,2026-06,Semarang,IPTV,Internet Down,Low,In Progress,130,,,Enterprise,false,
TCK-2026-01142,2026-06-30,2026-06,Surabaya,Voice,Intermittent Connection,Medium,Resolved,83,528,,SMB,false,3.7
TCK-2026-01298,2026-06-30,2026-06,Semarang,Mobile Broadband,Installation Delay,Medium,Resolved,62,473,INC-2026-01967,Residential,false,4.1
TCK-2026-01326,2026-06-30,2026-06,Jakarta,Cloud Connectivity,Router ONT Issue,High,Open,48,,,Residential,false,
TCK-2026-01640,2026-06-30,2026-06,Medan,Enterprise VPN,Billing Related,Medium,Resolved,59,415,INC-2026-01413,Residential,true,5
TCK-2026-01890,2026-06-30,2026-06,Palembang,Fiber Internet,Enterprise SLA Complaint,Medium,Closed,65,492,,SMB,false,4.3
TCK-2026-02601,2026-06-30,2026-06,Bandung,Mobile Broadband,Internet Down,High,Resolved,15,253,,Residential,false,2.7
TCK-2026-02714,2026-06-30,2026-06,Yogyakarta,Cloud Connectivity,Router ONT Issue,Medium,Resolved,89,486,,Residential,false,5
TCK-2026-02723,2026-06-30,2026-06,Jakarta,Fiber Internet,Internet Down,Low,Resolved,140,1068,,Residential,true,4.7
TCK-2026-02724,2026-06-30,2026-06,Bandung,Fiber Internet,Installation Delay,Medium,Waiting Customer,93,,,Residential,false,
TCK-2026-03108,2026-06-30,2026-06,Denpasar,Fiber Internet,Billing Related,Low,Resolved,122,873,,Residential,false,4.3
TCK-2026-03350,2026-06-30,2026-06,Jakarta,Enterprise VPN,Router ONT Issue,Low,Resolved,117,981,,Residential,false,4.2
TCK-2026-04341,2026-06-30,2026-06,Palembang,Cloud Connectivity,Internet Down,High,In Progress,46,,,Residential,false,
TCK-2026-05020,2026-06-30,2026-06,Medan,Enterprise VPN,Slow Connection,Critical,In Progress,24,,INC-2026-01413,Residential,false,
TCK-2026-00432,2026-07-01,2026-07,Makassar,IPTV,Billing Related,Low,Open,104,,,SMB,false,
TCK-2026-00798,2026-07-01,2026-07,Balikpapan,Mobile Broadband,Enterprise SLA Complaint,High,Closed,28,208,,Residential,false,3.7
TCK-2026-00892,2026-07-01,2026-07,Balikpapan,Cloud Connectivity,Billing Related,Low,Resolved,135,895,,Residential,false,3.1
TCK-2026-00983,2026-07-01,2026-07,Medan,Enterprise VPN,Enterprise SLA Complaint,Medium,In Progress,78,,,Enterprise,false,
TCK-2026-01111,2026-07-01,2026-07,Yogyakarta,Cloud Connectivity,Slow Connection,Low,Resolved,98,889,,SMB,false,4.8
TCK-2026-01784,2026-07-01,2026-07,Jakarta,Mobile Broadband,Internet Down,Medium,Resolved,67,549,,Enterprise,false,3.3
TCK-2026-03467,2026-07-01,2026-07,Denpasar,Fiber Internet,Billing Related,Medium,Closed,74,414,,Residential,false,3.9
TCK-2026-03601,2026-07-01,2026-07,Makassar,IPTV,Internet Down,Medium,In Progress,82,,,Residential,false,
TCK-2026-03990,2026-07-01,2026-07,Medan,Cloud Connectivity,Slow Connection,Low,Resolved,134,922,,SMB,false,3.1
TCK-2026-04126,2026-07-01,2026-07,Denpasar,IPTV,Intermittent Connection,Medium,Resolved,82,533,,Public Sector,false,4.8
TCK-2026-04273,2026-07-01,2026-07,Surabaya,Voice,Intermittent Connection,Low,Open,110,,INC-2026-00397,SMB,false,
TCK-2026-05160,2026-07-01,2026-07,Yogyakarta,Cloud Connectivity,Internet Down,Critical,Waiting Customer,14,,,Enterprise,true,
TCK-2026-00774,2026-07-02,2026-07,Surabaya,IPTV,Router ONT Issue,High,Resolved,31,209,,Residential,false,3.3
TCK-2026-01256,2026-07-02,2026-07,Palembang,IPTV,Billing Related,Low,Resolved,109,1010,INC-2026-00863,Residential,false,4.3
TCK-2026-01426,2026-07-02,2026-07,Balikpapan,IPTV,Billing Related,High,Resolved,46,231,,Residential,false,3.5
TCK-2026-01601,2026-07-02,2026-07,Bandung,Enterprise VPN,Internet Down,High,Resolved,2,153,,Enterprise,false,3.9
TCK-2026-01741,2026-07-02,2026-07,Medan,Cloud Connectivity,Internet Down,High,Resolved,44,305,INC-2026-02015,Residential,true,2.3
TCK-2026-02085,2026-07-02,2026-07,Surabaya,Cloud Connectivity,Internet Down,High,Closed,25,153,INC-2026-00918,Residential,true,3.2
TCK-2026-02312,2026-07-02,2026-07,Palembang,Mobile Broadband,Internet Down,Low,Open,152,,INC-2026-00475,Residential,false,
TCK-2026-02466,2026-07-02,2026-07,Medan,Voice,Installation Delay,High,In Progress,77,,INC-2026-01560,Residential,true,
TCK-2026-03803,2026-07-02,2026-07,Bandung,Fiber Internet,Internet Down,Medium,In Progress,79,,,Residential,false,
TCK-2026-04012,2026-07-02,2026-07,Medan,Voice,Installation Delay,Low,Closed,135,1015,INC-2026-01560,SMB,false,4.1
TCK-2026-00062,2026-07-03,2026-07,Yogyakarta,Voice,Internet Down,Medium,Waiting Customer,40,,,Residential,true,
TCK-2026-00128,2026-07-03,2026-07,Yogyakarta,Voice,Slow Connection,Medium,In Progress,116,,,Enterprise,false,
TCK-2026-00544,2026-07-03,2026-07,Yogyakarta,Fiber Internet,Installation Delay,Low,Resolved,87,916,,SMB,false,4.2
TCK-2026-01648,2026-07-03,2026-07,Semarang,Fiber Internet,Enterprise SLA Complaint,Medium,Resolved,103,535,INC-2026-00862,Residential,false,5
TCK-2026-02590,2026-07-03,2026-07,Surabaya,Mobile Broadband,Intermittent Connection,Low,Open,110,,INC-2026-01287,Residential,false,
TCK-2026-02620,2026-07-03,2026-07,Palembang,Enterprise VPN,Router ONT Issue,Low,Waiting Customer,122,,,SMB,false,
TCK-2026-02977,2026-07-03,2026-07,Balikpapan,Cloud Connectivity,Slow Connection,Low,Open,114,,,Enterprise,false,
TCK-2026-03391,2026-07-03,2026-07,Denpasar,Mobile Broadband,Slow Connection,Medium,Resolved,55,460,,Enterprise,false,3.9
TCK-2026-03434,2026-07-03,2026-07,Palembang,Cloud Connectivity,Intermittent Connection,High,In Progress,42,,,SMB,false,
TCK-2026-03440,2026-07-03,2026-07,Surabaya,Mobile Broadband,Router ONT Issue,Medium,Closed,54,575,INC-2026-01287,Residential,false,4.5
TCK-2026-04349,2026-07-03,2026-07,Semarang,Fiber Internet,Internet Down,Medium,Resolved,79,426,INC-2026-00862,Residential,false,4.2
TCK-2026-04634,2026-07-03,2026-07,Makassar,IPTV,Router ONT Issue,Low,Closed,124,840,,Residential,false,3.7
TCK-2026-04778,2026-07-03,2026-07,Denpasar,Cloud Connectivity,Internet Down,Low,Closed,140,929,,Public Sector,false,3.5
TCK-2026-04944,2026-07-03,2026-07,Balikpapan,IPTV,Intermittent Connection,Low,Closed,121,811,,Residential,false,4.6
TCK-2026-05198,2026-07-03,2026-07,Jakarta,Voice,Billing Related,Low,Resolved,118,930,,Residential,false,4.2
TCK-2026-00182,2026-07-04,2026-07,Makassar,Mobile Broadband,Installation Delay,Critical,Resolved,3,93,,SMB,false,3.7
TCK-2026-02305,2026-07-04,2026-07,Denpasar,Voice,Enterprise SLA Complaint,Low,Resolved,113,1091,INC-2026-01950,SMB,false,2.6
TCK-2026-02500,2026-07-04,2026-07,Makassar,Mobile Broadband,Slow Connection,Medium,Open,66,,,Residential,false,
TCK-2026-02508,2026-07-04,2026-07,Semarang,Voice,Internet Down,Medium,Open,57,,INC-2026-01089,Residential,false,
TCK-2026-02693,2026-07-04,2026-07,Palembang,Fiber Internet,Slow Connection,Low,Resolved,102,924,,Residential,false,3.6
TCK-2026-02796,2026-07-04,2026-07,Yogyakarta,Voice,Internet Down,Medium,Resolved,52,497,INC-2026-02086,Residential,false,4.1
TCK-2026-02908,2026-07-04,2026-07,Balikpapan,Voice,Internet Down,Medium,Waiting Customer,71,,,Enterprise,true,
TCK-2026-04119,2026-07-04,2026-07,Yogyakarta,Voice,Slow Connection,Medium,Resolved,30,420,INC-2026-02086,Residential,false,3.0
TCK-2026-04216,2026-07-04,2026-07,Yogyakarta,Voice,Router ONT Issue,Medium,In Progress,48,,INC-2026-02086,Residential,false,
TCK-2026-04508,2026-07-04,2026-07,Jakarta,Enterprise VPN,Internet Down,High,Resolved,30,291,,Residential,false,3.6
TCK-2026-05115,2026-07-04,2026-07,Yogyakarta,Voice,Enterprise SLA Complaint,Medium,Closed,60,469,INC-2026-02086,Residential,false,3.5
TCK-2026-00172,2026-07-05,2026-07,Medan,IPTV,Internet Down,High,Resolved,24,215,,SMB,false,4.3
TCK-2026-00388,2026-07-05,2026-07,Medan,Enterprise VPN,Router ONT Issue,Low,Resolved,107,977,INC-2026-01193,Enterprise,true,4.6
TCK-2026-00694,2026-07-05,2026-07,Makassar,Fiber Internet,Router ONT Issue,High,In Progress,54,,,Residential,false,
TCK-2026-01727,2026-07-05,2026-07,Jakarta,Enterprise VPN,Internet Down,Low,Closed,125,824,,Public Sector,false,3.9
TCK-2026-01746,2026-07-05,2026-07,Denpasar,Voice,Installation Delay,Low,Resolved,123,808,,Enterprise,false,3.8
TCK-2026-02548,2026-07-05,2026-07,Jakarta,IPTV,Slow Connection,Low,In Progress,100,,,SMB,false,
TCK-2026-02682,2026-07-05,2026-07,Jakarta,Enterprise VPN,Internet Down,Medium,Resolved,71,660,,Residential,false,4.8
TCK-2026-02711,2026-07-05,2026-07,Medan,Cloud Connectivity,Billing Related,Medium,In Progress,91,,,Residential,false,
TCK-2026-02991,2026-07-05,2026-07,Makassar,Voice,Billing Related,Low,Closed,127,1002,,SMB,false,4.0
TCK-2026-03320,2026-07-05,2026-07,Denpasar,IPTV,Router ONT Issue,Medium,In Progress,91,,INC-2026-00175,Residential,false,
TCK-2026-03698,2026-07-05,2026-07,Denpasar,Fiber Internet,Installation Delay,Critical,Closed,2,160,,Residential,false,3.4
TCK-2026-04499,2026-07-05,2026-07,Surabaya,Fiber Internet,Internet Down,Medium,Open,89,,,SMB,false,
TCK-2026-04571,2026-07-05,2026-07,Bandung,Fiber Internet,Internet Down,Medium,Resolved,72,418,,SMB,false,4.5
TCK-2026-04732,2026-07-05,2026-07,Medan,Enterprise VPN,Internet Down,Medium,In Progress,106,,INC-2026-01193,SMB,false,
TCK-2026-05120,2026-07-05,2026-07,Bandung,Mobile Broadband,Internet Down,Medium,Resolved,74,470,,Residential,false,4.4
TCK-2026-05322,2026-07-05,2026-07,Semarang,IPTV,Slow Connection,Medium,Resolved,83,495,INC-2026-00348,Enterprise,false,3.2
TCK-2026-05390,2026-07-05,2026-07,Makassar,IPTV,Slow Connection,Low,Open,98,,,Residential,false,
TCK-2026-00198,2026-07-06,2026-07,Balikpapan,Voice,Intermittent Connection,Low,Resolved,115,716,INC-2026-00303,Residential,false,2.6
TCK-2026-00267,2026-07-06,2026-07,Makassar,Mobile Broadband,Installation Delay,Critical,Closed,2,34,,Residential,false,2.6
TCK-2026-01397,2026-07-06,2026-07,Yogyakarta,Enterprise VPN,Intermittent Connection,Medium,Resolved,74,676,,Residential,false,4.0
TCK-2026-01609,2026-07-06,2026-07,Semarang,Cloud Connectivity,Internet Down,Medium,Waiting Customer,109,,INC-2026-01238,SMB,false,
TCK-2026-01941,2026-07-06,2026-07,Medan,Fiber Internet,Enterprise SLA Complaint,Low,Open,118,,,SMB,false,
TCK-2026-02186,2026-07-06,2026-07,Balikpapan,Enterprise VPN,Router ONT Issue,Medium,Closed,76,596,,Residential,false,3.9
TCK-2026-02277,2026-07-06,2026-07,Jakarta,Enterprise VPN,Intermittent Connection,High,Resolved,57,109,,Residential,true,2.7
TCK-2026-02692,2026-07-06,2026-07,Makassar,Voice,Installation Delay,Medium,Closed,71,341,,SMB,false,3.5
TCK-2026-02886,2026-07-06,2026-07,Jakarta,Cloud Connectivity,Enterprise SLA Complaint,Critical,In Progress,16,,,Residential,false,
TCK-2026-03216,2026-07-06,2026-07,Balikpapan,Voice,Router ONT Issue,Low,In Progress,120,,INC-2026-00303,Enterprise,true,
TCK-2026-03676,2026-07-06,2026-07,Medan,Voice,Installation Delay,Medium,Closed,89,430,,Residential,false,5
TCK-2026-03766,2026-07-06,2026-07,Makassar,Enterprise VPN,Installation Delay,High,Resolved,15,406,,Residential,false,1.9
TCK-2026-03967,2026-07-06,2026-07,Makassar,Mobile Broadband,Enterprise SLA Complaint,Medium,Resolved,33,357,,Residential,false,5
TCK-2026-04066,2026-07-06,2026-07,Balikpapan,Mobile Broadband,Billing Related,Medium,Resolved,64,491,,Residential,false,3.3
TCK-2026-00099,2026-07-07,2026-07,Surabaya,Cloud Connectivity,Installation Delay,High,Resolved,37,241,INC-2026-01280,Residential,false,3.4
TCK-2026-00136,2026-07-07,2026-07,Medan,Enterprise VPN,Installation Delay,Low,Open,119,,,Residential,false,
TCK-2026-00299,2026-07-07,2026-07,Makassar,Voice,Router ONT Issue,Medium,Open,80,,,Residential,false,
TCK-2026-01009,2026-07-07,2026-07,Surabaya,IPTV,Installation Delay,High,Waiting Customer,27,,,Enterprise,false,
TCK-2026-01061,2026-07-07,2026-07,Medan,Fiber Internet,Router ONT Issue,High,Open,25,,,Residential,true,
TCK-2026-01181,2026-07-07,2026-07,Yogyakarta,IPTV,Router ONT Issue,High,Closed,7,240,,Residential,false,2.4
TCK-2026-01618,2026-07-07,2026-07,Jakarta,Mobile Broadband,Internet Down,Medium,In Progress,71,,,Public Sector,false,
TCK-2026-01620,2026-07-07,2026-07,Palembang,Fiber Internet,Billing Related,High,Resolved,51,107,,Residential,false,3.2
TCK-2026-01642,2026-07-07,2026-07,Balikpapan,Voice,Intermittent Connection,Low,Closed,111,837,,Residential,false,4.2
TCK-2026-02264,2026-07-07,2026-07,Yogyakarta,Enterprise VPN,Installation Delay,Critical,Open,7,,INC-2026-00985,Public Sector,true,
TCK-2026-02643,2026-07-07,2026-07,Palembang,Voice,Internet Down,Critical,Closed,34,242,,Residential,false,4.3
TCK-2026-02979,2026-07-07,2026-07,Yogyakarta,Voice,Intermittent Connection,Low,Open,118,,,Residential,false,
TCK-2026-02993,2026-07-07,2026-07,Semarang,IPTV,Router ONT Issue,Medium,Closed,88,499,,Residential,false,4.7
TCK-2026-03109,2026-07-07,2026-07,Yogyakarta,IPTV,Installation Delay,Medium,Resolved,47,631,,Residential,false,4.9
TCK-2026-03354,2026-07-07,2026-07,Medan,Fiber Internet,Enterprise SLA Complaint,Medium,Resolved,115,687,,Enterprise,false,4.5
TCK-2026-03484,2026-07-07,2026-07,Jakarta,Cloud Connectivity,Internet Down,Medium,Open,55,,,Residential,false,
TCK-2026-03683,2026-07-07,2026-07,Semarang,IPTV,Router ONT Issue,Low,In Progress,110,,,Residential,false,
TCK-2026-04100,2026-07-07,2026-07,Makassar,Voice,Slow Connection,Low,Resolved,143,747,,Residential,false,3.9
TCK-2026-04877,2026-07-07,2026-07,Yogyakarta,Enterprise VPN,Router ONT Issue,High,Waiting Customer,19,,INC-2026-00985,SMB,false,
TCK-2026-00247,2026-07-08,2026-07,Yogyakarta,Cloud Connectivity,Enterprise SLA Complaint,Low,Resolved,134,866,,Residential,false,3.7
TCK-2026-00731,2026-07-08,2026-07,Medan,Cloud Connectivity,Installation Delay,Low,Resolved,127,978,INC-2026-01885,Residential,false,4.8
TCK-2026-00780,2026-07-08,2026-07,Medan,Cloud Connectivity,Installation Delay,Low,Closed,119,845,INC-2026-01885,Residential,false,5
TCK-2026-00809,2026-07-08,2026-07,Yogyakarta,Enterprise VPN,Slow Connection,Low,Resolved,130,765,INC-2026-00945,Residential,false,4.2
TCK-2026-00969,2026-07-08,2026-07,Medan,Enterprise VPN,Billing Related,Low,Open,150,,,Residential,false,
TCK-2026-01343,2026-07-08,2026-07,Yogyakarta,Enterprise VPN,Router ONT Issue,Medium,Resolved,52,442,INC-2026-00945,Public Sector,false,4.2
TCK-2026-01834,2026-07-08,2026-07,Denpasar,Enterprise VPN,Slow Connection,Medium,Waiting Customer,105,,INC-2026-00986,SMB,false,
TCK-2026-02078,2026-07-08,2026-07,Palembang,Enterprise VPN,Intermittent Connection,High,Resolved,22,386,INC-2026-01706,SMB,false,2.9
TCK-2026-02460,2026-07-08,2026-07,Yogyakarta,Enterprise VPN,Router ONT Issue,High,In Progress,14,,INC-2026-00945,Residential,false,
TCK-2026-02521,2026-07-08,2026-07,Bandung,Fiber Internet,Slow Connection,High,Closed,55,343,INC-2026-01215,SMB,false,2.7
TCK-2026-02852,2026-07-08,2026-07,Denpasar,Enterprise VPN,Router ONT Issue,Low,Closed,119,1043,,Enterprise,true,3.8
TCK-2026-03819,2026-07-08,2026-07,Surabaya,Voice,Billing Related,Low,Open,97,,,Residential,false,
TCK-2026-04031,2026-07-08,2026-07,Yogyakarta,Mobile Broadband,Intermittent Connection,High,Closed,40,351,,Residential,false,3.7
TCK-2026-04367,2026-07-08,2026-07,Jakarta,IPTV,Enterprise SLA Complaint,Medium,Closed,78,465,,Residential,false,3.3
TCK-2026-04471,2026-07-08,2026-07,Medan,Cloud Connectivity,Billing Related,Low,Resolved,127,807,INC-2026-01885,SMB,false,4.1
TCK-2026-04615,2026-07-08,2026-07,Bandung,Voice,Enterprise SLA Complaint,High,Resolved,49,182,INC-2026-01430,Residential,false,4.2
TCK-2026-04824,2026-07-08,2026-07,Palembang,Enterprise VPN,Internet Down,Low,In Progress,137,,INC-2026-01706,Enterprise,false,
TCK-2026-00017,2026-07-09,2026-07,Balikpapan,IPTV,Internet Down,Low,In Progress,109,,,Residential,false,
TCK-2026-00712,2026-07-09,2026-07,Balikpapan,Enterprise VPN,Billing Related,Critical,Closed,14,14,,Residential,false,3.2
TCK-2026-01106,2026-07-09,2026-07,Medan,Mobile Broadband,Intermittent Connection,Low,Resolved,138,816,,SMB,false,5
TCK-2026-01303,2026-07-09,2026-07,Surabaya,IPTV,Billing Related,Medium,Open,78,,,Enterprise,false,
TCK-2026-01711,2026-07-09,2026-07,Semarang,Voice,Installation Delay,Low,Resolved,122,922,INC-2026-01397,Residential,false,2.8
TCK-2026-01736,2026-07-09,2026-07,Makassar,Cloud Connectivity,Router ONT Issue,Medium,Waiting Customer,58,,,Residential,false,
TCK-2026-02035,2026-07-09,2026-07,Palembang,Mobile Broadband,Intermittent Connection,Low,Open,134,,,SMB,true,
TCK-2026-02202,2026-07-09,2026-07,Surabaya,Fiber Internet,Installation Delay,Medium,In Progress,66,,,Residential,false,
TCK-2026-02254,2026-07-09,2026-07,Makassar,Enterprise VPN,Intermittent Connection,Medium,Resolved,90,426,,SMB,false,2.7
TCK-2026-02260,2026-07-09,2026-07,Balikpapan,Voice,Slow Connection,Medium,Closed,73,524,,SMB,false,3.4
TCK-2026-02395,2026-07-09,2026-07,Makassar,Cloud Connectivity,Intermittent Connection,Medium,Waiting Customer,51,,,Residential,true,
TCK-2026-04172,2026-07-09,2026-07,Jakarta,IPTV,Router ONT Issue,Medium,Resolved,74,562,INC-2026-01730,Residential,false,4.4
TCK-2026-04199,2026-07-09,2026-07,Balikpapan,Voice,Enterprise SLA Complaint,Medium,In Progress,79,,,Residential,false,
TCK-2026-04822,2026-07-09,2026-07,Denpasar,IPTV,Internet Down,Medium,Resolved,81,462,,Public Sector,false,4.3
TCK-2026-04883,2026-07-09,2026-07,Makassar,Cloud Connectivity,Billing Related,Low,Resolved,131,905,,Residential,false,4.0
TCK-2026-05129,2026-07-09,2026-07,Medan,IPTV,Billing Related,High,Open,57,,,Enterprise,false,
TCK-2026-05312,2026-07-09,2026-07,Surabaya,Enterprise VPN,Internet Down,Medium,Closed,79,455,INC-2026-01694,Residential,false,4.3
TCK-2026-05317,2026-07-09,2026-07,Palembang,Enterprise VPN,Installation Delay,Low,Closed,96,836,INC-2026-01788,Residential,false,3.4
TCK-2026-00270,2026-07-10,2026-07,Makassar,Voice,Internet Down,Medium,In Progress,80,,INC-2026-01197,SMB,false,
TCK-2026-00439,2026-07-10,2026-07,Makassar,Mobile Broadband,Billing Related,Low,Closed,104,834,,Residential,false,4.2
TCK-2026-00496,2026-07-10,2026-07,Jakarta,IPTV,Installation Delay,Medium,Open,71,,,Residential,false,
TCK-2026-00641,2026-07-10,2026-07,Yogyakarta,IPTV,Installation Delay,Medium,Waiting Customer,83,,,Residential,false,
TCK-2026-00921,2026-07-10,2026-07,Balikpapan,Mobile Broadband,Intermittent Connection,Medium,Waiting Customer,72,,,Residential,true,
TCK-2026-00931,2026-07-10,2026-07,Makassar,Voice,Installation Delay,Low,In Progress,118,,,SMB,false,
TCK-2026-01406,2026-07-10,2026-07,Palembang,Voice,Slow Connection,Critical,Open,2,,,Residential,false,
TCK-2026-01857,2026-07-10,2026-07,Palembang,Voice,Slow Connection,Low,Resolved,160,879,,Enterprise,false,4.2
TCK-2026-02517,2026-07-10,2026-07,Makassar,Voice,Internet Down,Medium,Closed,75,552,INC-2026-01197,Residential,false,4.1
TCK-2026-02751,2026-07-10,2026-07,Surabaya,Mobile Broadband,Enterprise SLA Complaint,Medium,Resolved,90,293,,SMB,false,4.0
TCK-2026-03144,2026-07-10,2026-07,Yogyakarta,Mobile Broadband,Enterprise SLA Complaint,High,Resolved,27,349,,Residential,true,2.7
TCK-2026-04223,2026-07-10,2026-07,Bandung,Enterprise VPN,Installation Delay,Medium,Closed,98,515,INC-2026-01712,SMB,false,3.3
TCK-2026-04309,2026-07-10,2026-07,Bandung,Enterprise VPN,Intermittent Connection,Low,Closed,144,825,INC-2026-01712,Residential,false,3.5
TCK-2026-04469,2026-07-10,2026-07,Balikpapan,IPTV,Enterprise SLA Complaint,Medium,Closed,82,331,,Residential,false,5
TCK-2026-04553,2026-07-10,2026-07,Jakarta,Cloud Connectivity,Slow Connection,Critical,Closed,63,118,,Enterprise,false,3.5
TCK-2026-05151,2026-07-10,2026-07,Yogyakarta,Mobile Broadband,Slow Connection,Medium,Resolved,67,577,,Residential,false,4.4
TCK-2026-01972,2026-07-11,2026-07,Denpasar,Cloud Connectivity,Slow Connection,Medium,Closed,65,537,,Residential,false,5
TCK-2026-02018,2026-07-11,2026-07,Semarang,Voice,Slow Connection,Low,Closed,116,867,,Residential,false,4.8
TCK-2026-02329,2026-07-11,2026-07,Medan,Cloud Connectivity,Slow Connection,Low,Resolved,143,915,,Enterprise,false,3.7
TCK-2026-04182,2026-07-11,2026-07,Surabaya,IPTV,Billing Related,High,Closed,88,306,,Residential,true,4.0
TCK-2026-00417,2026-07-12,2026-07,Surabaya,Mobile Broadband,Router ONT Issue,Medium,Resolved,82,554,,Enterprise,false,4.4
TCK-2026-00977,2026-07-12,2026-07,Yogyakarta,IPTV,Billing Related,Medium,Open,61,,,Residential,false,
TCK-2026-01130,2026-07-12,2026-07,Palembang,IPTV,Enterprise SLA Complaint,Low,Waiting Customer,123,,,SMB,false,
TCK-2026-01198,2026-07-12,2026-07,Jakarta,IPTV,Internet Down,Low,Closed,113,957,INC-2026-01700,Public Sector,false,5
TCK-2026-01269,2026-07-12,2026-07,Palembang,Mobile Broadband,Installation Delay,High,Resolved,53,383,,Residential,false,3.3
TCK-2026-01420,2026-07-12,2026-07,Surabaya,Enterprise VPN,Intermittent Connection,Low,Closed,119,975,,Residential,false,4.2
TCK-2026-01539,2026-07-12,2026-07,Surabaya,Fiber Internet,Router ONT Issue,Low,Closed,98,832,,SMB,false,3.7
TCK-2026-01917,2026-07-12,2026-07,Palembang,IPTV,Billing Related,High,Resolved,30,236,INC-2026-01742,SMB,false,4.0
TCK-2026-02029,2026-07-12,2026-07,Surabaya,Voice,Installation Delay,Critical,Waiting Customer,2,,INC-2026-00978,Residential,false,
TCK-2026-03182,2026-07-12,2026-07,Denpasar,Mobile Broadband,Billing Related,High,Resolved,39,215,,Residential,false,3.2
TCK-2026-03696,2026-07-12,2026-07,Yogyakarta,Mobile Broadband,Router ONT Issue,High,Closed,14,346,,Enterprise,false,2.6
TCK-2026-03988,2026-07-12,2026-07,Surabaya,Voice,Billing Related,Medium,Closed,57,317,INC-2026-00978,Residential,false,4.7
TCK-2026-04535,2026-07-12,2026-07,Palembang,IPTV,Slow Connection,Low,Closed,97,982,INC-2026-01742,Residential,false,4.1
TCK-2026-04708,2026-07-12,2026-07,Medan,Cloud Connectivity,Billing Related,Low,Resolved,119,899,,Public Sector,false,4.5
TCK-2026-04813,2026-07-12,2026-07,Medan,Mobile Broadband,Billing Related,Medium,Closed,74,509,,Enterprise,false,3.4
TCK-2026-02205,2026-07-13,2026-07,Palembang,Enterprise VPN,Billing Related,Medium,In Progress,87,,,Residential,false,
TCK-2026-02284,2026-07-13,2026-07,Makassar,Fiber Internet,Router ONT Issue,Medium,Closed,96,472,,SMB,false,4.8
TCK-2026-02598,2026-07-13,2026-07,Surabaya,Fiber Internet,Slow Connection,Low,In Progress,147,,,Residential,false,
TCK-2026-02857,2026-07-13,2026-07,Palembang,Voice,Router ONT Issue,Medium,In Progress,38,,,SMB,false,
TCK-2026-03167,2026-07-13,2026-07,Medan,Voice,Enterprise SLA Complaint,Low,Resolved,125,798,,Residential,false,4.2
TCK-2026-03479,2026-07-13,2026-07,Yogyakarta,Voice,Router ONT Issue,Medium,Open,69,,,Residential,false,
TCK-2026-03831,2026-07-13,2026-07,Balikpapan,Fiber Internet,Intermittent Connection,Low,Resolved,128,922,,Enterprise,false,5
TCK-2026-04107,2026-07-13,2026-07,Balikpapan,IPTV,Router ONT Issue,Low,Open,110,,,Residential,false,
TCK-2026-00235,2026-07-14,2026-07,Denpasar,Voice,Slow Connection,Medium,Closed,68,419,,Residential,false,4.4
TCK-2026-00399,2026-07-14,2026-07,Medan,Mobile Broadband,Internet Down,Critical,Closed,41,275,INC-2026-00910,SMB,false,2.9
TCK-2026-00457,2026-07-14,2026-07,Bandung,Enterprise VPN,Router ONT Issue,Medium,Closed,57,461,,Residential,true,4.3
TCK-2026-00629,2026-07-14,2026-07,Semarang,Voice,Installation Delay,Medium,Resolved,90,440,,Residential,false,4.1
TCK-2026-00722,2026-07-14,2026-07,Yogyakarta,IPTV,Slow Connection,Medium,Resolved,53,339,INC-2026-01407,SMB,false,4.5
TCK-2026-00993,2026-07-14,2026-07,Yogyakarta,Voice,Intermittent Connection,High,In Progress,28,,,Enterprise,false,
TCK-2026-01259,2026-07-14,2026-07,Palembang,Mobile Broadband,Intermittent Connection,Medium,Resolved,71,537,,Residential,false,3.3
TCK-2026-01751,2026-07-14,2026-07,Bandung,Mobile Broadband,Router ONT Issue,Low,Open,127,,,Enterprise,false,
TCK-2026-01800,2026-07-14,2026-07,Medan,Mobile Broadband,Enterprise SLA Complaint,Low,Closed,131,759,INC-2026-00910,SMB,false,3.8
TCK-2026-02019,2026-07-14,2026-07,Bandung,Enterprise VPN,Enterprise SLA Complaint,Medium,Closed,92,573,,Residential,false,4.2
TCK-2026-03063,2026-07-14,2026-07,Medan,IPTV,Router ONT Issue,High,Closed,6,35,,Public Sector,false,3.4
TCK-2026-03219,2026-07-14,2026-07,Makassar,Mobile Broadband,Internet Down,Medium,Resolved,112,651,,Enterprise,false,4.2
TCK-2026-03646,2026-07-14,2026-07,Surabaya,Voice,Intermittent Connection,Critical,Open,5,,,Residential,false,
TCK-2026-03693,2026-07-14,2026-07,Surabaya,Cloud Connectivity,Slow Connection,Low,Waiting Customer,90,,,Residential,true,
TCK-2026-04024,2026-07-14,2026-07,Jakarta,Enterprise VPN,Slow Connection,Low,Resolved,137,968,,SMB,false,4.2
TCK-2026-04084,2026-07-14,2026-07,Yogyakarta,Fiber Internet,Slow Connection,High,In Progress,41,,,Residential,false,
TCK-2026-04997,2026-07-14,2026-07,Bandung,Fiber Internet,Router ONT Issue,Medium,Closed,63,691,INC-2026-00591,SMB,false,2.9
TCK-2026-05085,2026-07-14,2026-07,Jakarta,Voice,Enterprise SLA Complaint,Medium,Open,61,,INC-2026-01385,SMB,false,
TCK-2026-05128,2026-07-14,2026-07,Medan,Fiber Internet,Router ONT Issue,Medium,In Progress,77,,,Residential,false,
TCK-2026-02424,2026-07-15,2026-07,Makassar,Mobile Broadband,Slow Connection,Low,Resolved,152,884,INC-2026-02091,SMB,false,4.5
TCK-2026-02568,2026-07-15,2026-07,Medan,Cloud Connectivity,Slow Connection,Medium,Resolved,59,466,,Residential,false,4.3
TCK-2026-02579,2026-07-15,2026-07,Jakarta,Voice,Billing Related,Low,Resolved,159,984,INC-2026-02110,Enterprise,false,4.6
TCK-2026-02619,2026-07-15,2026-07,Jakarta,Voice,Intermittent Connection,Low,Resolved,122,1038,INC-2026-02110,Residential,false,3.4
TCK-2026-02621,2026-07-15,2026-07,Yogyakarta,Cloud Connectivity,Intermittent Connection,High,Resolved,50,236,,Enterprise,true,3.5
TCK-2026-02652,2026-07-15,2026-07,Medan,Voice,Internet Down,Critical,Resolved,31,198,INC-2026-02172,Residential,false,3.0
TCK-2026-03268,2026-07-15,2026-07,Makassar,Cloud Connectivity,Router ONT Issue,Medium,Closed,84,472,,Residential,false,4.7
TCK-2026-04044,2026-07-15,2026-07,Surabaya,Voice,Billing Related,Medium,Resolved,80,476,INC-2026-02042,Residential,false,4.8
TCK-2026-04435,2026-07-15,2026-07,Makassar,Fiber Internet,Installation Delay,Critical,Open,2,,,Residential,true,
TCK-2026-04452,2026-07-15,2026-07,Medan,Voice,Enterprise SLA Complaint,Medium,Resolved,121,501,INC-2026-02172,Residential,false,4.5
TCK-2026-04845,2026-07-15,2026-07,Medan,Voice,Router ONT Issue,High,In Progress,18,,INC-2026-02172,Residential,true,
TCK-2026-01143,2026-07-16,2026-07,Semarang,Enterprise VPN,Enterprise SLA Complaint,High,Resolved,34,253,,Enterprise,false,3.8
TCK-2026-02706,2026-07-16,2026-07,Yogyakarta,Voice,Installation Delay,High,Resolved,2,144,,Residential,false,2.5
TCK-2026-02815,2026-07-16,2026-07,Surabaya,IPTV,Enterprise SLA Complaint,Medium,Resolved,60,407,,Residential,false,3.3
TCK-2026-03959,2026-07-16,2026-07,Bandung,IPTV,Billing Related,Low,Closed,109,905,,Enterprise,false,3.4
TCK-2026-04377,2026-07-16,2026-07,Balikpapan,Fiber Internet,Intermittent Connection,Low,Closed,144,842,,SMB,true,3.9
TCK-2026-04582,2026-07-16,2026-07,Yogyakarta,Enterprise VPN,Internet Down,Low,Resolved,131,875,,SMB,false,4.1
TCK-2026-00013,2026-07-17,2026-07,Denpasar,Cloud Connectivity,Enterprise SLA Complaint,Low,Open,124,,INC-2026-01840,Residential,false,
TCK-2026-00203,2026-07-17,2026-07,Surabaya,Fiber Internet,Internet Down,High,Open,30,,INC-2026-01745,Residential,true,
TCK-2026-00799,2026-07-17,2026-07,Bandung,Voice,Enterprise SLA Complaint,Low,In Progress,118,,,Residential,false,
TCK-2026-00821,2026-07-17,2026-07,Semarang,Enterprise VPN,Router ONT Issue,Medium,Closed,55,581,,Enterprise,false,4.2
TCK-2026-00992,2026-07-17,2026-07,Bandung,Enterprise VPN,Billing Related,Medium,Resolved,67,596,,Residential,false,3.3
TCK-2026-01001,2026-07-17,2026-07,Semarang,Voice,Internet Down,Low,Open,115,,INC-2026-00500,Residential,false,
TCK-2026-01710,2026-07-17,2026-07,Denpasar,Fiber Internet,Intermittent Connection,Low,Open,117,,,SMB,false,
TCK-2026-01757,2026-07-17,2026-07,Medan,Fiber Internet,Enterprise SLA Complaint,Low,Resolved,135,940,,SMB,false,4.9
TCK-2026-02056,2026-07-17,2026-07,Balikpapan,Fiber Internet,Enterprise SLA Complaint,High,Open,36,,INC-2026-00069,Residential,false,
TCK-2026-03611,2026-07-17,2026-07,Bandung,Voice,Installation Delay,Medium,Waiting Customer,80,,INC-2026-00690,Residential,false,
TCK-2026-03625,2026-07-17,2026-07,Yogyakarta,IPTV,Installation Delay,Medium,Resolved,96,647,INC-2026-01479,Residential,false,2.4
TCK-2026-03991,2026-07-17,2026-07,Makassar,Mobile Broadband,Slow Connection,High,Resolved,72,97,,Residential,false,4.5
TCK-2026-04155,2026-07-17,2026-07,Bandung,Voice,Intermittent Connection,Low,Resolved,90,916,INC-2026-01956,SMB,false,5
TCK-2026-04407,2026-07-17,2026-07,Balikpapan,Fiber Internet,Installation Delay,Medium,Resolved,83,369,INC-2026-00069,Residential,false,4.4
TCK-2026-04986,2026-07-17,2026-07,Bandung,Fiber Internet,Intermittent Connection,High,In Progress,40,,INC-2026-01836,SMB,false,
TCK-2026-05137,2026-07-17,2026-07,Yogyakarta,Fiber Internet,Installation Delay,Low,Closed,121,879,INC-2026-01389,SMB,false,3.3
TCK-2026-05362,2026-07-17,2026-07,Semarang,Voice,Billing Related,Low,Open,106,,INC-2026-00500,Residential,false,
TCK-2026-00376,2026-07-18,2026-07,Medan,Fiber Internet,Slow Connection,Low,Resolved,117,920,,Residential,false,5
TCK-2026-00649,2026-07-18,2026-07,Balikpapan,Mobile Broadband,Router ONT Issue,Medium,In Progress,84,,,SMB,false,
TCK-2026-00714,2026-07-18,2026-07,Palembang,IPTV,Intermittent Connection,High,Waiting Customer,15,,INC-2026-01206,Public Sector,false,
TCK-2026-01042,2026-07-18,2026-07,Surabaya,Cloud Connectivity,Internet Down,Low,Closed,141,928,,Residential,false,5
TCK-2026-01048,2026-07-18,2026-07,Balikpapan,Enterprise VPN,Router ONT Issue,Low,Open,153,,INC-2026-00212,Enterprise,false,
TCK-2026-01373,2026-07-18,2026-07,Balikpapan,Voice,Slow Connection,High,Resolved,50,388,INC-2026-01754,Residential,false,3.9
TCK-2026-01604,2026-07-18,2026-07,Yogyakarta,Fiber Internet,Router ONT Issue,Medium,Resolved,68,486,,Residential,false,3.3
TCK-2026-02278,2026-07-18,2026-07,Semarang,Mobile Broadband,Billing Related,Low,Resolved,129,923,INC-2026-01603,Residential,false,2.6
TCK-2026-02543,2026-07-18,2026-07,Palembang,IPTV,Internet Down,Medium,Open,65,,INC-2026-01206,Residential,false,
TCK-2026-02617,2026-07-18,2026-07,Medan,Voice,Router ONT Issue,Critical,In Progress,7,,,Residential,false,
TCK-2026-03032,2026-07-18,2026-07,Semarang,Mobile Broadband,Billing Related,Medium,Resolved,95,577,INC-2026-01603,Residential,false,4.9
TCK-2026-03518,2026-07-18,2026-07,Balikpapan,Voice,Installation Delay,High,Open,51,,INC-2026-01754,Public Sector,false,
TCK-2026-03862,2026-07-18,2026-07,Semarang,Mobile Broadband,Slow Connection,Medium,Closed,68,426,,Residential,false,3.8
TCK-2026-04388,2026-07-18,2026-07,Semarang,Mobile Broadband,Slow Connection,Low,Resolved,132,931,,SMB,false,3.8
TCK-2026-04782,2026-07-18,2026-07,Palembang,Cloud Connectivity,Intermittent Connection,High,Closed,44,186,,Residential,false,2.9
TCK-2026-05065,2026-07-18,2026-07,Medan,Cloud Connectivity,Router ONT Issue,Medium,Waiting Customer,69,,,Residential,false,
TCK-2026-05093,2026-07-18,2026-07,Denpasar,Enterprise VPN,Installation Delay,High,Resolved,18,276,,Residential,true,2.2
TCK-2026-00396,2026-07-19,2026-07,Balikpapan,Cloud Connectivity,Billing Related,Low,Closed,125,825,,Enterprise,false,3.8
TCK-2026-00894,2026-07-19,2026-07,Medan,Mobile Broadband,Slow Connection,Low,In Progress,130,,INC-2026-01602,SMB,false,
TCK-2026-01327,2026-07-19,2026-07,Yogyakarta,Enterprise VPN,Intermittent Connection,Medium,Resolved,92,434,,Residential,false,4.4
TCK-2026-01599,2026-07-19,2026-07,Palembang,IPTV,Internet Down,Low,Waiting Customer,149,,INC-2026-01252,Residential,false,
TCK-2026-01712,2026-07-19,2026-07,Makassar,Voice,Installation Delay,High,In Progress,23,,INC-2026-00414,SMB,false,
TCK-2026-03829,2026-07-19,2026-07,Bandung,Fiber Internet,Billing Related,High,Resolved,12,124,INC-2026-01405,Residential,false,2.1
TCK-2026-04120,2026-07-19,2026-07,Bandung,Fiber Internet,Internet Down,Medium,Resolved,51,550,,Residential,false,4.9
TCK-2026-04528,2026-07-19,2026-07,Denpasar,IPTV,Enterprise SLA Complaint,Low,Resolved,109,976,,Residential,false,4.4
TCK-2026-04559,2026-07-19,2026-07,Surabaya,Fiber Internet,Billing Related,Low,Closed,130,575,,Residential,false,3.7
TCK-2026-04873,2026-07-19,2026-07,Jakarta,Fiber Internet,Billing Related,High,Waiting Customer,41,,,Residential,true,
TCK-2026-00450,2026-07-20,2026-07,Yogyakarta,Enterprise VPN,Slow Connection,Medium,Closed,86,482,,SMB,false,5
TCK-2026-00465,2026-07-20,2026-07,Makassar,Fiber Internet,Router ONT Issue,Low,Resolved,107,1024,,Enterprise,true,4.8
TCK-2026-00746,2026-07-20,2026-07,Bandung,Enterprise VPN,Billing Related,Medium,Resolved,93,494,,Residential,false,5
TCK-2026-00858,2026-07-20,2026-07,Balikpapan,Cloud Connectivity,Internet Down,Medium,Resolved,81,627,INC-2026-02069,Residential,false,4.6
TCK-2026-01243,2026-07-20,2026-07,Yogyakarta,Mobile Broadband,Slow Connection,Medium,Waiting Customer,44,,,Enterprise,false,
TCK-2026-01474,2026-07-20,2026-07,Semarang,IPTV,Billing Related,Low,In Progress,141,,,Residential,false,
TCK-2026-01515,2026-07-20,2026-07,Denpasar,Fiber Internet,Router ONT Issue,Medium,Resolved,69,533,,SMB,false,5
TCK-2026-01586,2026-07-20,2026-07,Balikpapan,Voice,Internet Down,Medium,Waiting Customer,74,,,Enterprise,false,
TCK-2026-01662,2026-07-20,2026-07,Balikpapan,Cloud Connectivity,Slow Connection,Low,Waiting Customer,125,,INC-2026-02069,Residential,false,
TCK-2026-02768,2026-07-20,2026-07,Surabaya,Mobile Broadband,Intermittent Connection,Low,Waiting Customer,146,,,Residential,false,
TCK-2026-03284,2026-07-20,2026-07,Denpasar,Voice,Billing Related,High,Resolved,45,65,INC-2026-01971,Enterprise,false,2.5
TCK-2026-03475,2026-07-20,2026-07,Makassar,Fiber Internet,Billing Related,Medium,Resolved,78,461,,Residential,false,4.6
TCK-2026-03673,2026-07-20,2026-07,Balikpapan,Cloud Connectivity,Internet Down,High,Open,26,,INC-2026-02069,Residential,true,
TCK-2026-04019,2026-07-20,2026-07,Makassar,IPTV,Router ONT Issue,Medium,Open,60,,,Residential,false,
TCK-2026-04099,2026-07-20,2026-07,Bandung,Cloud Connectivity,Billing Related,Low,Waiting Customer,133,,,SMB,false,
TCK-2026-04280,2026-07-20,2026-07,Medan,Voice,Internet Down,High,Resolved,52,244,,SMB,false,4.5
TCK-2026-05231,2026-07-20,2026-07,Palembang,Fiber Internet,Intermittent Connection,Low,Waiting Customer,111,,,SMB,false,
TCK-2026-05239,2026-07-20,2026-07,Balikpapan,Cloud Connectivity,Intermittent Connection,High,Waiting Customer,24,,,Residential,false,
TCK-2026-00124,2026-07-21,2026-07,Yogyakarta,Fiber Internet,Enterprise SLA Complaint,Low,Closed,116,955,,Residential,false,4.1
TCK-2026-00174,2026-07-21,2026-07,Yogyakarta,Enterprise VPN,Router ONT Issue,Critical,Open,7,,,Residential,false,
TCK-2026-00688,2026-07-21,2026-07,Bandung,IPTV,Router ONT Issue,Low,Resolved,114,945,,Residential,false,3.1
TCK-2026-00920,2026-07-21,2026-07,Balikpapan,Cloud Connectivity,Slow Connection,Medium,Resolved,55,547,,Residential,false,2.5
TCK-2026-01416,2026-07-21,2026-07,Makassar,Fiber Internet,Billing Related,Low,Closed,135,890,INC-2026-01715,SMB,false,3.8
TCK-2026-01647,2026-07-21,2026-07,Palembang,Mobile Broadband,Intermittent Connection,High,Resolved,44,339,,Residential,false,2.5
TCK-2026-01831,2026-07-21,2026-07,Jakarta,Fiber Internet,Router ONT Issue,High,Resolved,24,346,,Enterprise,false,4.2
TCK-2026-01987,2026-07-21,2026-07,Medan,Enterprise VPN,Internet Down,Medium,Resolved,69,381,,Residential,false,5
TCK-2026-02255,2026-07-21,2026-07,Semarang,Enterprise VPN,Internet Down,Low,Closed,127,923,INC-2026-01308,SMB,false,4.1
TCK-2026-02622,2026-07-21,2026-07,Makassar,Voice,Installation Delay,Medium,In Progress,57,,,Residential,false,
TCK-2026-03367,2026-07-21,2026-07,Surabaya,IPTV,Enterprise SLA Complaint,Low,Closed,112,804,INC-2026-01928,Residential,false,4.1
TCK-2026-03369,2026-07-21,2026-07,Denpasar,Voice,Intermittent Connection,Low,Closed,108,986,,Enterprise,false,4.1
TCK-2026-03491,2026-07-21,2026-07,Yogyakarta,Cloud Connectivity,Billing Related,Medium,In Progress,25,,,SMB,false,
TCK-2026-04543,2026-07-21,2026-07,Denpasar,Fiber Internet,Enterprise SLA Complaint,Low,Waiting Customer,107,,,Residential,false,
TCK-2026-04806,2026-07-21,2026-07,Medan,Mobile Broadband,Intermittent Connection,Medium,Closed,86,440,,Residential,false,2.6
TCK-2026-04921,2026-07-21,2026-07,Bandung,Fiber Internet,Router ONT Issue,Medium,Resolved,78,436,,Enterprise,false,4.7
TCK-2026-00587,2026-07-22,2026-07,Surabaya,Cloud Connectivity,Internet Down,Medium,Waiting Customer,75,,,Residential,false,
TCK-2026-00800,2026-07-22,2026-07,Surabaya,IPTV,Internet Down,Medium,In Progress,75,,INC-2026-01610,Public Sector,false,
TCK-2026-01041,2026-07-22,2026-07,Balikpapan,Cloud Connectivity,Internet Down,Medium,Closed,77,690,,Residential,false,4.6
TCK-2026-01156,2026-07-22,2026-07,Bandung,Enterprise VPN,Billing Related,Medium,Resolved,102,341,INC-2026-01121,SMB,false,4.1
TCK-2026-01304,2026-07-22,2026-07,Surabaya,Voice,Slow Connection,Medium,Resolved,62,457,,SMB,false,3.2
TCK-2026-02090,2026-07-22,2026-07,Yogyakarta,IPTV,Billing Related,Low,Resolved,127,925,INC-2026-01387,Enterprise,false,4.2
TCK-2026-02258,2026-07-22,2026-07,Denpasar,Cloud Connectivity,Slow Connection,Critical,Resolved,13,218,INC-2026-00851,Residential,false,3.3
TCK-2026-02937,2026-07-22,2026-07,Surabaya,IPTV,Installation Delay,Low,Resolved,73,879,INC-2026-01610,Residential,false,4.6
TCK-2026-03036,2026-07-22,2026-07,Medan,IPTV,Intermittent Connection,Low,In Progress,142,,,SMB,false,
TCK-2026-03357,2026-07-22,2026-07,Palembang,Fiber Internet,Installation Delay,Medium,Resolved,67,454,,Residential,false,4.7
TCK-2026-04091,2026-07-22,2026-07,Palembang,IPTV,Internet Down,Medium,Closed,71,480,,SMB,true,4.9
TCK-2026-04268,2026-07-22,2026-07,Denpasar,Mobile Broadband,Internet Down,Low,Closed,128,863,,Residential,false,4.2
TCK-2026-04299,2026-07-22,2026-07,Jakarta,Enterprise VPN,Installation Delay,Medium,Closed,62,429,,Residential,false,4.9
TCK-2026-04304,2026-07-22,2026-07,Makassar,Fiber Internet,Installation Delay,Medium,Resolved,54,509,INC-2026-00382,SMB,false,4.1
TCK-2026-05252,2026-07-22,2026-07,Jakarta,Voice,Enterprise SLA Complaint,High,Closed,23,129,,Enterprise,false,3.8
TCK-2026-05356,2026-07-22,2026-07,Semarang,Cloud Connectivity,Slow Connection,Medium,Closed,61,463,,SMB,false,3.5
TCK-2026-00231,2026-07-23,2026-07,Yogyakarta,Cloud Connectivity,Slow Connection,Medium,Waiting Customer,87,,INC-2026-00203,Residential,false,
TCK-2026-00307,2026-07-23,2026-07,Yogyakarta,Voice,Intermittent Connection,Medium,In Progress,58,,INC-2026-01239,Residential,false,
TCK-2026-00945,2026-07-23,2026-07,Surabaya,Cloud Connectivity,Enterprise SLA Complaint,High,Open,79,,,Residential,false,
TCK-2026-01224,2026-07-23,2026-07,Palembang,Fiber Internet,Billing Related,Low,Closed,124,982,,Residential,true,4.2
TCK-2026-01772,2026-07-23,2026-07,Bandung,Voice,Installation Delay,Medium,Resolved,108,503,INC-2026-01002,SMB,false,3.6
TCK-2026-01900,2026-07-23,2026-07,Jakarta,IPTV,Intermittent Connection,Low,Resolved,122,873,,SMB,false,4.6
TCK-2026-02288,2026-07-23,2026-07,Yogyakarta,Voice,Installation Delay,Medium,Waiting Customer,104,,,Residential,false,
TCK-2026-02754,2026-07-23,2026-07,Bandung,IPTV,Installation Delay,Low,Resolved,130,900,,SMB,false,4.3
TCK-2026-03987,2026-07-23,2026-07,Denpasar,Cloud Connectivity,Slow Connection,Low,Resolved,130,887,INC-2026-02008,Residential,false,5
TCK-2026-04385,2026-07-23,2026-07,Jakarta,Voice,Intermittent Connection,Low,In Progress,109,,,Residential,false,
TCK-2026-05279,2026-07-23,2026-07,Yogyakarta,Mobile Broadband,Router ONT Issue,Low,Closed,111,866,,Residential,false,3.3
TCK-2026-01429,2026-07-24,2026-07,Balikpapan,Voice,Billing Related,High,In Progress,17,,INC-2026-01327,Residential,false,
TCK-2026-01598,2026-07-24,2026-07,Balikpapan,Voice,Enterprise SLA Complaint,Medium,In Progress,82,,INC-2026-01327,Enterprise,false,
TCK-2026-02107,2026-07-24,2026-07,Bandung,Cloud Connectivity,Billing Related,Low,Closed,140,853,,Residential,false,4.4
TCK-2026-02382,2026-07-24,2026-07,Semarang,Enterprise VPN,Enterprise SLA Complaint,High,Open,30,,INC-2026-00081,Residential,false,
TCK-2026-03338,2026-07-24,2026-07,Balikpapan,Fiber Internet,Intermittent Connection,High,Closed,37,115,,Enterprise,false,4.8
TCK-2026-03359,2026-07-24,2026-07,Semarang,Enterprise VPN,Installation Delay,Critical,Closed,4,17,INC-2026-00081,SMB,false,3.5
TCK-2026-03397,2026-07-24,2026-07,Denpasar,IPTV,Router ONT Issue,Critical,Resolved,2,96,,Residential,false,4.0
TCK-2026-03554,2026-07-24,2026-07,Bandung,Voice,Enterprise SLA Complaint,Low,Closed,110,938,INC-2026-00229,Residential,true,3.8
TCK-2026-04048,2026-07-24,2026-07,Jakarta,Enterprise VPN,Slow Connection,Medium,Resolved,78,506,,Residential,false,4.6
TCK-2026-04422,2026-07-24,2026-07,Surabaya,IPTV,Router ONT Issue,Medium,Waiting Customer,82,,,Public Sector,false,
TCK-2026-05090,2026-07-24,2026-07,Semarang,Enterprise VPN,Slow Connection,Low,Resolved,133,1019,INC-2026-00081,Residential,false,5
TCK-2026-00367,2026-07-25,2026-07,Denpasar,Cloud Connectivity,Slow Connection,Low,Resolved,125,710,INC-2026-01976,SMB,false,4.4
TCK-2026-00536,2026-07-25,2026-07,Medan,IPTV,Billing Related,Medium,Open,68,,,SMB,false,
TCK-2026-00675,2026-07-25,2026-07,Balikpapan,Voice,Intermittent Connection,Low,Resolved,115,910,,Residential,false,3.2
TCK-2026-00817,2026-07-25,2026-07,Surabaya,Mobile Broadband,Internet Down,Low,Closed,168,835,,Residential,false,3.5
TCK-2026-01650,2026-07-25,2026-07,Surabaya,Enterprise VPN,Intermittent Connection,Medium,In Progress,110,,,SMB,false,
TCK-2026-01865,2026-07-25,2026-07,Yogyakarta,Fiber Internet,Billing Related,Medium,Closed,69,430,,Enterprise,false,4.0
TCK-2026-01867,2026-07-25,2026-07,Denpasar,Enterprise VPN,Intermittent Connection,Low,Resolved,126,980,INC-2026-00360,Enterprise,false,4.0
TCK-2026-02414,2026-07-25,2026-07,Denpasar,Cloud Connectivity,Installation Delay,Low,In Progress,112,,INC-2026-01976,Residential,false,
TCK-2026-02632,2026-07-25,2026-07,Makassar,Fiber Internet,Installation Delay,Medium,In Progress,51,,,Residential,false,
TCK-2026-02773,2026-07-25,2026-07,Makassar,Fiber Internet,Router ONT Issue,Medium,Resolved,64,441,,Residential,false,5
TCK-2026-03030,2026-07-25,2026-07,Surabaya,Mobile Broadband,Router ONT Issue,Low,In Progress,134,,,Residential,false,
TCK-2026-03308,2026-07-25,2026-07,Semarang,Enterprise VPN,Internet Down,Medium,Waiting Customer,56,,INC-2026-00454,Residential,false,
TCK-2026-03885,2026-07-25,2026-07,Balikpapan,Cloud Connectivity,Enterprise SLA Complaint,Low,In Progress,131,,,Residential,false,
TCK-2026-03995,2026-07-25,2026-07,Yogyakarta,Cloud Connectivity,Internet Down,Low,Waiting Customer,126,,INC-2026-01194,Public Sector,false,
TCK-2026-04536,2026-07-25,2026-07,Balikpapan,IPTV,Billing Related,High,Resolved,20,146,,SMB,false,2.8
TCK-2026-04784,2026-07-25,2026-07,Medan,Cloud Connectivity,Intermittent Connection,Low,In Progress,131,,,Enterprise,false,
TCK-2026-05080,2026-07-25,2026-07,Denpasar,Voice,Enterprise SLA Complaint,Low,Closed,108,976,,Public Sector,false,3.8
TCK-2026-05242,2026-07-25,2026-07,Surabaya,IPTV,Intermittent Connection,Medium,Closed,87,410,,SMB,false,3.8
TCK-2026-00425,2026-07-26,2026-07,Semarang,Cloud Connectivity,Enterprise SLA Complaint,Medium,Resolved,96,590,INC-2026-01545,Residential,false,4.1
TCK-2026-00928,2026-07-26,2026-07,Denpasar,Fiber Internet,Billing Related,Medium,Closed,72,495,,Enterprise,false,4.5
TCK-2026-01593,2026-07-26,2026-07,Palembang,Mobile Broadband,Enterprise SLA Complaint,Low,Resolved,131,879,,Residential,false,2.7
TCK-2026-03177,2026-07-26,2026-07,Bandung,Voice,Installation Delay,Medium,Resolved,82,427,,Residential,false,5
TCK-2026-04539,2026-07-26,2026-07,Bandung,Mobile Broadband,Installation Delay,Medium,Waiting Customer,83,,,SMB,false,
TCK-2026-04599,2026-07-26,2026-07,Medan,Enterprise VPN,Slow Connection,Low,Open,138,,,SMB,false,
TCK-2026-04964,2026-07-26,2026-07,Surabaya,Mobile Broadband,Internet Down,Low,Resolved,107,949,,Residential,false,4.3
TCK-2026-00010,2026-07-27,2026-07,Balikpapan,Mobile Broadband,Router ONT Issue,Low,Resolved,139,1025,INC-2026-00067,SMB,false,5
TCK-2026-00043,2026-07-27,2026-07,Palembang,Enterprise VPN,Slow Connection,Medium,Closed,72,453,INC-2026-00239,Residential,false,4.9
TCK-2026-00862,2026-07-27,2026-07,Medan,Fiber Internet,Installation Delay,Low,Closed,122,1041,,Enterprise,false,3.4
TCK-2026-01286,2026-07-27,2026-07,Palembang,Enterprise VPN,Router ONT Issue,Medium,In Progress,94,,INC-2026-00239,SMB,false,
TCK-2026-02420,2026-07-27,2026-07,Semarang,IPTV,Enterprise SLA Complaint,Low,Closed,96,1004,,SMB,true,4.6
TCK-2026-02745,2026-07-27,2026-07,Medan,Voice,Billing Related,Medium,Resolved,92,428,INC-2026-00754,Residential,false,4.0
TCK-2026-02786,2026-07-27,2026-07,Denpasar,Cloud Connectivity,Internet Down,Medium,In Progress,64,,,Enterprise,false,
TCK-2026-03382,2026-07-27,2026-07,Balikpapan,Mobile Broadband,Enterprise SLA Complaint,Low,Resolved,116,915,INC-2026-00067,Residential,false,4.8
TCK-2026-03430,2026-07-27,2026-07,Balikpapan,Mobile Broadband,Internet Down,Low,Closed,127,901,INC-2026-01880,Residential,false,4.6
TCK-2026-03453,2026-07-27,2026-07,Balikpapan,Mobile Broadband,Enterprise SLA Complaint,Medium,Closed,51,468,INC-2026-01880,Residential,false,5
TCK-2026-03755,2026-07-27,2026-07,Surabaya,Cloud Connectivity,Installation Delay,High,In Progress,18,,,Residential,true,
TCK-2026-03908,2026-07-27,2026-07,Palembang,Voice,Enterprise SLA Complaint,Medium,Open,83,,,Residential,false,
TCK-2026-04121,2026-07-27,2026-07,Yogyakarta,Enterprise VPN,Installation Delay,Low,Open,93,,,Enterprise,false,
TCK-2026-04282,2026-07-27,2026-07,Balikpapan,Mobile Broadband,Billing Related,Low,Resolved,115,809,INC-2026-01880,Enterprise,false,3.1
TCK-2026-04401,2026-07-27,2026-07,Surabaya,Voice,Slow Connection,Medium,Closed,103,402,,Residential,false,2.9
TCK-2026-04465,2026-07-27,2026-07,Medan,Voice,Billing Related,High,Resolved,23,252,INC-2026-00754,SMB,false,3.5
TCK-2026-04613,2026-07-27,2026-07,Surabaya,IPTV,Billing Related,Medium,Resolved,70,538,INC-2026-00043,Residential,false,4.0
TCK-2026-05218,2026-07-27,2026-07,Surabaya,IPTV,Router ONT Issue,Critical,Closed,29,98,INC-2026-00043,Residential,false,2.4
TCK-2026-00120,2026-07-28,2026-07,Medan,Fiber Internet,Enterprise SLA Complaint,Medium,Closed,55,513,,SMB,false,4.3
TCK-2026-00371,2026-07-28,2026-07,Balikpapan,IPTV,Installation Delay,Medium,Waiting Customer,100,,,SMB,false,
TCK-2026-01787,2026-07-28,2026-07,Makassar,IPTV,Installation Delay,Medium,Resolved,76,355,,Residential,false,3.6
TCK-2026-01920,2026-07-28,2026-07,Balikpapan,Voice,Slow Connection,High,Closed,49,238,,Residential,false,3.5
TCK-2026-02437,2026-07-28,2026-07,Bandung,Enterprise VPN,Router ONT Issue,Low,Resolved,102,872,INC-2026-00263,Residential,false,4.5
TCK-2026-02651,2026-07-28,2026-07,Jakarta,Cloud Connectivity,Router ONT Issue,Low,Waiting Customer,115,,,Residential,false,
TCK-2026-02671,2026-07-28,2026-07,Semarang,Fiber Internet,Internet Down,Low,Closed,80,954,,Residential,false,3.3
TCK-2026-03143,2026-07-28,2026-07,Makassar,Voice,Router ONT Issue,Low,Open,137,,,SMB,false,
TCK-2026-03713,2026-07-28,2026-07,Medan,Fiber Internet,Internet Down,Low,Resolved,117,877,,SMB,false,3.9
TCK-2026-03969,2026-07-28,2026-07,Palembang,IPTV,Installation Delay,Medium,Closed,117,618,INC-2026-01030,Enterprise,false,4.5
TCK-2026-04198,2026-07-28,2026-07,Balikpapan,IPTV,Installation Delay,Low,Closed,119,929,,Residential,false,4.4
TCK-2026-04541,2026-07-28,2026-07,Denpasar,Voice,Intermittent Connection,Low,Open,131,,,Residential,false,
TCK-2026-05055,2026-07-28,2026-07,Bandung,Cloud Connectivity,Billing Related,Medium,Resolved,101,299,,Residential,false,4.6
TCK-2026-05383,2026-07-28,2026-07,Medan,Enterprise VPN,Intermittent Connection,High,Open,29,,,Residential,false,
TCK-2026-00005,2026-07-29,2026-07,Jakarta,Voice,Slow Connection,Critical,Closed,4,140,,Residential,false,3.9
TCK-2026-00111,2026-07-29,2026-07,Denpasar,Fiber Internet,Slow Connection,Low,Resolved,146,998,,Residential,false,4.3
TCK-2026-00323,2026-07-29,2026-07,Yogyakarta,Mobile Broadband,Installation Delay,Medium,Open,61,,,Residential,true,
TCK-2026-00366,2026-07-29,2026-07,Bandung,Fiber Internet,Router ONT Issue,Medium,Resolved,61,460,,Enterprise,false,3.9
TCK-2026-01027,2026-07-29,2026-07,Balikpapan,Voice,Intermittent Connection,Low,Open,121,,,Residential,false,
TCK-2026-01959,2026-07-29,2026-07,Balikpapan,Cloud Connectivity,Router ONT Issue,Low,Closed,149,949,,Residential,false,5
TCK-2026-01962,2026-07-29,2026-07,Semarang,Mobile Broadband,Router ONT Issue,Critical,Resolved,10,219,,Residential,false,2.8
TCK-2026-02776,2026-07-29,2026-07,Surabaya,Enterprise VPN,Slow Connection,High,Open,61,,INC-2026-00431,Residential,false,
TCK-2026-03532,2026-07-29,2026-07,Bandung,Fiber Internet,Router ONT Issue,Low,In Progress,120,,,Residential,false,
TCK-2026-05086,2026-07-29,2026-07,Semarang,Fiber Internet,Installation Delay,High,Resolved,61,188,,Residential,false,4.4
TCK-2026-05177,2026-07-29,2026-07,Yogyakarta,Mobile Broadband,Internet Down,Low,In Progress,103,,,Residential,false,
TCK-2026-00503,2026-07-30,2026-07,Makassar,Mobile Broadband,Installation Delay,Medium,Closed,71,332,INC-2026-00046,Residential,false,4.9
TCK-2026-00538,2026-07-30,2026-07,Yogyakarta,Enterprise VPN,Internet Down,Medium,Waiting Customer,110,,INC-2026-02103,SMB,false,
TCK-2026-00911,2026-07-30,2026-07,Medan,IPTV,Billing Related,Low,Closed,95,813,,SMB,false,4.1
TCK-2026-01827,2026-07-30,2026-07,Denpasar,Cloud Connectivity,Internet Down,High,Open,39,,INC-2026-00793,Residential,false,
TCK-2026-02125,2026-07-30,2026-07,Medan,Voice,Installation Delay,Low,In Progress,119,,INC-2026-00953,Residential,false,
TCK-2026-02747,2026-07-30,2026-07,Denpasar,Cloud Connectivity,Enterprise SLA Complaint,Medium,Resolved,69,380,INC-2026-00793,Residential,true,4.1
TCK-2026-02965,2026-07-30,2026-07,Yogyakarta,Fiber Internet,Intermittent Connection,Low,Closed,120,962,,SMB,false,4.5
TCK-2026-02998,2026-07-30,2026-07,Medan,Voice,Intermittent Connection,Medium,Closed,60,485,INC-2026-00953,SMB,false,3.1
TCK-2026-03980,2026-07-30,2026-07,Denpasar,Cloud Connectivity,Enterprise SLA Complaint,Low,Waiting Customer,120,,INC-2026-00793,Enterprise,false,
TCK-2026-04011,2026-07-30,2026-07,Denpasar,Fiber Internet,Installation Delay,High,Resolved,50,220,,Residential,false,3.2
TCK-2026-04113,2026-07-30,2026-07,Balikpapan,Fiber Internet,Billing Related,Low,Closed,142,976,,Residential,false,3.7
TCK-2026-04131,2026-07-30,2026-07,Makassar,Mobile Broadband,Intermittent Connection,High,In Progress,45,,INC-2026-00046,Residential,false,
TCK-2026-04479,2026-07-30,2026-07,Jakarta,Mobile Broadband,Enterprise SLA Complaint,Medium,Resolved,97,497,,Enterprise,false,5
TCK-2026-04652,2026-07-30,2026-07,Makassar,Mobile Broadband,Installation Delay,High,Closed,9,267,INC-2026-00046,SMB,false,3.8
TCK-2026-05158,2026-07-30,2026-07,Jakarta,Fiber Internet,Installation Delay,Low,Resolved,111,848,,Residential,false,4.4
TCK-2026-00666,2026-07-31,2026-07,Yogyakarta,Mobile Broadband,Internet Down,Medium,Resolved,70,364,,Residential,false,4.9
TCK-2026-00748,2026-07-31,2026-07,Medan,Fiber Internet,Slow Connection,High,In Progress,19,,INC-2026-00523,Residential,true,
TCK-2026-01088,2026-07-31,2026-07,Yogyakarta,Voice,Router ONT Issue,Medium,Resolved,68,540,INC-2026-00386,Residential,false,3.7
TCK-2026-01374,2026-07-31,2026-07,Semarang,Mobile Broadband,Internet Down,High,Resolved,42,314,INC-2026-00743,SMB,false,3.0
TCK-2026-01656,2026-07-31,2026-07,Makassar,Mobile Broadband,Internet Down,Low,Closed,132,904,,Residential,false,4.4
TCK-2026-02854,2026-07-31,2026-07,Bandung,Cloud Connectivity,Intermittent Connection,Medium,In Progress,70,,,Residential,false,
TCK-2026-02884,2026-07-31,2026-07,Surabaya,Enterprise VPN,Enterprise SLA Complaint,Medium,In Progress,45,,INC-2026-00921,Residential,false,
TCK-2026-04381,2026-07-31,2026-07,Yogyakarta,Fiber Internet,Enterprise SLA Complaint,High,Open,35,,,Public Sector,true,
TCK-2026-04913,2026-07-31,2026-07,Jakarta,Fiber Internet,Router ONT Issue,Low,Open,123,,INC-2026-01687,Enterprise,false,
TCK-2026-05030,2026-07-31,2026-07,Semarang,Mobile Broadband,Slow Connection,Low,Closed,88,1036,,Residential,false,4.7
TCK-2026-01810,2026-08-01,2026-08,Surabaya,Voice,Intermittent Connection,High,Closed,3,252,,Residential,false,3.2
TCK-2026-01998,2026-08-01,2026-08,Surabaya,Enterprise VPN,Internet Down,Low,Closed,119,807,INC-2026-01126,Residential,false,3.8
TCK-2026-02346,2026-08-01,2026-08,Balikpapan,Voice,Billing Related,Medium,Open,74,,INC-2026-02170,Enterprise,false,
TCK-2026-03307,2026-08-01,2026-08,Makassar,Enterprise VPN,Billing Related,Medium,In Progress,61,,,Residential,false,
TCK-2026-03771,2026-08-01,2026-08,Palembang,Fiber Internet,Intermittent Connection,High,Resolved,34,242,,Residential,false,3.7
TCK-2026-04022,2026-08-01,2026-08,Yogyakarta,Voice,Router ONT Issue,Low,Resolved,81,840,,Enterprise,false,3.9
TCK-2026-04414,2026-08-01,2026-08,Balikpapan,Cloud Connectivity,Installation Delay,Medium,Resolved,112,487,,SMB,false,5
TCK-2026-04466,2026-08-01,2026-08,Balikpapan,Voice,Installation Delay,Low,Resolved,83,981,,Residential,false,3.7
TCK-2026-04636,2026-08-01,2026-08,Yogyakarta,Mobile Broadband,Installation Delay,High,Closed,39,297,,Residential,false,4.0
TCK-2026-04653,2026-08-01,2026-08,Balikpapan,Voice,Enterprise SLA Complaint,High,Open,33,,,SMB,false,
TCK-2026-04836,2026-08-01,2026-08,Medan,Voice,Enterprise SLA Complaint,Critical,In Progress,40,,,Residential,false,
TCK-2026-05168,2026-08-01,2026-08,Denpasar,Enterprise VPN,Router ONT Issue,High,Open,46,,,SMB,false,
TCK-2026-05176,2026-08-01,2026-08,Surabaya,Voice,Intermittent Connection,Low,Closed,103,854,,Residential,false,4.9
TCK-2026-05238,2026-08-01,2026-08,Surabaya,Enterprise VPN,Slow Connection,Medium,Resolved,72,566,,Residential,true,3.6
TCK-2026-00910,2026-08-02,2026-08,Palembang,Voice,Router ONT Issue,Medium,Resolved,108,432,,SMB,false,4.1
TCK-2026-01033,2026-08-02,2026-08,Bandung,Mobile Broadband,Billing Related,Medium,Resolved,85,460,,SMB,false,5
TCK-2026-01506,2026-08-02,2026-08,Medan,Fiber Internet,Intermittent Connection,High,Open,17,,,Residential,false,
TCK-2026-01859,2026-08-02,2026-08,Palembang,Cloud Connectivity,Internet Down,Medium,Resolved,48,341,,Enterprise,false,4.2
TCK-2026-02206,2026-08-02,2026-08,Yogyakarta,Enterprise VPN,Billing Related,Low,Closed,110,899,,Enterprise,false,4.2
TCK-2026-02534,2026-08-02,2026-08,Yogyakarta,Enterprise VPN,Internet Down,Critical,Resolved,4,4,,Residential,false,3.4
TCK-2026-02595,2026-08-02,2026-08,Palembang,IPTV,Internet Down,Medium,Resolved,75,472,,SMB,false,3.7
TCK-2026-02718,2026-08-02,2026-08,Surabaya,Enterprise VPN,Enterprise SLA Complaint,Low,Open,135,,,Enterprise,false,
TCK-2026-02778,2026-08-02,2026-08,Medan,Voice,Enterprise SLA Complaint,Low,Closed,103,904,INC-2026-00467,Enterprise,false,3.5
TCK-2026-03127,2026-08-02,2026-08,Makassar,IPTV,Router ONT Issue,High,Closed,32,218,,Residential,false,2.7
TCK-2026-03873,2026-08-02,2026-08,Makassar,Voice,Internet Down,High,Closed,48,249,INC-2026-01961,Residential,false,3.0
TCK-2026-04193,2026-08-02,2026-08,Balikpapan,Mobile Broadband,Intermittent Connection,Medium,Resolved,74,485,,Residential,false,2.6
TCK-2026-04923,2026-08-02,2026-08,Surabaya,Cloud Connectivity,Installation Delay,High,Waiting Customer,41,,,Residential,false,
TCK-2026-00237,2026-08-03,2026-08,Bandung,Mobile Broadband,Intermittent Connection,Medium,Waiting Customer,92,,INC-2026-01561,Residential,false,
TCK-2026-00248,2026-08-03,2026-08,Balikpapan,Enterprise VPN,Intermittent Connection,Medium,In Progress,84,,,Residential,false,
TCK-2026-00581,2026-08-03,2026-08,Surabaya,Mobile Broadband,Billing Related,Low,Resolved,95,749,INC-2026-01371,Residential,false,4.4
TCK-2026-00946,2026-08-03,2026-08,Bandung,IPTV,Internet Down,High,Resolved,69,295,,Residential,true,3.6
TCK-2026-01197,2026-08-03,2026-08,Bandung,Mobile Broadband,Enterprise SLA Complaint,Medium,Closed,92,486,,Residential,false,4.5
TCK-2026-01226,2026-08-03,2026-08,Makassar,Fiber Internet,Intermittent Connection,Critical,Open,14,,,Residential,false,
TCK-2026-01266,2026-08-03,2026-08,Makassar,Fiber Internet,Router ONT Issue,High,Resolved,25,139,INC-2026-00712,Enterprise,false,3.7
TCK-2026-01951,2026-08-03,2026-08,Makassar,Fiber Internet,Enterprise SLA Complaint,Low,Waiting Customer,92,,INC-2026-00379,Enterprise,false,
TCK-2026-02209,2026-08-03,2026-08,Denpasar,Mobile Broadband,Billing Related,Low,Open,117,,INC-2026-01920,Residential,false,
TCK-2026-02569,2026-08-03,2026-08,Bandung,Mobile Broadband,Intermittent Connection,Low,Resolved,149,821,INC-2026-01561,Residential,false,5
TCK-2026-02685,2026-08-03,2026-08,Surabaya,Mobile Broadband,Billing Related,Medium,Resolved,84,559,INC-2026-01371,Residential,false,4.7
TCK-2026-02787,2026-08-03,2026-08,Denpasar,Fiber Internet,Enterprise SLA Complaint,Medium,Open,86,,,SMB,false,
TCK-2026-03692,2026-08-03,2026-08,Yogyakarta,Mobile Broadband,Router ONT Issue,Low,Closed,135,893,INC-2026-00141,Residential,false,5
TCK-2026-04423,2026-08-03,2026-08,Semarang,IPTV,Internet Down,Medium,Open,63,,INC-2026-00097,Enterprise,true,
TCK-2026-04514,2026-08-03,2026-08,Jakarta,IPTV,Router ONT Issue,Low,Open,100,,,Residential,false,
TCK-2026-04685,2026-08-03,2026-08,Surabaya,Mobile Broadband,Slow Connection,Low,Resolved,126,928,INC-2026-01371,Residential,false,3.9
TCK-2026-05165,2026-08-03,2026-08,Medan,Voice,Enterprise SLA Complaint,Medium,Closed,83,476,,SMB,false,5
TCK-2026-05398,2026-08-03,2026-08,Balikpapan,Fiber Internet,Installation Delay,Medium,Waiting Customer,90,,,Residential,false,
TCK-2026-00083,2026-08-04,2026-08,Yogyakarta,Enterprise VPN,Slow Connection,Low,Waiting Customer,108,,,Residential,false,
TCK-2026-01718,2026-08-04,2026-08,Yogyakarta,Enterprise VPN,Router ONT Issue,Low,Closed,126,907,INC-2026-01503,Residential,false,3.7
TCK-2026-01771,2026-08-04,2026-08,Yogyakarta,Fiber Internet,Slow Connection,Low,Closed,98,881,INC-2026-00525,SMB,false,3.5
TCK-2026-01996,2026-08-04,2026-08,Bandung,IPTV,Internet Down,Low,Closed,140,1067,,Residential,false,4.8
TCK-2026-02749,2026-08-04,2026-08,Yogyakarta,Mobile Broadband,Slow Connection,Low,Resolved,146,960,,Residential,false,3.4
TCK-2026-03214,2026-08-04,2026-08,Palembang,Enterprise VPN,Slow Connection,Medium,Waiting Customer,58,,,Residential,false,
TCK-2026-03383,2026-08-04,2026-08,Semarang,Mobile Broadband,Router ONT Issue,Low,In Progress,117,,,Residential,true,
TCK-2026-03559,2026-08-04,2026-08,Medan,Mobile Broadband,Internet Down,Low,Open,123,,,Residential,true,
TCK-2026-04057,2026-08-04,2026-08,Balikpapan,Enterprise VPN,Enterprise SLA Complaint,High,Closed,43,313,,Residential,true,2.9
TCK-2026-04433,2026-08-04,2026-08,Jakarta,Fiber Internet,Intermittent Connection,Medium,Closed,82,575,,SMB,false,4.1
TCK-2026-04637,2026-08-04,2026-08,Yogyakarta,Mobile Broadband,Internet Down,Medium,Resolved,70,581,,SMB,false,3.3
TCK-2026-04971,2026-08-04,2026-08,Palembang,IPTV,Billing Related,Medium,Closed,79,371,,Residential,false,4.3
TCK-2026-05048,2026-08-04,2026-08,Semarang,IPTV,Enterprise SLA Complaint,Medium,Waiting Customer,54,,,SMB,false,
TCK-2026-05232,2026-08-04,2026-08,Semarang,Voice,Slow Connection,Medium,Waiting Customer,91,,INC-2026-01472,SMB,false,
TCK-2026-05370,2026-08-04,2026-08,Semarang,Enterprise VPN,Router ONT Issue,Low,Waiting Customer,119,,INC-2026-01904,SMB,false,
TCK-2026-00129,2026-08-05,2026-08,Yogyakarta,Fiber Internet,Intermittent Connection,Medium,Open,84,,,Residential,false,
TCK-2026-00767,2026-08-05,2026-08,Medan,Fiber Internet,Router ONT Issue,Low,In Progress,116,,,SMB,false,
TCK-2026-00947,2026-08-05,2026-08,Surabaya,Cloud Connectivity,Intermittent Connection,High,Closed,76,182,INC-2026-00342,Residential,false,2.9
TCK-2026-01767,2026-08-05,2026-08,Balikpapan,Voice,Billing Related,Low,Closed,92,1004,INC-2026-00293,Public Sector,false,5
TCK-2026-01842,2026-08-05,2026-08,Palembang,Cloud Connectivity,Slow Connection,Medium,Waiting Customer,88,,,Residential,false,
TCK-2026-01923,2026-08-05,2026-08,Balikpapan,Voice,Enterprise SLA Complaint,Low,Resolved,107,878,INC-2026-00293,Residential,false,3.9
TCK-2026-01958,2026-08-05,2026-08,Palembang,IPTV,Installation Delay,Medium,Closed,90,489,,SMB,false,4.5
TCK-2026-02969,2026-08-05,2026-08,Palembang,Fiber Internet,Installation Delay,High,Resolved,47,143,,Residential,false,3.7
TCK-2026-03729,2026-08-05,2026-08,Makassar,Cloud Connectivity,Installation Delay,Low,In Progress,118,,,Residential,false,
TCK-2026-03765,2026-08-05,2026-08,Semarang,Cloud Connectivity,Slow Connection,High,Resolved,28,183,,Residential,false,2.1
TCK-2026-03872,2026-08-05,2026-08,Balikpapan,Mobile Broadband,Internet Down,Low,Closed,120,848,,Residential,true,3.4
TCK-2026-03924,2026-08-05,2026-08,Palembang,Voice,Billing Related,Medium,Open,106,,,SMB,false,
TCK-2026-04235,2026-08-05,2026-08,Medan,Cloud Connectivity,Router ONT Issue,High,In Progress,61,,,Residential,false,
TCK-2026-04429,2026-08-05,2026-08,Balikpapan,Cloud Connectivity,Intermittent Connection,Low,Resolved,101,916,INC-2026-00079,Residential,false,3.8
TCK-2026-04825,2026-08-05,2026-08,Palembang,Fiber Internet,Intermittent Connection,Medium,Open,47,,,SMB,false,
TCK-2026-04882,2026-08-05,2026-08,Balikpapan,Voice,Intermittent Connection,Low,Waiting Customer,137,,INC-2026-00293,Enterprise,false,
TCK-2026-04967,2026-08-05,2026-08,Makassar,Cloud Connectivity,Internet Down,Medium,Resolved,79,304,,SMB,false,4.0
TCK-2026-05334,2026-08-05,2026-08,Bandung,Fiber Internet,Internet Down,High,Resolved,82,216,INC-2026-01985,Residential,false,3.7
TCK-2026-00552,2026-08-06,2026-08,Surabaya,Mobile Broadband,Router ONT Issue,Medium,Resolved,86,641,INC-2026-01200,Residential,true,3.7
TCK-2026-00985,2026-08-06,2026-08,Balikpapan,IPTV,Intermittent Connection,Low,Closed,113,1036,INC-2026-00979,Residential,false,5
TCK-2026-01118,2026-08-06,2026-08,Palembang,Voice,Intermittent Connection,Medium,Open,85,,,Public Sector,false,
TCK-2026-01583,2026-08-06,2026-08,Semarang,IPTV,Installation Delay,Low,Open,126,,,Residential,false,
TCK-2026-01947,2026-08-06,2026-08,Semarang,Mobile Broadband,Router ONT Issue,Critical,Resolved,13,83,INC-2026-01863,Residential,true,3.5
TCK-2026-02177,2026-08-06,2026-08,Makassar,Enterprise VPN,Router ONT Issue,High,Closed,40,248,,Residential,false,3.6
TCK-2026-02248,2026-08-06,2026-08,Semarang,Enterprise VPN,Enterprise SLA Complaint,Medium,In Progress,90,,INC-2026-01058,Residential,false,
TCK-2026-02727,2026-08-06,2026-08,Semarang,Enterprise VPN,Router ONT Issue,Low,Resolved,117,894,INC-2026-01058,SMB,false,3.9
TCK-2026-02935,2026-08-06,2026-08,Medan,Fiber Internet,Router ONT Issue,Low,Resolved,117,726,,Residential,false,3.3
TCK-2026-04464,2026-08-06,2026-08,Surabaya,Mobile Broadband,Router ONT Issue,Low,Resolved,123,884,INC-2026-01200,Residential,false,3.4
TCK-2026-04504,2026-08-06,2026-08,Surabaya,Mobile Broadband,Internet Down,Low,Closed,125,893,INC-2026-01200,SMB,false,3.7
TCK-2026-04608,2026-08-06,2026-08,Semarang,Mobile Broadband,Internet Down,Low,In Progress,160,,INC-2026-01863,Enterprise,false,
TCK-2026-04722,2026-08-06,2026-08,Balikpapan,IPTV,Intermittent Connection,Low,Closed,79,910,INC-2026-01278,Residential,false,5
TCK-2026-04911,2026-08-06,2026-08,Semarang,Enterprise VPN,Billing Related,Medium,Waiting Customer,57,,INC-2026-01058,SMB,false,
TCK-2026-05031,2026-08-06,2026-08,Jakarta,Fiber Internet,Intermittent Connection,High,Open,35,,,Residential,false,
TCK-2026-00436,2026-08-07,2026-08,Balikpapan,Cloud Connectivity,Internet Down,Medium,Closed,73,554,,Residential,false,4.1
TCK-2026-00499,2026-08-07,2026-08,Medan,Voice,Router ONT Issue,High,Waiting Customer,43,,INC-2026-02059,SMB,false,
TCK-2026-00583,2026-08-07,2026-08,Balikpapan,IPTV,Billing Related,Low,In Progress,134,,INC-2026-01781,Residential,false,
TCK-2026-01139,2026-08-07,2026-08,Denpasar,Enterprise VPN,Installation Delay,Low,Resolved,111,966,,SMB,false,3.4
TCK-2026-01447,2026-08-07,2026-08,Semarang,Fiber Internet,Billing Related,Low,Resolved,143,856,,SMB,false,5
TCK-2026-02703,2026-08-07,2026-08,Balikpapan,IPTV,Enterprise SLA Complaint,Critical,Resolved,35,169,INC-2026-01781,SMB,false,3.4
TCK-2026-02877,2026-08-07,2026-08,Makassar,Voice,Intermittent Connection,Low,Waiting Customer,94,,INC-2026-01992,Residential,false,
TCK-2026-03124,2026-08-07,2026-08,Yogyakarta,Fiber Internet,Internet Down,Low,Waiting Customer,125,,,Residential,false,
TCK-2026-03322,2026-08-07,2026-08,Palembang,IPTV,Slow Connection,Medium,In Progress,49,,,Residential,false,
TCK-2026-03565,2026-08-07,2026-08,Balikpapan,IPTV,Billing Related,Low,Open,144,,INC-2026-01781,SMB,true,
TCK-2026-03927,2026-08-07,2026-08,Medan,Fiber Internet,Router ONT Issue,Medium,Resolved,62,499,,SMB,false,3.4
TCK-2026-03997,2026-08-07,2026-08,Jakarta,Voice,Intermittent Connection,High,Open,61,,,Enterprise,false,
TCK-2026-04001,2026-08-07,2026-08,Balikpapan,IPTV,Billing Related,Low,Closed,124,896,INC-2026-01781,SMB,false,4.6
TCK-2026-04298,2026-08-07,2026-08,Surabaya,Voice,Billing Related,Low,In Progress,106,,,Residential,false,
TCK-2026-04866,2026-08-07,2026-08,Balikpapan,IPTV,Router ONT Issue,Low,Resolved,106,897,INC-2026-01781,Residential,false,4.0
TCK-2026-00187,2026-08-08,2026-08,Semarang,Voice,Billing Related,Low,Waiting Customer,116,,INC-2026-01325,Enterprise,false,
TCK-2026-01258,2026-08-08,2026-08,Makassar,Fiber Internet,Slow Connection,Medium,Resolved,60,460,INC-2026-01794,Residential,false,3.9
TCK-2026-01385,2026-08-08,2026-08,Yogyakarta,Voice,Installation Delay,Medium,Resolved,95,604,,Residential,false,4.3
TCK-2026-01971,2026-08-08,2026-08,Balikpapan,IPTV,Slow Connection,High,Resolved,92,240,INC-2026-00230,SMB,false,3.1
TCK-2026-02813,2026-08-08,2026-08,Surabaya,Enterprise VPN,Billing Related,Medium,Resolved,56,600,INC-2026-00891,Enterprise,false,4.7
TCK-2026-02973,2026-08-08,2026-08,Surabaya,Enterprise VPN,Enterprise SLA Complaint,Low,Resolved,129,939,INC-2026-00891,SMB,false,4.3
TCK-2026-03171,2026-08-08,2026-08,Denpasar,Cloud Connectivity,Slow Connection,Medium,Waiting Customer,92,,,Residential,false,
TCK-2026-03688,2026-08-08,2026-08,Denpasar,Enterprise VPN,Slow Connection,Low,Resolved,135,821,,Residential,false,4.7
TCK-2026-03857,2026-08-08,2026-08,Jakarta,Fiber Internet,Router ONT Issue,Medium,Open,101,,,SMB,false,
TCK-2026-03917,2026-08-08,2026-08,Bandung,Voice,Intermittent Connection,Low,Resolved,134,825,INC-2026-00433,SMB,false,3.9
TCK-2026-04171,2026-08-08,2026-08,Denpasar,Fiber Internet,Installation Delay,Medium,Open,80,,,SMB,false,
TCK-2026-04665,2026-08-08,2026-08,Palembang,Voice,Billing Related,High,Resolved,40,307,INC-2026-01418,Residential,false,3.5
TCK-2026-04739,2026-08-08,2026-08,Semarang,Voice,Billing Related,High,Resolved,53,226,INC-2026-01325,Residential,false,4.4
TCK-2026-05220,2026-08-08,2026-08,Bandung,Voice,Router ONT Issue,Medium,Resolved,71,458,INC-2026-00433,Public Sector,false,3.3
TCK-2026-00336,2026-08-09,2026-08,Jakarta,Enterprise VPN,Internet Down,Medium,Resolved,55,459,INC-2026-00501,Enterprise,true,4.2
TCK-2026-00338,2026-08-09,2026-08,Yogyakarta,Enterprise VPN,Slow Connection,Medium,Resolved,80,465,INC-2026-00988,SMB,false,3.8
TCK-2026-02075,2026-08-09,2026-08,Semarang,Mobile Broadband,Enterprise SLA Complaint,Medium,Resolved,65,530,,Residential,false,3.9
TCK-2026-03004,2026-08-09,2026-08,Medan,Voice,Installation Delay,Low,Resolved,133,1024,,Residential,false,3.7
TCK-2026-03515,2026-08-09,2026-08,Medan,Voice,Router ONT Issue,Low,Resolved,161,882,INC-2026-01512,Enterprise,false,3.5
TCK-2026-03933,2026-08-09,2026-08,Yogyakarta,Cloud Connectivity,Intermittent Connection,High,Closed,20,327,,Public Sector,true,3.0
TCK-2026-04074,2026-08-09,2026-08,Yogyakarta,Mobile Broadband,Billing Related,Medium,Resolved,111,400,,Residential,false,4.8
TCK-2026-04181,2026-08-09,2026-08,Yogyakarta,Enterprise VPN,Intermittent Connection,Medium,Closed,81,422,INC-2026-00988,Residential,false,4.1
TCK-2026-04725,2026-08-09,2026-08,Medan,Voice,Billing Related,High,Resolved,33,146,,SMB,false,3.0
TCK-2026-04896,2026-08-09,2026-08,Makassar,IPTV,Router ONT Issue,High,Waiting Customer,60,,INC-2026-01739,Residential,false,
TCK-2026-05063,2026-08-09,2026-08,Makassar,Fiber Internet,Slow Connection,Medium,In Progress,67,,,Residential,false,
TCK-2026-05069,2026-08-09,2026-08,Denpasar,Voice,Installation Delay,Low,Closed,136,1018,,Enterprise,false,4.0
TCK-2026-05397,2026-08-09,2026-08,Medan,Voice,Installation Delay,High,In Progress,25,,INC-2026-01512,Residential,false,
TCK-2026-01869,2026-08-10,2026-08,Balikpapan,Voice,Slow Connection,Medium,Resolved,65,476,,Residential,false,4.4
TCK-2026-01894,2026-08-10,2026-08,Jakarta,Cloud Connectivity,Intermittent Connection,Medium,In Progress,74,,,Residential,false,
TCK-2026-02053,2026-08-10,2026-08,Denpasar,Enterprise VPN,Internet Down,Low,In Progress,124,,INC-2026-00567,Residential,false,
TCK-2026-02077,2026-08-10,2026-08,Surabaya,IPTV,Billing Related,Medium,Resolved,93,408,INC-2026-02038,Residential,false,4.0
TCK-2026-02214,2026-08-10,2026-08,Balikpapan,Voice,Intermittent Connection,High,Closed,39,261,,Residential,false,3.0
TCK-2026-02283,2026-08-10,2026-08,Jakarta,Fiber Internet,Slow Connection,Medium,Resolved,54,672,,Residential,false,4.1
TCK-2026-02860,2026-08-10,2026-08,Bandung,Enterprise VPN,Installation Delay,Medium,Open,84,,,Residential,false,
TCK-2026-02900,2026-08-10,2026-08,Denpasar,Enterprise VPN,Router ONT Issue,Medium,Resolved,93,473,INC-2026-01938,Enterprise,false,3.7
TCK-2026-04110,2026-08-10,2026-08,Makassar,Enterprise VPN,Enterprise SLA Complaint,Low,Open,126,,,Residential,false,
TCK-2026-04696,2026-08-10,2026-08,Surabaya,IPTV,Router ONT Issue,Critical,Resolved,30,146,INC-2026-02038,Enterprise,true,3.9
TCK-2026-04748,2026-08-10,2026-08,Yogyakarta,Cloud Connectivity,Router ONT Issue,Critical,Resolved,6,136,,Residential,false,3.3
TCK-2026-04906,2026-08-10,2026-08,Yogyakarta,Voice,Internet Down,Low,Resolved,108,894,INC-2026-00374,Enterprise,false,3.7
TCK-2026-00905,2026-08-11,2026-08,Medan,Enterprise VPN,Slow Connection,High,Closed,21,219,INC-2026-00177,Residential,false,3.3
TCK-2026-02394,2026-08-11,2026-08,Balikpapan,Fiber Internet,Internet Down,Low,In Progress,135,,,SMB,false,
TCK-2026-03898,2026-08-11,2026-08,Medan,Enterprise VPN,Internet Down,Critical,Closed,38,90,INC-2026-00177,Enterprise,false,4.0
TCK-2026-04366,2026-08-11,2026-08,Surabaya,Voice,Billing Related,Medium,Resolved,64,451,,Residential,false,4.8
TCK-2026-04515,2026-08-11,2026-08,Balikpapan,Cloud Connectivity,Router ONT Issue,Low,Resolved,111,969,,Residential,false,4.3
TCK-2026-04646,2026-08-11,2026-08,Balikpapan,Voice,Installation Delay,Low,Resolved,153,988,INC-2026-01104,Residential,false,4.1
TCK-2026-04801,2026-08-11,2026-08,Balikpapan,Voice,Intermittent Connection,Medium,In Progress,71,,INC-2026-01104,SMB,false,
TCK-2026-05309,2026-08-11,2026-08,Balikpapan,Voice,Billing Related,Medium,In Progress,78,,INC-2026-01104,Residential,false,
TCK-2026-05328,2026-08-11,2026-08,Medan,Enterprise VPN,Installation Delay,Low,Closed,114,836,,Enterprise,false,4.1
TCK-2026-00618,2026-08-12,2026-08,Medan,Voice,Slow Connection,High,Resolved,59,323,,Residential,false,3.2
TCK-2026-01133,2026-08-12,2026-08,Yogyakarta,Voice,Internet Down,High,Resolved,28,254,,SMB,false,3.5
TCK-2026-01411,2026-08-12,2026-08,Bandung,Enterprise VPN,Billing Related,Medium,Resolved,76,426,,Residential,false,3.4
TCK-2026-01525,2026-08-12,2026-08,Jakarta,Cloud Connectivity,Slow Connection,Medium,Closed,52,375,INC-2026-01303,Enterprise,false,3.9
TCK-2026-01918,2026-08-12,2026-08,Medan,Enterprise VPN,Installation Delay,Medium,In Progress,60,,,Enterprise,false,
TCK-2026-02039,2026-08-12,2026-08,Jakarta,Fiber Internet,Internet Down,Medium,Resolved,63,503,,Residential,false,3.5
TCK-2026-02080,2026-08-12,2026-08,Denpasar,Enterprise VPN,Router ONT Issue,Low,Open,127,,INC-2026-02154,SMB,false,
TCK-2026-02081,2026-08-12,2026-08,Medan,Enterprise VPN,Installation Delay,High,Open,18,,INC-2026-00499,Residential,true,
TCK-2026-02720,2026-08-12,2026-08,Yogyakarta,Cloud Connectivity,Slow Connection,Medium,In Progress,102,,,Residential,false,
TCK-2026-02905,2026-08-12,2026-08,Denpasar,Mobile Broadband,Enterprise SLA Complaint,Low,Resolved,159,917,,Enterprise,false,4.1
TCK-2026-03006,2026-08-12,2026-08,Denpasar,Enterprise VPN,Enterprise SLA Complaint,Low,Waiting Customer,140,,INC-2026-02154,Residential,false,
TCK-2026-03093,2026-08-12,2026-08,Makassar,IPTV,Router ONT Issue,Low,Resolved,170,998,INC-2026-01088,Residential,false,3.8
TCK-2026-03355,2026-08-12,2026-08,Balikpapan,Fiber Internet,Router ONT Issue,Low,Resolved,101,884,INC-2026-00816,Residential,false,4.6
TCK-2026-03562,2026-08-12,2026-08,Surabaya,Enterprise VPN,Billing Related,Medium,Waiting Customer,61,,,Residential,false,
TCK-2026-03616,2026-08-12,2026-08,Makassar,Voice,Intermittent Connection,Low,Resolved,128,976,,Residential,false,3.9
TCK-2026-03679,2026-08-12,2026-08,Bandung,Enterprise VPN,Intermittent Connection,Low,Open,141,,INC-2026-01834,Residential,false,
TCK-2026-03703,2026-08-12,2026-08,Semarang,IPTV,Internet Down,Medium,Waiting Customer,38,,,Public Sector,false,
TCK-2026-03716,2026-08-12,2026-08,Medan,Mobile Broadband,Intermittent Connection,Medium,Closed,85,548,,SMB,true,4.4
TCK-2026-03841,2026-08-12,2026-08,Semarang,Cloud Connectivity,Router ONT Issue,Medium,Closed,54,585,,SMB,false,3.5
TCK-2026-03985,2026-08-12,2026-08,Denpasar,Enterprise VPN,Router ONT Issue,Low,Resolved,170,971,INC-2026-02154,SMB,false,3.1
TCK-2026-04068,2026-08-12,2026-08,Bandung,Enterprise VPN,Installation Delay,High,Resolved,77,372,INC-2026-01834,Residential,false,3.2
TCK-2026-04712,2026-08-12,2026-08,Denpasar,Enterprise VPN,Billing Related,Low,Resolved,155,829,INC-2026-02154,Residential,false,3.6
TCK-2026-05072,2026-08-12,2026-08,Bandung,Enterprise VPN,Billing Related,High,Open,38,,INC-2026-01834,Residential,false,
TCK-2026-00116,2026-08-13,2026-08,Semarang,Cloud Connectivity,Billing Related,High,Closed,23,256,,Residential,true,3.2
TCK-2026-00423,2026-08-13,2026-08,Bandung,Enterprise VPN,Enterprise SLA Complaint,Medium,Open,50,,,Residential,false,
TCK-2026-00478,2026-08-13,2026-08,Medan,IPTV,Installation Delay,Critical,In Progress,2,,INC-2026-01007,Residential,false,
TCK-2026-00819,2026-08-13,2026-08,Denpasar,Mobile Broadband,Internet Down,Low,Resolved,104,1011,,Residential,false,4.8
TCK-2026-00996,2026-08-13,2026-08,Jakarta,Voice,Installation Delay,Medium,Waiting Customer,73,,,Residential,false,
TCK-2026-01402,2026-08-13,2026-08,Bandung,Mobile Broadband,Enterprise SLA Complaint,Low,Open,138,,INC-2026-01100,Enterprise,false,
TCK-2026-01565,2026-08-13,2026-08,Balikpapan,Mobile Broadband,Router ONT Issue,Low,Waiting Customer,117,,INC-2026-01226,Enterprise,false,
TCK-2026-01651,2026-08-13,2026-08,Surabaya,Fiber Internet,Billing Related,Medium,Resolved,82,408,,Enterprise,false,4.5
TCK-2026-02169,2026-08-13,2026-08,Semarang,Voice,Intermittent Connection,Medium,Resolved,84,535,INC-2026-00610,Public Sector,false,4.1
TCK-2026-02411,2026-08-13,2026-08,Surabaya,Fiber Internet,Router ONT Issue,Medium,Closed,73,535,INC-2026-00678,Residential,false,3.8
TCK-2026-03044,2026-08-13,2026-08,Palembang,Voice,Slow Connection,Medium,Resolved,67,488,,SMB,false,3.2
TCK-2026-03199,2026-08-13,2026-08,Surabaya,Fiber Internet,Slow Connection,Low,Closed,118,886,INC-2026-00678,SMB,false,4.5
TCK-2026-03665,2026-08-13,2026-08,Medan,Cloud Connectivity,Internet Down,High,In Progress,8,,INC-2026-01179,Enterprise,false,
TCK-2026-03797,2026-08-13,2026-08,Semarang,Cloud Connectivity,Slow Connection,Medium,Closed,92,530,,Residential,false,4.8
TCK-2026-04402,2026-08-13,2026-08,Yogyakarta,Cloud Connectivity,Slow Connection,Medium,Resolved,61,434,,Enterprise,true,5
TCK-2026-05237,2026-08-13,2026-08,Denpasar,Enterprise VPN,Slow Connection,Low,Resolved,108,936,,Residential,false,5
TCK-2026-00055,2026-08-14,2026-08,Surabaya,Cloud Connectivity,Intermittent Connection,Low,Waiting Customer,150,,,SMB,false,
TCK-2026-00222,2026-08-14,2026-08,Jakarta,Fiber Internet,Intermittent Connection,Low,In Progress,106,,,Enterprise,false,
TCK-2026-00351,2026-08-14,2026-08,Palembang,Voice,Installation Delay,Low,Waiting Customer,127,,,Residential,false,
TCK-2026-00591,2026-08-14,2026-08,Surabaya,Fiber Internet,Intermittent Connection,High,Resolved,19,196,INC-2026-00783,SMB,false,2.8
TCK-2026-00678,2026-08-14,2026-08,Bandung,Mobile Broadband,Enterprise SLA Complaint,Medium,Resolved,9,419,,Residential,false,4.6
TCK-2026-01052,2026-08-14,2026-08,Jakarta,Mobile Broadband,Installation Delay,Low,Open,141,,INC-2026-01381,Public Sector,false,
TCK-2026-01185,2026-08-14,2026-08,Bandung,Mobile Broadband,Billing Related,High,In Progress,20,,,Enterprise,false,
TCK-2026-01398,2026-08-14,2026-08,Jakarta,Mobile Broadband,Router ONT Issue,Low,Resolved,136,867,INC-2026-01381,Enterprise,false,4.0
TCK-2026-01486,2026-08-14,2026-08,Jakarta,Cloud Connectivity,Slow Connection,Medium,Open,106,,INC-2026-01257,Residential,false,
TCK-2026-01665,2026-08-14,2026-08,Denpasar,Fiber Internet,Slow Connection,Medium,Resolved,69,469,INC-2026-00908,Enterprise,false,3.4
TCK-2026-01687,2026-08-14,2026-08,Palembang,IPTV,Slow Connection,Medium,Waiting Customer,46,,INC-2026-01728,Residential,false,
TCK-2026-01738,2026-08-14,2026-08,Semarang,Cloud Connectivity,Enterprise SLA Complaint,Medium,In Progress,68,,INC-2026-00734,Enterprise,false,
TCK-2026-01768,2026-08-14,2026-08,Semarang,Cloud Connectivity,Internet Down,Low,Waiting Customer,141,,INC-2026-00734,Residential,false,
TCK-2026-02345,2026-08-14,2026-08,Balikpapan,Mobile Broadband,Slow Connection,Low,Resolved,105,857,,SMB,false,3.6
TCK-2026-02434,2026-08-14,2026-08,Yogyakarta,Cloud Connectivity,Intermittent Connection,High,Resolved,48,279,INC-2026-01958,Enterprise,false,3.3
TCK-2026-02440,2026-08-14,2026-08,Bandung,Enterprise VPN,Billing Related,Low,Resolved,127,948,INC-2026-01677,Residential,false,4.3
TCK-2026-02828,2026-08-14,2026-08,Semarang,Cloud Connectivity,Installation Delay,Medium,In Progress,89,,,Residential,false,
TCK-2026-03571,2026-08-14,2026-08,Medan,Mobile Broadband,Intermittent Connection,Medium,Closed,58,497,,Residential,false,4.1
TCK-2026-04266,2026-08-14,2026-08,Jakarta,Cloud Connectivity,Slow Connection,Low,Resolved,118,849,INC-2026-01257,Residential,true,5
TCK-2026-04291,2026-08-14,2026-08,Jakarta,Cloud Connectivity,Billing Related,Medium,Resolved,80,592,INC-2026-01257,Residential,false,2.9
TCK-2026-04537,2026-08-14,2026-08,Semarang,Cloud Connectivity,Billing Related,High,Closed,23,439,INC-2026-00734,Residential,false,3.4
TCK-2026-04680,2026-08-14,2026-08,Semarang,Mobile Broadband,Slow Connection,High,Closed,39,306,,Residential,true,3.6
TCK-2026-04709,2026-08-14,2026-08,Jakarta,Cloud Connectivity,Slow Connection,Medium,Open,41,,INC-2026-01257,Enterprise,false,
TCK-2026-05060,2026-08-14,2026-08,Denpasar,Fiber Internet,Slow Connection,Low,Resolved,130,805,INC-2026-00989,Residential,false,3.5
TCK-2026-00672,2026-08-15,2026-08,Denpasar,IPTV,Enterprise SLA Complaint,Low,Waiting Customer,145,,INC-2026-00104,Residential,false,
TCK-2026-00793,2026-08-15,2026-08,Balikpapan,IPTV,Billing Related,Critical,Closed,23,149,INC-2026-00547,Residential,false,2.4
TCK-2026-01329,2026-08-15,2026-08,Surabaya,Mobile Broadband,Router ONT Issue,Medium,Resolved,81,573,INC-2026-01027,SMB,false,4.4
TCK-2026-01359,2026-08-15,2026-08,Bandung,IPTV,Billing Related,Medium,Resolved,88,507,,Residential,false,3.2
TCK-2026-01370,2026-08-15,2026-08,Balikpapan,IPTV,Billing Related,High,Resolved,31,335,INC-2026-00547,Enterprise,false,3.2
TCK-2026-01423,2026-08-15,2026-08,Denpasar,IPTV,Router ONT Issue,Low,Closed,124,809,INC-2026-00104,Residential,false,2.6
TCK-2026-01438,2026-08-15,2026-08,Medan,IPTV,Router ONT Issue,Medium,Resolved,72,416,,Residential,false,3.9
TCK-2026-01678,2026-08-15,2026-08,Palembang,IPTV,Enterprise SLA Complaint,High,Closed,21,77,INC-2026-00312,Residential,false,3.4
TCK-2026-02074,2026-08-15,2026-08,Palembang,IPTV,Billing Related,High,In Progress,30,,,Residential,true,
TCK-2026-02433,2026-08-15,2026-08,Medan,Mobile Broadband,Slow Connection,Low,In Progress,124,,,Residential,false,
TCK-2026-02846,2026-08-15,2026-08,Jakarta,Enterprise VPN,Installation Delay,Low,Resolved,146,960,,Residential,false,4.1
TCK-2026-03065,2026-08-15,2026-08,Palembang,Cloud Connectivity,Internet Down,Medium,Open,92,,,Enterprise,false,
TCK-2026-03072,2026-08-15,2026-08,Medan,Mobile Broadband,Installation Delay,High,Closed,46,299,,Residential,true,4.1
TCK-2026-03178,2026-08-15,2026-08,Yogyakarta,Cloud Connectivity,Billing Related,High,Resolved,46,272,,SMB,false,4.2
TCK-2026-03416,2026-08-15,2026-08,Surabaya,IPTV,Billing Related,Medium,Waiting Customer,75,,,Residential,false,
TCK-2026-03584,2026-08-15,2026-08,Balikpapan,Cloud Connectivity,Installation Delay,Medium,Waiting Customer,61,,INC-2026-01599,SMB,false,
TCK-2026-03587,2026-08-15,2026-08,Jakarta,Mobile Broadband,Internet Down,Low,Closed,113,941,,Residential,false,5
TCK-2026-03608,2026-08-15,2026-08,Medan,Cloud Connectivity,Intermittent Connection,Low,Resolved,109,958,INC-2026-01444,SMB,false,3.9
TCK-2026-03770,2026-08-15,2026-08,Surabaya,Mobile Broadband,Enterprise SLA Complaint,Critical,Resolved,25,134,INC-2026-01027,Residential,false,4.6
TCK-2026-04982,2026-08-15,2026-08,Balikpapan,Mobile Broadband,Router ONT Issue,Low,In Progress,166,,,Residential,true,
TCK-2026-05124,2026-08-15,2026-08,Surabaya,Mobile Broadband,Router ONT Issue,Medium,In Progress,88,,INC-2026-01027,Residential,false,
TCK-2026-05217,2026-08-15,2026-08,Yogyakarta,IPTV,Installation Delay,High,In Progress,11,,,SMB,false,
TCK-2026-05323,2026-08-15,2026-08,Denpasar,IPTV,Enterprise SLA Complaint,Medium,Closed,111,493,INC-2026-00104,Residential,false,3.7
TCK-2026-05353,2026-08-15,2026-08,Surabaya,Cloud Connectivity,Enterprise SLA Complaint,Medium,Resolved,77,441,INC-2026-00565,Residential,false,2.3
TCK-2026-05399,2026-08-15,2026-08,Balikpapan,IPTV,Slow Connection,Medium,Resolved,76,331,INC-2026-00547,Enterprise,true,3.2
TCK-2026-00845,2026-08-16,2026-08,Yogyakarta,Mobile Broadband,Router ONT Issue,Low,Open,113,,INC-2026-00284,Residential,false,
TCK-2026-00918,2026-08-16,2026-08,Makassar,Voice,Slow Connection,Low,Resolved,114,781,INC-2026-01404,Residential,false,3.3
TCK-2026-01014,2026-08-16,2026-08,Yogyakarta,Mobile Broadband,Installation Delay,High,Waiting Customer,47,,INC-2026-00284,Residential,false,
TCK-2026-02381,2026-08-16,2026-08,Medan,Cloud Connectivity,Router ONT Issue,Medium,Resolved,64,585,,SMB,false,4.1
TCK-2026-02943,2026-08-16,2026-08,Palembang,Fiber Internet,Router ONT Issue,High,Resolved,59,246,,SMB,false,3.5
TCK-2026-03034,2026-08-16,2026-08,Bandung,Enterprise VPN,Enterprise SLA Complaint,Low,In Progress,128,,,Enterprise,false,
TCK-2026-03161,2026-08-16,2026-08,Yogyakarta,Mobile Broadband,Intermittent Connection,Medium,Closed,70,462,INC-2026-00284,Residential,false,4.2
TCK-2026-04310,2026-08-16,2026-08,Bandung,Enterprise VPN,Intermittent Connection,Low,Resolved,133,783,INC-2026-00751,Public Sector,false,5
TCK-2026-04760,2026-08-16,2026-08,Surabaya,Fiber Internet,Slow Connection,Low,Waiting Customer,117,,,Enterprise,false,
TCK-2026-05269,2026-08-16,2026-08,Bandung,Enterprise VPN,Internet Down,Low,Closed,103,1027,INC-2026-00751,SMB,false,3.6
TCK-2026-00593,2026-08-17,2026-08,Semarang,Mobile Broadband,Slow Connection,Low,Closed,115,964,INC-2026-00186,Residential,false,4.4
TCK-2026-00726,2026-08-17,2026-08,Bandung,IPTV,Intermittent Connection,High,Open,29,,,Residential,false,
TCK-2026-00768,2026-08-17,2026-08,Semarang,Cloud Connectivity,Intermittent Connection,Medium,Closed,58,523,INC-2026-00895,Residential,false,3.2
TCK-2026-00802,2026-08-17,2026-08,Jakarta,Cloud Connectivity,Internet Down,Medium,In Progress,76,,INC-2026-01550,Residential,false,
TCK-2026-00812,2026-08-17,2026-08,Semarang,IPTV,Billing Related,Medium,In Progress,82,,INC-2026-00760,Enterprise,false,
TCK-2026-01091,2026-08-17,2026-08,Bandung,Cloud Connectivity,Internet Down,Critical,Resolved,22,173,,Residential,false,2.4
TCK-2026-01194,2026-08-17,2026-08,Semarang,Cloud Connectivity,Intermittent Connection,Low,Waiting Customer,95,,INC-2026-00895,Residential,false,
TCK-2026-01379,2026-08-17,2026-08,Denpasar,Fiber Internet,Billing Related,High,Closed,20,231,,Enterprise,false,3.5
TCK-2026-02191,2026-08-17,2026-08,Semarang,Cloud Connectivity,Router ONT Issue,Medium,In Progress,65,,INC-2026-01185,Residential,false,
TCK-2026-02226,2026-08-17,2026-08,Semarang,IPTV,Enterprise SLA Complaint,Medium,Closed,58,502,INC-2026-00760,Residential,false,4.1
TCK-2026-02830,2026-08-17,2026-08,Bandung,Enterprise VPN,Router ONT Issue,Low,Closed,132,985,INC-2026-00117,Enterprise,false,3.9
TCK-2026-03033,2026-08-17,2026-08,Yogyakarta,Mobile Broadband,Enterprise SLA Complaint,Medium,Closed,78,491,,Residential,false,3.9
TCK-2026-03324,2026-08-17,2026-08,Jakarta,Enterprise VPN,Installation Delay,Low,Closed,128,827,INC-2026-01881,Public Sector,false,3.9
TCK-2026-03810,2026-08-17,2026-08,Palembang,Mobile Broadband,Slow Connection,Low,Closed,100,998,,SMB,false,3.8
TCK-2026-04023,2026-08-17,2026-08,Denpasar,Cloud Connectivity,Enterprise SLA Complaint,Medium,Resolved,53,564,,Public Sector,false,4.2
TCK-2026-04742,2026-08-17,2026-08,Jakarta,Mobile Broadband,Enterprise SLA Complaint,High,Closed,18,372,,SMB,false,3.2
TCK-2026-04849,2026-08-17,2026-08,Semarang,Voice,Router ONT Issue,Medium,In Progress,81,,,Residential,false,
TCK-2026-05144,2026-08-17,2026-08,Jakarta,Cloud Connectivity,Slow Connection,Low,Closed,159,925,INC-2026-01550,Residential,true,4.5
TCK-2026-05230,2026-08-17,2026-08,Semarang,Mobile Broadband,Installation Delay,Low,Closed,123,805,,Residential,false,4.5
TCK-2026-00869,2026-08-18,2026-08,Jakarta,Voice,Billing Related,Low,Open,112,,,Public Sector,false,
TCK-2026-01459,2026-08-18,2026-08,Denpasar,IPTV,Router ONT Issue,Low,Waiting Customer,128,,,Residential,false,
TCK-2026-01621,2026-08-18,2026-08,Semarang,Mobile Broadband,Installation Delay,Medium,Open,74,,INC-2026-00120,Residential,false,
TCK-2026-02100,2026-08-18,2026-08,Jakarta,Fiber Internet,Slow Connection,Medium,Waiting Customer,40,,INC-2026-01158,SMB,true,
TCK-2026-02516,2026-08-18,2026-08,Bandung,IPTV,Internet Down,High,In Progress,5,,INC-2026-00371,Residential,false,
TCK-2026-02523,2026-08-18,2026-08,Bandung,IPTV,Installation Delay,Low,Open,128,,INC-2026-00371,Enterprise,false,
TCK-2026-03626,2026-08-18,2026-08,Surabaya,Mobile Broadband,Installation Delay,Medium,Waiting Customer,93,,,Enterprise,false,
TCK-2026-03694,2026-08-18,2026-08,Yogyakarta,Enterprise VPN,Installation Delay,High,Resolved,37,307,INC-2026-01403,Residential,false,3.5
TCK-2026-03839,2026-08-18,2026-08,Yogyakarta,Enterprise VPN,Router ONT Issue,Low,Resolved,128,953,INC-2026-01403,Residential,false,4.1
TCK-2026-04277,2026-08-18,2026-08,Bandung,IPTV,Slow Connection,Medium,Closed,70,481,INC-2026-00371,Residential,true,3.8
TCK-2026-04448,2026-08-18,2026-08,Medan,Voice,Slow Connection,Low,Open,130,,,Enterprise,false,
TCK-2026-04506,2026-08-18,2026-08,Yogyakarta,Enterprise VPN,Router ONT Issue,Low,Resolved,139,864,INC-2026-01403,Enterprise,false,3.0
TCK-2026-05003,2026-08-18,2026-08,Jakarta,Cloud Connectivity,Router ONT Issue,Medium,Closed,75,522,,Residential,false,3.7
TCK-2026-05153,2026-08-18,2026-08,Bandung,Cloud Connectivity,Internet Down,Low,Resolved,134,877,,Residential,false,3.9
TCK-2026-00149,2026-08-19,2026-08,Yogyakarta,Voice,Internet Down,Low,Open,155,,INC-2026-01175,Residential,false,
TCK-2026-00659,2026-08-19,2026-08,Semarang,Voice,Router ONT Issue,Medium,Closed,84,452,INC-2026-00531,Residential,false,4.7
TCK-2026-01112,2026-08-19,2026-08,Bandung,Enterprise VPN,Intermittent Connection,Medium,Resolved,84,386,,Residential,false,4.7
TCK-2026-01407,2026-08-19,2026-08,Yogyakarta,Voice,Intermittent Connection,Medium,Resolved,87,347,INC-2026-01175,Public Sector,false,3.0
TCK-2026-01589,2026-08-19,2026-08,Medan,Mobile Broadband,Internet Down,Medium,Closed,50,526,,Residential,false,3.1
TCK-2026-01760,2026-08-19,2026-08,Medan,Cloud Connectivity,Enterprise SLA Complaint,Medium,Open,76,,INC-2026-00857,SMB,false,
TCK-2026-02185,2026-08-19,2026-08,Medan,Enterprise VPN,Router ONT Issue,Medium,Closed,42,540,,Residential,false,3.7
TCK-2026-02236,2026-08-19,2026-08,Yogyakarta,Voice,Router ONT Issue,Low,Resolved,98,844,INC-2026-01175,Enterprise,false,3.5
TCK-2026-02550,2026-08-19,2026-08,Balikpapan,Enterprise VPN,Billing Related,Low,Open,100,,,SMB,false,
TCK-2026-02661,2026-08-19,2026-08,Bandung,Cloud Connectivity,Internet Down,Medium,In Progress,87,,,Residential,false,
TCK-2026-02762,2026-08-19,2026-08,Semarang,Enterprise VPN,Internet Down,Critical,Waiting Customer,26,,INC-2026-01832,Residential,false,
TCK-2026-02800,2026-08-19,2026-08,Palembang,Fiber Internet,Slow Connection,Low,In Progress,163,,,Residential,false,
TCK-2026-03441,2026-08-19,2026-08,Medan,Mobile Broadband,Installation Delay,High,Resolved,57,249,INC-2026-00496,SMB,true,3.9
TCK-2026-04168,2026-08-19,2026-08,Medan,IPTV,Intermittent Connection,Low,Open,111,,INC-2026-00756,Residential,false,
TCK-2026-04225,2026-08-19,2026-08,Surabaya,IPTV,Slow Connection,High,Resolved,39,263,,SMB,false,3.0
TCK-2026-04256,2026-08-19,2026-08,Medan,Mobile Broadband,Intermittent Connection,Low,Open,141,,INC-2026-00496,Residential,false,
TCK-2026-04412,2026-08-19,2026-08,Yogyakarta,Fiber Internet,Router ONT Issue,Low,Resolved,129,869,,Enterprise,false,4.7
TCK-2026-04510,2026-08-19,2026-08,Balikpapan,Cloud Connectivity,Intermittent Connection,High,Resolved,47,154,,Residential,false,3.8
TCK-2026-04846,2026-08-19,2026-08,Semarang,Enterprise VPN,Intermittent Connection,High,In Progress,44,,,Residential,false,
TCK-2026-04885,2026-08-19,2026-08,Jakarta,IPTV,Internet Down,Low,In Progress,118,,,Enterprise,false,
TCK-2026-04915,2026-08-19,2026-08,Medan,Mobile Broadband,Internet Down,Low,In Progress,129,,INC-2026-00496,Residential,false,
TCK-2026-00080,2026-08-20,2026-08,Bandung,Mobile Broadband,Enterprise SLA Complaint,Medium,Resolved,111,504,,Enterprise,false,3.4
TCK-2026-00127,2026-08-20,2026-08,Palembang,IPTV,Slow Connection,Medium,Resolved,85,481,INC-2026-01760,Residential,false,3.0
TCK-2026-00480,2026-08-20,2026-08,Medan,Enterprise VPN,Internet Down,Medium,In Progress,61,,INC-2026-00130,Residential,false,
TCK-2026-00597,2026-08-20,2026-08,Denpasar,Fiber Internet,Intermittent Connection,Low,Resolved,114,893,,SMB,false,3.2
TCK-2026-01029,2026-08-20,2026-08,Balikpapan,Enterprise VPN,Intermittent Connection,High,Closed,44,44,INC-2026-01637,Residential,false,4.4
TCK-2026-01178,2026-08-20,2026-08,Surabaya,Fiber Internet,Internet Down,Medium,In Progress,53,,,Residential,false,
TCK-2026-01570,2026-08-20,2026-08,Medan,Enterprise VPN,Intermittent Connection,Low,Resolved,132,986,INC-2026-00381,Residential,false,3.9
TCK-2026-01963,2026-08-20,2026-08,Surabaya,Enterprise VPN,Billing Related,Medium,Resolved,70,547,,Residential,false,4.9
TCK-2026-02241,2026-08-20,2026-08,Bandung,Voice,Router ONT Issue,Medium,In Progress,63,,INC-2026-02118,SMB,false,
TCK-2026-02537,2026-08-20,2026-08,Medan,Enterprise VPN,Billing Related,Medium,In Progress,85,,INC-2026-00130,SMB,false,
TCK-2026-02938,2026-08-20,2026-08,Semarang,Voice,Router ONT Issue,Low,In Progress,86,,,Residential,false,
TCK-2026-02974,2026-08-20,2026-08,Denpasar,Enterprise VPN,Internet Down,Low,Closed,136,928,,Residential,false,3.9
TCK-2026-03386,2026-08-20,2026-08,Palembang,IPTV,Installation Delay,Medium,Resolved,53,486,INC-2026-01760,SMB,false,3.8
TCK-2026-03462,2026-08-20,2026-08,Balikpapan,Enterprise VPN,Installation Delay,Low,Closed,114,908,INC-2026-01637,Residential,false,4.1
TCK-2026-03654,2026-08-20,2026-08,Bandung,Voice,Router ONT Issue,Medium,Resolved,66,505,,Residential,false,4.1
TCK-2026-03906,2026-08-20,2026-08,Makassar,Mobile Broadband,Router ONT Issue,High,Waiting Customer,26,,,Public Sector,false,
TCK-2026-04108,2026-08-20,2026-08,Medan,Voice,Router ONT Issue,High,In Progress,12,,,Enterprise,false,
TCK-2026-04251,2026-08-20,2026-08,Bandung,Voice,Enterprise SLA Complaint,High,Open,21,,INC-2026-02118,Public Sector,true,
TCK-2026-04730,2026-08-20,2026-08,Makassar,Voice,Installation Delay,High,In Progress,6,,INC-2026-00994,Residential,false,
TCK-2026-04734,2026-08-20,2026-08,Balikpapan,Enterprise VPN,Enterprise SLA Complaint,Medium,Closed,58,506,INC-2026-01637,Residential,false,4.0
TCK-2026-04968,2026-08-20,2026-08,Palembang,IPTV,Internet Down,High,Open,41,,INC-2026-01760,SMB,false,
TCK-2026-05102,2026-08-20,2026-08,Makassar,Voice,Billing Related,Medium,Open,62,,INC-2026-00994,Residential,false,
TCK-2026-05211,2026-08-20,2026-08,Jakarta,Voice,Internet Down,Low,Resolved,113,930,,Residential,false,4.5
TCK-2026-05367,2026-08-20,2026-08,Bandung,Voice,Internet Down,Low,Closed,144,885,INC-2026-02118,Enterprise,true,4.9
TCK-2026-00058,2026-08-21,2026-08,Jakarta,Voice,Router ONT Issue,Medium,In Progress,97,,INC-2026-01346,Enterprise,true,
TCK-2026-00096,2026-08-21,2026-08,Denpasar,Fiber Internet,Installation Delay,Low,In Progress,138,,INC-2026-01123,SMB,false,
TCK-2026-00648,2026-08-21,2026-08,Palembang,Voice,Intermittent Connection,Medium,Open,98,,,SMB,false,
TCK-2026-00682,2026-08-21,2026-08,Denpasar,Fiber Internet,Router ONT Issue,Medium,Resolved,85,482,INC-2026-01123,Residential,true,4.5
TCK-2026-00878,2026-08-21,2026-08,Balikpapan,Enterprise VPN,Router ONT Issue,Medium,Resolved,56,548,INC-2026-00770,Public Sector,true,4.2
TCK-2026-01314,2026-08-21,2026-08,Palembang,Cloud Connectivity,Intermittent Connection,Low,Resolved,107,918,,Residential,false,3.6
TCK-2026-02458,2026-08-21,2026-08,Denpasar,IPTV,Router ONT Issue,Low,Closed,115,973,,Residential,false,4.4
TCK-2026-02544,2026-08-21,2026-08,Balikpapan,Enterprise VPN,Billing Related,Low,In Progress,144,,INC-2026-00770,Residential,false,
TCK-2026-02583,2026-08-21,2026-08,Palembang,Enterprise VPN,Intermittent Connection,Low,Closed,138,885,,Enterprise,false,4.6
TCK-2026-02589,2026-08-21,2026-08,Semarang,Cloud Connectivity,Slow Connection,Medium,Resolved,92,390,INC-2026-00971,Public Sector,true,4.4
TCK-2026-03155,2026-08-21,2026-08,Denpasar,Mobile Broadband,Enterprise SLA Complaint,Medium,Open,76,,,Enterprise,false,
TCK-2026-03392,2026-08-21,2026-08,Bandung,Fiber Internet,Internet Down,Medium,Resolved,71,541,,Residential,false,4.4
TCK-2026-05062,2026-08-21,2026-08,Jakarta,Mobile Broadband,Installation Delay,Low,Resolved,114,908,,Residential,false,4.1
TCK-2026-00038,2026-08-22,2026-08,Denpasar,Fiber Internet,Internet Down,Medium,Resolved,68,548,,Enterprise,false,4.2
TCK-2026-00470,2026-08-22,2026-08,Makassar,Fiber Internet,Installation Delay,Medium,Open,70,,,Residential,false,
TCK-2026-00565,2026-08-22,2026-08,Denpasar,Cloud Connectivity,Internet Down,Low,Open,131,,INC-2026-00916,Enterprise,false,
TCK-2026-00744,2026-08-22,2026-08,Semarang,Enterprise VPN,Internet Down,Medium,Resolved,100,640,INC-2026-01589,Residential,false,4.2
TCK-2026-01791,2026-08-22,2026-08,Semarang,Voice,Billing Related,Medium,In Progress,56,,,Residential,false,
TCK-2026-02374,2026-08-22,2026-08,Yogyakarta,Mobile Broadband,Installation Delay,Medium,Closed,83,536,,SMB,false,2.9
TCK-2026-02793,2026-08-22,2026-08,Medan,IPTV,Enterprise SLA Complaint,High,Waiting Customer,48,,,Public Sector,false,
TCK-2026-03500,2026-08-22,2026-08,Semarang,Voice,Internet Down,Low,Waiting Customer,144,,INC-2026-02083,SMB,false,
TCK-2026-03809,2026-08-22,2026-08,Medan,Mobile Broadband,Slow Connection,Low,Resolved,103,890,,Residential,false,3.0
TCK-2026-03843,2026-08-22,2026-08,Balikpapan,Voice,Enterprise SLA Complaint,Low,In Progress,108,,INC-2026-02104,Residential,false,
TCK-2026-04892,2026-08-22,2026-08,Bandung,Cloud Connectivity,Internet Down,High,Waiting Customer,40,,,SMB,true,
TCK-2026-00208,2026-08-23,2026-08,Palembang,Cloud Connectivity,Slow Connection,High,Closed,46,441,,Residential,false,3.6
TCK-2026-00352,2026-08-23,2026-08,Jakarta,Cloud Connectivity,Enterprise SLA Complaint,Low,Resolved,89,915,,SMB,false,5
TCK-2026-00781,2026-08-23,2026-08,Denpasar,Fiber Internet,Enterprise SLA Complaint,Low,Open,97,,,Residential,false,
TCK-2026-00801,2026-08-23,2026-08,Denpasar,Voice,Installation Delay,High,Resolved,38,121,INC-2026-01464,Residential,false,3.6
TCK-2026-00865,2026-08-23,2026-08,Semarang,Cloud Connectivity,Internet Down,Medium,Waiting Customer,75,,INC-2026-01172,Residential,false,
TCK-2026-01164,2026-08-23,2026-08,Medan,Fiber Internet,Slow Connection,Low,In Progress,108,,,Residential,false,
TCK-2026-01309,2026-08-23,2026-08,Medan,Mobile Broadband,Billing Related,Medium,Resolved,71,406,INC-2026-01981,SMB,false,4.2
TCK-2026-01672,2026-08-23,2026-08,Bandung,Cloud Connectivity,Slow Connection,High,Open,41,,,Residential,false,
TCK-2026-02377,2026-08-23,2026-08,Bandung,IPTV,Billing Related,Low,Open,93,,,SMB,false,
TCK-2026-02864,2026-08-23,2026-08,Medan,Voice,Billing Related,Low,Closed,98,928,,Enterprise,false,4.1
TCK-2026-02964,2026-08-23,2026-08,Palembang,Voice,Slow Connection,High,Resolved,28,172,,Residential,false,2.1
TCK-2026-04328,2026-08-23,2026-08,Jakarta,IPTV,Slow Connection,Low,Resolved,125,859,,SMB,false,3.6
TCK-2026-05208,2026-08-23,2026-08,Surabaya,Enterprise VPN,Enterprise SLA Complaint,High,Closed,56,190,,Residential,false,2.8
TCK-2026-00054,2026-08-24,2026-08,Medan,IPTV,Enterprise SLA Complaint,Low,In Progress,122,,,Enterprise,false,
TCK-2026-00069,2026-08-24,2026-08,Bandung,Mobile Broadband,Enterprise SLA Complaint,High,Closed,31,278,,SMB,false,4.6
TCK-2026-00091,2026-08-24,2026-08,Balikpapan,Enterprise VPN,Installation Delay,Medium,Resolved,103,340,,Public Sector,false,5
TCK-2026-00135,2026-08-24,2026-08,Makassar,IPTV,Router ONT Issue,Low,Resolved,90,948,,Residential,false,4.8
TCK-2026-01698,2026-08-24,2026-08,Denpasar,Mobile Broadband,Installation Delay,Low,Open,117,,,Residential,true,
TCK-2026-02140,2026-08-24,2026-08,Jakarta,Enterprise VPN,Installation Delay,High,Open,2,,INC-2026-00510,SMB,false,
TCK-2026-02373,2026-08-24,2026-08,Makassar,Cloud Connectivity,Billing Related,Medium,Open,81,,,Enterprise,false,
TCK-2026-03502,2026-08-24,2026-08,Jakarta,Enterprise VPN,Intermittent Connection,Low,Closed,113,944,,SMB,false,4.9
TCK-2026-03519,2026-08-24,2026-08,Bandung,Enterprise VPN,Internet Down,Medium,Waiting Customer,86,,INC-2026-01336,Residential,false,
TCK-2026-03956,2026-08-24,2026-08,Medan,Voice,Intermittent Connection,Medium,Resolved,59,544,INC-2026-01154,Residential,false,4.1
TCK-2026-04214,2026-08-24,2026-08,Makassar,Cloud Connectivity,Router ONT Issue,High,Open,9,,,Enterprise,false,
TCK-2026-04239,2026-08-24,2026-08,Medan,Voice,Internet Down,High,Resolved,51,222,INC-2026-01154,Residential,false,3.5
TCK-2026-04676,2026-08-24,2026-08,Bandung,Fiber Internet,Intermittent Connection,Medium,In Progress,75,,,Enterprise,false,
TCK-2026-00001,2026-08-25,2026-08,Palembang,Fiber Internet,Internet Down,High,Resolved,25,207,INC-2026-01435,Residential,false,3.0
TCK-2026-00118,2026-08-25,2026-08,Denpasar,Voice,Intermittent Connection,High,Closed,18,181,INC-2026-00362,Residential,false,2.3
TCK-2026-00507,2026-08-25,2026-08,Denpasar,Voice,Installation Delay,Low,Closed,163,857,INC-2026-00362,Enterprise,false,3.4
TCK-2026-00604,2026-08-25,2026-08,Jakarta,Fiber Internet,Billing Related,Low,Resolved,136,1130,,Residential,false,3.6
TCK-2026-00872,2026-08-25,2026-08,Bandung,Cloud Connectivity,Intermittent Connection,Medium,Resolved,52,424,,Residential,false,5
TCK-2026-01316,2026-08-25,2026-08,Denpasar,Voice,Enterprise SLA Complaint,Medium,Closed,60,481,INC-2026-00362,Enterprise,false,3.6
TCK-2026-02313,2026-08-25,2026-08,Makassar,Voice,Slow Connection,Low,Resolved,112,837,,Residential,false,4.4
TCK-2026-02435,2026-08-25,2026-08,Surabaya,Enterprise VPN,Intermittent Connection,Low,Closed,118,1004,INC-2026-00285,SMB,false,4.4
TCK-2026-03026,2026-08-25,2026-08,Surabaya,Enterprise VPN,Router ONT Issue,High,In Progress,62,,INC-2026-00285,Residential,false,
TCK-2026-03196,2026-08-25,2026-08,Jakarta,Fiber Internet,Installation Delay,Low,Closed,103,880,,Residential,false,3.8
TCK-2026-03486,2026-08-25,2026-08,Balikpapan,Enterprise VPN,Installation Delay,High,In Progress,48,,INC-2026-01702,Residential,false,
TCK-2026-04189,2026-08-25,2026-08,Jakarta,Voice,Billing Related,Low,Closed,145,914,,Residential,false,3.4
TCK-2026-04427,2026-08-25,2026-08,Bandung,Cloud Connectivity,Enterprise SLA Complaint,Low,Closed,144,894,,Enterprise,false,4.4
TCK-2026-04482,2026-08-25,2026-08,Yogyakarta,Enterprise VPN,Router ONT Issue,Low,Resolved,109,814,INC-2026-00702,Residential,false,2.9
TCK-2026-04626,2026-08-25,2026-08,Bandung,Enterprise VPN,Billing Related,High,In Progress,2,,,SMB,false,
TCK-2026-00053,2026-08-26,2026-08,Makassar,Mobile Broadband,Internet Down,Medium,Waiting Customer,86,,INC-2026-00507,Residential,true,
TCK-2026-01152,2026-08-26,2026-08,Bandung,Mobile Broadband,Router ONT Issue,Low,Open,124,,INC-2026-01795,SMB,false,
TCK-2026-01716,2026-08-26,2026-08,Balikpapan,Fiber Internet,Billing Related,Medium,Waiting Customer,42,,,Enterprise,false,
TCK-2026-01843,2026-08-26,2026-08,Makassar,Mobile Broadband,Installation Delay,Medium,Resolved,63,474,INC-2026-00507,Enterprise,false,4.8
TCK-2026-01860,2026-08-26,2026-08,Makassar,Mobile Broadband,Installation Delay,Low,Resolved,102,905,INC-2026-00507,Enterprise,false,3.5
TCK-2026-02069,2026-08-26,2026-08,Makassar,Mobile Broadband,Billing Related,Medium,Waiting Customer,85,,INC-2026-00507,Enterprise,true,
TCK-2026-02442,2026-08-26,2026-08,Jakarta,Voice,Internet Down,High,In Progress,40,,,Enterprise,false,
TCK-2026-02599,2026-08-26,2026-08,Makassar,IPTV,Enterprise SLA Complaint,Low,Resolved,134,962,INC-2026-00252,Enterprise,false,4.2
TCK-2026-02716,2026-08-26,2026-08,Jakarta,IPTV,Billing Related,Medium,Open,92,,,SMB,false,
TCK-2026-03022,2026-08-26,2026-08,Makassar,Mobile Broadband,Internet Down,Medium,In Progress,63,,INC-2026-00275,Residential,false,
TCK-2026-03053,2026-08-26,2026-08,Makassar,Fiber Internet,Internet Down,Medium,Resolved,114,495,,SMB,false,3.0
TCK-2026-03110,2026-08-26,2026-08,Bandung,Mobile Broadband,Intermittent Connection,Medium,Resolved,64,320,INC-2026-01795,Enterprise,false,4.1
TCK-2026-03248,2026-08-26,2026-08,Palembang,Voice,Slow Connection,High,Waiting Customer,46,,INC-2026-00149,SMB,true,
TCK-2026-03583,2026-08-26,2026-08,Makassar,IPTV,Intermittent Connection,Medium,Closed,100,422,,Enterprise,false,5
TCK-2026-04071,2026-08-26,2026-08,Semarang,Fiber Internet,Internet Down,Low,Closed,123,888,,Residential,true,4.7
TCK-2026-04250,2026-08-26,2026-08,Balikpapan,Voice,Installation Delay,Low,Closed,127,1031,,SMB,false,4.7
TCK-2026-04484,2026-08-26,2026-08,Palembang,IPTV,Enterprise SLA Complaint,Medium,Resolved,84,488,,Residential,false,3.4
TCK-2026-04664,2026-08-26,2026-08,Balikpapan,Enterprise VPN,Enterprise SLA Complaint,Critical,Open,18,,,Residential,false,
TCK-2026-04898,2026-08-26,2026-08,Surabaya,Fiber Internet,Billing Related,Low,In Progress,105,,,Residential,false,
TCK-2026-05127,2026-08-26,2026-08,Surabaya,Cloud Connectivity,Installation Delay,Medium,Waiting Customer,89,,,Residential,false,
TCK-2026-05251,2026-08-26,2026-08,Balikpapan,Enterprise VPN,Slow Connection,Medium,Closed,65,506,,Residential,false,3.8
TCK-2026-00348,2026-08-27,2026-08,Semarang,Voice,Internet Down,High,In Progress,31,,INC-2026-01115,SMB,false,
TCK-2026-01520,2026-08-27,2026-08,Yogyakarta,Mobile Broadband,Internet Down,Low,Closed,124,993,,Residential,false,4.8
TCK-2026-02097,2026-08-27,2026-08,Semarang,Fiber Internet,Router ONT Issue,Low,Waiting Customer,96,,,Residential,false,
TCK-2026-02739,2026-08-27,2026-08,Denpasar,IPTV,Slow Connection,High,Resolved,50,137,INC-2026-01841,Residential,false,3.8
TCK-2026-03404,2026-08-27,2026-08,Makassar,Mobile Broadband,Intermittent Connection,High,Resolved,31,179,INC-2026-00292,Residential,false,3.6
TCK-2026-03437,2026-08-27,2026-08,Makassar,Mobile Broadband,Enterprise SLA Complaint,Critical,Resolved,2,2,INC-2026-00292,Residential,false,3.2
TCK-2026-04780,2026-08-27,2026-08,Denpasar,IPTV,Billing Related,Medium,Closed,97,448,INC-2026-01841,Residential,true,4.1
TCK-2026-00171,2026-08-28,2026-08,Bandung,Fiber Internet,Enterprise SLA Complaint,High,Closed,35,123,,Enterprise,false,2.8
TCK-2026-00563,2026-08-28,2026-08,Makassar,Enterprise VPN,Intermittent Connection,Critical,Resolved,36,180,,Residential,false,3.2
TCK-2026-00595,2026-08-28,2026-08,Palembang,Mobile Broadband,Billing Related,High,Waiting Customer,32,,INC-2026-00262,Enterprise,false,
TCK-2026-00620,2026-08-28,2026-08,Semarang,IPTV,Installation Delay,Low,Resolved,109,903,,Residential,false,2.9
TCK-2026-01003,2026-08-28,2026-08,Yogyakarta,Voice,Internet Down,High,In Progress,12,,,Residential,false,
TCK-2026-01026,2026-08-28,2026-08,Jakarta,Fiber Internet,Intermittent Connection,Low,Closed,105,832,INC-2026-01146,Enterprise,false,4.6
TCK-2026-01742,2026-08-28,2026-08,Semarang,Cloud Connectivity,Router ONT Issue,High,Waiting Customer,56,,,Enterprise,false,
TCK-2026-02318,2026-08-28,2026-08,Denpasar,Enterprise VPN,Enterprise SLA Complaint,Medium,Resolved,55,439,,SMB,false,4.8
TCK-2026-02586,2026-08-28,2026-08,Denpasar,Cloud Connectivity,Internet Down,Low,Waiting Customer,105,,,Residential,false,
TCK-2026-02896,2026-08-28,2026-08,Bandung,Mobile Broadband,Slow Connection,Medium,Open,59,,,Residential,false,
TCK-2026-03089,2026-08-28,2026-08,Makassar,Mobile Broadband,Intermittent Connection,High,Closed,38,262,,Residential,false,2.5
TCK-2026-03121,2026-08-28,2026-08,Medan,Cloud Connectivity,Router ONT Issue,Low,Resolved,136,969,INC-2026-00747,Residential,false,4.1
TCK-2026-03310,2026-08-28,2026-08,Jakarta,Fiber Internet,Installation Delay,Medium,Resolved,68,441,INC-2026-01146,Residential,true,4.1
TCK-2026-03377,2026-08-28,2026-08,Palembang,IPTV,Enterprise SLA Complaint,Medium,In Progress,90,,,Enterprise,false,
TCK-2026-03410,2026-08-28,2026-08,Balikpapan,Cloud Connectivity,Slow Connection,Low,In Progress,124,,,SMB,false,
TCK-2026-03413,2026-08-28,2026-08,Jakarta,Fiber Internet,Router ONT Issue,Medium,Resolved,83,522,INC-2026-01146,Residential,false,5
TCK-2026-03575,2026-08-28,2026-08,Medan,Mobile Broadband,Router ONT Issue,Critical,Closed,2,47,,Residential,false,2.7
TCK-2026-04157,2026-08-28,2026-08,Medan,Cloud Connectivity,Router ONT Issue,Medium,Resolved,64,583,,Enterprise,false,4.6
TCK-2026-04186,2026-08-28,2026-08,Balikpapan,Mobile Broadband,Slow Connection,Low,In Progress,130,,INC-2026-01368,Residential,false,
TCK-2026-04426,2026-08-28,2026-08,Surabaya,Cloud Connectivity,Intermittent Connection,Medium,Resolved,79,636,,Enterprise,false,3.4
TCK-2026-04673,2026-08-28,2026-08,Palembang,Cloud Connectivity,Internet Down,Low,Closed,98,881,,Residential,false,4.8
TCK-2026-04934,2026-08-28,2026-08,Jakarta,Voice,Internet Down,Medium,Closed,51,546,,Residential,false,4.7
TCK-2026-05040,2026-08-28,2026-08,Palembang,Mobile Broadband,Enterprise SLA Complaint,Low,Resolved,127,880,INC-2026-00262,Residential,false,2.5
TCK-2026-00308,2026-08-29,2026-08,Medan,Fiber Internet,Router ONT Issue,Critical,Closed,7,65,,Residential,false,3.3
TCK-2026-00661,2026-08-29,2026-08,Jakarta,Cloud Connectivity,Installation Delay,High,Resolved,44,182,INC-2026-01074,Residential,false,2.4
TCK-2026-00863,2026-08-29,2026-08,Jakarta,Fiber Internet,Slow Connection,Critical,Waiting Customer,2,,,Enterprise,false,
TCK-2026-01671,2026-08-29,2026-08,Makassar,Mobile Broadband,Intermittent Connection,Low,Waiting Customer,123,,INC-2026-02171,Residential,false,
TCK-2026-01896,2026-08-29,2026-08,Jakarta,Cloud Connectivity,Billing Related,Medium,Closed,126,443,INC-2026-01074,Enterprise,false,4.3
TCK-2026-02071,2026-08-29,2026-08,Medan,Voice,Internet Down,Medium,Resolved,86,424,,SMB,false,3.4
TCK-2026-02130,2026-08-29,2026-08,Surabaya,Fiber Internet,Billing Related,Critical,Resolved,2,239,,Residential,false,4.8
TCK-2026-02280,2026-08-29,2026-08,Makassar,Fiber Internet,Enterprise SLA Complaint,Medium,Resolved,78,474,,Residential,false,4.9
TCK-2026-02628,2026-08-29,2026-08,Jakarta,Cloud Connectivity,Installation Delay,Medium,Open,94,,,SMB,false,
TCK-2026-02649,2026-08-29,2026-08,Palembang,Cloud Connectivity,Installation Delay,Medium,Resolved,65,517,,Enterprise,false,3.7
TCK-2026-03014,2026-08-29,2026-08,Makassar,Fiber Internet,Installation Delay,Medium,Open,54,,INC-2026-00106,Residential,true,
TCK-2026-03027,2026-08-29,2026-08,Jakarta,Cloud Connectivity,Enterprise SLA Complaint,Critical,In Progress,6,,INC-2026-01074,Residential,true,
TCK-2026-03062,2026-08-29,2026-08,Surabaya,Enterprise VPN,Internet Down,High,In Progress,2,,INC-2026-01647,Enterprise,false,
TCK-2026-03207,2026-08-29,2026-08,Yogyakarta,Cloud Connectivity,Slow Connection,Medium,Closed,81,506,,Residential,true,4.4
TCK-2026-03793,2026-08-29,2026-08,Surabaya,Enterprise VPN,Enterprise SLA Complaint,Low,Resolved,118,846,INC-2026-01997,Residential,true,4.0
TCK-2026-04675,2026-08-29,2026-08,Bandung,Enterprise VPN,Installation Delay,Medium,Open,61,,,Residential,false,
TCK-2026-04699,2026-08-29,2026-08,Yogyakarta,Enterprise VPN,Intermittent Connection,High,Closed,70,106,,Residential,false,2.9
TCK-2026-04816,2026-08-29,2026-08,Makassar,Cloud Connectivity,Internet Down,Medium,Resolved,56,364,,Residential,false,3.8
TCK-2026-00063,2026-08-30,2026-08,Denpasar,Voice,Enterprise SLA Complaint,High,Waiting Customer,17,,INC-2026-01675,Public Sector,false,
TCK-2026-00914,2026-08-30,2026-08,Surabaya,Cloud Connectivity,Slow Connection,Medium,Resolved,76,394,,Residential,false,4.5
TCK-2026-01847,2026-08-30,2026-08,Balikpapan,Fiber Internet,Billing Related,Medium,Closed,70,472,INC-2026-00468,Residential,false,4.2
TCK-2026-02407,2026-08-30,2026-08,Bandung,Mobile Broadband,Installation Delay,Low,In Progress,101,,,Residential,false,
TCK-2026-03189,2026-08-30,2026-08,Makassar,Mobile Broadband,Router ONT Issue,Low,Resolved,140,870,,Residential,false,4.4
TCK-2026-03362,2026-08-30,2026-08,Denpasar,Enterprise VPN,Internet Down,Medium,Closed,51,498,,Enterprise,false,4.1
TCK-2026-03447,2026-08-30,2026-08,Denpasar,Voice,Billing Related,High,Resolved,38,445,INC-2026-01675,SMB,false,3.0
TCK-2026-03628,2026-08-30,2026-08,Denpasar,Voice,Slow Connection,High,Resolved,59,325,INC-2026-01675,Enterprise,false,2.9
TCK-2026-04523,2026-08-30,2026-08,Denpasar,Voice,Billing Related,Medium,Open,77,,INC-2026-01842,Residential,false,
TCK-2026-04546,2026-08-30,2026-08,Surabaya,Mobile Broadband,Enterprise SLA Complaint,Low,Closed,140,831,,SMB,false,3.3
TCK-2026-04579,2026-08-30,2026-08,Semarang,Enterprise VPN,Installation Delay,Low,Resolved,130,762,,Residential,false,3.8
TCK-2026-04619,2026-08-30,2026-08,Surabaya,Cloud Connectivity,Slow Connection,High,Closed,22,173,,SMB,false,2.6
TCK-2026-01160,2026-08-31,2026-08,Denpasar,Cloud Connectivity,Router ONT Issue,Medium,Closed,67,443,INC-2026-00619,Residential,false,5
TCK-2026-01184,2026-08-31,2026-08,Surabaya,Mobile Broadband,Internet Down,Critical,Closed,2,163,,Residential,false,3.9
TCK-2026-02116,2026-08-31,2026-08,Makassar,Voice,Installation Delay,Low,Waiting Customer,134,,,Residential,false,
TCK-2026-03118,2026-08-31,2026-08,Jakarta,Mobile Broadband,Billing Related,Low,Closed,121,954,INC-2026-00217,Enterprise,false,3.2
TCK-2026-03179,2026-08-31,2026-08,Medan,IPTV,Intermittent Connection,Medium,Resolved,71,659,,Residential,false,4.4
TCK-2026-03288,2026-08-31,2026-08,Bandung,Enterprise VPN,Router ONT Issue,High,Resolved,40,140,INC-2026-00780,Residential,false,2.1
TCK-2026-03712,2026-08-31,2026-08,Medan,Voice,Intermittent Connection,Medium,In Progress,91,,INC-2026-00032,SMB,false,
TCK-2026-03999,2026-08-31,2026-08,Bandung,Enterprise VPN,Billing Related,Low,Closed,114,904,INC-2026-00780,SMB,false,3.5
TCK-2026-05386,2026-08-31,2026-08,Surabaya,Mobile Broadband,Internet Down,Low,Resolved,156,910,,Residential,false,5
TCK-2026-00749,2026-09-01,2026-09,Yogyakarta,Voice,Enterprise SLA Complaint,Medium,Resolved,67,409,,Residential,false,3.5
TCK-2026-00930,2026-09-01,2026-09,Bandung,Enterprise VPN,Billing Related,High,Waiting Customer,57,,INC-2026-02041,Residential,true,
TCK-2026-01043,2026-09-01,2026-09,Makassar,Cloud Connectivity,Enterprise SLA Complaint,High,Open,43,,INC-2026-01071,SMB,false,
TCK-2026-01235,2026-09-01,2026-09,Makassar,Voice,Router ONT Issue,High,Resolved,21,136,,SMB,false,4.1
TCK-2026-02161,2026-09-01,2026-09,Surabaya,Mobile Broadband,Internet Down,Low,In Progress,145,,,Enterprise,false,
TCK-2026-02570,2026-09-01,2026-09,Surabaya,Voice,Installation Delay,Medium,Waiting Customer,89,,INC-2026-00356,Residential,false,
TCK-2026-02902,2026-09-01,2026-09,Bandung,Fiber Internet,Internet Down,Low,Resolved,85,781,,SMB,false,3.4
TCK-2026-03292,2026-09-01,2026-09,Denpasar,Fiber Internet,Installation Delay,Medium,Resolved,80,466,,Residential,false,3.1
TCK-2026-03340,2026-09-01,2026-09,Bandung,Voice,Intermittent Connection,Low,Resolved,155,1006,,Residential,false,3.7
TCK-2026-03641,2026-09-01,2026-09,Makassar,Enterprise VPN,Installation Delay,High,In Progress,45,,,Residential,false,
TCK-2026-04544,2026-09-01,2026-09,Jakarta,Mobile Broadband,Internet Down,Medium,Waiting Customer,67,,,Residential,false,
TCK-2026-05024,2026-09-01,2026-09,Surabaya,Fiber Internet,Internet Down,Medium,Open,97,,,Enterprise,false,
TCK-2026-05257,2026-09-01,2026-09,Jakarta,Mobile Broadband,Intermittent Connection,Medium,Open,74,,,Enterprise,false,
TCK-2026-05272,2026-09-01,2026-09,Surabaya,Enterprise VPN,Internet Down,Low,Resolved,130,820,,Residential,false,3.6
TCK-2026-05276,2026-09-01,2026-09,Bandung,Enterprise VPN,Installation Delay,Medium,Resolved,94,352,INC-2026-02041,Residential,false,4.2
TCK-2026-00141,2026-09-02,2026-09,Makassar,Fiber Internet,Slow Connection,Critical,Open,27,,,Residential,false,
TCK-2026-00176,2026-09-02,2026-09,Surabaya,Voice,Internet Down,Low,Resolved,91,897,INC-2026-01559,Residential,false,3.8
TCK-2026-00359,2026-09-02,2026-09,Denpasar,Fiber Internet,Installation Delay,Medium,In Progress,72,,,Enterprise,false,
TCK-2026-00441,2026-09-02,2026-09,Medan,Cloud Connectivity,Intermittent Connection,Medium,Resolved,62,504,,Enterprise,false,3.7
TCK-2026-00699,2026-09-02,2026-09,Yogyakarta,Voice,Billing Related,High,Resolved,61,217,,Public Sector,false,3.2
TCK-2026-01332,2026-09-02,2026-09,Semarang,Fiber Internet,Billing Related,Low,In Progress,125,,INC-2026-01284,Residential,false,
TCK-2026-01756,2026-09-02,2026-09,Makassar,IPTV,Router ONT Issue,Low,Resolved,136,816,INC-2026-01052,Residential,false,3.6
TCK-2026-01829,2026-09-02,2026-09,Makassar,Voice,Internet Down,High,Closed,50,154,,Residential,true,3.9
TCK-2026-02303,2026-09-02,2026-09,Medan,Voice,Enterprise SLA Complaint,High,In Progress,72,,,Residential,false,
TCK-2026-02419,2026-09-02,2026-09,Denpasar,Fiber Internet,Installation Delay,Medium,Waiting Customer,64,,,Residential,false,
TCK-2026-03901,2026-09-02,2026-09,Palembang,Cloud Connectivity,Intermittent Connection,Low,Resolved,141,870,,Enterprise,false,4.0
TCK-2026-04445,2026-09-02,2026-09,Semarang,Fiber Internet,Installation Delay,Low,In Progress,143,,INC-2026-01284,Residential,false,
TCK-2026-04494,2026-09-02,2026-09,Yogyakarta,Voice,Internet Down,Medium,Open,55,,,SMB,false,
TCK-2026-04618,2026-09-02,2026-09,Surabaya,Voice,Installation Delay,Low,Resolved,121,991,INC-2026-01559,Enterprise,false,3.5
TCK-2026-05203,2026-09-02,2026-09,Makassar,IPTV,Installation Delay,Low,Resolved,139,963,INC-2026-01052,Residential,false,4.2
TCK-2026-00105,2026-09-03,2026-09,Denpasar,Mobile Broadband,Enterprise SLA Complaint,Low,Resolved,138,807,,Residential,false,4.4
TCK-2026-00500,2026-09-03,2026-09,Balikpapan,Fiber Internet,Enterprise SLA Complaint,Medium,Waiting Customer,75,,,Residential,false,
TCK-2026-00539,2026-09-03,2026-09,Yogyakarta,Enterprise VPN,Intermittent Connection,Medium,Resolved,65,426,INC-2026-02164,Residential,false,5
TCK-2026-01095,2026-09-03,2026-09,Balikpapan,IPTV,Intermittent Connection,Medium,Closed,85,722,,Residential,false,4.4
TCK-2026-01145,2026-09-03,2026-09,Jakarta,Mobile Broadband,Installation Delay,Critical,Resolved,15,187,,Residential,false,3.3
TCK-2026-01215,2026-09-03,2026-09,Denpasar,Fiber Internet,Enterprise SLA Complaint,Low,Resolved,119,1092,INC-2026-01954,SMB,true,4.2
TCK-2026-01729,2026-09-03,2026-09,Surabaya,IPTV,Billing Related,High,Resolved,60,149,,Residential,false,2.9
TCK-2026-01871,2026-09-03,2026-09,Surabaya,Mobile Broadband,Intermittent Connection,Low,Resolved,127,1043,,Residential,false,3.0
TCK-2026-02208,2026-09-03,2026-09,Yogyakarta,Enterprise VPN,Slow Connection,Low,Closed,115,950,INC-2026-02164,Residential,false,4.8
TCK-2026-02483,2026-09-03,2026-09,Semarang,IPTV,Slow Connection,Low,Resolved,146,914,INC-2026-01722,SMB,false,4.9
TCK-2026-02790,2026-09-03,2026-09,Surabaya,Mobile Broadband,Slow Connection,High,Open,36,,,Enterprise,false,
TCK-2026-02924,2026-09-03,2026-09,Semarang,Voice,Enterprise SLA Complaint,High,Open,57,,,Residential,false,
TCK-2026-02997,2026-09-03,2026-09,Semarang,IPTV,Slow Connection,High,Closed,12,226,INC-2026-01722,Public Sector,false,4.7
TCK-2026-03202,2026-09-03,2026-09,Semarang,IPTV,Billing Related,Low,Closed,118,856,INC-2026-01722,SMB,false,4.8
TCK-2026-03229,2026-09-03,2026-09,Bandung,Enterprise VPN,Slow Connection,Medium,Resolved,43,509,INC-2026-01000,Residential,true,4.6
TCK-2026-03442,2026-09-03,2026-09,Semarang,IPTV,Billing Related,Medium,Closed,91,464,INC-2026-01722,Residential,false,3.5
TCK-2026-04035,2026-09-03,2026-09,Palembang,Voice,Internet Down,High,Closed,51,259,,SMB,false,3.1
TCK-2026-04106,2026-09-03,2026-09,Makassar,Voice,Intermittent Connection,Low,Resolved,116,927,INC-2026-01277,SMB,false,5
TCK-2026-04134,2026-09-03,2026-09,Yogyakarta,Enterprise VPN,Enterprise SLA Complaint,High,Waiting Customer,53,,INC-2026-02164,Residential,false,
TCK-2026-04476,2026-09-03,2026-09,Makassar,Cloud Connectivity,Router ONT Issue,Medium,Waiting Customer,28,,INC-2026-00441,SMB,false,
TCK-2026-04658,2026-09-03,2026-09,Jakarta,IPTV,Billing Related,High,Resolved,34,226,,SMB,false,2.8
TCK-2026-05021,2026-09-03,2026-09,Makassar,Voice,Installation Delay,Low,In Progress,127,,INC-2026-01277,Public Sector,false,
TCK-2026-05073,2026-09-03,2026-09,Makassar,Cloud Connectivity,Intermittent Connection,Medium,Closed,70,457,INC-2026-00441,Residential,false,4.7
TCK-2026-05083,2026-09-03,2026-09,Makassar,Cloud Connectivity,Installation Delay,Medium,Open,103,,INC-2026-00441,Enterprise,false,
TCK-2026-00398,2026-09-04,2026-09,Jakarta,Cloud Connectivity,Intermittent Connection,Medium,Resolved,83,570,,Residential,false,5
TCK-2026-01028,2026-09-04,2026-09,Jakarta,IPTV,Slow Connection,Low,Resolved,150,897,,SMB,false,5
TCK-2026-01386,2026-09-04,2026-09,Palembang,Mobile Broadband,Internet Down,Low,Waiting Customer,114,,INC-2026-00012,Residential,false,
TCK-2026-01430,2026-09-04,2026-09,Yogyakarta,IPTV,Billing Related,Low,Open,118,,,Residential,false,
TCK-2026-01542,2026-09-04,2026-09,Semarang,Enterprise VPN,Slow Connection,High,Closed,30,284,,SMB,false,2.8
TCK-2026-02764,2026-09-04,2026-09,Palembang,Mobile Broadband,Slow Connection,Medium,In Progress,63,,INC-2026-00012,Enterprise,false,
TCK-2026-02889,2026-09-04,2026-09,Palembang,Voice,Enterprise SLA Complaint,Low,Closed,147,919,,Residential,false,3.5
TCK-2026-02984,2026-09-04,2026-09,Yogyakarta,Enterprise VPN,Internet Down,Low,Open,99,,,Residential,false,
TCK-2026-04731,2026-09-04,2026-09,Makassar,Cloud Connectivity,Installation Delay,Low,In Progress,112,,INC-2026-00572,Public Sector,false,
TCK-2026-00314,2026-09-05,2026-09,Semarang,Cloud Connectivity,Enterprise SLA Complaint,High,Resolved,38,339,,SMB,true,1.4
TCK-2026-00390,2026-09-05,2026-09,Denpasar,Enterprise VPN,Billing Related,Medium,Open,75,,INC-2026-02070,Residential,false,
TCK-2026-02526,2026-09-05,2026-09,Medan,Cloud Connectivity,Enterprise SLA Complaint,Low,Resolved,117,927,,Residential,false,4.8
TCK-2026-02929,2026-09-05,2026-09,Balikpapan,Mobile Broadband,Intermittent Connection,High,Resolved,24,278,,Residential,false,4.0
TCK-2026-04436,2026-09-05,2026-09,Medan,Voice,Slow Connection,Medium,In Progress,78,,,Public Sector,false,
TCK-2026-04776,2026-09-05,2026-09,Denpasar,Enterprise VPN,Router ONT Issue,Low,Waiting Customer,147,,INC-2026-02070,Residential,false,
TCK-2026-05141,2026-09-05,2026-09,Jakarta,Mobile Broadband,Internet Down,Low,Closed,129,1026,,Residential,false,3.6
TCK-2026-01330,2026-09-06,2026-09,Bandung,IPTV,Internet Down,Low,Waiting Customer,132,,,SMB,false,
TCK-2026-01354,2026-09-06,2026-09,Semarang,Cloud Connectivity,Slow Connection,High,Resolved,36,279,INC-2026-01552,Residential,false,3.8
TCK-2026-01356,2026-09-06,2026-09,Palembang,Fiber Internet,Intermittent Connection,High,Resolved,2,338,,Residential,false,3.8
TCK-2026-01858,2026-09-06,2026-09,Palembang,Fiber Internet,Billing Related,Critical,Resolved,10,167,,Public Sector,false,3.1
TCK-2026-02192,2026-09-06,2026-09,Jakarta,Enterprise VPN,Enterprise SLA Complaint,Medium,In Progress,83,,,Enterprise,false,
TCK-2026-02210,2026-09-06,2026-09,Jakarta,Voice,Enterprise SLA Complaint,Low,Resolved,118,902,,Residential,false,2.5
TCK-2026-03558,2026-09-06,2026-09,Makassar,Enterprise VPN,Billing Related,High,Closed,22,302,,Residential,false,3.4
TCK-2026-03879,2026-09-06,2026-09,Makassar,Voice,Billing Related,Medium,Open,66,,,Residential,false,
TCK-2026-04994,2026-09-06,2026-09,Jakarta,Fiber Internet,Intermittent Connection,High,In Progress,22,,,Residential,false,
TCK-2026-00374,2026-09-07,2026-09,Palembang,Enterprise VPN,Installation Delay,Low,In Progress,111,,INC-2026-00268,Residential,true,
TCK-2026-00377,2026-09-07,2026-09,Surabaya,Enterprise VPN,Router ONT Issue,High,Waiting Customer,34,,,Enterprise,false,
TCK-2026-00469,2026-09-07,2026-09,Balikpapan,Enterprise VPN,Intermittent Connection,Medium,In Progress,82,,,Residential,false,
TCK-2026-00573,2026-09-07,2026-09,Semarang,Enterprise VPN,Installation Delay,Low,Closed,120,858,,Residential,false,4.1
TCK-2026-00690,2026-09-07,2026-09,Palembang,Mobile Broadband,Installation Delay,High,Open,19,,,Enterprise,false,
TCK-2026-00807,2026-09-07,2026-09,Palembang,Mobile Broadband,Enterprise SLA Complaint,High,Resolved,40,421,,Residential,false,4.0
TCK-2026-00850,2026-09-07,2026-09,Palembang,Enterprise VPN,Billing Related,High,Resolved,25,177,INC-2026-00268,SMB,false,4.6
TCK-2026-01063,2026-09-07,2026-09,Yogyakarta,Mobile Broadband,Router ONT Issue,Medium,Resolved,87,282,,Residential,false,4.4
TCK-2026-01159,2026-09-07,2026-09,Medan,Enterprise VPN,Enterprise SLA Complaint,Low,Open,154,,,SMB,false,
TCK-2026-01244,2026-09-07,2026-09,Surabaya,Cloud Connectivity,Enterprise SLA Complaint,Medium,Resolved,42,542,,Enterprise,false,5
TCK-2026-01637,2026-09-07,2026-09,Yogyakarta,Enterprise VPN,Slow Connection,Critical,Resolved,2,59,,Residential,false,3.3
TCK-2026-01655,2026-09-07,2026-09,Makassar,Fiber Internet,Enterprise SLA Complaint,Medium,Resolved,75,523,,Residential,false,3.3
TCK-2026-01898,2026-09-07,2026-09,Denpasar,Mobile Broadband,Enterprise SLA Complaint,Low,Resolved,126,762,,Residential,true,4.6
TCK-2026-03075,2026-09-07,2026-09,Yogyakarta,Mobile Broadband,Installation Delay,High,Resolved,9,113,INC-2026-00529,Residential,true,3.2
TCK-2026-03283,2026-09-07,2026-09,Yogyakarta,Mobile Broadband,Router ONT Issue,Low,Closed,100,1006,INC-2026-00529,Residential,false,3.7
TCK-2026-04794,2026-09-07,2026-09,Makassar,Voice,Intermittent Connection,Low,Closed,90,781,,SMB,true,5
TCK-2026-00523,2026-09-08,2026-09,Semarang,Cloud Connectivity,Internet Down,Low,Open,108,,INC-2026-01093,Residential,false,
TCK-2026-00607,2026-09-08,2026-09,Palembang,Mobile Broadband,Billing Related,Medium,Closed,103,448,,SMB,false,4.1
TCK-2026-00673,2026-09-08,2026-09,Yogyakarta,Cloud Connectivity,Intermittent Connection,High,In Progress,5,,INC-2026-01630,SMB,false,
TCK-2026-00933,2026-09-08,2026-09,Balikpapan,IPTV,Slow Connection,Low,Resolved,123,839,INC-2026-00076,Enterprise,false,3.7
TCK-2026-01158,2026-09-08,2026-09,Balikpapan,Fiber Internet,Billing Related,Medium,In Progress,77,,,Enterprise,false,
TCK-2026-02487,2026-09-08,2026-09,Medan,Voice,Enterprise SLA Complaint,High,Closed,37,288,INC-2026-02186,SMB,false,4.0
TCK-2026-02966,2026-09-08,2026-09,Yogyakarta,Mobile Broadband,Router ONT Issue,Low,Resolved,104,932,,Residential,false,4.0
TCK-2026-03505,2026-09-08,2026-09,Yogyakarta,Cloud Connectivity,Billing Related,Medium,Resolved,49,390,INC-2026-01630,SMB,false,3.7
TCK-2026-03818,2026-09-08,2026-09,Palembang,Mobile Broadband,Enterprise SLA Complaint,Low,Resolved,132,819,,Residential,false,3.9
TCK-2026-04009,2026-09-08,2026-09,Palembang,IPTV,Router ONT Issue,High,Resolved,38,310,,SMB,false,3.5
TCK-2026-04088,2026-09-08,2026-09,Medan,Voice,Slow Connection,Low,Resolved,90,984,INC-2026-02186,Residential,false,5
TCK-2026-00420,2026-09-09,2026-09,Medan,IPTV,Intermittent Connection,Low,Resolved,127,887,,Public Sector,false,5
TCK-2026-00445,2026-09-09,2026-09,Semarang,Mobile Broadband,Installation Delay,Low,Resolved,119,880,,SMB,false,3.3
TCK-2026-00531,2026-09-09,2026-09,Surabaya,IPTV,Billing Related,Low,Resolved,121,826,INC-2026-02071,Residential,false,2.9
TCK-2026-01024,2026-09-09,2026-09,Balikpapan,Mobile Broadband,Installation Delay,Low,Resolved,67,946,,Enterprise,false,4.7
TCK-2026-01432,2026-09-09,2026-09,Yogyakarta,Fiber Internet,Slow Connection,Low,Waiting Customer,145,,INC-2026-01358,Enterprise,false,
TCK-2026-02242,2026-09-09,2026-09,Palembang,Enterprise VPN,Intermittent Connection,Low,Open,110,,,Residential,false,
TCK-2026-02321,2026-09-09,2026-09,Jakarta,Voice,Router ONT Issue,Low,Resolved,102,940,,Residential,false,3.6
TCK-2026-02945,2026-09-09,2026-09,Jakarta,IPTV,Slow Connection,Low,Closed,118,907,,Residential,false,3.8
TCK-2026-03009,2026-09-09,2026-09,Denpasar,Voice,Installation Delay,Low,Resolved,92,792,INC-2026-00265,Residential,false,3.3
TCK-2026-03951,2026-09-09,2026-09,Makassar,Enterprise VPN,Intermittent Connection,Low,Resolved,75,929,,Enterprise,false,5
TCK-2026-04296,2026-09-09,2026-09,Surabaya,Enterprise VPN,Installation Delay,Low,Open,105,,,Residential,false,
TCK-2026-04522,2026-09-09,2026-09,Denpasar,Voice,Router ONT Issue,Medium,Closed,45,580,INC-2026-00265,Residential,false,3.6
TCK-2026-04604,2026-09-09,2026-09,Jakarta,Enterprise VPN,Router ONT Issue,High,Resolved,12,278,,SMB,false,3.9
TCK-2026-04687,2026-09-09,2026-09,Medan,Enterprise VPN,Internet Down,Medium,Closed,79,655,,SMB,false,4.3
TCK-2026-04735,2026-09-09,2026-09,Surabaya,Mobile Broadband,Slow Connection,High,Open,57,,,Public Sector,false,
TCK-2026-05105,2026-09-09,2026-09,Balikpapan,Enterprise VPN,Intermittent Connection,High,Open,38,,,Residential,false,
TCK-2026-05303,2026-09-09,2026-09,Yogyakarta,Fiber Internet,Slow Connection,Medium,Open,57,,INC-2026-01857,SMB,false,
TCK-2026-00466,2026-09-10,2026-09,Yogyakarta,Mobile Broadband,Billing Related,Low,Closed,163,854,,Residential,false,4.4
TCK-2026-00592,2026-09-10,2026-09,Makassar,Fiber Internet,Router ONT Issue,Medium,Resolved,79,493,INC-2026-00555,Residential,false,4.4
TCK-2026-01333,2026-09-10,2026-09,Jakarta,Enterprise VPN,Installation Delay,Medium,In Progress,76,,INC-2026-01877,Enterprise,false,
TCK-2026-01770,2026-09-10,2026-09,Jakarta,Enterprise VPN,Enterprise SLA Complaint,Medium,Resolved,48,464,INC-2026-01877,Residential,false,3.3
TCK-2026-02204,2026-09-10,2026-09,Jakarta,Mobile Broadband,Enterprise SLA Complaint,Medium,Resolved,74,442,,Enterprise,false,4.3
TCK-2026-02379,2026-09-10,2026-09,Denpasar,Voice,Intermittent Connection,Critical,Resolved,15,56,,Enterprise,false,3.0
TCK-2026-02705,2026-09-10,2026-09,Makassar,Fiber Internet,Internet Down,Medium,Resolved,42,586,INC-2026-00555,Enterprise,false,4.3
TCK-2026-03215,2026-09-10,2026-09,Palembang,Fiber Internet,Enterprise SLA Complaint,Medium,Resolved,69,420,,Residential,true,3.5
TCK-2026-03356,2026-09-10,2026-09,Palembang,Fiber Internet,Billing Related,Low,Resolved,132,894,,SMB,false,5
TCK-2026-04325,2026-09-10,2026-09,Semarang,Cloud Connectivity,Slow Connection,Low,Resolved,148,911,,Residential,false,3.2
TCK-2026-04513,2026-09-10,2026-09,Denpasar,Voice,Router ONT Issue,Medium,Waiting Customer,79,,,Residential,false,
TCK-2026-00826,2026-09-11,2026-09,Semarang,IPTV,Router ONT Issue,High,Closed,38,198,,Residential,false,3.9
TCK-2026-01218,2026-09-11,2026-09,Bandung,Voice,Slow Connection,High,Closed,43,341,,Residential,false,3.1
TCK-2026-01340,2026-09-11,2026-09,Semarang,Enterprise VPN,Installation Delay,Low,Waiting Customer,76,,INC-2026-01393,Residential,false,
TCK-2026-01673,2026-09-11,2026-09,Bandung,Fiber Internet,Router ONT Issue,High,Closed,28,244,,Residential,false,3.2
TCK-2026-02026,2026-09-11,2026-09,Medan,Mobile Broadband,Internet Down,Low,Resolved,101,832,,Residential,true,3.1
TCK-2026-02266,2026-09-11,2026-09,Jakarta,Cloud Connectivity,Internet Down,High,In Progress,49,,,Residential,false,
TCK-2026-02608,2026-09-11,2026-09,Balikpapan,Voice,Installation Delay,Low,Closed,128,841,,Residential,false,4.3
TCK-2026-02668,2026-09-11,2026-09,Semarang,Enterprise VPN,Slow Connection,High,Closed,30,361,INC-2026-01393,Enterprise,false,3.2
TCK-2026-02850,2026-09-11,2026-09,Balikpapan,IPTV,Router ONT Issue,Medium,Open,56,,INC-2026-01133,SMB,false,
TCK-2026-03254,2026-09-11,2026-09,Palembang,Voice,Installation Delay,Medium,Resolved,63,546,,Residential,false,4.1
TCK-2026-03337,2026-09-11,2026-09,Balikpapan,Fiber Internet,Internet Down,Low,Resolved,104,1012,,Residential,false,3.4
TCK-2026-03371,2026-09-11,2026-09,Yogyakarta,IPTV,Internet Down,High,Open,50,,,Enterprise,false,
TCK-2026-03867,2026-09-11,2026-09,Denpasar,Enterprise VPN,Enterprise SLA Complaint,Low,Closed,126,726,,Residential,false,4.7
TCK-2026-04027,2026-09-11,2026-09,Jakarta,Cloud Connectivity,Slow Connection,Low,Closed,131,956,,Residential,false,4.4
TCK-2026-04185,2026-09-11,2026-09,Bandung,Voice,Router ONT Issue,Low,Open,128,,INC-2026-00062,SMB,false,
TCK-2026-04628,2026-09-11,2026-09,Yogyakarta,Mobile Broadband,Installation Delay,Low,Resolved,132,974,INC-2026-00158,Residential,false,4.5
TCK-2026-04958,2026-09-11,2026-09,Denpasar,IPTV,Installation Delay,Medium,Resolved,85,502,,SMB,false,2.8
TCK-2026-05245,2026-09-11,2026-09,Balikpapan,Cloud Connectivity,Slow Connection,Critical,Closed,12,219,INC-2026-00042,Residential,false,3.4
TCK-2026-05358,2026-09-11,2026-09,Denpasar,Cloud Connectivity,Router ONT Issue,Medium,Resolved,75,458,,SMB,false,4.8
TCK-2026-00346,2026-09-12,2026-09,Jakarta,Voice,Router ONT Issue,Medium,In Progress,70,,,SMB,false,
TCK-2026-00431,2026-09-12,2026-09,Makassar,IPTV,Internet Down,Medium,Closed,42,459,,Residential,false,3.8
TCK-2026-00526,2026-09-12,2026-09,Jakarta,Enterprise VPN,Slow Connection,Low,Resolved,139,925,,SMB,false,4.3
TCK-2026-00730,2026-09-12,2026-09,Medan,Fiber Internet,Installation Delay,High,Resolved,8,286,,Enterprise,false,4.0
TCK-2026-00834,2026-09-12,2026-09,Jakarta,Voice,Internet Down,Medium,In Progress,101,,INC-2026-01019,Residential,false,
TCK-2026-01443,2026-09-12,2026-09,Jakarta,Voice,Installation Delay,Low,Resolved,116,1067,INC-2026-01019,Residential,false,3.5
TCK-2026-01809,2026-09-12,2026-09,Palembang,Mobile Broadband,Router ONT Issue,High,Open,72,,,Residential,true,
TCK-2026-01934,2026-09-12,2026-09,Bandung,Enterprise VPN,Billing Related,Low,Resolved,113,877,INC-2026-01663,SMB,true,3.8
TCK-2026-02153,2026-09-12,2026-09,Surabaya,Mobile Broadband,Enterprise SLA Complaint,Critical,In Progress,7,,INC-2026-01960,Enterprise,false,
TCK-2026-02159,2026-09-12,2026-09,Semarang,IPTV,Slow Connection,Medium,Closed,47,376,,Enterprise,false,4.6
TCK-2026-02307,2026-09-12,2026-09,Medan,Cloud Connectivity,Intermittent Connection,Low,Resolved,103,806,INC-2026-00748,Enterprise,false,4.7
TCK-2026-02469,2026-09-12,2026-09,Balikpapan,Mobile Broadband,Enterprise SLA Complaint,High,In Progress,30,,INC-2026-01391,Residential,false,
TCK-2026-02497,2026-09-12,2026-09,Bandung,IPTV,Intermittent Connection,Low,In Progress,153,,,Enterprise,false,
TCK-2026-02767,2026-09-12,2026-09,Jakarta,Voice,Internet Down,High,Closed,25,144,INC-2026-01019,Residential,false,4.5
TCK-2026-02855,2026-09-12,2026-09,Balikpapan,IPTV,Intermittent Connection,Low,Closed,157,931,,Residential,false,4.8
TCK-2026-02933,2026-09-12,2026-09,Jakarta,Mobile Broadband,Intermittent Connection,Low,Resolved,143,1034,INC-2026-00405,Residential,false,4.4
TCK-2026-03325,2026-09-12,2026-09,Makassar,Mobile Broadband,Router ONT Issue,Medium,Closed,52,609,,SMB,false,4.5
TCK-2026-03461,2026-09-12,2026-09,Denpasar,Fiber Internet,Installation Delay,High,Resolved,14,237,INC-2026-01905,SMB,false,2.9
TCK-2026-03981,2026-09-12,2026-09,Medan,Voice,Enterprise SLA Complaint,Low,Closed,141,965,,Public Sector,false,3.8
TCK-2026-04072,2026-09-12,2026-09,Jakarta,Mobile Broadband,Router ONT Issue,Medium,Open,102,,INC-2026-00405,Residential,false,
TCK-2026-04154,2026-09-12,2026-09,Medan,Fiber Internet,Internet Down,Medium,Resolved,50,427,,Residential,false,3.7
TCK-2026-04320,2026-09-12,2026-09,Jakarta,Voice,Billing Related,Medium,Closed,89,474,INC-2026-01019,Residential,true,4.1
TCK-2026-04670,2026-09-12,2026-09,Surabaya,Mobile Broadband,Enterprise SLA Complaint,High,Closed,64,290,INC-2026-01960,Residential,false,3.6
TCK-2026-04775,2026-09-12,2026-09,Medan,Enterprise VPN,Slow Connection,Low,Resolved,100,1031,,Residential,false,4.5
TCK-2026-05101,2026-09-12,2026-09,Semarang,Mobile Broadband,Billing Related,Low,Resolved,113,1009,,Enterprise,false,4.7
TCK-2026-00158,2026-09-13,2026-09,Jakarta,Voice,Billing Related,Medium,Waiting Customer,79,,,Residential,false,
TCK-2026-00386,2026-09-13,2026-09,Makassar,Enterprise VPN,Enterprise SLA Complaint,Low,Closed,144,1011,,SMB,false,4.4
TCK-2026-00391,2026-09-13,2026-09,Balikpapan,Fiber Internet,Intermittent Connection,Medium,Waiting Customer,80,,,Residential,false,
TCK-2026-00472,2026-09-13,2026-09,Medan,IPTV,Slow Connection,Low,Resolved,128,979,,Residential,false,2.9
TCK-2026-00846,2026-09-13,2026-09,Palembang,IPTV,Billing Related,Medium,In Progress,89,,,SMB,false,
TCK-2026-00997,2026-09-13,2026-09,Denpasar,Voice,Installation Delay,Low,Closed,121,911,,Enterprise,true,4.1
TCK-2026-01494,2026-09-13,2026-09,Palembang,Fiber Internet,Router ONT Issue,High,Resolved,59,308,,Public Sector,false,3.6
TCK-2026-02992,2026-09-13,2026-09,Medan,Mobile Broadband,Billing Related,Low,Waiting Customer,123,,,Residential,false,
TCK-2026-03459,2026-09-13,2026-09,Yogyakarta,IPTV,Installation Delay,High,In Progress,16,,,Residential,false,
TCK-2026-03535,2026-09-13,2026-09,Makassar,Mobile Broadband,Router ONT Issue,High,In Progress,30,,,SMB,false,
TCK-2026-03550,2026-09-13,2026-09,Medan,IPTV,Slow Connection,High,Closed,23,289,,SMB,true,3.3
TCK-2026-04848,2026-09-13,2026-09,Surabaya,Cloud Connectivity,Installation Delay,High,Closed,42,284,,Residential,false,3.3
TCK-2026-04907,2026-09-13,2026-09,Medan,Fiber Internet,Installation Delay,Medium,In Progress,79,,,Residential,false,
TCK-2026-05234,2026-09-13,2026-09,Makassar,Voice,Intermittent Connection,Low,Closed,110,915,,Residential,false,3.9
TCK-2026-00455,2026-09-14,2026-09,Jakarta,Cloud Connectivity,Enterprise SLA Complaint,Low,In Progress,116,,,Residential,false,
TCK-2026-00564,2026-09-14,2026-09,Palembang,Fiber Internet,Enterprise SLA Complaint,Medium,Open,61,,INC-2026-00021,Residential,false,
TCK-2026-01216,2026-09-14,2026-09,Yogyakarta,IPTV,Internet Down,Low,Open,113,,,Residential,true,
TCK-2026-01696,2026-09-14,2026-09,Palembang,Fiber Internet,Enterprise SLA Complaint,High,Resolved,30,271,,Enterprise,false,4.1
TCK-2026-01758,2026-09-14,2026-09,Bandung,Fiber Internet,Slow Connection,Medium,Closed,67,455,,Residential,false,4.6
TCK-2026-02378,2026-09-14,2026-09,Jakarta,Enterprise VPN,Slow Connection,Medium,Resolved,74,422,,Residential,false,4.2
TCK-2026-02488,2026-09-14,2026-09,Bandung,Mobile Broadband,Enterprise SLA Complaint,High,Resolved,20,296,,Public Sector,false,3.6
TCK-2026-03487,2026-09-14,2026-09,Semarang,Enterprise VPN,Billing Related,Medium,In Progress,63,,INC-2026-01664,Enterprise,false,
TCK-2026-03834,2026-09-14,2026-09,Medan,Voice,Internet Down,Low,Waiting Customer,119,,,SMB,false,
TCK-2026-03952,2026-09-14,2026-09,Surabaya,Cloud Connectivity,Installation Delay,Medium,Resolved,70,572,,SMB,false,2.9
TCK-2026-04943,2026-09-14,2026-09,Balikpapan,Fiber Internet,Enterprise SLA Complaint,Medium,In Progress,96,,,SMB,false,
TCK-2026-00052,2026-09-15,2026-09,Surabaya,Mobile Broadband,Internet Down,Low,Resolved,101,941,INC-2026-00931,Residential,false,3.8
TCK-2026-00683,2026-09-15,2026-09,Denpasar,IPTV,Installation Delay,Medium,Closed,70,452,,Residential,false,2.9
TCK-2026-00855,2026-09-15,2026-09,Makassar,Mobile Broadband,Intermittent Connection,Medium,Resolved,43,426,,Residential,false,4.4
TCK-2026-01098,2026-09-15,2026-09,Semarang,Mobile Broadband,Slow Connection,Medium,Closed,67,563,,Residential,false,5
TCK-2026-01383,2026-09-15,2026-09,Makassar,Cloud Connectivity,Intermittent Connection,Low,Closed,125,977,INC-2026-01688,Residential,false,4.1
TCK-2026-01878,2026-09-15,2026-09,Semarang,Mobile Broadband,Installation Delay,Medium,Closed,55,486,INC-2026-01412,Residential,true,3.7
TCK-2026-02859,2026-09-15,2026-09,Balikpapan,Enterprise VPN,Enterprise SLA Complaint,Medium,In Progress,64,,,Residential,false,
TCK-2026-03015,2026-09-15,2026-09,Denpasar,Enterprise VPN,Slow Connection,Medium,Resolved,92,529,INC-2026-00249,Residential,false,3.1
TCK-2026-03850,2026-09-15,2026-09,Medan,Enterprise VPN,Installation Delay,Medium,Open,77,,INC-2026-01611,Residential,false,
TCK-2026-04152,2026-09-15,2026-09,Jakarta,Cloud Connectivity,Installation Delay,Low,Resolved,118,978,,SMB,false,4.2
TCK-2026-05025,2026-09-15,2026-09,Surabaya,Mobile Broadband,Intermittent Connection,High,In Progress,59,,INC-2026-00931,Enterprise,false,
TCK-2026-00070,2026-09-16,2026-09,Surabaya,Mobile Broadband,Slow Connection,High,Resolved,71,157,,Residential,false,3.1
TCK-2026-00134,2026-09-16,2026-09,Medan,IPTV,Slow Connection,Low,Waiting Customer,145,,,Residential,false,
TCK-2026-01517,2026-09-16,2026-09,Surabaya,Mobile Broadband,Intermittent Connection,Low,Closed,107,976,,Residential,false,4.9
TCK-2026-01567,2026-09-16,2026-09,Surabaya,IPTV,Router ONT Issue,High,In Progress,34,,,Enterprise,false,
TCK-2026-02148,2026-09-16,2026-09,Medan,Voice,Installation Delay,Low,Closed,136,732,,Enterprise,false,4.9
TCK-2026-02225,2026-09-16,2026-09,Jakarta,Mobile Broadband,Billing Related,High,Closed,36,221,,Residential,false,3.1
TCK-2026-03160,2026-09-16,2026-09,Semarang,Mobile Broadband,Billing Related,High,Waiting Customer,40,,INC-2026-01373,SMB,false,
TCK-2026-03228,2026-09-16,2026-09,Surabaya,Mobile Broadband,Slow Connection,Low,Resolved,127,932,,SMB,false,3.7
TCK-2026-03503,2026-09-16,2026-09,Medan,Cloud Connectivity,Enterprise SLA Complaint,Low,Waiting Customer,96,,,Public Sector,true,
TCK-2026-03534,2026-09-16,2026-09,Denpasar,Mobile Broadband,Installation Delay,High,Closed,37,251,,SMB,true,4.3
TCK-2026-03666,2026-09-16,2026-09,Semarang,IPTV,Billing Related,Low,Resolved,106,905,,Public Sector,false,4.0
TCK-2026-04102,2026-09-16,2026-09,Makassar,IPTV,Internet Down,Low,In Progress,135,,,SMB,false,
TCK-2026-05215,2026-09-16,2026-09,Makassar,Cloud Connectivity,Installation Delay,High,Resolved,57,316,INC-2026-01627,Residential,false,4.0
TCK-2026-00068,2026-09-17,2026-09,Palembang,Voice,Internet Down,Low,Closed,90,797,,SMB,true,3.9
TCK-2026-00693,2026-09-17,2026-09,Denpasar,Mobile Broadband,Enterprise SLA Complaint,Critical,Resolved,36,139,,SMB,false,2.7
TCK-2026-01123,2026-09-17,2026-09,Surabaya,Mobile Broadband,Installation Delay,Low,Open,97,,,Residential,false,
TCK-2026-02038,2026-09-17,2026-09,Surabaya,Cloud Connectivity,Installation Delay,High,Resolved,36,256,INC-2026-01656,Residential,false,2.7
TCK-2026-02731,2026-09-17,2026-09,Makassar,IPTV,Slow Connection,High,Waiting Customer,53,,INC-2026-01483,Public Sector,false,
TCK-2026-02782,2026-09-17,2026-09,Yogyakarta,IPTV,Intermittent Connection,High,Waiting Customer,60,,,Residential,false,
TCK-2026-02819,2026-09-17,2026-09,Surabaya,Cloud Connectivity,Enterprise SLA Complaint,Low,Resolved,103,939,INC-2026-01656,Residential,false,4.7
TCK-2026-03798,2026-09-17,2026-09,Semarang,Fiber Internet,Intermittent Connection,Medium,Resolved,95,323,,Residential,false,3.7
TCK-2026-04983,2026-09-17,2026-09,Makassar,IPTV,Billing Related,Critical,Resolved,13,89,INC-2026-01483,Residential,false,4.3
TCK-2026-05187,2026-09-17,2026-09,Surabaya,Cloud Connectivity,Slow Connection,High,Resolved,40,168,INC-2026-01656,SMB,true,4.8
TCK-2026-05343,2026-09-17,2026-09,Jakarta,Mobile Broadband,Enterprise SLA Complaint,High,In Progress,12,,INC-2026-00001,Enterprise,false,
TCK-2026-00405,2026-09-18,2026-09,Makassar,Enterprise VPN,Slow Connection,Low,Resolved,160,949,,Residential,false,3.1
TCK-2026-00617,2026-09-18,2026-09,Balikpapan,Voice,Internet Down,Medium,Resolved,44,492,INC-2026-01862,Residential,false,4.8
TCK-2026-00627,2026-09-18,2026-09,Semarang,Voice,Installation Delay,Low,Waiting Customer,126,,,SMB,false,
TCK-2026-00927,2026-09-18,2026-09,Denpasar,Mobile Broadband,Enterprise SLA Complaint,Medium,Closed,79,458,INC-2026-01590,Residential,false,4.3
TCK-2026-01268,2026-09-18,2026-09,Denpasar,Cloud Connectivity,Slow Connection,High,Resolved,30,162,INC-2026-01414,Residential,false,2.8
TCK-2026-01368,2026-09-18,2026-09,Medan,Mobile Broadband,Internet Down,Medium,Resolved,69,327,,Residential,false,5
TCK-2026-01549,2026-09-18,2026-09,Denpasar,Cloud Connectivity,Slow Connection,Low,Resolved,97,964,INC-2026-01414,Residential,false,3.7
TCK-2026-02147,2026-09-18,2026-09,Semarang,Enterprise VPN,Internet Down,Medium,Waiting Customer,60,,INC-2026-01138,Residential,false,
TCK-2026-02765,2026-09-18,2026-09,Jakarta,Enterprise VPN,Internet Down,High,Closed,20,257,,Residential,false,2.5
TCK-2026-02849,2026-09-18,2026-09,Balikpapan,Fiber Internet,Billing Related,Low,Resolved,116,929,,SMB,true,3.6
TCK-2026-03060,2026-09-18,2026-09,Jakarta,Cloud Connectivity,Internet Down,Low,Waiting Customer,117,,,Residential,false,
TCK-2026-03309,2026-09-18,2026-09,Semarang,Enterprise VPN,Internet Down,High,Resolved,37,292,INC-2026-01138,Residential,false,3.4
TCK-2026-03501,2026-09-18,2026-09,Palembang,Cloud Connectivity,Slow Connection,High,In Progress,14,,,SMB,false,
TCK-2026-03561,2026-09-18,2026-09,Surabaya,Enterprise VPN,Billing Related,High,Closed,29,349,,Residential,false,2.6
TCK-2026-03808,2026-09-18,2026-09,Jakarta,IPTV,Router ONT Issue,Low,Resolved,117,811,,Residential,false,3.4
TCK-2026-03894,2026-09-18,2026-09,Semarang,Enterprise VPN,Slow Connection,Low,Closed,123,936,INC-2026-01138,Enterprise,false,4.4
TCK-2026-03918,2026-09-18,2026-09,Balikpapan,Cloud Connectivity,Router ONT Issue,Medium,Resolved,60,464,INC-2026-01232,Residential,false,4.3
TCK-2026-04804,2026-09-18,2026-09,Makassar,IPTV,Installation Delay,Medium,Closed,34,410,INC-2026-02021,Enterprise,false,4.1
TCK-2026-04908,2026-09-18,2026-09,Jakarta,Cloud Connectivity,Enterprise SLA Complaint,Medium,Resolved,70,397,,Public Sector,false,4.0
TCK-2026-04940,2026-09-18,2026-09,Palembang,Enterprise VPN,Internet Down,Medium,Resolved,51,421,,Enterprise,false,4.8
TCK-2026-05130,2026-09-18,2026-09,Denpasar,Cloud Connectivity,Slow Connection,Medium,Resolved,57,507,INC-2026-01414,Enterprise,false,3.7
TCK-2026-00332,2026-09-19,2026-09,Jakarta,Fiber Internet,Router ONT Issue,Medium,Resolved,101,436,,Residential,false,4.7
TCK-2026-00519,2026-09-19,2026-09,Surabaya,Mobile Broadband,Internet Down,High,In Progress,55,,INC-2026-00624,SMB,false,
TCK-2026-00653,2026-09-19,2026-09,Bandung,Enterprise VPN,Installation Delay,Medium,Resolved,85,511,INC-2026-01135,SMB,false,4.1
TCK-2026-00915,2026-09-19,2026-09,Denpasar,Cloud Connectivity,Intermittent Connection,Medium,In Progress,53,,,Residential,false,
TCK-2026-00949,2026-09-19,2026-09,Surabaya,Cloud Connectivity,Router ONT Issue,High,Closed,71,344,INC-2026-00757,Enterprise,false,4.2
TCK-2026-01002,2026-09-19,2026-09,Bandung,Voice,Enterprise SLA Complaint,Critical,Closed,31,113,,Residential,false,3.8
TCK-2026-02117,2026-09-19,2026-09,Palembang,IPTV,Internet Down,Medium,Waiting Customer,51,,,Residential,false,
TCK-2026-02417,2026-09-19,2026-09,Palembang,IPTV,Billing Related,Critical,In Progress,11,,,Residential,false,
TCK-2026-02495,2026-09-19,2026-09,Yogyakarta,Enterprise VPN,Installation Delay,High,Closed,46,236,,Residential,false,2.6
TCK-2026-02559,2026-09-19,2026-09,Balikpapan,Cloud Connectivity,Enterprise SLA Complaint,Medium,Waiting Customer,90,,INC-2026-01422,Residential,false,
TCK-2026-02596,2026-09-19,2026-09,Yogyakarta,Enterprise VPN,Router ONT Issue,High,Closed,64,269,,Residential,true,3.2
TCK-2026-03153,2026-09-19,2026-09,Yogyakarta,IPTV,Slow Connection,High,Waiting Customer,41,,,Residential,false,
TCK-2026-03303,2026-09-19,2026-09,Surabaya,Mobile Broadband,Intermittent Connection,Medium,Closed,64,553,INC-2026-00624,SMB,false,4.6
TCK-2026-03332,2026-09-19,2026-09,Yogyakarta,Fiber Internet,Router ONT Issue,Low,Open,120,,,Residential,false,
TCK-2026-03522,2026-09-19,2026-09,Jakarta,Voice,Billing Related,Medium,Resolved,81,520,,SMB,false,4.3
TCK-2026-04176,2026-09-19,2026-09,Yogyakarta,Mobile Broadband,Billing Related,Medium,Resolved,70,531,,Residential,false,4.2
TCK-2026-04562,2026-09-19,2026-09,Bandung,Enterprise VPN,Enterprise SLA Complaint,Low,In Progress,101,,,SMB,false,
TCK-2026-05005,2026-09-19,2026-09,Denpasar,Enterprise VPN,Internet Down,Medium,Closed,125,672,,Residential,false,5
TCK-2026-05132,2026-09-19,2026-09,Semarang,Voice,Enterprise SLA Complaint,Low,Resolved,118,909,,Residential,false,5
TCK-2026-05283,2026-09-19,2026-09,Surabaya,Mobile Broadband,Internet Down,High,Resolved,29,283,INC-2026-00624,SMB,false,3.2
TCK-2026-05381,2026-09-19,2026-09,Palembang,IPTV,Internet Down,High,Waiting Customer,29,,,Residential,false,
TCK-2026-00528,2026-09-20,2026-09,Denpasar,Voice,Internet Down,Medium,Resolved,41,459,,Enterprise,false,5
TCK-2026-00995,2026-09-20,2026-09,Denpasar,Enterprise VPN,Router ONT Issue,Medium,Resolved,89,429,INC-2026-00504,Residential,false,4.1
TCK-2026-01702,2026-09-20,2026-09,Surabaya,Mobile Broadband,Installation Delay,Low,In Progress,137,,INC-2026-01820,SMB,true,
TCK-2026-02287,2026-09-20,2026-09,Medan,Voice,Router ONT Issue,High,Resolved,19,304,,SMB,false,2.4
TCK-2026-02356,2026-09-20,2026-09,Jakarta,Voice,Internet Down,Low,In Progress,65,,INC-2026-01344,SMB,false,
TCK-2026-02614,2026-09-20,2026-09,Denpasar,Enterprise VPN,Intermittent Connection,Low,Closed,124,1046,INC-2026-00504,Residential,false,3.6
TCK-2026-04384,2026-09-20,2026-09,Denpasar,Voice,Billing Related,Critical,Resolved,8,173,INC-2026-01821,Residential,true,3.8
TCK-2026-04593,2026-09-20,2026-09,Denpasar,Enterprise VPN,Intermittent Connection,Medium,Resolved,90,401,INC-2026-00504,Enterprise,false,3.2
TCK-2026-04786,2026-09-20,2026-09,Jakarta,Voice,Router ONT Issue,Low,Resolved,88,944,INC-2026-01344,SMB,false,5
TCK-2026-05002,2026-09-20,2026-09,Denpasar,Cloud Connectivity,Installation Delay,Medium,Resolved,60,583,INC-2026-00026,Residential,false,3.2
TCK-2026-05104,2026-09-20,2026-09,Palembang,Voice,Billing Related,Medium,Resolved,78,514,INC-2026-00184,Enterprise,false,4.5
TCK-2026-05302,2026-09-20,2026-09,Denpasar,Cloud Connectivity,Installation Delay,Medium,In Progress,104,,INC-2026-00026,SMB,false,
TCK-2026-05351,2026-09-20,2026-09,Jakarta,Cloud Connectivity,Billing Related,Low,Open,136,,,Residential,false,
TCK-2026-00048,2026-09-21,2026-09,Medan,Cloud Connectivity,Installation Delay,High,In Progress,44,,,Residential,false,
TCK-2026-00301,2026-09-21,2026-09,Bandung,Enterprise VPN,Billing Related,High,Resolved,24,421,INC-2026-01764,SMB,true,3.3
TCK-2026-00304,2026-09-21,2026-09,Yogyakarta,IPTV,Internet Down,Low,Closed,110,970,,Enterprise,false,3.5
TCK-2026-00841,2026-09-21,2026-09,Jakarta,Cloud Connectivity,Intermittent Connection,Medium,Resolved,94,536,,Residential,false,4.4
TCK-2026-02335,2026-09-21,2026-09,Makassar,Mobile Broadband,Router ONT Issue,Low,Resolved,94,923,,Residential,false,4.4
TCK-2026-02365,2026-09-21,2026-09,Jakarta,IPTV,Billing Related,Low,Waiting Customer,120,,INC-2026-02200,Residential,false,
TCK-2026-02690,2026-09-21,2026-09,Yogyakarta,Cloud Connectivity,Internet Down,High,Resolved,7,230,INC-2026-02192,Residential,true,3.5
TCK-2026-02962,2026-09-21,2026-09,Semarang,Cloud Connectivity,Enterprise SLA Complaint,Medium,Resolved,61,424,,Residential,false,5
TCK-2026-03352,2026-09-21,2026-09,Medan,Fiber Internet,Internet Down,Low,Resolved,128,989,,Residential,false,3.3
TCK-2026-04215,2026-09-21,2026-09,Yogyakarta,Cloud Connectivity,Router ONT Issue,Medium,Resolved,57,393,INC-2026-02192,Residential,false,4.1
TCK-2026-04243,2026-09-21,2026-09,Jakarta,IPTV,Billing Related,Medium,In Progress,91,,INC-2026-02200,Residential,false,
TCK-2026-04622,2026-09-21,2026-09,Denpasar,Cloud Connectivity,Router ONT Issue,Medium,Resolved,91,452,,SMB,false,3.8
TCK-2026-04875,2026-09-21,2026-09,Balikpapan,Enterprise VPN,Billing Related,High,Closed,25,166,INC-2026-01049,Residential,false,3.8
TCK-2026-05089,2026-09-21,2026-09,Denpasar,Fiber Internet,Enterprise SLA Complaint,Low,In Progress,97,,,Enterprise,true,
TCK-2026-05400,2026-09-21,2026-09,Yogyakarta,Cloud Connectivity,Enterprise SLA Complaint,Medium,Waiting Customer,52,,INC-2026-02192,SMB,false,
TCK-2026-00271,2026-09-22,2026-09,Medan,Cloud Connectivity,Intermittent Connection,High,In Progress,23,,INC-2026-02078,Residential,false,
TCK-2026-00765,2026-09-22,2026-09,Bandung,Voice,Slow Connection,Low,Resolved,149,867,,Residential,false,4.2
TCK-2026-01714,2026-09-22,2026-09,Denpasar,Cloud Connectivity,Installation Delay,Low,Waiting Customer,148,,INC-2026-00983,Residential,false,
TCK-2026-02045,2026-09-22,2026-09,Medan,Cloud Connectivity,Installation Delay,Medium,Closed,78,564,INC-2026-02078,Residential,false,3.1
TCK-2026-02109,2026-09-22,2026-09,Palembang,IPTV,Router ONT Issue,Low,Closed,134,838,INC-2026-01491,Residential,false,3.9
TCK-2026-02509,2026-09-22,2026-09,Semarang,Fiber Internet,Internet Down,Medium,Waiting Customer,74,,,Residential,false,
TCK-2026-02897,2026-09-22,2026-09,Yogyakarta,IPTV,Intermittent Connection,High,Resolved,34,216,,Residential,false,2.9
TCK-2026-03635,2026-09-22,2026-09,Palembang,IPTV,Router ONT Issue,High,Resolved,63,201,,Residential,false,4.0
TCK-2026-03767,2026-09-22,2026-09,Semarang,Voice,Internet Down,High,In Progress,45,,INC-2026-01806,Residential,true,
TCK-2026-04857,2026-09-22,2026-09,Medan,IPTV,Internet Down,Medium,Closed,46,509,,Residential,false,3.8
TCK-2026-04871,2026-09-22,2026-09,Semarang,Mobile Broadband,Router ONT Issue,Medium,Resolved,86,377,,Public Sector,false,5
TCK-2026-00022,2026-09-23,2026-09,Balikpapan,Cloud Connectivity,Slow Connection,High,Resolved,2,272,,Residential,false,2.9
TCK-2026-00535,2026-09-23,2026-09,Medan,Enterprise VPN,Enterprise SLA Complaint,Low,Open,102,,,Residential,false,
TCK-2026-00769,2026-09-23,2026-09,Balikpapan,Cloud Connectivity,Router ONT Issue,Low,Closed,127,844,,Residential,false,4.2
TCK-2026-01230,2026-09-23,2026-09,Medan,Enterprise VPN,Router ONT Issue,High,Resolved,37,223,INC-2026-00033,Residential,true,2.8
TCK-2026-01533,2026-09-23,2026-09,Denpasar,Cloud Connectivity,Slow Connection,Low,Resolved,129,814,,Residential,false,3.7
TCK-2026-01556,2026-09-23,2026-09,Balikpapan,Mobile Broadband,Router ONT Issue,Low,Closed,117,843,,SMB,false,3.1
TCK-2026-01985,2026-09-23,2026-09,Yogyakarta,IPTV,Router ONT Issue,Medium,In Progress,85,,,Enterprise,false,
TCK-2026-01990,2026-09-23,2026-09,Yogyakarta,Mobile Broadband,Intermittent Connection,High,Closed,34,213,,Residential,false,4.6
TCK-2026-02062,2026-09-23,2026-09,Jakarta,Mobile Broadband,Intermittent Connection,Medium,Closed,73,474,,Enterprise,false,3.4
TCK-2026-02655,2026-09-23,2026-09,Balikpapan,IPTV,Internet Down,Medium,Resolved,88,482,INC-2026-01268,Residential,false,3.7
TCK-2026-02942,2026-09-23,2026-09,Jakarta,Mobile Broadband,Enterprise SLA Complaint,Medium,Resolved,77,586,,Public Sector,false,4.5
TCK-2026-03599,2026-09-23,2026-09,Medan,Enterprise VPN,Installation Delay,Low,In Progress,124,,INC-2026-00033,Public Sector,false,
TCK-2026-03602,2026-09-23,2026-09,Medan,Voice,Intermittent Connection,Low,In Progress,77,,INC-2026-00019,SMB,false,
TCK-2026-03855,2026-09-23,2026-09,Medan,Enterprise VPN,Intermittent Connection,Low,Closed,103,1004,INC-2026-00033,Residential,false,2.9
TCK-2026-03916,2026-09-23,2026-09,Medan,Voice,Intermittent Connection,Medium,Resolved,58,437,INC-2026-00019,Residential,false,3.6
TCK-2026-04137,2026-09-23,2026-09,Medan,Enterprise VPN,Installation Delay,High,Closed,23,233,INC-2026-00033,Enterprise,false,2.9
TCK-2026-04151,2026-09-23,2026-09,Balikpapan,IPTV,Internet Down,Low,Resolved,108,987,INC-2026-01268,Public Sector,false,3.4
TCK-2026-04201,2026-09-23,2026-09,Balikpapan,IPTV,Router ONT Issue,Medium,Resolved,61,539,INC-2026-01268,Public Sector,false,5
TCK-2026-04258,2026-09-23,2026-09,Jakarta,Mobile Broadband,Slow Connection,Low,Resolved,115,966,,Residential,false,4.8
TCK-2026-00132,2026-09-24,2026-09,Surabaya,Enterprise VPN,Router ONT Issue,Medium,In Progress,92,,,Enterprise,true,
TCK-2026-00515,2026-09-24,2026-09,Denpasar,Mobile Broadband,Slow Connection,Critical,Open,8,,,Residential,true,
TCK-2026-00747,2026-09-24,2026-09,Jakarta,IPTV,Intermittent Connection,Medium,Waiting Customer,96,,,Residential,false,
TCK-2026-01161,2026-09-24,2026-09,Bandung,Fiber Internet,Enterprise SLA Complaint,High,Resolved,32,149,,Residential,false,2.9
TCK-2026-01657,2026-09-24,2026-09,Yogyakarta,Enterprise VPN,Enterprise SLA Complaint,High,Resolved,11,397,INC-2026-01612,Residential,false,3.0
TCK-2026-01925,2026-09-24,2026-09,Semarang,Mobile Broadband,Billing Related,High,Resolved,9,72,INC-2026-00206,Residential,false,3.8
TCK-2026-02105,2026-09-24,2026-09,Bandung,Mobile Broadband,Intermittent Connection,Low,Resolved,113,1001,INC-2026-01736,Residential,false,3.9
TCK-2026-02478,2026-09-24,2026-09,Makassar,Mobile Broadband,Billing Related,Medium,Resolved,67,518,INC-2026-01390,Residential,false,3.9
TCK-2026-02484,2026-09-24,2026-09,Semarang,Voice,Billing Related,Low,In Progress,130,,,Residential,false,
TCK-2026-02547,2026-09-24,2026-09,Denpasar,Voice,Enterprise SLA Complaint,Medium,In Progress,63,,,Enterprise,false,
TCK-2026-03225,2026-09-24,2026-09,Bandung,Mobile Broadband,Enterprise SLA Complaint,Low,Resolved,115,993,INC-2026-01736,Residential,true,3.4
TCK-2026-03454,2026-09-24,2026-09,Bandung,Enterprise VPN,Internet Down,Medium,Closed,100,508,INC-2026-00005,SMB,false,2.9
TCK-2026-03634,2026-09-24,2026-09,Makassar,Mobile Broadband,Router ONT Issue,Critical,Closed,50,208,INC-2026-01390,Enterprise,true,3.8
TCK-2026-03637,2026-09-24,2026-09,Medan,Voice,Intermittent Connection,High,Resolved,62,237,INC-2026-00977,Public Sector,false,3.0
TCK-2026-03914,2026-09-24,2026-09,Surabaya,Cloud Connectivity,Router ONT Issue,Medium,Closed,129,365,,Residential,false,2.8
TCK-2026-04087,2026-09-24,2026-09,Jakarta,Fiber Internet,Router ONT Issue,High,Resolved,37,173,,Public Sector,false,3.0
TCK-2026-05061,2026-09-24,2026-09,Medan,Voice,Enterprise SLA Complaint,Medium,Closed,62,537,INC-2026-00977,Enterprise,false,4.8
TCK-2026-05138,2026-09-24,2026-09,Yogyakarta,Enterprise VPN,Router ONT Issue,Medium,In Progress,80,,,Residential,false,
TCK-2026-05205,2026-09-24,2026-09,Medan,Voice,Enterprise SLA Complaint,Low,Resolved,118,954,INC-2026-00977,Residential,false,3.8
TCK-2026-00306,2026-09-25,2026-09,Jakarta,IPTV,Enterprise SLA Complaint,Low,Resolved,136,936,,Residential,false,4.3
TCK-2026-00402,2026-09-25,2026-09,Denpasar,Mobile Broadband,Installation Delay,Medium,In Progress,79,,,Enterprise,false,
TCK-2026-01094,2026-09-25,2026-09,Balikpapan,Fiber Internet,Billing Related,Low,Waiting Customer,124,,,SMB,false,
TCK-2026-01796,2026-09-25,2026-09,Balikpapan,IPTV,Slow Connection,Medium,Waiting Customer,85,,,SMB,false,
TCK-2026-01955,2026-09-25,2026-09,Semarang,IPTV,Slow Connection,Medium,Resolved,46,416,INC-2026-00181,Residential,true,4.4
TCK-2026-02120,2026-09-25,2026-09,Medan,Voice,Billing Related,Low,Open,139,,,SMB,false,
TCK-2026-02604,2026-09-25,2026-09,Palembang,Mobile Broadband,Router ONT Issue,Medium,Resolved,75,439,,Residential,false,4.1
TCK-2026-02858,2026-09-25,2026-09,Makassar,IPTV,Router ONT Issue,High,Open,51,,,Residential,false,
TCK-2026-03105,2026-09-25,2026-09,Semarang,Enterprise VPN,Billing Related,Low,Resolved,114,846,,Residential,false,3.7
TCK-2026-03955,2026-09-25,2026-09,Surabaya,Enterprise VPN,Internet Down,Low,Open,120,,,Residential,false,
TCK-2026-03978,2026-09-25,2026-09,Makassar,Fiber Internet,Intermittent Connection,Medium,Waiting Customer,82,,,SMB,false,
TCK-2026-04390,2026-09-25,2026-09,Semarang,Voice,Installation Delay,Low,Resolved,98,804,,SMB,false,3.4
TCK-2026-04488,2026-09-25,2026-09,Surabaya,Fiber Internet,Router ONT Issue,High,Resolved,55,287,,Residential,false,3.2
TCK-2026-04750,2026-09-25,2026-09,Surabaya,Voice,Installation Delay,Medium,Resolved,105,519,,Residential,false,4.4
TCK-2026-05075,2026-09-25,2026-09,Bandung,Voice,Router ONT Issue,High,Resolved,27,167,,SMB,false,2.0
TCK-2026-05301,2026-09-25,2026-09,Surabaya,Mobile Broadband,Router ONT Issue,Medium,Resolved,89,406,INC-2026-01416,Residential,false,3.9
TCK-2026-00115,2026-09-26,2026-09,Palembang,Fiber Internet,Slow Connection,Medium,In Progress,129,,,SMB,false,
TCK-2026-01233,2026-09-26,2026-09,Denpasar,Fiber Internet,Slow Connection,Low,Closed,120,860,,SMB,true,4.0
TCK-2026-01275,2026-09-26,2026-09,Bandung,Fiber Internet,Installation Delay,High,Open,62,,,Enterprise,true,
TCK-2026-01537,2026-09-26,2026-09,Bandung,Cloud Connectivity,Internet Down,Medium,Closed,78,478,,Residential,false,4.1
TCK-2026-02000,2026-09-26,2026-09,Denpasar,Fiber Internet,Billing Related,Critical,Resolved,2,101,INC-2026-00676,SMB,false,2.7
TCK-2026-02429,2026-09-26,2026-09,Balikpapan,Enterprise VPN,Enterprise SLA Complaint,Low,In Progress,100,,,SMB,false,
TCK-2026-02631,2026-09-26,2026-09,Bandung,Fiber Internet,Slow Connection,Critical,Closed,2,106,,Residential,false,3.8
TCK-2026-02681,2026-09-26,2026-09,Jakarta,Voice,Intermittent Connection,Medium,Resolved,92,607,,Residential,false,3.6
TCK-2026-02729,2026-09-26,2026-09,Surabaya,Cloud Connectivity,Installation Delay,Low,Resolved,142,888,INC-2026-01300,SMB,false,4.1
TCK-2026-02797,2026-09-26,2026-09,Bandung,Voice,Internet Down,Low,Closed,82,833,,Residential,false,4.5
TCK-2026-03455,2026-09-26,2026-09,Jakarta,Mobile Broadband,Enterprise SLA Complaint,Medium,In Progress,102,,,Residential,false,
TCK-2026-04174,2026-09-26,2026-09,Yogyakarta,Enterprise VPN,Internet Down,High,Resolved,47,251,INC-2026-01423,Residential,false,3.2
TCK-2026-04580,2026-09-26,2026-09,Palembang,Cloud Connectivity,Internet Down,Low,Waiting Customer,138,,,Residential,false,
TCK-2026-05335,2026-09-26,2026-09,Surabaya,Cloud Connectivity,Slow Connection,High,In Progress,53,,INC-2026-01489,Enterprise,false,
TCK-2026-00212,2026-09-27,2026-09,Balikpapan,Fiber Internet,Intermittent Connection,Medium,Resolved,61,419,INC-2026-01625,Residential,false,3.8
TCK-2026-00249,2026-09-27,2026-09,Bandung,Fiber Internet,Slow Connection,Medium,Resolved,94,571,INC-2026-01595,Residential,false,4.3
TCK-2026-00632,2026-09-27,2026-09,Semarang,IPTV,Internet Down,High,Resolved,26,224,,Residential,false,2.7
TCK-2026-01108,2026-09-27,2026-09,Bandung,Fiber Internet,Enterprise SLA Complaint,Medium,Closed,41,587,INC-2026-01595,Public Sector,false,3.7
TCK-2026-01377,2026-09-27,2026-09,Medan,Mobile Broadband,Slow Connection,High,Closed,23,194,,Public Sector,false,3.3
TCK-2026-01793,2026-09-27,2026-09,Semarang,Mobile Broadband,Slow Connection,High,In Progress,41,,,SMB,false,
TCK-2026-02477,2026-09-27,2026-09,Bandung,Fiber Internet,Billing Related,Low,Closed,108,907,INC-2026-01595,Public Sector,false,3.1
TCK-2026-02593,2026-09-27,2026-09,Bandung,Fiber Internet,Billing Related,Low,Closed,92,899,,Enterprise,false,3.4
TCK-2026-02602,2026-09-27,2026-09,Palembang,Fiber Internet,Router ONT Issue,Low,Closed,133,938,,SMB,false,4.3
TCK-2026-02783,2026-09-27,2026-09,Makassar,Voice,Internet Down,High,Resolved,65,294,INC-2026-00413,SMB,false,3.2
TCK-2026-02931,2026-09-27,2026-09,Balikpapan,Cloud Connectivity,Enterprise SLA Complaint,Low,Resolved,124,894,,Residential,false,4.2
TCK-2026-03097,2026-09-27,2026-09,Bandung,Cloud Connectivity,Intermittent Connection,Low,Open,97,,,Enterprise,false,
TCK-2026-04347,2026-09-27,2026-09,Medan,Enterprise VPN,Intermittent Connection,Low,Resolved,133,1019,,SMB,false,3.6
TCK-2026-04704,2026-09-27,2026-09,Balikpapan,Mobile Broadband,Intermittent Connection,Medium,Closed,90,546,,Residential,false,3.1
TCK-2026-04850,2026-09-27,2026-09,Denpasar,Fiber Internet,Slow Connection,Medium,Closed,87,588,,Residential,false,4.0
TCK-2026-05096,2026-09-27,2026-09,Makassar,Cloud Connectivity,Slow Connection,Low,Open,105,,,SMB,false,
TCK-2026-00368,2026-09-28,2026-09,Makassar,Mobile Broadband,Enterprise SLA Complaint,Medium,Open,66,,,Residential,false,
TCK-2026-00542,2026-09-28,2026-09,Bandung,IPTV,Router ONT Issue,Low,Resolved,130,942,,Enterprise,false,3.9
TCK-2026-00548,2026-09-28,2026-09,Makassar,IPTV,Installation Delay,Medium,Closed,53,492,,Enterprise,false,3.3
TCK-2026-00588,2026-09-28,2026-09,Makassar,IPTV,Installation Delay,Critical,Resolved,22,182,,Residential,false,3.4
TCK-2026-00820,2026-09-28,2026-09,Denpasar,Cloud Connectivity,Enterprise SLA Complaint,Low,Waiting Customer,121,,,SMB,false,
TCK-2026-00999,2026-09-28,2026-09,Medan,Cloud Connectivity,Installation Delay,Low,Resolved,125,842,,SMB,false,4.2
TCK-2026-01234,2026-09-28,2026-09,Bandung,Enterprise VPN,Intermittent Connection,High,Open,36,,INC-2026-01908,Residential,false,
TCK-2026-01425,2026-09-28,2026-09,Balikpapan,Fiber Internet,Router ONT Issue,Medium,Resolved,52,433,,Residential,false,3.4
TCK-2026-01456,2026-09-28,2026-09,Bandung,Enterprise VPN,Internet Down,High,Resolved,26,69,INC-2026-01908,Residential,false,4.2
TCK-2026-01953,2026-09-28,2026-09,Bandung,Enterprise VPN,Installation Delay,Critical,In Progress,58,,INC-2026-01908,SMB,false,
TCK-2026-02022,2026-09-28,2026-09,Bandung,Voice,Installation Delay,Low,Waiting Customer,123,,INC-2026-00361,Residential,false,
TCK-2026-02068,2026-09-28,2026-09,Bandung,Enterprise VPN,Router ONT Issue,Low,Waiting Customer,108,,INC-2026-01908,Residential,false,
TCK-2026-02555,2026-09-28,2026-09,Jakarta,Mobile Broadband,Slow Connection,Low,Closed,105,928,INC-2026-01037,SMB,false,4.5
TCK-2026-03098,2026-09-28,2026-09,Yogyakarta,Enterprise VPN,Installation Delay,High,Closed,40,304,INC-2026-01901,Enterprise,false,3.8
TCK-2026-03152,2026-09-28,2026-09,Bandung,Mobile Broadband,Intermittent Connection,High,Closed,14,92,,Enterprise,false,2.8
TCK-2026-03360,2026-09-28,2026-09,Medan,Cloud Connectivity,Enterprise SLA Complaint,High,Open,17,,,SMB,false,
TCK-2026-03652,2026-09-28,2026-09,Balikpapan,Enterprise VPN,Enterprise SLA Complaint,Medium,Resolved,63,458,,Residential,false,3.7
TCK-2026-03659,2026-09-28,2026-09,Jakarta,Mobile Broadband,Slow Connection,Medium,Closed,66,438,INC-2026-01037,Residential,false,3.7
TCK-2026-04090,2026-09-28,2026-09,Palembang,Mobile Broadband,Installation Delay,Low,Resolved,134,867,INC-2026-02195,Residential,false,4.3
TCK-2026-04322,2026-09-28,2026-09,Surabaya,Fiber Internet,Enterprise SLA Complaint,Medium,In Progress,80,,,Enterprise,true,
TCK-2026-04792,2026-09-28,2026-09,Palembang,Fiber Internet,Installation Delay,Medium,In Progress,89,,,Residential,true,
TCK-2026-04990,2026-09-28,2026-09,Balikpapan,Mobile Broadband,Installation Delay,High,Closed,26,154,,Residential,true,3.1
TCK-2026-05116,2026-09-28,2026-09,Jakarta,Voice,Installation Delay,Medium,Open,71,,,SMB,false,
TCK-2026-05387,2026-09-28,2026-09,Surabaya,Enterprise VPN,Router ONT Issue,High,Resolved,21,186,,Residential,true,4.0
TCK-2026-00484,2026-09-29,2026-09,Palembang,IPTV,Router ONT Issue,Critical,Resolved,13,57,,Enterprise,false,4.1
TCK-2026-00956,2026-09-29,2026-09,Jakarta,Enterprise VPN,Installation Delay,Medium,Closed,88,499,,Residential,false,3.7
TCK-2026-00960,2026-09-29,2026-09,Makassar,Cloud Connectivity,Internet Down,High,Closed,54,231,,SMB,false,3.4
TCK-2026-00974,2026-09-29,2026-09,Denpasar,Mobile Broadband,Slow Connection,Low,In Progress,115,,,Residential,false,
TCK-2026-01836,2026-09-29,2026-09,Bandung,Enterprise VPN,Slow Connection,Low,Closed,121,918,INC-2026-01065,Residential,false,3.8
TCK-2026-02293,2026-09-29,2026-09,Surabaya,IPTV,Slow Connection,Medium,Resolved,79,374,,Enterprise,false,4.8
TCK-2026-02450,2026-09-29,2026-09,Palembang,Voice,Installation Delay,Medium,Resolved,122,586,,Residential,false,3.0
TCK-2026-02960,2026-09-29,2026-09,Bandung,Mobile Broadband,Enterprise SLA Complaint,High,Resolved,47,209,,Residential,true,3.3
TCK-2026-03008,2026-09-29,2026-09,Yogyakarta,Enterprise VPN,Enterprise SLA Complaint,Medium,Closed,77,436,,Enterprise,false,4.2
TCK-2026-03276,2026-09-29,2026-09,Jakarta,Fiber Internet,Slow Connection,Medium,Resolved,57,470,INC-2026-00776,Enterprise,false,4.6
TCK-2026-03630,2026-09-29,2026-09,Balikpapan,Mobile Broadband,Router ONT Issue,High,Resolved,81,138,INC-2026-01301,Residential,false,5
TCK-2026-04097,2026-09-29,2026-09,Balikpapan,Mobile Broadband,Slow Connection,Medium,Resolved,85,629,INC-2026-01301,Residential,false,3.9
TCK-2026-04161,2026-09-29,2026-09,Palembang,Mobile Broadband,Internet Down,Low,Closed,122,1015,,SMB,false,4.0
TCK-2026-04342,2026-09-29,2026-09,Yogyakarta,Cloud Connectivity,Intermittent Connection,Low,Open,96,,,Public Sector,false,
TCK-2026-04470,2026-09-29,2026-09,Denpasar,Enterprise VPN,Slow Connection,Low,Resolved,133,977,,Residential,true,5
TCK-2026-05295,2026-09-29,2026-09,Medan,Cloud Connectivity,Router ONT Issue,Critical,In Progress,31,,,Residential,true,
TCK-2026-00954,2026-09-30,2026-09,Balikpapan,IPTV,Router ONT Issue,Low,Resolved,91,834,,Residential,false,4.6
TCK-2026-01242,2026-09-30,2026-09,Semarang,Cloud Connectivity,Installation Delay,Low,Closed,99,925,,Public Sector,false,4.2
TCK-2026-01410,2026-09-30,2026-09,Yogyakarta,Enterprise VPN,Router ONT Issue,Medium,Resolved,79,393,INC-2026-00686,Residential,false,4.1
TCK-2026-01624,2026-09-30,2026-09,Jakarta,Mobile Broadband,Router ONT Issue,Low,Closed,156,1141,,Residential,false,3.7
TCK-2026-01739,2026-09-30,2026-09,Palembang,Mobile Broadband,Internet Down,Low,Waiting Customer,116,,,Residential,false,
TCK-2026-01812,2026-09-30,2026-09,Palembang,IPTV,Router ONT Issue,High,Resolved,30,243,INC-2026-01337,Residential,false,2.4
TCK-2026-03018,2026-09-30,2026-09,Surabaya,IPTV,Router ONT Issue,High,Resolved,41,492,INC-2026-01152,Enterprise,false,3.0
TCK-2026-03259,2026-09-30,2026-09,Surabaya,IPTV,Installation Delay,Critical,Closed,13,22,INC-2026-01152,SMB,false,3.0
TCK-2026-03426,2026-09-30,2026-09,Medan,Mobile Broadband,Billing Related,Low,Resolved,143,901,,Public Sector,false,3.9
TCK-2026-04501,2026-09-30,2026-09,Palembang,IPTV,Router ONT Issue,Medium,Resolved,46,358,INC-2026-01337,Residential,false,3.6
TCK-2026-05254,2026-09-30,2026-09,Yogyakarta,Fiber Internet,Intermittent Connection,Medium,Waiting Customer,73,,,Public Sector,false,
TCK-2026-00361,2026-10-01,2026-10,Bandung,Enterprise VPN,Router ONT Issue,High,Closed,48,193,,SMB,false,2.8
TCK-2026-00491,2026-10-01,2026-10,Makassar,Voice,Installation Delay,Medium,Closed,68,510,INC-2026-02106,SMB,false,4.5
TCK-2026-01929,2026-10-01,2026-10,Makassar,Voice,Router ONT Issue,Medium,Closed,68,336,INC-2026-02106,Residential,true,3.8
TCK-2026-01960,2026-10-01,2026-10,Jakarta,IPTV,Billing Related,Medium,In Progress,90,,INC-2026-00687,Public Sector,false,
TCK-2026-02331,2026-10-01,2026-10,Bandung,Fiber Internet,Installation Delay,Medium,Resolved,89,587,,Residential,false,4.5
TCK-2026-02391,2026-10-01,2026-10,Bandung,Mobile Broadband,Internet Down,High,Closed,22,181,,Residential,false,3.6
TCK-2026-02527,2026-10-01,2026-10,Semarang,IPTV,Internet Down,Medium,Resolved,77,275,,SMB,false,3.4
TCK-2026-03874,2026-10-01,2026-10,Denpasar,IPTV,Internet Down,High,Closed,60,91,,Residential,false,3.1
TCK-2026-04453,2026-10-01,2026-10,Medan,Fiber Internet,Internet Down,Low,Open,110,,,SMB,false,
TCK-2026-04525,2026-10-01,2026-10,Makassar,IPTV,Intermittent Connection,High,Closed,34,332,,SMB,false,3.1
TCK-2026-05007,2026-10-01,2026-10,Semarang,Voice,Internet Down,High,Waiting Customer,31,,,Public Sector,false,
TCK-2026-05139,2026-10-01,2026-10,Makassar,IPTV,Router ONT Issue,Medium,Closed,70,617,INC-2026-00329,SMB,false,3.9
TCK-2026-05285,2026-10-01,2026-10,Makassar,Voice,Internet Down,Critical,Open,31,,INC-2026-02106,Residential,false,
TCK-2026-05376,2026-10-01,2026-10,Makassar,Voice,Internet Down,Medium,Open,40,,INC-2026-02106,SMB,false,
TCK-2026-00169,2026-10-02,2026-10,Medan,Mobile Broadband,Internet Down,Low,Closed,119,832,,SMB,false,3.8
TCK-2026-00197,2026-10-02,2026-10,Palembang,Enterprise VPN,Enterprise SLA Complaint,Critical,Closed,29,97,INC-2026-00508,Residential,true,4.6
TCK-2026-00784,2026-10-02,2026-10,Palembang,Mobile Broadband,Billing Related,Medium,Resolved,67,410,,Residential,true,4.9
TCK-2026-01047,2026-10-02,2026-10,Makassar,Enterprise VPN,Intermittent Connection,Medium,Resolved,80,536,,Public Sector,false,5
TCK-2026-01155,2026-10-02,2026-10,Denpasar,Fiber Internet,Intermittent Connection,Medium,Resolved,105,532,,Residential,false,4.5
TCK-2026-01252,2026-10-02,2026-10,Jakarta,Cloud Connectivity,Intermittent Connection,High,Resolved,64,291,INC-2026-01343,Enterprise,false,3.4
TCK-2026-01271,2026-10-02,2026-10,Surabaya,Cloud Connectivity,Billing Related,Medium,Resolved,68,474,,Enterprise,false,3.2
TCK-2026-01659,2026-10-02,2026-10,Surabaya,Voice,Router ONT Issue,Low,Closed,124,827,INC-2026-00291,Residential,false,4.6
TCK-2026-01891,2026-10-02,2026-10,Balikpapan,IPTV,Intermittent Connection,Low,Resolved,151,918,,SMB,false,4.8
TCK-2026-02635,2026-10-02,2026-10,Yogyakarta,Enterprise VPN,Installation Delay,Medium,Closed,85,534,,Residential,true,4.0
TCK-2026-02725,2026-10-02,2026-10,Balikpapan,Enterprise VPN,Internet Down,High,Closed,29,386,,Enterprise,false,3.4
TCK-2026-02861,2026-10-02,2026-10,Surabaya,Voice,Slow Connection,Medium,Open,97,,INC-2026-00291,Residential,false,
TCK-2026-04017,2026-10-02,2026-10,Balikpapan,IPTV,Enterprise SLA Complaint,Low,Open,157,,,SMB,false,
TCK-2026-05152,2026-10-02,2026-10,Palembang,Enterprise VPN,Router ONT Issue,Low,Open,77,,INC-2026-00508,Enterprise,false,
TCK-2026-00242,2026-10-03,2026-10,Semarang,IPTV,Enterprise SLA Complaint,Medium,In Progress,64,,,SMB,false,
TCK-2026-00421,2026-10-03,2026-10,Bandung,Enterprise VPN,Billing Related,Low,Closed,103,920,INC-2026-01707,Residential,false,5
TCK-2026-00569,2026-10-03,2026-10,Balikpapan,IPTV,Router ONT Issue,Low,Resolved,115,910,,Public Sector,false,5
TCK-2026-01237,2026-10-03,2026-10,Denpasar,Voice,Slow Connection,Low,Resolved,112,854,INC-2026-01607,Residential,false,3.3
TCK-2026-01686,2026-10-03,2026-10,Denpasar,Enterprise VPN,Slow Connection,High,Resolved,52,227,,SMB,false,2.6
TCK-2026-02101,2026-10-03,2026-10,Denpasar,Voice,Billing Related,Medium,Closed,81,504,INC-2026-01607,SMB,false,4.2
TCK-2026-02423,2026-10-03,2026-10,Balikpapan,Fiber Internet,Enterprise SLA Complaint,Medium,Resolved,107,401,,Enterprise,false,4.6
TCK-2026-02573,2026-10-03,2026-10,Yogyakarta,Enterprise VPN,Router ONT Issue,High,Resolved,22,282,,Enterprise,false,4.5
TCK-2026-02625,2026-10-03,2026-10,Jakarta,Cloud Connectivity,Billing Related,Low,Resolved,129,865,,Residential,false,3.9
TCK-2026-03814,2026-10-03,2026-10,Makassar,Cloud Connectivity,Slow Connection,Low,Closed,132,959,,Residential,false,4.0
TCK-2026-04070,2026-10-03,2026-10,Balikpapan,Fiber Internet,Enterprise SLA Complaint,Medium,Resolved,78,404,,Enterprise,false,4.4
TCK-2026-04496,2026-10-03,2026-10,Yogyakarta,Fiber Internet,Slow Connection,High,Waiting Customer,22,,,SMB,false,
TCK-2026-04595,2026-10-03,2026-10,Jakarta,IPTV,Slow Connection,High,Closed,54,325,,Enterprise,false,3.6
TCK-2026-04683,2026-10-03,2026-10,Surabaya,Fiber Internet,Billing Related,Low,Closed,121,840,,Residential,true,4.9
TCK-2026-05094,2026-10-03,2026-10,Yogyakarta,Voice,Slow Connection,Medium,In Progress,82,,INC-2026-00146,Residential,false,
TCK-2026-05315,2026-10-03,2026-10,Denpasar,Voice,Installation Delay,Medium,Closed,69,419,,SMB,false,4.6
TCK-2026-01645,2026-10-04,2026-10,Balikpapan,Voice,Billing Related,Medium,Resolved,65,467,,Enterprise,false,5
TCK-2026-01769,2026-10-04,2026-10,Denpasar,Voice,Installation Delay,High,Closed,24,230,,Residential,false,2.6
TCK-2026-02324,2026-10-04,2026-10,Bandung,Voice,Enterprise SLA Complaint,Low,Resolved,111,926,INC-2026-02081,Enterprise,false,4.3
TCK-2026-02354,2026-10-04,2026-10,Surabaya,Mobile Broadband,Internet Down,High,Resolved,38,209,,SMB,false,3.7
TCK-2026-02530,2026-10-04,2026-10,Denpasar,IPTV,Slow Connection,Medium,Closed,66,490,,Enterprise,false,4.5
TCK-2026-02971,2026-10-04,2026-10,Medan,Fiber Internet,Enterprise SLA Complaint,Medium,Resolved,58,557,,Residential,false,3.4
TCK-2026-03232,2026-10-04,2026-10,Balikpapan,Fiber Internet,Installation Delay,High,In Progress,74,,INC-2026-00299,Residential,false,
TCK-2026-04265,2026-10-04,2026-10,Bandung,Voice,Slow Connection,Medium,Resolved,78,408,,Residential,false,3.9
TCK-2026-04283,2026-10-04,2026-10,Palembang,Voice,Router ONT Issue,Medium,Resolved,101,489,,Enterprise,false,3.9
TCK-2026-04740,2026-10-04,2026-10,Yogyakarta,Mobile Broadband,Slow Connection,Low,In Progress,126,,,SMB,false,
TCK-2026-05210,2026-10-04,2026-10,Yogyakarta,Cloud Connectivity,Billing Related,Low,Resolved,120,961,,SMB,false,4.2
TCK-2026-05294,2026-10-04,2026-10,Bandung,Voice,Enterprise SLA Complaint,Low,Closed,117,780,,SMB,false,4.1
TCK-2026-00510,2026-10-05,2026-10,Medan,Enterprise VPN,Intermittent Connection,Medium,In Progress,80,,,Enterprise,false,
TCK-2026-00613,2026-10-05,2026-10,Yogyakarta,Fiber Internet,Slow Connection,Medium,Resolved,95,483,,SMB,false,4.8
TCK-2026-00962,2026-10-05,2026-10,Denpasar,Mobile Broadband,Installation Delay,Medium,Resolved,60,375,INC-2026-01136,SMB,false,3.7
TCK-2026-02772,2026-10-05,2026-10,Balikpapan,Mobile Broadband,Enterprise SLA Complaint,High,Resolved,32,175,,Residential,false,2.8
TCK-2026-03078,2026-10-05,2026-10,Denpasar,Mobile Broadband,Internet Down,Low,In Progress,98,,INC-2026-01136,Residential,false,
TCK-2026-03113,2026-10-05,2026-10,Jakarta,Cloud Connectivity,Installation Delay,Low,Waiting Customer,111,,,Residential,false,
TCK-2026-03331,2026-10-05,2026-10,Balikpapan,Cloud Connectivity,Intermittent Connection,Critical,Open,2,,,Residential,false,
TCK-2026-04321,2026-10-05,2026-10,Jakarta,Fiber Internet,Intermittent Connection,Medium,Resolved,106,523,,Enterprise,false,4.0
TCK-2026-05261,2026-10-05,2026-10,Palembang,Cloud Connectivity,Installation Delay,High,Resolved,35,247,,Residential,false,3.7
TCK-2026-00273,2026-10-06,2026-10,Balikpapan,Cloud Connectivity,Installation Delay,Medium,In Progress,47,,INC-2026-00684,Residential,false,
TCK-2026-00429,2026-10-06,2026-10,Makassar,Fiber Internet,Billing Related,Medium,Closed,69,404,,Residential,false,4.2
TCK-2026-00808,2026-10-06,2026-10,Bandung,Enterprise VPN,Billing Related,High,Resolved,42,289,,Residential,true,3.9
TCK-2026-00883,2026-10-06,2026-10,Bandung,Mobile Broadband,Intermittent Connection,Low,Resolved,120,835,,Residential,false,3.6
TCK-2026-01320,2026-10-06,2026-10,Jakarta,Mobile Broadband,Intermittent Connection,Critical,Resolved,10,248,,SMB,false,2.0
TCK-2026-01628,2026-10-06,2026-10,Jakarta,Enterprise VPN,Billing Related,High,Open,40,,,Enterprise,false,
TCK-2026-01883,2026-10-06,2026-10,Balikpapan,Cloud Connectivity,Billing Related,High,In Progress,38,,INC-2026-00684,Residential,true,
TCK-2026-02368,2026-10-06,2026-10,Semarang,Fiber Internet,Billing Related,High,Waiting Customer,55,,,Residential,false,
TCK-2026-02713,2026-10-06,2026-10,Jakarta,Mobile Broadband,Internet Down,Medium,In Progress,56,,INC-2026-01582,Enterprise,false,
TCK-2026-02893,2026-10-06,2026-10,Surabaya,Voice,Enterprise SLA Complaint,Medium,Waiting Customer,91,,,Residential,false,
TCK-2026-02894,2026-10-06,2026-10,Jakarta,Mobile Broadband,Installation Delay,Critical,Closed,31,164,,Residential,false,3.8
TCK-2026-02981,2026-10-06,2026-10,Makassar,IPTV,Installation Delay,Low,Open,126,,,SMB,false,
TCK-2026-03671,2026-10-06,2026-10,Yogyakarta,Voice,Internet Down,Low,Closed,137,868,,Residential,false,3.2
TCK-2026-03931,2026-10-06,2026-10,Yogyakarta,Voice,Installation Delay,Medium,Closed,85,342,,SMB,false,3.4
TCK-2026-03966,2026-10-06,2026-10,Bandung,Voice,Internet Down,High,In Progress,19,,,SMB,false,
TCK-2026-04691,2026-10-06,2026-10,Semarang,Mobile Broadband,Enterprise SLA Complaint,Low,In Progress,104,,,Residential,false,
TCK-2026-04895,2026-10-06,2026-10,Surabaya,Cloud Connectivity,Internet Down,Low,Open,143,,,SMB,false,
TCK-2026-05148,2026-10-06,2026-10,Surabaya,Voice,Enterprise SLA Complaint,Medium,In Progress,80,,,Residential,false,
TCK-2026-05281,2026-10-06,2026-10,Makassar,Enterprise VPN,Intermittent Connection,Low,Waiting Customer,138,,,Residential,false,
TCK-2026-00059,2026-10-07,2026-10,Makassar,Fiber Internet,Intermittent Connection,Low,Waiting Customer,134,,,Residential,true,
TCK-2026-00274,2026-10-07,2026-10,Medan,IPTV,Enterprise SLA Complaint,Medium,Closed,67,558,INC-2026-00775,Residential,false,2.9
TCK-2026-00493,2026-10-07,2026-10,Balikpapan,Enterprise VPN,Billing Related,High,Closed,23,165,,Residential,false,3.3
TCK-2026-00803,2026-10-07,2026-10,Semarang,Voice,Billing Related,Low,Closed,119,914,,Residential,false,4.2
TCK-2026-01422,2026-10-07,2026-10,Semarang,IPTV,Router ONT Issue,Low,Closed,118,906,INC-2026-01024,Residential,false,3.5
TCK-2026-01835,2026-10-07,2026-10,Palembang,Mobile Broadband,Router ONT Issue,Medium,Closed,61,456,,Public Sector,false,3.9
TCK-2026-02156,2026-10-07,2026-10,Yogyakarta,Enterprise VPN,Internet Down,Medium,Waiting Customer,62,,,Enterprise,false,
TCK-2026-02219,2026-10-07,2026-10,Semarang,IPTV,Slow Connection,Medium,Closed,95,609,INC-2026-01024,Enterprise,false,4.9
TCK-2026-03076,2026-10-07,2026-10,Medan,IPTV,Router ONT Issue,Critical,Open,24,,INC-2026-00775,Residential,false,
TCK-2026-03117,2026-10-07,2026-10,Yogyakarta,Cloud Connectivity,Internet Down,High,Resolved,24,244,INC-2026-01629,Enterprise,true,2.9
TCK-2026-03238,2026-10-07,2026-10,Makassar,Enterprise VPN,Intermittent Connection,Low,In Progress,120,,,SMB,false,
TCK-2026-03460,2026-10-07,2026-10,Balikpapan,Fiber Internet,Intermittent Connection,Low,Resolved,98,921,INC-2026-01079,Residential,false,4.2
TCK-2026-03521,2026-10-07,2026-10,Semarang,IPTV,Slow Connection,High,Open,58,,,Residential,false,
TCK-2026-04166,2026-10-07,2026-10,Surabaya,Voice,Installation Delay,Low,Waiting Customer,118,,,Enterprise,false,
TCK-2026-04257,2026-10-07,2026-10,Medan,IPTV,Internet Down,Low,Closed,119,921,INC-2026-00775,Residential,false,4.3
TCK-2026-05037,2026-10-07,2026-10,Surabaya,IPTV,Billing Related,High,In Progress,57,,,Residential,false,
TCK-2026-05391,2026-10-07,2026-10,Medan,Voice,Billing Related,Low,Closed,97,764,,Residential,false,3.4
TCK-2026-00008,2026-10-08,2026-10,Denpasar,Cloud Connectivity,Slow Connection,Medium,Open,47,,INC-2026-02020,SMB,false,
TCK-2026-00448,2026-10-08,2026-10,Bandung,Enterprise VPN,Router ONT Issue,Medium,In Progress,58,,,SMB,false,
TCK-2026-00492,2026-10-08,2026-10,Palembang,IPTV,Installation Delay,High,In Progress,28,,,Residential,true,
TCK-2026-00692,2026-10-08,2026-10,Surabaya,Mobile Broadband,Enterprise SLA Complaint,Medium,Open,91,,,Residential,false,
TCK-2026-00757,2026-10-08,2026-10,Denpasar,Fiber Internet,Billing Related,Low,Closed,126,872,,Residential,false,4.0
TCK-2026-00940,2026-10-08,2026-10,Medan,Voice,Billing Related,High,Closed,40,160,INC-2026-01047,SMB,false,4.0
TCK-2026-01057,2026-10-08,2026-10,Medan,Mobile Broadband,Enterprise SLA Complaint,Medium,In Progress,75,,,Residential,false,
TCK-2026-01278,2026-10-08,2026-10,Balikpapan,Cloud Connectivity,Router ONT Issue,Medium,Open,84,,,Residential,false,
TCK-2026-01408,2026-10-08,2026-10,Surabaya,IPTV,Router ONT Issue,High,In Progress,53,,,Public Sector,false,
TCK-2026-01815,2026-10-08,2026-10,Makassar,Fiber Internet,Internet Down,Low,Closed,114,897,INC-2026-00673,Residential,false,3.2
TCK-2026-02290,2026-10-08,2026-10,Yogyakarta,Voice,Intermittent Connection,Medium,Closed,35,493,INC-2026-00938,Residential,false,3.5
TCK-2026-02353,2026-10-08,2026-10,Denpasar,Cloud Connectivity,Internet Down,Medium,Waiting Customer,47,,INC-2026-02020,Residential,false,
TCK-2026-03498,2026-10-08,2026-10,Yogyakarta,Voice,Slow Connection,Medium,Resolved,83,576,,Enterprise,false,4.3
TCK-2026-04194,2026-10-08,2026-10,Medan,Mobile Broadband,Billing Related,Low,Resolved,132,942,,Residential,true,4.7
TCK-2026-04340,2026-10-08,2026-10,Surabaya,IPTV,Internet Down,High,Resolved,2,202,,Residential,false,4.4
TCK-2026-04547,2026-10-08,2026-10,Denpasar,Voice,Installation Delay,Medium,Resolved,62,383,,Residential,false,4.0
TCK-2026-04584,2026-10-08,2026-10,Jakarta,Voice,Internet Down,High,Closed,28,203,INC-2026-01120,Residential,false,3.7
TCK-2026-04590,2026-10-08,2026-10,Palembang,Mobile Broadband,Enterprise SLA Complaint,Low,Closed,130,921,INC-2026-02027,Residential,true,5
TCK-2026-05278,2026-10-08,2026-10,Yogyakarta,Voice,Intermittent Connection,Medium,Resolved,42,398,,Residential,false,3.7
TCK-2026-00554,2026-10-09,2026-10,Makassar,Voice,Router ONT Issue,High,In Progress,39,,,Enterprise,true,
TCK-2026-01078,2026-10-09,2026-10,Surabaya,IPTV,Enterprise SLA Complaint,Medium,Resolved,89,628,,Public Sector,false,4.6
TCK-2026-01433,2026-10-09,2026-10,Medan,IPTV,Enterprise SLA Complaint,Low,Waiting Customer,120,,,Residential,false,
TCK-2026-02094,2026-10-09,2026-10,Jakarta,Fiber Internet,Installation Delay,High,Resolved,61,183,,Residential,false,3.8
TCK-2026-02512,2026-10-09,2026-10,Semarang,Cloud Connectivity,Router ONT Issue,Medium,Closed,64,522,,Residential,true,4.0
TCK-2026-02798,2026-10-09,2026-10,Makassar,Mobile Broadband,Internet Down,Medium,Resolved,90,520,,Residential,false,4.6
TCK-2026-03677,2026-10-09,2026-10,Denpasar,Fiber Internet,Router ONT Issue,Low,Open,136,,,Enterprise,false,
TCK-2026-04480,2026-10-09,2026-10,Medan,Mobile Broadband,Intermittent Connection,Medium,Resolved,95,476,INC-2026-01949,Public Sector,false,4.3
TCK-2026-05162,2026-10-09,2026-10,Jakarta,Voice,Intermittent Connection,Low,Resolved,148,906,INC-2026-02138,Residential,false,5
TCK-2026-05361,2026-10-09,2026-10,Bandung,Enterprise VPN,Installation Delay,High,In Progress,2,,INC-2026-00534,Enterprise,false,
TCK-2026-00459,2026-10-10,2026-10,Semarang,Enterprise VPN,Installation Delay,Low,Closed,126,863,INC-2026-00258,Residential,false,3.8
TCK-2026-01931,2026-10-10,2026-10,Balikpapan,Voice,Internet Down,Low,Resolved,98,801,,SMB,false,4.7
TCK-2026-02251,2026-10-10,2026-10,Makassar,IPTV,Slow Connection,Low,Closed,115,798,,Enterprise,false,4.4
TCK-2026-02911,2026-10-10,2026-10,Makassar,Enterprise VPN,Internet Down,Medium,Resolved,75,408,INC-2026-01527,Enterprise,false,3.6
TCK-2026-03533,2026-10-10,2026-10,Balikpapan,Voice,Internet Down,Medium,Closed,51,580,,Residential,true,4.5
TCK-2026-03921,2026-10-10,2026-10,Jakarta,Cloud Connectivity,Installation Delay,Low,Open,120,,INC-2026-00879,SMB,false,
TCK-2026-03957,2026-10-10,2026-10,Yogyakarta,Enterprise VPN,Installation Delay,Medium,Closed,75,450,,Residential,false,4.2
TCK-2026-04232,2026-10-10,2026-10,Semarang,Voice,Intermittent Connection,Medium,In Progress,58,,,SMB,false,
TCK-2026-04575,2026-10-10,2026-10,Jakarta,Cloud Connectivity,Internet Down,Low,Closed,135,892,INC-2026-00879,Enterprise,false,5
TCK-2026-04757,2026-10-10,2026-10,Jakarta,Voice,Slow Connection,High,Resolved,26,220,,Residential,false,3.7
TCK-2026-04788,2026-10-10,2026-10,Jakarta,Cloud Connectivity,Intermittent Connection,High,Closed,16,181,INC-2026-00879,SMB,false,3.2
TCK-2026-05214,2026-10-10,2026-10,Denpasar,Fiber Internet,Internet Down,Low,Open,140,,,Residential,false,
TCK-2026-00031,2026-10-11,2026-10,Semarang,Voice,Installation Delay,Low,Closed,120,899,,Residential,false,3.4
TCK-2026-00859,2026-10-11,2026-10,Makassar,IPTV,Internet Down,Medium,Closed,69,463,,Enterprise,false,4.6
TCK-2026-02413,2026-10-11,2026-10,Yogyakarta,Enterprise VPN,Billing Related,High,In Progress,25,,,SMB,false,
TCK-2026-03061,2026-10-11,2026-10,Semarang,IPTV,Intermittent Connection,High,Resolved,35,208,,Residential,false,3.5
TCK-2026-03081,2026-10-11,2026-10,Yogyakarta,Fiber Internet,Installation Delay,Low,Resolved,114,911,,Enterprise,false,4.4
TCK-2026-03972,2026-10-11,2026-10,Makassar,Mobile Broadband,Billing Related,Low,Resolved,116,918,INC-2026-00762,SMB,false,4.1
TCK-2026-04456,2026-10-11,2026-10,Yogyakarta,Cloud Connectivity,Enterprise SLA Complaint,Medium,Open,79,,INC-2026-00096,Residential,false,
TCK-2026-04507,2026-10-11,2026-10,Yogyakarta,Fiber Internet,Installation Delay,Medium,Closed,77,391,,Residential,false,2.8
TCK-2026-04681,2026-10-11,2026-10,Bandung,Voice,Router ONT Issue,Low,Resolved,88,908,,Public Sector,false,3.9
TCK-2026-00298,2026-10-12,2026-10,Yogyakarta,Enterprise VPN,Intermittent Connection,Medium,In Progress,74,,,Residential,false,
TCK-2026-01032,2026-10-12,2026-10,Palembang,IPTV,Intermittent Connection,Low,In Progress,107,,,Residential,false,
TCK-2026-02982,2026-10-12,2026-10,Palembang,IPTV,Installation Delay,Medium,Resolved,67,615,INC-2026-00962,Enterprise,false,4.0
TCK-2026-03146,2026-10-12,2026-10,Denpasar,Cloud Connectivity,Internet Down,High,In Progress,60,,INC-2026-00086,Residential,false,
TCK-2026-03510,2026-10-12,2026-10,Balikpapan,Mobile Broadband,Intermittent Connection,Low,Open,128,,INC-2026-01502,Residential,false,
TCK-2026-03680,2026-10-12,2026-10,Palembang,IPTV,Intermittent Connection,Low,In Progress,126,,INC-2026-00962,SMB,false,
TCK-2026-03726,2026-10-12,2026-10,Palembang,IPTV,Slow Connection,Low,Waiting Customer,125,,INC-2026-00962,Enterprise,false,
TCK-2026-03868,2026-10-12,2026-10,Makassar,Voice,Billing Related,Medium,In Progress,84,,INC-2026-00704,Residential,false,
TCK-2026-04206,2026-10-12,2026-10,Balikpapan,Mobile Broadband,Enterprise SLA Complaint,High,Closed,32,283,INC-2026-01502,SMB,false,3.9
TCK-2026-04404,2026-10-12,2026-10,Surabaya,Mobile Broadband,Enterprise SLA Complaint,Medium,Resolved,109,452,,Residential,false,3.2
TCK-2026-05175,2026-10-12,2026-10,Balikpapan,Fiber Internet,Internet Down,Low,Closed,131,957,,SMB,false,3.6
TCK-2026-05342,2026-10-12,2026-10,Makassar,Voice,Billing Related,Low,Resolved,114,872,INC-2026-00704,Residential,false,4.0
TCK-2026-00035,2026-10-13,2026-10,Denpasar,Voice,Internet Down,Low,Resolved,103,929,,Residential,false,4.6
TCK-2026-00474,2026-10-13,2026-10,Jakarta,Cloud Connectivity,Enterprise SLA Complaint,High,In Progress,73,,INC-2026-00725,Enterprise,false,
TCK-2026-00561,2026-10-13,2026-10,Denpasar,Mobile Broadband,Installation Delay,Medium,Resolved,63,316,INC-2026-00395,Residential,false,4.4
TCK-2026-00679,2026-10-13,2026-10,Medan,IPTV,Installation Delay,High,Closed,43,280,INC-2026-01587,Enterprise,false,3.6
TCK-2026-00701,2026-10-13,2026-10,Denpasar,Cloud Connectivity,Internet Down,Medium,Open,83,,INC-2026-01134,Enterprise,false,
TCK-2026-01557,2026-10-13,2026-10,Semarang,Mobile Broadband,Intermittent Connection,Low,Closed,137,834,INC-2026-01122,SMB,false,4.4
TCK-2026-02059,2026-10-13,2026-10,Jakarta,Cloud Connectivity,Billing Related,Medium,In Progress,77,,INC-2026-00725,Enterprise,false,
TCK-2026-02263,2026-10-13,2026-10,Semarang,Mobile Broadband,Billing Related,Medium,Open,90,,INC-2026-01122,SMB,false,
TCK-2026-02449,2026-10-13,2026-10,Medan,IPTV,Billing Related,High,In Progress,30,,INC-2026-01587,Residential,false,
TCK-2026-03194,2026-10-13,2026-10,Balikpapan,IPTV,Slow Connection,Low,Resolved,132,901,,Residential,false,4.8
TCK-2026-04122,2026-10-13,2026-10,Jakarta,Cloud Connectivity,Intermittent Connection,High,Resolved,38,268,INC-2026-00725,Residential,false,4.0
TCK-2026-04156,2026-10-13,2026-10,Medan,Enterprise VPN,Billing Related,Low,Open,145,,INC-2026-01869,Residential,false,
TCK-2026-04478,2026-10-13,2026-10,Balikpapan,IPTV,Billing Related,High,Resolved,11,256,INC-2026-01014,SMB,false,2.6
TCK-2026-04690,2026-10-13,2026-10,Medan,IPTV,Billing Related,Medium,In Progress,63,,INC-2026-01587,SMB,false,
TCK-2026-05026,2026-10-13,2026-10,Yogyakarta,Fiber Internet,Installation Delay,Medium,In Progress,90,,,Residential,false,
TCK-2026-05155,2026-10-13,2026-10,Makassar,IPTV,Intermittent Connection,Low,Open,125,,,Residential,false,
TCK-2026-00154,2026-10-14,2026-10,Makassar,Voice,Billing Related,Medium,In Progress,91,,,Enterprise,false,
TCK-2026-00446,2026-10-14,2026-10,Jakarta,Mobile Broadband,Router ONT Issue,Low,Closed,130,879,INC-2026-00372,SMB,false,3.3
TCK-2026-01950,2026-10-14,2026-10,Jakarta,Mobile Broadband,Enterprise SLA Complaint,Low,In Progress,101,,INC-2026-00372,Public Sector,false,
TCK-2026-01997,2026-10-14,2026-10,Bandung,Fiber Internet,Internet Down,Low,Closed,116,780,,Residential,false,5
TCK-2026-02581,2026-10-14,2026-10,Balikpapan,Cloud Connectivity,Enterprise SLA Complaint,High,Resolved,15,392,,Residential,false,3.3
TCK-2026-03446,2026-10-14,2026-10,Yogyakarta,Voice,Internet Down,Low,Closed,104,802,,Residential,false,5
TCK-2026-03752,2026-10-14,2026-10,Jakarta,Mobile Broadband,Router ONT Issue,Low,Resolved,126,864,INC-2026-00372,Enterprise,false,4.3
TCK-2026-03858,2026-10-14,2026-10,Semarang,Enterprise VPN,Enterprise SLA Complaint,Medium,Resolved,75,333,INC-2026-01805,SMB,false,4.5
TCK-2026-04800,2026-10-14,2026-10,Balikpapan,Fiber Internet,Slow Connection,Low,Resolved,131,914,,Residential,false,3.1
TCK-2026-04899,2026-10-14,2026-10,Semarang,Enterprise VPN,Enterprise SLA Complaint,Medium,Resolved,96,468,INC-2026-01805,SMB,false,4.2
TCK-2026-04996,2026-10-14,2026-10,Bandung,Voice,Slow Connection,Medium,Waiting Customer,37,,,Enterprise,false,
TCK-2026-00201,2026-10-15,2026-10,Makassar,Fiber Internet,Intermittent Connection,High,In Progress,15,,,Enterprise,false,
TCK-2026-00513,2026-10-15,2026-10,Medan,Mobile Broadband,Enterprise SLA Complaint,Low,Open,98,,,Residential,false,
TCK-2026-00574,2026-10-15,2026-10,Makassar,Fiber Internet,Internet Down,High,In Progress,50,,INC-2026-00264,Residential,true,
TCK-2026-00895,2026-10-15,2026-10,Balikpapan,Enterprise VPN,Enterprise SLA Complaint,Medium,Waiting Customer,90,,,Residential,false,
TCK-2026-00987,2026-10-15,2026-10,Bandung,Voice,Installation Delay,High,Open,12,,,Residential,true,
TCK-2026-01394,2026-10-15,2026-10,Medan,Mobile Broadband,Slow Connection,Medium,In Progress,71,,,Residential,false,
TCK-2026-01413,2026-10-15,2026-10,Palembang,IPTV,Slow Connection,High,In Progress,16,,INC-2026-00580,Residential,false,
TCK-2026-01421,2026-10-15,2026-10,Yogyakarta,Voice,Installation Delay,Low,Closed,115,853,,Residential,false,4.0
TCK-2026-02694,2026-10-15,2026-10,Jakarta,IPTV,Installation Delay,Medium,In Progress,65,,INC-2026-02094,Enterprise,false,
TCK-2026-02804,2026-10-15,2026-10,Palembang,IPTV,Router ONT Issue,Low,Closed,130,874,INC-2026-00199,SMB,true,4.2
TCK-2026-02826,2026-10-15,2026-10,Yogyakarta,IPTV,Internet Down,Medium,Resolved,98,406,,Enterprise,true,4.0
TCK-2026-04039,2026-10-15,2026-10,Semarang,Cloud Connectivity,Internet Down,Critical,Resolved,24,128,,Enterprise,false,4.5
TCK-2026-04500,2026-10-15,2026-10,Semarang,IPTV,Billing Related,Low,Resolved,112,829,,Residential,false,3.2
TCK-2026-04890,2026-10-15,2026-10,Jakarta,Mobile Broadband,Installation Delay,Medium,In Progress,80,,,Residential,false,
TCK-2026-00219,2026-10-16,2026-10,Balikpapan,Fiber Internet,Enterprise SLA Complaint,Medium,Resolved,73,570,,Residential,true,5
TCK-2026-01301,2026-10-16,2026-10,Makassar,Cloud Connectivity,Slow Connection,Low,Resolved,105,880,,SMB,false,4.1
TCK-2026-01588,2026-10-16,2026-10,Balikpapan,Fiber Internet,Billing Related,Low,Resolved,118,799,INC-2026-02193,SMB,false,4.3
TCK-2026-02740,2026-10-16,2026-10,Palembang,Fiber Internet,Router ONT Issue,High,In Progress,28,,,Enterprise,false,
TCK-2026-03240,2026-10-16,2026-10,Balikpapan,Enterprise VPN,Internet Down,Medium,Waiting Customer,54,,,Residential,false,
TCK-2026-03828,2026-10-16,2026-10,Balikpapan,Fiber Internet,Slow Connection,Medium,In Progress,60,,INC-2026-02193,Residential,false,
TCK-2026-04444,2026-10-16,2026-10,Medan,Enterprise VPN,Intermittent Connection,Critical,Resolved,2,71,,Residential,false,3.0
TCK-2026-04576,2026-10-16,2026-10,Balikpapan,Cloud Connectivity,Router ONT Issue,Low,Resolved,117,924,,Residential,false,4.6
TCK-2026-04684,2026-10-16,2026-10,Yogyakarta,Mobile Broadband,Installation Delay,Low,Waiting Customer,123,,,Residential,false,
TCK-2026-05143,2026-10-16,2026-10,Denpasar,IPTV,Internet Down,High,Resolved,27,252,,Residential,false,3.6
TCK-2026-00089,2026-10-17,2026-10,Surabaya,Enterprise VPN,Billing Related,Low,In Progress,92,,,Residential,false,
TCK-2026-00138,2026-10-17,2026-10,Medan,IPTV,Enterprise SLA Complaint,Critical,Closed,36,36,INC-2026-00562,Residential,false,3.5
TCK-2026-00365,2026-10-17,2026-10,Balikpapan,Enterprise VPN,Router ONT Issue,Critical,Closed,18,24,,SMB,false,3.2
TCK-2026-01016,2026-10-17,2026-10,Semarang,Fiber Internet,Intermittent Connection,High,Waiting Customer,18,,,Residential,false,
TCK-2026-01039,2026-10-17,2026-10,Semarang,Voice,Billing Related,Low,Closed,109,986,,Residential,false,3.9
TCK-2026-01079,2026-10-17,2026-10,Bandung,Enterprise VPN,Router ONT Issue,Low,Resolved,124,954,INC-2026-01169,Enterprise,false,4.4
TCK-2026-01777,2026-10-17,2026-10,Palembang,IPTV,Internet Down,Medium,Closed,97,489,,Residential,false,3.9
TCK-2026-01864,2026-10-17,2026-10,Semarang,IPTV,Router ONT Issue,Low,Closed,117,644,,Residential,false,4.1
TCK-2026-02036,2026-10-17,2026-10,Medan,Enterprise VPN,Billing Related,Medium,Resolved,56,356,INC-2026-01424,Enterprise,false,4.4
TCK-2026-02098,2026-10-17,2026-10,Makassar,IPTV,Intermittent Connection,Low,Resolved,129,951,,Residential,false,3.2
TCK-2026-02441,2026-10-17,2026-10,Denpasar,Fiber Internet,Router ONT Issue,Medium,In Progress,76,,,Residential,false,
TCK-2026-03233,2026-10-17,2026-10,Denpasar,IPTV,Installation Delay,Medium,Open,88,,,Residential,true,
TCK-2026-04064,2026-10-17,2026-10,Medan,Enterprise VPN,Installation Delay,Medium,Open,40,,INC-2026-01424,SMB,false,
TCK-2026-04752,2026-10-17,2026-10,Bandung,Fiber Internet,Internet Down,Medium,In Progress,75,,,Public Sector,false,
TCK-2026-05084,2026-10-17,2026-10,Makassar,IPTV,Router ONT Issue,Low,In Progress,125,,,Enterprise,false,
TCK-2026-05201,2026-10-17,2026-10,Medan,IPTV,Slow Connection,Low,In Progress,110,,INC-2026-00562,Residential,false,
TCK-2026-05282,2026-10-17,2026-10,Bandung,Enterprise VPN,Slow Connection,Medium,Waiting Customer,105,,,SMB,false,
TCK-2026-00209,2026-10-18,2026-10,Yogyakarta,Fiber Internet,Internet Down,High,Resolved,6,365,,Residential,false,3.7
TCK-2026-00509,2026-10-18,2026-10,Surabaya,Cloud Connectivity,Intermittent Connection,High,Resolved,32,153,INC-2026-00657,Enterprise,true,3.3
TCK-2026-00567,2026-10-18,2026-10,Yogyakarta,Enterprise VPN,Intermittent Connection,Critical,Waiting Customer,2,,INC-2026-01521,Residential,false,
TCK-2026-00788,2026-10-18,2026-10,Yogyakarta,Mobile Broadband,Internet Down,Low,Open,133,,,SMB,false,
TCK-2026-01540,2026-10-18,2026-10,Semarang,Voice,Intermittent Connection,Medium,In Progress,90,,,SMB,false,
TCK-2026-02436,2026-10-18,2026-10,Balikpapan,Enterprise VPN,Billing Related,Critical,Waiting Customer,9,,,Residential,false,
TCK-2026-02675,2026-10-18,2026-10,Surabaya,Cloud Connectivity,Billing Related,Medium,Resolved,74,519,INC-2026-00657,Residential,false,3.0
TCK-2026-03540,2026-10-18,2026-10,Medan,Cloud Connectivity,Enterprise SLA Complaint,Low,Open,139,,,Enterprise,false,
TCK-2026-03604,2026-10-18,2026-10,Yogyakarta,Enterprise VPN,Intermittent Connection,Low,Closed,132,828,INC-2026-00683,Residential,false,5
TCK-2026-03761,2026-10-18,2026-10,Denpasar,Fiber Internet,Billing Related,Medium,Waiting Customer,116,,,Enterprise,false,
TCK-2026-04041,2026-10-18,2026-10,Semarang,Voice,Intermittent Connection,Medium,Closed,71,583,INC-2026-01005,Residential,false,4.3
TCK-2026-04662,2026-10-18,2026-10,Yogyakarta,Enterprise VPN,Intermittent Connection,Medium,Resolved,80,445,INC-2026-01521,Residential,false,3.4
TCK-2026-05191,2026-10-18,2026-10,Balikpapan,Mobile Broadband,Slow Connection,Low,Resolved,116,937,,Enterprise,false,5
TCK-2026-05320,2026-10-18,2026-10,Makassar,Mobile Broadband,Slow Connection,High,Waiting Customer,24,,,Residential,false,
TCK-2026-05336,2026-10-18,2026-10,Medan,Voice,Slow Connection,Low,Resolved,134,927,,Residential,false,4.6
TCK-2026-00090,2026-10-19,2026-10,Surabaya,Mobile Broadband,Installation Delay,Low,In Progress,139,,INC-2026-01511,Residential,false,
TCK-2026-00185,2026-10-19,2026-10,Makassar,Cloud Connectivity,Intermittent Connection,Low,Resolved,122,891,,Residential,false,3.9
TCK-2026-01241,2026-10-19,2026-10,Balikpapan,Cloud Connectivity,Installation Delay,Critical,Waiting Customer,31,,,Residential,false,
TCK-2026-01431,2026-10-19,2026-10,Surabaya,Enterprise VPN,Billing Related,Medium,Resolved,88,538,,Residential,false,3.8
TCK-2026-01597,2026-10-19,2026-10,Jakarta,Cloud Connectivity,Slow Connection,High,Closed,2,259,,Residential,true,3.3
TCK-2026-01658,2026-10-19,2026-10,Surabaya,IPTV,Internet Down,High,In Progress,52,,,Residential,false,
TCK-2026-01910,2026-10-19,2026-10,Medan,Voice,Billing Related,High,Open,33,,,Residential,false,
TCK-2026-01965,2026-10-19,2026-10,Surabaya,Mobile Broadband,Intermittent Connection,Low,Waiting Customer,113,,,Residential,false,
TCK-2026-02300,2026-10-19,2026-10,Surabaya,Voice,Installation Delay,High,Resolved,6,288,,Residential,false,3.3
TCK-2026-02501,2026-10-19,2026-10,Yogyakarta,Voice,Internet Down,Medium,Resolved,104,532,,Residential,true,4.3
TCK-2026-02838,2026-10-19,2026-10,Surabaya,Enterprise VPN,Intermittent Connection,Low,Closed,159,865,,Enterprise,false,4.0
TCK-2026-03423,2026-10-19,2026-10,Makassar,IPTV,Slow Connection,Medium,Open,89,,,Residential,true,
TCK-2026-04306,2026-10-19,2026-10,Palembang,Enterprise VPN,Billing Related,High,Resolved,2,228,INC-2026-00298,Enterprise,false,2.8
TCK-2026-04350,2026-10-19,2026-10,Denpasar,Mobile Broadband,Slow Connection,Critical,Closed,17,166,,SMB,false,4.1
TCK-2026-04521,2026-10-19,2026-10,Denpasar,Enterprise VPN,Slow Connection,Low,In Progress,103,,,Enterprise,false,
TCK-2026-00870,2026-10-20,2026-10,Makassar,Enterprise VPN,Installation Delay,Medium,Resolved,93,479,,Residential,false,4.0
TCK-2026-00991,2026-10-20,2026-10,Denpasar,Voice,Slow Connection,Medium,Resolved,71,584,,Residential,false,4.4
TCK-2026-01019,2026-10-20,2026-10,Denpasar,Fiber Internet,Intermittent Connection,Low,Resolved,144,800,,Residential,false,5
TCK-2026-01077,2026-10-20,2026-10,Denpasar,Fiber Internet,Internet Down,Low,In Progress,116,,,Residential,false,
TCK-2026-01679,2026-10-20,2026-10,Denpasar,IPTV,Installation Delay,Medium,Resolved,94,584,,Residential,false,5
TCK-2026-02605,2026-10-20,2026-10,Medan,Voice,Internet Down,Medium,Resolved,74,575,,SMB,false,4.2
TCK-2026-03247,2026-10-20,2026-10,Semarang,Mobile Broadband,Internet Down,Medium,Open,57,,,Public Sector,false,
TCK-2026-03504,2026-10-20,2026-10,Jakarta,IPTV,Internet Down,Medium,Resolved,102,439,,Residential,false,3.5
TCK-2026-03710,2026-10-20,2026-10,Surabaya,Enterprise VPN,Installation Delay,Medium,Resolved,80,463,,Residential,false,5
TCK-2026-05078,2026-10-20,2026-10,Denpasar,Voice,Router ONT Issue,Low,Closed,124,1168,,Residential,false,4.4
TCK-2026-00150,2026-10-21,2026-10,Jakarta,Cloud Connectivity,Slow Connection,Medium,In Progress,75,,,Residential,false,
TCK-2026-00159,2026-10-21,2026-10,Medan,Cloud Connectivity,Enterprise SLA Complaint,Medium,Closed,77,475,INC-2026-01572,Residential,false,3.4
TCK-2026-00290,2026-10-21,2026-10,Denpasar,Mobile Broadband,Installation Delay,High,Closed,39,347,,Residential,false,3.5
TCK-2026-00372,2026-10-21,2026-10,Denpasar,Cloud Connectivity,Intermittent Connection,High,Resolved,27,155,,Residential,false,2.4
TCK-2026-00527,2026-10-21,2026-10,Balikpapan,Fiber Internet,Router ONT Issue,High,Resolved,78,316,,Residential,false,3.3
TCK-2026-00773,2026-10-21,2026-10,Bandung,Voice,Intermittent Connection,Medium,Resolved,79,368,,SMB,false,4.0
TCK-2026-01280,2026-10-21,2026-10,Semarang,Mobile Broadband,Intermittent Connection,High,Closed,37,141,INC-2026-01678,Residential,false,3.6
TCK-2026-01463,2026-10-21,2026-10,Yogyakarta,Mobile Broadband,Internet Down,High,Resolved,35,339,,SMB,true,4.4
TCK-2026-02505,2026-10-21,2026-10,Surabaya,Enterprise VPN,Internet Down,Medium,Resolved,31,326,,Residential,false,4.1
TCK-2026-02820,2026-10-21,2026-10,Medan,Fiber Internet,Enterprise SLA Complaint,Medium,Closed,66,414,,SMB,false,5
TCK-2026-03402,2026-10-21,2026-10,Semarang,Cloud Connectivity,Router ONT Issue,Medium,Waiting Customer,81,,,Residential,false,
TCK-2026-03816,2026-10-21,2026-10,Yogyakarta,Enterprise VPN,Internet Down,Medium,Resolved,102,463,INC-2026-00080,Residential,false,3.9
TCK-2026-04481,2026-10-21,2026-10,Medan,Cloud Connectivity,Intermittent Connection,Medium,Resolved,63,480,INC-2026-01572,SMB,false,4.7
TCK-2026-04592,2026-10-21,2026-10,Semarang,Cloud Connectivity,Internet Down,Medium,Resolved,80,411,,SMB,false,2.5
TCK-2026-04805,2026-10-21,2026-10,Bandung,Enterprise VPN,Installation Delay,Medium,Closed,43,586,,Residential,false,4.1
TCK-2026-05204,2026-10-21,2026-10,Semarang,Fiber Internet,Router ONT Issue,Medium,Resolved,68,479,,Enterprise,false,4.5
TCK-2026-05235,2026-10-21,2026-10,Yogyakarta,Enterprise VPN,Installation Delay,Medium,Closed,80,351,INC-2026-00080,Residential,false,3.8
TCK-2026-00147,2026-10-22,2026-10,Makassar,IPTV,Slow Connection,Medium,In Progress,67,,INC-2026-02029,SMB,false,
TCK-2026-00734,2026-10-22,2026-10,Makassar,IPTV,Billing Related,Low,Resolved,105,1004,INC-2026-02029,SMB,false,4.5
TCK-2026-01901,2026-10-22,2026-10,Jakarta,IPTV,Enterprise SLA Complaint,Low,Waiting Customer,90,,INC-2026-00645,Residential,false,
TCK-2026-02223,2026-10-22,2026-10,Jakarta,Cloud Connectivity,Router ONT Issue,Low,Resolved,110,909,,Residential,false,5
TCK-2026-02279,2026-10-22,2026-10,Bandung,Fiber Internet,Router ONT Issue,Low,Resolved,127,885,,SMB,false,3.6
TCK-2026-02456,2026-10-22,2026-10,Medan,Cloud Connectivity,Slow Connection,Medium,Closed,32,380,,Residential,false,4.5
TCK-2026-02464,2026-10-22,2026-10,Semarang,Enterprise VPN,Installation Delay,Low,Waiting Customer,139,,,SMB,false,
TCK-2026-02482,2026-10-22,2026-10,Jakarta,IPTV,Installation Delay,Low,Waiting Customer,109,,INC-2026-00645,SMB,false,
TCK-2026-03466,2026-10-22,2026-10,Jakarta,IPTV,Installation Delay,Low,Resolved,123,849,INC-2026-00645,Residential,false,3.4
TCK-2026-03941,2026-10-22,2026-10,Makassar,IPTV,Slow Connection,Low,Resolved,101,804,,Residential,false,3.7
TCK-2026-03961,2026-10-22,2026-10,Makassar,IPTV,Internet Down,Low,In Progress,124,,INC-2026-02029,Public Sector,false,
TCK-2026-04204,2026-10-22,2026-10,Jakarta,IPTV,Router ONT Issue,Medium,Waiting Customer,74,,INC-2026-00645,Residential,false,
TCK-2026-04308,2026-10-22,2026-10,Makassar,Enterprise VPN,Installation Delay,Low,Resolved,92,841,,Residential,false,4.6
TCK-2026-05041,2026-10-22,2026-10,Palembang,Cloud Connectivity,Internet Down,Low,In Progress,87,,,SMB,false,
TCK-2026-05321,2026-10-22,2026-10,Palembang,Mobile Broadband,Slow Connection,Medium,Closed,107,370,,Enterprise,false,4.6
TCK-2026-05354,2026-10-22,2026-10,Palembang,Mobile Broadband,Billing Related,High,Closed,55,219,,Residential,false,2.6
TCK-2026-00130,2026-10-23,2026-10,Semarang,Enterprise VPN,Router ONT Issue,Low,Resolved,141,967,,Residential,false,3.6
TCK-2026-00137,2026-10-23,2026-10,Makassar,IPTV,Billing Related,High,Open,27,,,Residential,false,
TCK-2026-00619,2026-10-23,2026-10,Makassar,Fiber Internet,Billing Related,High,Open,42,,INC-2026-01662,Residential,false,
TCK-2026-00670,2026-10-23,2026-10,Balikpapan,Cloud Connectivity,Billing Related,Critical,Waiting Customer,21,,INC-2026-00576,Residential,false,
TCK-2026-00838,2026-10-23,2026-10,Denpasar,Fiber Internet,Slow Connection,Low,Resolved,99,808,,Residential,true,3.1
TCK-2026-01200,2026-10-23,2026-10,Denpasar,IPTV,Installation Delay,Low,Closed,128,899,,SMB,false,3.6
TCK-2026-01236,2026-10-23,2026-10,Semarang,Fiber Internet,Installation Delay,Low,Waiting Customer,123,,INC-2026-01751,SMB,false,
TCK-2026-01441,2026-10-23,2026-10,Palembang,IPTV,Installation Delay,Low,Resolved,135,864,INC-2026-01297,SMB,false,4.5
TCK-2026-01691,2026-10-23,2026-10,Semarang,Fiber Internet,Intermittent Connection,Low,Resolved,112,848,INC-2026-00435,SMB,false,4.6
TCK-2026-02363,2026-10-23,2026-10,Yogyakarta,Fiber Internet,Router ONT Issue,High,Resolved,53,203,,Residential,false,3.1
TCK-2026-02627,2026-10-23,2026-10,Makassar,Fiber Internet,Billing Related,High,Closed,46,258,INC-2026-01662,Residential,false,2.0
TCK-2026-02939,2026-10-23,2026-10,Palembang,IPTV,Enterprise SLA Complaint,Critical,Resolved,2,231,INC-2026-01297,Residential,false,3.6
TCK-2026-03293,2026-10-23,2026-10,Semarang,Fiber Internet,Slow Connection,High,Open,56,,INC-2026-00435,Enterprise,true,
TCK-2026-03563,2026-10-23,2026-10,Semarang,Fiber Internet,Internet Down,High,Waiting Customer,37,,INC-2026-00435,Public Sector,false,
TCK-2026-03805,2026-10-23,2026-10,Makassar,Fiber Internet,Enterprise SLA Complaint,Low,Resolved,159,955,INC-2026-01662,Residential,false,3.8
TCK-2026-03840,2026-10-23,2026-10,Medan,Voice,Intermittent Connection,Low,Resolved,120,982,,Enterprise,false,3.4
TCK-2026-04295,2026-10-23,2026-10,Medan,Enterprise VPN,Billing Related,Low,In Progress,127,,INC-2026-01010,Residential,false,
TCK-2026-04307,2026-10-23,2026-10,Yogyakarta,Enterprise VPN,Intermittent Connection,High,In Progress,29,,,Residential,false,
TCK-2026-04531,2026-10-23,2026-10,Makassar,Voice,Installation Delay,Medium,In Progress,61,,,Residential,false,
TCK-2026-04738,2026-10-23,2026-10,Balikpapan,Fiber Internet,Installation Delay,High,Open,33,,,Residential,false,
TCK-2026-05183,2026-10-23,2026-10,Semarang,Fiber Internet,Intermittent Connection,Medium,Closed,60,548,INC-2026-00435,Enterprise,false,2.8
TCK-2026-01102,2026-10-24,2026-10,Palembang,Enterprise VPN,Slow Connection,Low,Resolved,133,1003,,Residential,false,4.5
TCK-2026-01308,2026-10-24,2026-10,Balikpapan,IPTV,Router ONT Issue,High,Resolved,34,171,,Residential,false,2.9
TCK-2026-01724,2026-10-24,2026-10,Balikpapan,Fiber Internet,Enterprise SLA Complaint,Low,Closed,134,887,,SMB,false,4.7
TCK-2026-01819,2026-10-24,2026-10,Balikpapan,Mobile Broadband,Installation Delay,Medium,In Progress,101,,,SMB,false,
TCK-2026-02302,2026-10-24,2026-10,Surabaya,Enterprise VPN,Slow Connection,Medium,Closed,66,517,INC-2026-00542,SMB,false,3.7
TCK-2026-02646,2026-10-24,2026-10,Bandung,Fiber Internet,Internet Down,Medium,Open,85,,,Enterprise,false,
TCK-2026-04386,2026-10-24,2026-10,Surabaya,Mobile Broadband,Slow Connection,Medium,Closed,104,432,,Residential,false,4.1
TCK-2026-00258,2026-10-25,2026-10,Makassar,Fiber Internet,Slow Connection,Medium,Closed,98,502,INC-2026-00706,Enterprise,false,4.3
TCK-2026-00447,2026-10-25,2026-10,Surabaya,Cloud Connectivity,Slow Connection,Medium,Open,65,,INC-2026-00228,SMB,false,
TCK-2026-00456,2026-10-25,2026-10,Jakarta,Mobile Broadband,Billing Related,Medium,Closed,61,482,INC-2026-01580,Residential,false,3.9
TCK-2026-00540,2026-10-25,2026-10,Bandung,Cloud Connectivity,Intermittent Connection,Medium,Open,59,,,Residential,false,
TCK-2026-00700,2026-10-25,2026-10,Bandung,Cloud Connectivity,Internet Down,Low,Closed,145,859,,Residential,true,3.9
TCK-2026-00727,2026-10-25,2026-10,Bandung,Voice,Internet Down,High,Waiting Customer,18,,,Public Sector,false,
TCK-2026-01452,2026-10-25,2026-10,Denpasar,Voice,Billing Related,High,In Progress,39,,INC-2026-01888,Residential,false,
TCK-2026-01911,2026-10-25,2026-10,Medan,Enterprise VPN,Enterprise SLA Complaint,Low,Resolved,104,867,,Residential,false,4.3
TCK-2026-03045,2026-10-25,2026-10,Surabaya,Cloud Connectivity,Installation Delay,High,Open,42,,INC-2026-00228,SMB,true,
TCK-2026-03084,2026-10-25,2026-10,Balikpapan,Fiber Internet,Enterprise SLA Complaint,Medium,In Progress,76,,INC-2026-01713,SMB,false,
TCK-2026-03674,2026-10-25,2026-10,Surabaya,Enterprise VPN,Slow Connection,Low,Resolved,127,862,,Enterprise,false,4.5
TCK-2026-03684,2026-10-25,2026-10,Medan,Voice,Enterprise SLA Complaint,Medium,Resolved,59,612,,Residential,false,4.2
TCK-2026-03920,2026-10-25,2026-10,Palembang,Voice,Intermittent Connection,Medium,In Progress,60,,,Enterprise,false,
TCK-2026-04315,2026-10-25,2026-10,Jakarta,Mobile Broadband,Slow Connection,Medium,In Progress,89,,INC-2026-01580,Residential,false,
TCK-2026-04715,2026-10-25,2026-10,Jakarta,Fiber Internet,Router ONT Issue,Critical,Resolved,13,169,,Residential,true,2.8
TCK-2026-00899,2026-10-26,2026-10,Semarang,Cloud Connectivity,Enterprise SLA Complaint,High,Open,26,,INC-2026-00359,Residential,false,
TCK-2026-01295,2026-10-26,2026-10,Jakarta,Cloud Connectivity,Slow Connection,Medium,In Progress,107,,INC-2026-01812,Residential,false,
TCK-2026-01393,2026-10-26,2026-10,Denpasar,Enterprise VPN,Installation Delay,Low,Waiting Customer,106,,INC-2026-01860,Residential,false,
TCK-2026-01475,2026-10-26,2026-10,Denpasar,Enterprise VPN,Intermittent Connection,Medium,Closed,72,259,INC-2026-01860,Residential,false,4.2
TCK-2026-01753,2026-10-26,2026-10,Palembang,Voice,Slow Connection,High,Closed,39,100,,Residential,false,3.9
TCK-2026-02758,2026-10-26,2026-10,Makassar,Voice,Billing Related,Low,Open,89,,,Residential,false,
TCK-2026-04190,2026-10-26,2026-10,Yogyakarta,Cloud Connectivity,Internet Down,Medium,Resolved,81,330,,SMB,false,4.6
TCK-2026-04695,2026-10-26,2026-10,Semarang,Cloud Connectivity,Slow Connection,High,Waiting Customer,28,,INC-2026-00359,Residential,false,
TCK-2026-00123,2026-10-27,2026-10,Jakarta,Cloud Connectivity,Intermittent Connection,High,Closed,45,147,,Enterprise,false,3.7
TCK-2026-00168,2026-10-27,2026-10,Makassar,Enterprise VPN,Slow Connection,Medium,Closed,76,386,,Enterprise,false,4.2
TCK-2026-00181,2026-10-27,2026-10,Balikpapan,Mobile Broadband,Slow Connection,Medium,Resolved,69,483,,Residential,false,4.0
TCK-2026-01149,2026-10-27,2026-10,Yogyakarta,Mobile Broadband,Router ONT Issue,Low,In Progress,157,,INC-2026-01056,Public Sector,false,
TCK-2026-01914,2026-10-27,2026-10,Surabaya,Mobile Broadband,Installation Delay,Low,Resolved,109,806,,Residential,false,4.2
TCK-2026-02666,2026-10-27,2026-10,Surabaya,IPTV,Internet Down,Medium,Open,67,,,Residential,false,
TCK-2026-02876,2026-10-27,2026-10,Jakarta,Enterprise VPN,Billing Related,Medium,Open,69,,,Enterprise,false,
TCK-2026-03387,2026-10-27,2026-10,Surabaya,IPTV,Billing Related,Low,Closed,103,862,,Residential,false,4.6
TCK-2026-04221,2026-10-27,2026-10,Palembang,IPTV,Internet Down,Medium,Open,94,,,SMB,false,
TCK-2026-04356,2026-10-27,2026-10,Jakarta,IPTV,Billing Related,High,Resolved,35,217,,Residential,false,3.6
TCK-2026-05173,2026-10-27,2026-10,Palembang,Cloud Connectivity,Intermittent Connection,High,In Progress,32,,,Public Sector,true,
TCK-2026-00075,2026-10-28,2026-10,Balikpapan,Cloud Connectivity,Router ONT Issue,Low,Closed,90,1003,INC-2026-01350,SMB,false,2.9
TCK-2026-00155,2026-10-28,2026-10,Medan,Cloud Connectivity,Enterprise SLA Complaint,High,Resolved,30,301,,Residential,false,4.4
TCK-2026-00350,2026-10-28,2026-10,Balikpapan,Cloud Connectivity,Internet Down,Low,Closed,122,740,INC-2026-01350,Residential,false,3.9
TCK-2026-00729,2026-10-28,2026-10,Semarang,Enterprise VPN,Intermittent Connection,Medium,Closed,72,376,INC-2026-01638,SMB,false,4.5
TCK-2026-00885,2026-10-28,2026-10,Jakarta,Mobile Broadband,Billing Related,High,In Progress,2,,,Residential,false,
TCK-2026-01299,2026-10-28,2026-10,Semarang,Voice,Billing Related,Low,Resolved,118,876,INC-2026-01619,Enterprise,false,4.3
TCK-2026-01572,2026-10-28,2026-10,Bandung,Voice,Router ONT Issue,Medium,In Progress,80,,,Residential,true,
TCK-2026-01845,2026-10-28,2026-10,Denpasar,Cloud Connectivity,Slow Connection,Critical,Resolved,22,87,,SMB,false,3.9
TCK-2026-01993,2026-10-28,2026-10,Bandung,IPTV,Installation Delay,Medium,Closed,84,409,,Residential,false,5
TCK-2026-02370,2026-10-28,2026-10,Semarang,Mobile Broadband,Router ONT Issue,Medium,Resolved,70,352,,Residential,false,5
TCK-2026-02580,2026-10-28,2026-10,Medan,Voice,Installation Delay,Medium,Open,65,,,SMB,false,
TCK-2026-02867,2026-10-28,2026-10,Jakarta,Enterprise VPN,Enterprise SLA Complaint,Medium,Resolved,49,498,INC-2026-00588,SMB,false,4.9
TCK-2026-03224,2026-10-28,2026-10,Surabaya,Enterprise VPN,Slow Connection,Medium,In Progress,88,,INC-2026-01918,SMB,false,
TCK-2026-03725,2026-10-28,2026-10,Jakarta,Enterprise VPN,Enterprise SLA Complaint,Medium,Resolved,47,507,,Residential,false,2.6
TCK-2026-03791,2026-10-28,2026-10,Surabaya,Enterprise VPN,Intermittent Connection,High,Closed,36,406,INC-2026-01918,Residential,false,4.0
TCK-2026-04033,2026-10-28,2026-10,Jakarta,Enterprise VPN,Internet Down,Medium,Closed,72,405,INC-2026-00588,SMB,true,5
TCK-2026-04267,2026-10-28,2026-10,Palembang,Fiber Internet,Billing Related,High,Resolved,2,319,,Residential,false,3.9
TCK-2026-04737,2026-10-28,2026-10,Yogyakarta,IPTV,Installation Delay,Medium,Resolved,63,550,,Enterprise,false,4.1
TCK-2026-04781,2026-10-28,2026-10,Balikpapan,Voice,Intermittent Connection,Medium,Closed,40,524,,SMB,false,4.4
TCK-2026-05098,2026-10-28,2026-10,Palembang,IPTV,Billing Related,High,Waiting Customer,28,,,Residential,true,
TCK-2026-00041,2026-10-29,2026-10,Balikpapan,Fiber Internet,Billing Related,Medium,Resolved,65,439,,Residential,false,4.2
TCK-2026-00297,2026-10-29,2026-10,Denpasar,Voice,Installation Delay,Critical,In Progress,33,,,Residential,false,
TCK-2026-00514,2026-10-29,2026-10,Bandung,Fiber Internet,Router ONT Issue,Critical,In Progress,2,,INC-2026-01911,Residential,false,
TCK-2026-00758,2026-10-29,2026-10,Balikpapan,Voice,Slow Connection,Low,Waiting Customer,102,,INC-2026-00830,Residential,false,
TCK-2026-00852,2026-10-29,2026-10,Denpasar,Enterprise VPN,Enterprise SLA Complaint,High,Waiting Customer,37,,,Enterprise,false,
TCK-2026-00861,2026-10-29,2026-10,Denpasar,Enterprise VPN,Slow Connection,Low,Resolved,114,1053,,Residential,false,3.9
TCK-2026-01101,2026-10-29,2026-10,Medan,Cloud Connectivity,Billing Related,Medium,Closed,72,465,INC-2026-00235,Residential,false,4.0
TCK-2026-01182,2026-10-29,2026-10,Surabaya,Cloud Connectivity,Billing Related,Low,Closed,115,989,INC-2026-01906,Public Sector,true,3.8
TCK-2026-01284,2026-10-29,2026-10,Surabaya,Cloud Connectivity,Router ONT Issue,High,Waiting Customer,38,,INC-2026-01906,SMB,false,
TCK-2026-02141,2026-10-29,2026-10,Makassar,IPTV,Intermittent Connection,Low,Closed,140,992,,Enterprise,false,4.3
TCK-2026-02415,2026-10-29,2026-10,Medan,Cloud Connectivity,Slow Connection,Low,Resolved,134,853,INC-2026-00235,Residential,false,3.0
TCK-2026-02540,2026-10-29,2026-10,Medan,Enterprise VPN,Internet Down,High,Waiting Customer,10,,,Residential,true,
TCK-2026-02932,2026-10-29,2026-10,Jakarta,Cloud Connectivity,Internet Down,Medium,Resolved,75,455,INC-2026-01815,Residential,false,3.6
TCK-2026-03077,2026-10-29,2026-10,Bandung,Fiber Internet,Billing Related,Medium,Resolved,56,454,INC-2026-01911,Residential,false,4.7
TCK-2026-03083,2026-10-29,2026-10,Bandung,Fiber Internet,Slow Connection,Low,Closed,136,865,INC-2026-01911,Residential,false,3.1
TCK-2026-04237,2026-10-29,2026-10,Surabaya,Cloud Connectivity,Router ONT Issue,Medium,Open,68,,INC-2026-01906,Residential,false,
TCK-2026-04477,2026-10-29,2026-10,Makassar,Fiber Internet,Slow Connection,Low,Waiting Customer,111,,,SMB,false,
TCK-2026-04830,2026-10-29,2026-10,Medan,IPTV,Intermittent Connection,Low,Closed,121,767,,SMB,false,3.1
TCK-2026-05121,2026-10-29,2026-10,Jakarta,Cloud Connectivity,Internet Down,Medium,Open,75,,,SMB,false,
TCK-2026-00296,2026-10-30,2026-10,Medan,Mobile Broadband,Internet Down,Medium,Open,85,,,Enterprise,false,
TCK-2026-00760,2026-10-30,2026-10,Jakarta,IPTV,Enterprise SLA Complaint,Low,In Progress,124,,,Enterprise,false,
TCK-2026-00896,2026-10-30,2026-10,Medan,Voice,Enterprise SLA Complaint,Medium,Open,48,,,Enterprise,false,
TCK-2026-01984,2026-10-30,2026-10,Palembang,Enterprise VPN,Billing Related,High,Closed,27,187,INC-2026-01984,Enterprise,true,3.6
TCK-2026-02946,2026-10-30,2026-10,Bandung,Enterprise VPN,Installation Delay,Medium,Closed,77,610,,Residential,false,5
TCK-2026-03275,2026-10-30,2026-10,Bandung,Enterprise VPN,Slow Connection,Critical,Resolved,34,34,,Residential,false,2.9
TCK-2026-04043,2026-10-30,2026-10,Denpasar,Cloud Connectivity,Enterprise SLA Complaint,Medium,In Progress,65,,,SMB,false,
TCK-2026-04092,2026-10-30,2026-10,Makassar,Mobile Broadband,Router ONT Issue,Medium,Closed,109,384,,Residential,false,4.4
TCK-2026-04272,2026-10-30,2026-10,Medan,Cloud Connectivity,Slow Connection,Low,Resolved,122,900,,Enterprise,false,3.5
TCK-2026-04555,2026-10-30,2026-10,Medan,Enterprise VPN,Internet Down,Medium,Closed,68,341,,Residential,false,3.6
TCK-2026-04616,2026-10-30,2026-10,Medan,Cloud Connectivity,Slow Connection,Medium,Resolved,65,533,INC-2026-00724,Residential,false,3.7
TCK-2026-05097,2026-10-30,2026-10,Yogyakarta,Mobile Broadband,Slow Connection,Low,Resolved,114,867,,SMB,false,4.4
TCK-2026-00200,2026-10-31,2026-10,Jakarta,IPTV,Internet Down,Medium,Closed,33,535,,Residential,false,3.9
TCK-2026-01498,2026-10-31,2026-10,Surabaya,Cloud Connectivity,Enterprise SLA Complaint,Medium,Resolved,87,444,,Public Sector,true,4.2
TCK-2026-01575,2026-10-31,2026-10,Balikpapan,IPTV,Installation Delay,Low,Resolved,147,896,,Residential,false,3.6
TCK-2026-01591,2026-10-31,2026-10,Medan,IPTV,Intermittent Connection,Medium,Resolved,79,436,,Enterprise,false,3.0
TCK-2026-02438,2026-10-31,2026-10,Semarang,Mobile Broadband,Enterprise SLA Complaint,Low,Waiting Customer,129,,INC-2026-02173,Residential,false,
TCK-2026-02481,2026-10-31,2026-10,Jakarta,Voice,Intermittent Connection,High,Resolved,61,293,INC-2026-01083,Residential,false,2.9
TCK-2026-02577,2026-10-31,2026-10,Semarang,IPTV,Router ONT Issue,Medium,Resolved,73,503,,SMB,false,4.1
TCK-2026-02678,2026-10-31,2026-10,Makassar,Voice,Enterprise SLA Complaint,High,Waiting Customer,36,,INC-2026-01620,Residential,false,
TCK-2026-03041,2026-10-31,2026-10,Makassar,Fiber Internet,Intermittent Connection,Low,Open,120,,INC-2026-00148,Residential,false,
TCK-2026-03157,2026-10-31,2026-10,Makassar,Fiber Internet,Billing Related,Medium,Waiting Customer,27,,INC-2026-00148,Residential,false,
TCK-2026-03960,2026-10-31,2026-10,Yogyakarta,Cloud Connectivity,Internet Down,Low,Resolved,129,924,INC-2026-00831,Residential,false,4.1
TCK-2026-04139,2026-10-31,2026-10,Medan,Voice,Billing Related,Low,Waiting Customer,89,,INC-2026-00864,SMB,false,
TCK-2026-04164,2026-10-31,2026-10,Bandung,Fiber Internet,Installation Delay,Medium,Resolved,62,379,,Residential,false,3.5
TCK-2026-04195,2026-10-31,2026-10,Denpasar,Voice,Slow Connection,Medium,Waiting Customer,66,,,Residential,false,
TCK-2026-04230,2026-10-31,2026-10,Makassar,Enterprise VPN,Enterprise SLA Complaint,Medium,Waiting Customer,105,,,SMB,false,
TCK-2026-04383,2026-10-31,2026-10,Medan,Voice,Router ONT Issue,High,Closed,54,274,INC-2026-00864,Residential,false,4.2
TCK-2026-04700,2026-10-31,2026-10,Makassar,Voice,Billing Related,Low,Resolved,159,912,INC-2026-01620,Residential,false,3.3
TCK-2026-00191,2026-11-01,2026-11,Surabaya,Enterprise VPN,Internet Down,Medium,Closed,28,469,,Residential,false,5
TCK-2026-01919,2026-11-01,2026-11,Surabaya,Voice,Slow Connection,Critical,Open,3,,INC-2026-01473,Public Sector,false,
TCK-2026-03944,2026-11-01,2026-11,Makassar,Cloud Connectivity,Intermittent Connection,Medium,In Progress,61,,,Residential,false,
TCK-2026-04326,2026-11-01,2026-11,Denpasar,Mobile Broadband,Router ONT Issue,Critical,Resolved,13,49,,Residential,false,3.4
TCK-2026-04486,2026-11-01,2026-11,Balikpapan,IPTV,Internet Down,Medium,Resolved,55,444,INC-2026-00788,Residential,false,3.6
TCK-2026-05259,2026-11-01,2026-11,Surabaya,Voice,Router ONT Issue,Low,Open,92,,INC-2026-01473,SMB,false,
TCK-2026-00463,2026-11-02,2026-11,Palembang,IPTV,Router ONT Issue,Low,Resolved,95,800,INC-2026-00852,SMB,false,4.9
TCK-2026-00704,2026-11-02,2026-11,Yogyakarta,IPTV,Router ONT Issue,Low,Waiting Customer,101,,,Residential,true,
TCK-2026-00715,2026-11-02,2026-11,Yogyakarta,IPTV,Billing Related,High,Resolved,70,229,INC-2026-00134,SMB,false,3.7
TCK-2026-00986,2026-11-02,2026-11,Surabaya,Cloud Connectivity,Slow Connection,Low,Resolved,154,935,,Residential,false,3.5
TCK-2026-01293,2026-11-02,2026-11,Palembang,Voice,Billing Related,Low,Closed,127,976,,SMB,true,3.7
TCK-2026-01417,2026-11-02,2026-11,Palembang,IPTV,Billing Related,High,Resolved,74,314,INC-2026-00852,SMB,false,3.9
TCK-2026-01451,2026-11-02,2026-11,Palembang,IPTV,Router ONT Issue,High,Closed,33,256,,Residential,false,2.9
TCK-2026-01932,2026-11-02,2026-11,Medan,Enterprise VPN,Slow Connection,High,Open,75,,,Residential,false,
TCK-2026-01936,2026-11-02,2026-11,Palembang,IPTV,Intermittent Connection,Low,Resolved,136,979,INC-2026-00852,SMB,false,3.9
TCK-2026-02055,2026-11-02,2026-11,Yogyakarta,Enterprise VPN,Router ONT Issue,Low,Resolved,121,860,INC-2026-02142,Residential,false,3.3
TCK-2026-02545,2026-11-02,2026-11,Yogyakarta,Cloud Connectivity,Installation Delay,High,Open,30,,,Residential,false,
TCK-2026-02553,2026-11-02,2026-11,Denpasar,Mobile Broadband,Router ONT Issue,Medium,In Progress,87,,,Residential,false,
TCK-2026-02647,2026-11-02,2026-11,Denpasar,Enterprise VPN,Slow Connection,Medium,Waiting Customer,80,,INC-2026-02120,Enterprise,true,
TCK-2026-02879,2026-11-02,2026-11,Balikpapan,Mobile Broadband,Internet Down,Low,Resolved,141,966,,Enterprise,false,3.0
TCK-2026-03379,2026-11-02,2026-11,Yogyakarta,IPTV,Billing Related,Low,Closed,130,920,INC-2026-00134,Enterprise,false,3.5
TCK-2026-04032,2026-11-02,2026-11,Palembang,Enterprise VPN,Intermittent Connection,Low,Resolved,142,951,,SMB,false,4.1
TCK-2026-04406,2026-11-02,2026-11,Surabaya,Mobile Broadband,Internet Down,Low,Closed,108,948,,SMB,false,3.5
TCK-2026-04410,2026-11-02,2026-11,Bandung,Mobile Broadband,Enterprise SLA Complaint,Medium,In Progress,65,,,Residential,false,
TCK-2026-04416,2026-11-02,2026-11,Surabaya,Cloud Connectivity,Intermittent Connection,Medium,Open,63,,,Residential,false,
TCK-2026-04455,2026-11-02,2026-11,Palembang,IPTV,Internet Down,High,Waiting Customer,28,,INC-2026-00852,SMB,false,
TCK-2026-04570,2026-11-02,2026-11,Yogyakarta,Enterprise VPN,Router ONT Issue,Medium,Open,70,,INC-2026-02142,SMB,false,
TCK-2026-01939,2026-11-03,2026-11,Yogyakarta,Voice,Installation Delay,Low,Resolved,126,995,,Residential,false,4.7
TCK-2026-02563,2026-11-03,2026-11,Balikpapan,Mobile Broadband,Router ONT Issue,Low,Resolved,123,952,INC-2026-00427,SMB,false,5
TCK-2026-03002,2026-11-03,2026-11,Bandung,Enterprise VPN,Installation Delay,Medium,Closed,43,518,,Residential,false,3.4
TCK-2026-03585,2026-11-03,2026-11,Bandung,Fiber Internet,Internet Down,Medium,Closed,97,406,,Residential,false,3.7
TCK-2026-03934,2026-11-03,2026-11,Surabaya,Mobile Broadband,Intermittent Connection,Low,Open,112,,INC-2026-00037,SMB,false,
TCK-2026-04261,2026-11-03,2026-11,Surabaya,Cloud Connectivity,Installation Delay,Low,Resolved,93,755,,Enterprise,false,4.7
TCK-2026-04394,2026-11-03,2026-11,Jakarta,IPTV,Installation Delay,Medium,Resolved,85,515,,Enterprise,false,3.7
TCK-2026-04540,2026-11-03,2026-11,Yogyakarta,Enterprise VPN,Installation Delay,Medium,Open,70,,,Residential,false,
TCK-2026-04745,2026-11-03,2026-11,Palembang,Enterprise VPN,Installation Delay,Medium,Open,92,,,Enterprise,false,
TCK-2026-05249,2026-11-03,2026-11,Medan,Voice,Internet Down,Medium,In Progress,91,,INC-2026-00422,Public Sector,false,
TCK-2026-00677,2026-11-04,2026-11,Semarang,Voice,Intermittent Connection,High,Closed,33,241,,SMB,true,3.3
TCK-2026-00686,2026-11-04,2026-11,Semarang,Enterprise VPN,Slow Connection,High,Closed,57,185,,SMB,false,1.6
TCK-2026-00743,2026-11-04,2026-11,Medan,IPTV,Internet Down,Low,Resolved,134,942,,Residential,false,3.2
TCK-2026-01097,2026-11-04,2026-11,Balikpapan,IPTV,Router ONT Issue,Medium,Open,56,,,Public Sector,false,
TCK-2026-01135,2026-11-04,2026-11,Palembang,IPTV,Installation Delay,High,Closed,69,180,,Enterprise,false,4.4
TCK-2026-01191,2026-11-04,2026-11,Makassar,Fiber Internet,Enterprise SLA Complaint,Medium,Resolved,125,429,,Residential,false,4.8
TCK-2026-01202,2026-11-04,2026-11,Surabaya,Fiber Internet,Billing Related,Medium,Closed,77,417,INC-2026-00407,Enterprise,false,5
TCK-2026-01214,2026-11-04,2026-11,Semarang,IPTV,Slow Connection,Low,Closed,131,949,INC-2026-02141,Residential,false,3.3
TCK-2026-01550,2026-11-04,2026-11,Balikpapan,Cloud Connectivity,Billing Related,Medium,Open,65,,,Residential,false,
TCK-2026-01579,2026-11-04,2026-11,Bandung,Voice,Slow Connection,Low,Closed,117,863,,Residential,false,4.3
TCK-2026-01584,2026-11-04,2026-11,Semarang,IPTV,Enterprise SLA Complaint,Medium,In Progress,85,,INC-2026-02141,SMB,false,
TCK-2026-01749,2026-11-04,2026-11,Palembang,Mobile Broadband,Internet Down,Medium,Open,72,,INC-2026-01703,Residential,false,
TCK-2026-02131,2026-11-04,2026-11,Semarang,Enterprise VPN,Slow Connection,Medium,Resolved,66,394,INC-2026-01144,Residential,false,3.0
TCK-2026-02448,2026-11-04,2026-11,Bandung,Mobile Broadband,Enterprise SLA Complaint,Low,In Progress,105,,INC-2026-01059,SMB,false,
TCK-2026-02564,2026-11-04,2026-11,Palembang,Mobile Broadband,Router ONT Issue,Medium,In Progress,74,,,Residential,false,
TCK-2026-03227,2026-11-04,2026-11,Jakarta,Voice,Slow Connection,Low,Open,116,,INC-2026-01876,Residential,false,
TCK-2026-03256,2026-11-04,2026-11,Denpasar,Voice,Enterprise SLA Complaint,Medium,Open,68,,INC-2026-00144,Residential,false,
TCK-2026-03394,2026-11-04,2026-11,Semarang,Enterprise VPN,Intermittent Connection,Medium,In Progress,108,,,Residential,false,
TCK-2026-03526,2026-11-04,2026-11,Semarang,Enterprise VPN,Slow Connection,Medium,In Progress,68,,INC-2026-01144,Residential,false,
TCK-2026-03546,2026-11-04,2026-11,Semarang,IPTV,Slow Connection,Low,Closed,125,1013,INC-2026-02141,Residential,false,4.4
TCK-2026-04080,2026-11-04,2026-11,Denpasar,Voice,Billing Related,Low,Closed,103,854,INC-2026-00144,Residential,false,3.9
TCK-2026-04418,2026-11-04,2026-11,Yogyakarta,IPTV,Installation Delay,Low,Closed,103,965,,Residential,false,3.8
TCK-2026-04552,2026-11-04,2026-11,Jakarta,Voice,Intermittent Connection,Medium,Waiting Customer,64,,INC-2026-01876,Residential,false,
TCK-2026-04928,2026-11-04,2026-11,Denpasar,Voice,Billing Related,High,In Progress,24,,INC-2026-00144,SMB,true,
TCK-2026-00033,2026-11-05,2026-11,Balikpapan,Cloud Connectivity,Router ONT Issue,High,Resolved,45,310,INC-2026-00671,Residential,false,3.5
TCK-2026-00256,2026-11-05,2026-11,Bandung,Enterprise VPN,Billing Related,Low,Resolved,124,764,INC-2026-00018,Residential,false,3.2
TCK-2026-00378,2026-11-05,2026-11,Yogyakarta,IPTV,Billing Related,High,Resolved,51,213,,Residential,true,3.7
TCK-2026-01483,2026-11-05,2026-11,Bandung,Enterprise VPN,Enterprise SLA Complaint,Medium,Closed,83,509,INC-2026-00018,Residential,true,3.6
TCK-2026-03007,2026-11-05,2026-11,Surabaya,Fiber Internet,Internet Down,Low,Open,116,,,Residential,true,
TCK-2026-03206,2026-11-05,2026-11,Palembang,Mobile Broadband,Intermittent Connection,Low,Waiting Customer,124,,INC-2026-00805,Residential,false,
TCK-2026-04150,2026-11-05,2026-11,Semarang,Voice,Internet Down,Medium,Open,51,,,SMB,false,
TCK-2026-04248,2026-11-05,2026-11,Yogyakarta,Cloud Connectivity,Intermittent Connection,Medium,Waiting Customer,72,,,Residential,false,
TCK-2026-05110,2026-11-05,2026-11,Palembang,Mobile Broadband,Billing Related,High,Closed,3,333,INC-2026-00805,SMB,false,3.7
TCK-2026-00214,2026-11-06,2026-11,Surabaya,Mobile Broadband,Internet Down,High,Resolved,44,247,INC-2026-00357,Enterprise,false,3.4
TCK-2026-00380,2026-11-06,2026-11,Denpasar,Fiber Internet,Installation Delay,Low,Resolved,159,941,INC-2026-00498,Residential,false,3.5
TCK-2026-00657,2026-11-06,2026-11,Denpasar,Mobile Broadband,Installation Delay,High,Closed,20,152,,SMB,false,4.8
TCK-2026-00728,2026-11-06,2026-11,Bandung,Fiber Internet,Billing Related,Low,Open,74,,,SMB,false,
TCK-2026-01125,2026-11-06,2026-11,Surabaya,Mobile Broadband,Installation Delay,Low,Resolved,134,776,INC-2026-00357,Residential,false,3.6
TCK-2026-01663,2026-11-06,2026-11,Makassar,Enterprise VPN,Router ONT Issue,High,Resolved,41,200,,Public Sector,false,3.3
TCK-2026-02175,2026-11-06,2026-11,Surabaya,Mobile Broadband,Router ONT Issue,Medium,Waiting Customer,97,,INC-2026-00357,Residential,false,
TCK-2026-02314,2026-11-06,2026-11,Bandung,Mobile Broadband,Internet Down,Low,In Progress,111,,,SMB,false,
TCK-2026-03122,2026-11-06,2026-11,Palembang,Voice,Billing Related,Critical,Resolved,18,160,,Residential,false,3.0
TCK-2026-03154,2026-11-06,2026-11,Balikpapan,IPTV,Enterprise SLA Complaint,High,Waiting Customer,33,,,SMB,false,
TCK-2026-03433,2026-11-06,2026-11,Makassar,IPTV,Installation Delay,Low,Waiting Customer,115,,,SMB,false,
TCK-2026-03615,2026-11-06,2026-11,Palembang,Mobile Broadband,Billing Related,Medium,Resolved,78,462,INC-2026-01861,Residential,false,4.2
TCK-2026-00287,2026-11-07,2026-11,Semarang,Cloud Connectivity,Installation Delay,High,Resolved,25,167,,SMB,false,3.8
TCK-2026-00370,2026-11-07,2026-11,Denpasar,Fiber Internet,Slow Connection,Medium,Open,89,,INC-2026-01384,Public Sector,false,
TCK-2026-00814,2026-11-07,2026-11,Denpasar,Enterprise VPN,Enterprise SLA Complaint,Low,Waiting Customer,111,,INC-2026-00004,Residential,false,
TCK-2026-01134,2026-11-07,2026-11,Palembang,IPTV,Internet Down,Low,Closed,124,925,,SMB,false,3.3
TCK-2026-01162,2026-11-07,2026-11,Makassar,Voice,Internet Down,Low,Resolved,114,893,,Residential,false,4.3
TCK-2026-01221,2026-11-07,2026-11,Medan,Mobile Broadband,Enterprise SLA Complaint,Medium,Resolved,89,595,,Residential,false,4.5
TCK-2026-01740,2026-11-07,2026-11,Yogyakarta,IPTV,Enterprise SLA Complaint,Low,Closed,113,984,,Residential,false,4.1
TCK-2026-02012,2026-11-07,2026-11,Bandung,Fiber Internet,Slow Connection,High,Closed,56,118,,SMB,false,3.5
TCK-2026-02393,2026-11-07,2026-11,Balikpapan,Cloud Connectivity,Enterprise SLA Complaint,Medium,Resolved,75,431,,SMB,false,4.3
TCK-2026-02552,2026-11-07,2026-11,Yogyakarta,Mobile Broadband,Billing Related,Low,Closed,123,821,,Residential,false,3.8
TCK-2026-02738,2026-11-07,2026-11,Makassar,Voice,Enterprise SLA Complaint,Low,Resolved,119,856,INC-2026-01871,Residential,false,4.6
TCK-2026-03013,2026-11-07,2026-11,Jakarta,Cloud Connectivity,Internet Down,High,In Progress,2,,INC-2026-01859,Residential,false,
TCK-2026-03512,2026-11-07,2026-11,Surabaya,Mobile Broadband,Intermittent Connection,Critical,Resolved,13,13,,Residential,false,3.5
TCK-2026-03576,2026-11-07,2026-11,Medan,IPTV,Intermittent Connection,Low,Resolved,131,914,INC-2026-00218,Residential,false,4.1
TCK-2026-03783,2026-11-07,2026-11,Surabaya,Fiber Internet,Router ONT Issue,Medium,Resolved,88,554,,Residential,false,4.7
TCK-2026-04334,2026-11-07,2026-11,Surabaya,Voice,Internet Down,High,Resolved,36,361,,Residential,false,2.1
TCK-2026-04467,2026-11-07,2026-11,Balikpapan,IPTV,Billing Related,Low,Closed,109,925,,Residential,false,4.5
TCK-2026-04641,2026-11-07,2026-11,Denpasar,Enterprise VPN,Internet Down,Critical,Closed,15,88,INC-2026-00004,Public Sector,false,4.0
TCK-2026-04817,2026-11-07,2026-11,Denpasar,Fiber Internet,Router ONT Issue,High,Resolved,19,302,INC-2026-01384,Residential,false,4.3
TCK-2026-04977,2026-11-07,2026-11,Denpasar,IPTV,Installation Delay,Low,In Progress,83,,,Residential,false,
TCK-2026-05260,2026-11-07,2026-11,Surabaya,Voice,Slow Connection,Low,Resolved,113,947,,Residential,false,3.2
TCK-2026-00084,2026-11-08,2026-11,Palembang,Cloud Connectivity,Intermittent Connection,Low,Closed,155,831,,Enterprise,false,4.1
TCK-2026-00295,2026-11-08,2026-11,Palembang,IPTV,Slow Connection,Medium,Closed,90,435,,Residential,false,3.2
TCK-2026-00333,2026-11-08,2026-11,Yogyakarta,Enterprise VPN,Enterprise SLA Complaint,High,Closed,19,272,,SMB,false,3.0
TCK-2026-00625,2026-11-08,2026-11,Medan,Enterprise VPN,Intermittent Connection,Low,Open,114,,,Residential,false,
TCK-2026-01018,2026-11-08,2026-11,Denpasar,Enterprise VPN,Installation Delay,High,Open,39,,INC-2026-01682,SMB,false,
TCK-2026-01037,2026-11-08,2026-11,Surabaya,Voice,Enterprise SLA Complaint,High,Resolved,65,273,,SMB,false,2.5
TCK-2026-01219,2026-11-08,2026-11,Yogyakarta,Fiber Internet,Enterprise SLA Complaint,High,Closed,28,245,,Residential,true,2.9
TCK-2026-01852,2026-11-08,2026-11,Makassar,IPTV,Enterprise SLA Complaint,High,Closed,24,265,,SMB,false,2.8
TCK-2026-02118,2026-11-08,2026-11,Medan,Fiber Internet,Installation Delay,Low,Closed,94,878,,Enterprise,false,3.6
TCK-2026-03570,2026-11-08,2026-11,Bandung,Cloud Connectivity,Slow Connection,Medium,Closed,88,480,,SMB,false,3.9
TCK-2026-03773,2026-11-08,2026-11,Yogyakarta,Voice,Router ONT Issue,Medium,Resolved,64,424,,Residential,false,3.6
TCK-2026-04910,2026-11-08,2026-11,Bandung,Cloud Connectivity,Router ONT Issue,Medium,Closed,33,557,,Residential,false,3.5
TCK-2026-00095,2026-11-09,2026-11,Yogyakarta,IPTV,Installation Delay,Medium,In Progress,110,,,Residential,true,
TCK-2026-01177,2026-11-09,2026-11,Palembang,Mobile Broadband,Router ONT Issue,Medium,Resolved,56,532,,Enterprise,false,4.2
TCK-2026-02112,2026-11-09,2026-11,Makassar,IPTV,Internet Down,Medium,Closed,100,439,,Residential,false,4.6
TCK-2026-02311,2026-11-09,2026-11,Medan,Cloud Connectivity,Intermittent Connection,Medium,In Progress,70,,,Residential,false,
TCK-2026-03448,2026-11-09,2026-11,Denpasar,Mobile Broadband,Slow Connection,Medium,Closed,107,631,,SMB,false,4.4
TCK-2026-03775,2026-11-09,2026-11,Denpasar,Cloud Connectivity,Intermittent Connection,Medium,Resolved,43,468,,Residential,false,3.5
TCK-2026-04140,2026-11-09,2026-11,Palembang,Enterprise VPN,Intermittent Connection,Low,Waiting Customer,128,,,SMB,false,
TCK-2026-05300,2026-11-09,2026-11,Surabaya,Fiber Internet,Intermittent Connection,Critical,Resolved,17,247,,Residential,false,4.6
TCK-2026-00636,2026-11-10,2026-11,Medan,Cloud Connectivity,Billing Related,Low,Resolved,114,959,,Enterprise,false,4.2
TCK-2026-00804,2026-11-10,2026-11,Palembang,Fiber Internet,Installation Delay,Critical,Closed,7,168,,SMB,false,3.5
TCK-2026-01568,2026-11-10,2026-11,Denpasar,IPTV,Installation Delay,Low,In Progress,128,,,Residential,false,
TCK-2026-02431,2026-11-10,2026-11,Makassar,Voice,Router ONT Issue,Low,Resolved,85,864,INC-2026-00295,Residential,false,5
TCK-2026-03939,2026-11-10,2026-11,Semarang,Fiber Internet,Router ONT Issue,High,Closed,66,197,,Residential,false,3.0
TCK-2026-04837,2026-11-10,2026-11,Medan,IPTV,Internet Down,High,Open,30,,INC-2026-00113,SMB,false,
TCK-2026-05304,2026-11-10,2026-11,Semarang,Fiber Internet,Intermittent Connection,Low,Closed,127,990,,Residential,false,4.3
TCK-2026-00202,2026-11-11,2026-11,Surabaya,Fiber Internet,Enterprise SLA Complaint,High,In Progress,29,,,Residential,true,
TCK-2026-00410,2026-11-11,2026-11,Surabaya,Cloud Connectivity,Installation Delay,Low,Open,95,,,SMB,false,
TCK-2026-00776,2026-11-11,2026-11,Surabaya,Cloud Connectivity,Billing Related,Low,Closed,105,801,INC-2026-00250,Residential,true,3.6
TCK-2026-00825,2026-11-11,2026-11,Surabaya,Cloud Connectivity,Intermittent Connection,Low,Resolved,150,908,INC-2026-00250,Public Sector,false,4.1
TCK-2026-00948,2026-11-11,2026-11,Medan,Voice,Billing Related,Low,Resolved,92,1033,,Residential,false,5
TCK-2026-01763,2026-11-11,2026-11,Yogyakarta,Mobile Broadband,Enterprise SLA Complaint,Medium,Closed,74,504,,Residential,false,3.3
TCK-2026-01838,2026-11-11,2026-11,Jakarta,Enterprise VPN,Enterprise SLA Complaint,Medium,Closed,63,509,,Enterprise,false,4.5
TCK-2026-01913,2026-11-11,2026-11,Palembang,IPTV,Internet Down,Medium,In Progress,60,,INC-2026-00358,Public Sector,false,
TCK-2026-02358,2026-11-11,2026-11,Palembang,IPTV,Billing Related,High,Resolved,30,181,INC-2026-00571,Enterprise,false,2.7
TCK-2026-03549,2026-11-11,2026-11,Palembang,IPTV,Internet Down,High,Waiting Customer,52,,INC-2026-01771,Enterprise,false,
TCK-2026-03876,2026-11-11,2026-11,Palembang,Cloud Connectivity,Router ONT Issue,Low,Open,99,,,SMB,false,
TCK-2026-04380,2026-11-11,2026-11,Yogyakarta,IPTV,Intermittent Connection,Low,Resolved,126,943,,SMB,false,3.0
TCK-2026-04889,2026-11-11,2026-11,Denpasar,Enterprise VPN,Enterprise SLA Complaint,Low,Resolved,130,794,,Residential,false,4.7
TCK-2026-05265,2026-11-11,2026-11,Surabaya,Cloud Connectivity,Internet Down,Low,Open,113,,INC-2026-00250,Residential,false,
TCK-2026-00121,2026-11-12,2026-11,Denpasar,Voice,Enterprise SLA Complaint,High,Resolved,35,84,INC-2026-00197,Residential,false,3.8
TCK-2026-00394,2026-11-12,2026-11,Bandung,Enterprise VPN,Router ONT Issue,Medium,Resolved,96,334,,Public Sector,false,4.0
TCK-2026-00635,2026-11-12,2026-11,Bandung,Cloud Connectivity,Enterprise SLA Complaint,High,Closed,42,183,,SMB,false,3.2
TCK-2026-01170,2026-11-12,2026-11,Palembang,Fiber Internet,Intermittent Connection,High,Waiting Customer,37,,,Residential,false,
TCK-2026-01543,2026-11-12,2026-11,Yogyakarta,Fiber Internet,Router ONT Issue,Medium,Resolved,56,574,,Residential,false,3.5
TCK-2026-02172,2026-11-12,2026-11,Jakarta,Fiber Internet,Billing Related,Low,Resolved,129,864,,SMB,false,5
TCK-2026-02330,2026-11-12,2026-11,Palembang,Mobile Broadband,Internet Down,High,Resolved,53,250,,Residential,false,4.7
TCK-2026-03888,2026-11-12,2026-11,Semarang,Mobile Broadband,Installation Delay,High,Open,38,,,Residential,false,
TCK-2026-04413,2026-11-12,2026-11,Jakarta,Voice,Internet Down,Low,Closed,162,1043,INC-2026-02119,SMB,true,2.7
TCK-2026-04463,2026-11-12,2026-11,Balikpapan,Fiber Internet,Billing Related,Medium,Resolved,77,436,,Residential,false,4.0
TCK-2026-04550,2026-11-12,2026-11,Denpasar,Voice,Slow Connection,Medium,Resolved,44,548,INC-2026-00197,Residential,false,3.3
TCK-2026-04679,2026-11-12,2026-11,Denpasar,Voice,Slow Connection,Low,In Progress,156,,INC-2026-00197,SMB,false,
TCK-2026-04693,2026-11-12,2026-11,Medan,Enterprise VPN,Installation Delay,Low,Resolved,110,990,,Residential,false,4.8
TCK-2026-04876,2026-11-12,2026-11,Semarang,Fiber Internet,Enterprise SLA Complaint,Medium,Closed,82,440,,Public Sector,false,4.0
TCK-2026-00541,2026-11-13,2026-11,Bandung,IPTV,Enterprise SLA Complaint,High,Closed,50,237,,Enterprise,false,2.6
TCK-2026-01692,2026-11-13,2026-11,Palembang,IPTV,Billing Related,Low,Open,160,,INC-2026-00779,Residential,false,
TCK-2026-02281,2026-11-13,2026-11,Medan,Mobile Broadband,Installation Delay,Medium,Waiting Customer,74,,,Residential,false,
TCK-2026-02503,2026-11-13,2026-11,Medan,Voice,Slow Connection,Medium,Closed,103,439,,Residential,false,4.7
TCK-2026-02533,2026-11-13,2026-11,Palembang,Mobile Broadband,Intermittent Connection,Medium,Resolved,121,511,,Residential,false,2.8
TCK-2026-03253,2026-11-13,2026-11,Makassar,Enterprise VPN,Installation Delay,Low,Resolved,106,921,,SMB,false,3.5
TCK-2026-04399,2026-11-13,2026-11,Surabaya,IPTV,Router ONT Issue,Medium,In Progress,74,,,SMB,true,
TCK-2026-04644,2026-11-13,2026-11,Surabaya,Enterprise VPN,Router ONT Issue,High,Closed,24,245,,Residential,false,4.1
TCK-2026-04657,2026-11-13,2026-11,Balikpapan,Mobile Broadband,Intermittent Connection,Low,Resolved,111,851,INC-2026-02063,Residential,false,3.6
TCK-2026-00073,2026-11-14,2026-11,Semarang,Fiber Internet,Installation Delay,Medium,Waiting Customer,39,,INC-2026-01498,SMB,false,
TCK-2026-00289,2026-11-14,2026-11,Bandung,Cloud Connectivity,Billing Related,Medium,In Progress,79,,,Residential,false,
TCK-2026-01613,2026-11-14,2026-11,Yogyakarta,Mobile Broadband,Installation Delay,Low,Open,132,,,Residential,false,
TCK-2026-02168,2026-11-14,2026-11,Surabaya,Enterprise VPN,Router ONT Issue,Medium,Closed,83,488,,SMB,false,4.5
TCK-2026-02372,2026-11-14,2026-11,Denpasar,Fiber Internet,Router ONT Issue,Medium,Resolved,69,530,,Residential,false,4.1
TCK-2026-02722,2026-11-14,2026-11,Medan,Enterprise VPN,Intermittent Connection,Medium,Resolved,83,600,,Residential,false,5
TCK-2026-03364,2026-11-14,2026-11,Palembang,Mobile Broadband,Enterprise SLA Complaint,Low,In Progress,122,,,Residential,false,
TCK-2026-03374,2026-11-14,2026-11,Balikpapan,Voice,Router ONT Issue,Medium,Closed,56,438,INC-2026-01085,Enterprise,false,4.6
TCK-2026-03376,2026-11-14,2026-11,Jakarta,Voice,Slow Connection,Medium,In Progress,90,,,Residential,false,
TCK-2026-03786,2026-11-14,2026-11,Denpasar,Mobile Broadband,Router ONT Issue,Critical,Waiting Customer,13,,,Residential,false,
TCK-2026-03887,2026-11-14,2026-11,Surabaya,IPTV,Installation Delay,Medium,Closed,75,492,INC-2026-01807,Residential,false,4.1
TCK-2026-04333,2026-11-14,2026-11,Denpasar,Mobile Broadband,Intermittent Connection,High,Resolved,17,283,,Enterprise,false,2.0
TCK-2026-04512,2026-11-14,2026-11,Semarang,Fiber Internet,Intermittent Connection,Medium,Waiting Customer,79,,INC-2026-01498,Public Sector,false,
TCK-2026-04545,2026-11-14,2026-11,Surabaya,IPTV,Intermittent Connection,Low,Resolved,126,884,INC-2026-01807,Residential,false,3.8
TCK-2026-04566,2026-11-14,2026-11,Palembang,Fiber Internet,Installation Delay,Medium,Closed,105,451,INC-2026-00502,Public Sector,false,4.2
TCK-2026-04597,2026-11-14,2026-11,Jakarta,Cloud Connectivity,Internet Down,Low,Resolved,134,922,INC-2026-01873,SMB,false,3.1
TCK-2026-04966,2026-11-14,2026-11,Bandung,Enterprise VPN,Installation Delay,Low,In Progress,170,,INC-2026-00590,SMB,false,
TCK-2026-05227,2026-11-14,2026-11,Yogyakarta,Cloud Connectivity,Router ONT Issue,Medium,Closed,76,441,INC-2026-00038,SMB,false,3.5
TCK-2026-05394,2026-11-14,2026-11,Palembang,Fiber Internet,Billing Related,High,In Progress,63,,INC-2026-00502,SMB,false,
TCK-2026-01132,2026-11-15,2026-11,Jakarta,Cloud Connectivity,Slow Connection,Medium,Resolved,74,514,INC-2026-01292,Residential,false,3.7
TCK-2026-01513,2026-11-15,2026-11,Balikpapan,Mobile Broadband,Internet Down,Low,Waiting Customer,108,,,Enterprise,false,
TCK-2026-02076,2026-11-15,2026-11,Denpasar,Mobile Broadband,Slow Connection,Medium,Closed,59,418,INC-2026-00336,Enterprise,false,4.7
TCK-2026-02257,2026-11-15,2026-11,Makassar,Cloud Connectivity,Installation Delay,Low,Closed,102,871,,Residential,false,4.7
TCK-2026-02950,2026-11-15,2026-11,Bandung,Voice,Internet Down,Low,In Progress,114,,,SMB,false,
TCK-2026-03536,2026-11-15,2026-11,Bandung,Voice,Enterprise SLA Complaint,High,Waiting Customer,52,,,Enterprise,false,
TCK-2026-03542,2026-11-15,2026-11,Denpasar,Enterprise VPN,Enterprise SLA Complaint,Medium,Closed,76,357,,Enterprise,false,4.0
TCK-2026-03785,2026-11-15,2026-11,Jakarta,Cloud Connectivity,Router ONT Issue,Low,Resolved,111,894,INC-2026-01292,Residential,false,5
TCK-2026-04101,2026-11-15,2026-11,Denpasar,Mobile Broadband,Enterprise SLA Complaint,High,Resolved,52,121,INC-2026-00336,Residential,false,4.0
TCK-2026-04472,2026-11-15,2026-11,Bandung,Fiber Internet,Intermittent Connection,Medium,Resolved,91,398,,Enterprise,false,2.8
TCK-2026-00015,2026-11-16,2026-11,Medan,Cloud Connectivity,Internet Down,High,In Progress,50,,,Residential,false,
TCK-2026-00504,2026-11-16,2026-11,Balikpapan,Fiber Internet,Billing Related,Low,In Progress,128,,INC-2026-01427,Residential,false,
TCK-2026-00902,2026-11-16,2026-11,Denpasar,Fiber Internet,Slow Connection,Medium,Closed,53,675,INC-2026-00782,Residential,false,2.7
TCK-2026-01020,2026-11-16,2026-11,Bandung,Enterprise VPN,Slow Connection,Low,Resolved,112,1009,INC-2026-00608,Residential,false,3.2
TCK-2026-01030,2026-11-16,2026-11,Semarang,Enterprise VPN,Router ONT Issue,Critical,In Progress,31,,INC-2026-00450,Residential,false,
TCK-2026-01225,2026-11-16,2026-11,Semarang,Fiber Internet,Intermittent Connection,Low,Waiting Customer,123,,,Residential,true,
TCK-2026-01436,2026-11-16,2026-11,Balikpapan,Fiber Internet,Billing Related,Medium,Open,75,,INC-2026-01427,Residential,false,
TCK-2026-01670,2026-11-16,2026-11,Balikpapan,Cloud Connectivity,Router ONT Issue,High,In Progress,2,,,Residential,false,
TCK-2026-01851,2026-11-16,2026-11,Palembang,Mobile Broadband,Router ONT Issue,Medium,Open,49,,,Residential,false,
TCK-2026-02170,2026-11-16,2026-11,Makassar,Cloud Connectivity,Installation Delay,High,Resolved,41,237,,SMB,false,3.0
TCK-2026-02273,2026-11-16,2026-11,Bandung,Fiber Internet,Slow Connection,Medium,Resolved,99,490,,Residential,false,5
TCK-2026-02726,2026-11-16,2026-11,Medan,IPTV,Billing Related,Low,Resolved,122,1028,,Residential,false,4.1
TCK-2026-03239,2026-11-16,2026-11,Balikpapan,Cloud Connectivity,Enterprise SLA Complaint,Low,Closed,126,918,INC-2026-00327,Residential,true,4.6
TCK-2026-03271,2026-11-16,2026-11,Palembang,Mobile Broadband,Installation Delay,Medium,Resolved,80,417,INC-2026-00193,Residential,false,3.2
TCK-2026-03782,2026-11-16,2026-11,Surabaya,Enterprise VPN,Billing Related,Low,Resolved,122,948,,Residential,false,3.1
TCK-2026-03801,2026-11-16,2026-11,Palembang,Cloud Connectivity,Slow Connection,Medium,Waiting Customer,93,,,Residential,false,
TCK-2026-04160,2026-11-16,2026-11,Balikpapan,Cloud Connectivity,Enterprise SLA Complaint,Low,Open,98,,INC-2026-00327,Residential,false,
TCK-2026-04242,2026-11-16,2026-11,Semarang,Cloud Connectivity,Installation Delay,Medium,Resolved,78,477,INC-2026-00668,Enterprise,false,4.3
TCK-2026-05326,2026-11-16,2026-11,Palembang,Mobile Broadband,Slow Connection,High,Resolved,78,167,INC-2026-00193,Residential,true,3.9
TCK-2026-00427,2026-11-17,2026-11,Yogyakarta,Fiber Internet,Router ONT Issue,Medium,In Progress,55,,INC-2026-00444,Residential,false,
TCK-2026-00532,2026-11-17,2026-11,Yogyakarta,Fiber Internet,Slow Connection,Medium,Resolved,34,570,INC-2026-00444,Enterprise,false,4.8
TCK-2026-00754,2026-11-17,2026-11,Bandung,Enterprise VPN,Billing Related,High,Resolved,7,315,INC-2026-00234,Enterprise,false,4.0
TCK-2026-00994,2026-11-17,2026-11,Surabaya,Mobile Broadband,Router ONT Issue,Medium,Closed,76,591,INC-2026-00290,Residential,false,3.9
TCK-2026-01254,2026-11-17,2026-11,Makassar,Fiber Internet,Router ONT Issue,Medium,Resolved,98,616,,Residential,false,2.4
TCK-2026-01388,2026-11-17,2026-11,Medan,Cloud Connectivity,Enterprise SLA Complaint,High,Waiting Customer,10,,,SMB,false,
TCK-2026-01546,2026-11-17,2026-11,Yogyakarta,Fiber Internet,Intermittent Connection,Medium,In Progress,70,,,SMB,false,
TCK-2026-01731,2026-11-17,2026-11,Balikpapan,Voice,Enterprise SLA Complaint,Medium,Closed,78,479,,SMB,false,3.8
TCK-2026-01750,2026-11-17,2026-11,Balikpapan,Mobile Broadband,Slow Connection,Low,Resolved,129,922,INC-2026-00213,Residential,false,3.2
TCK-2026-02042,2026-11-17,2026-11,Makassar,Cloud Connectivity,Enterprise SLA Complaint,High,In Progress,57,,,Enterprise,false,
TCK-2026-03000,2026-11-17,2026-11,Balikpapan,Voice,Intermittent Connection,Medium,Closed,55,505,,Residential,false,4.3
TCK-2026-04008,2026-11-17,2026-11,Surabaya,IPTV,Slow Connection,Medium,Open,88,,INC-2026-00639,Enterprise,true,
TCK-2026-04015,2026-11-17,2026-11,Balikpapan,Mobile Broadband,Internet Down,Medium,Closed,72,426,,Enterprise,false,3.4
TCK-2026-00040,2026-11-18,2026-11,Medan,Enterprise VPN,Billing Related,Medium,Waiting Customer,89,,,Residential,false,
TCK-2026-00451,2026-11-18,2026-11,Semarang,Mobile Broadband,Slow Connection,Medium,Resolved,78,553,INC-2026-02152,Residential,false,5
TCK-2026-01090,2026-11-18,2026-11,Palembang,Mobile Broadband,Billing Related,Medium,Open,83,,INC-2026-01073,Enterprise,false,
TCK-2026-01288,2026-11-18,2026-11,Palembang,Cloud Connectivity,Slow Connection,High,Waiting Customer,25,,,SMB,false,
TCK-2026-01319,2026-11-18,2026-11,Jakarta,Voice,Internet Down,High,In Progress,2,,,Residential,false,
TCK-2026-01566,2026-11-18,2026-11,Yogyakarta,IPTV,Router ONT Issue,High,Resolved,44,115,INC-2026-00550,Public Sector,true,3.6
TCK-2026-02524,2026-11-18,2026-11,Semarang,Voice,Internet Down,Low,Closed,113,881,,Residential,false,3.7
TCK-2026-02771,2026-11-18,2026-11,Surabaya,Cloud Connectivity,Router ONT Issue,Medium,Open,105,,,SMB,false,
TCK-2026-02843,2026-11-18,2026-11,Jakarta,Mobile Broadband,Installation Delay,Medium,Closed,59,409,INC-2026-00635,Residential,false,4.2
TCK-2026-02862,2026-11-18,2026-11,Makassar,Enterprise VPN,Router ONT Issue,High,Resolved,8,248,,Residential,false,3.0
TCK-2026-03150,2026-11-18,2026-11,Makassar,IPTV,Enterprise SLA Complaint,Low,Open,109,,INC-2026-01279,Public Sector,false,
TCK-2026-03592,2026-11-18,2026-11,Bandung,IPTV,Internet Down,Low,Resolved,140,1003,,Residential,false,5
TCK-2026-03636,2026-11-18,2026-11,Jakarta,Mobile Broadband,Billing Related,Low,Resolved,124,1023,INC-2026-00635,SMB,false,3.7
TCK-2026-03800,2026-11-18,2026-11,Semarang,Fiber Internet,Enterprise SLA Complaint,High,Closed,26,131,INC-2026-01076,Residential,false,4.2
TCK-2026-04526,2026-11-18,2026-11,Jakarta,Cloud Connectivity,Router ONT Issue,Medium,Resolved,68,450,INC-2026-02079,Enterprise,false,3.2
TCK-2026-04916,2026-11-18,2026-11,Semarang,Mobile Broadband,Billing Related,Medium,Resolved,37,389,INC-2026-02152,Residential,false,3.5
TCK-2026-05225,2026-11-18,2026-11,Palembang,IPTV,Slow Connection,Low,Waiting Customer,114,,,Residential,false,
TCK-2026-00344,2026-11-19,2026-11,Yogyakarta,IPTV,Slow Connection,Low,Open,112,,,SMB,false,
TCK-2026-01445,2026-11-19,2026-11,Bandung,Fiber Internet,Billing Related,Low,Open,106,,INC-2026-00128,Residential,false,
TCK-2026-02021,2026-11-19,2026-11,Jakarta,Fiber Internet,Internet Down,Low,Waiting Customer,169,,,Residential,false,
TCK-2026-02777,2026-11-19,2026-11,Makassar,IPTV,Intermittent Connection,Medium,Open,74,,,Residential,false,
TCK-2026-03184,2026-11-19,2026-11,Bandung,Fiber Internet,Internet Down,Medium,Waiting Customer,63,,INC-2026-00128,Residential,false,
TCK-2026-03431,2026-11-19,2026-11,Semarang,Enterprise VPN,Router ONT Issue,Low,In Progress,149,,INC-2026-01866,Residential,false,
TCK-2026-03586,2026-11-19,2026-11,Denpasar,Voice,Router ONT Issue,Medium,Waiting Customer,84,,,Residential,false,
TCK-2026-03699,2026-11-19,2026-11,Bandung,Mobile Broadband,Installation Delay,Critical,Open,2,,,Residential,false,
TCK-2026-03877,2026-11-19,2026-11,Surabaya,Mobile Broadband,Intermittent Connection,High,Resolved,29,166,,Residential,false,4.6
TCK-2026-04159,2026-11-19,2026-11,Semarang,IPTV,Intermittent Connection,Medium,Resolved,126,491,,Residential,false,4.3
TCK-2026-04231,2026-11-19,2026-11,Medan,IPTV,Installation Delay,Low,In Progress,140,,INC-2026-01304,Residential,false,
TCK-2026-04809,2026-11-19,2026-11,Makassar,Voice,Router ONT Issue,Low,Open,114,,,SMB,false,
TCK-2026-05044,2026-11-19,2026-11,Semarang,Enterprise VPN,Billing Related,Medium,Closed,71,447,INC-2026-01866,Residential,false,2.2
TCK-2026-00196,2026-11-20,2026-11,Denpasar,Fiber Internet,Enterprise SLA Complaint,Medium,Open,47,,INC-2026-00132,Residential,false,
TCK-2026-00347,2026-11-20,2026-11,Medan,Voice,Installation Delay,Medium,Closed,79,386,,Residential,false,4.4
TCK-2026-00837,2026-11-20,2026-11,Jakarta,Mobile Broadband,Installation Delay,Medium,Closed,60,404,INC-2026-00465,Enterprise,true,4.4
TCK-2026-02670,2026-11-20,2026-11,Balikpapan,Enterprise VPN,Internet Down,Low,Resolved,118,821,INC-2026-00137,Residential,false,3.7
TCK-2026-02691,2026-11-20,2026-11,Yogyakarta,IPTV,Internet Down,High,Waiting Customer,16,,INC-2026-01130,Residential,false,
TCK-2026-02918,2026-11-20,2026-11,Jakarta,Mobile Broadband,Enterprise SLA Complaint,High,In Progress,24,,,Residential,false,
TCK-2026-03193,2026-11-20,2026-11,Bandung,Enterprise VPN,Internet Down,Critical,Resolved,15,130,INC-2026-02143,SMB,false,2.9
TCK-2026-03947,2026-11-20,2026-11,Surabaya,Enterprise VPN,Intermittent Connection,Medium,Resolved,93,512,,Residential,false,4.1
TCK-2026-04275,2026-11-20,2026-11,Yogyakarta,Mobile Broadband,Enterprise SLA Complaint,Medium,Waiting Customer,74,,,Residential,false,
TCK-2026-04313,2026-11-20,2026-11,Medan,Voice,Slow Connection,High,Resolved,26,245,INC-2026-01661,SMB,false,3.6
TCK-2026-04557,2026-11-20,2026-11,Surabaya,Fiber Internet,Router ONT Issue,Low,In Progress,144,,,Enterprise,false,
TCK-2026-04633,2026-11-20,2026-11,Denpasar,Voice,Enterprise SLA Complaint,Low,Resolved,132,930,,Residential,false,5
TCK-2026-05241,2026-11-20,2026-11,Balikpapan,Enterprise VPN,Intermittent Connection,High,Closed,58,160,INC-2026-00137,SMB,false,4.4
TCK-2026-00284,2026-11-21,2026-11,Yogyakarta,IPTV,Installation Delay,High,Open,23,,,SMB,false,
TCK-2026-00790,2026-11-21,2026-11,Balikpapan,Voice,Installation Delay,Low,Resolved,119,1080,,Enterprise,true,3.2
TCK-2026-00907,2026-11-21,2026-11,Semarang,Cloud Connectivity,Intermittent Connection,Medium,Waiting Customer,74,,INC-2026-01159,Residential,false,
TCK-2026-01121,2026-11-21,2026-11,Semarang,Fiber Internet,Internet Down,Medium,Resolved,69,456,,Enterprise,false,3.7
TCK-2026-01290,2026-11-21,2026-11,Semarang,IPTV,Internet Down,High,Closed,8,408,,Residential,false,3.2
TCK-2026-01365,2026-11-21,2026-11,Yogyakarta,Fiber Internet,Billing Related,Critical,Resolved,54,54,,Residential,false,3.7
TCK-2026-01734,2026-11-21,2026-11,Denpasar,Cloud Connectivity,Router ONT Issue,Low,Resolved,125,933,INC-2026-00110,Public Sector,false,3.8
TCK-2026-04029,2026-11-21,2026-11,Denpasar,Cloud Connectivity,Enterprise SLA Complaint,Critical,Closed,2,135,INC-2026-00110,Enterprise,true,4.1
TCK-2026-04624,2026-11-21,2026-11,Makassar,Fiber Internet,Intermittent Connection,Low,Waiting Customer,84,,,Residential,false,
TCK-2026-00522,2026-11-22,2026-11,Makassar,Fiber Internet,Installation Delay,Low,In Progress,138,,INC-2026-00157,Residential,false,
TCK-2026-00533,2026-11-22,2026-11,Makassar,Voice,Intermittent Connection,Medium,In Progress,31,,INC-2026-01208,Residential,false,
TCK-2026-01015,2026-11-22,2026-11,Surabaya,Voice,Billing Related,Medium,Closed,93,460,,Enterprise,false,4.5
TCK-2026-01049,2026-11-22,2026-11,Surabaya,Mobile Broadband,Slow Connection,Medium,In Progress,73,,,Residential,false,
TCK-2026-01551,2026-11-22,2026-11,Medan,Mobile Broadband,Enterprise SLA Complaint,Medium,Resolved,83,421,INC-2026-00902,Enterprise,false,5
TCK-2026-01564,2026-11-22,2026-11,Surabaya,Enterprise VPN,Router ONT Issue,Medium,Open,75,,,Residential,false,
TCK-2026-01574,2026-11-22,2026-11,Semarang,IPTV,Installation Delay,Low,Waiting Customer,136,,INC-2026-01428,Residential,false,
TCK-2026-01814,2026-11-22,2026-11,Palembang,IPTV,Intermittent Connection,Low,Closed,151,734,INC-2026-00198,Residential,false,3.7
TCK-2026-01876,2026-11-22,2026-11,Medan,Mobile Broadband,Internet Down,Medium,In Progress,89,,,SMB,false,
TCK-2026-02016,2026-11-22,2026-11,Palembang,IPTV,Installation Delay,Low,Waiting Customer,89,,INC-2026-00215,Enterprise,false,
TCK-2026-02050,2026-11-22,2026-11,Makassar,Fiber Internet,Installation Delay,High,Waiting Customer,20,,INC-2026-00157,SMB,false,
TCK-2026-02271,2026-11-22,2026-11,Jakarta,Enterprise VPN,Enterprise SLA Complaint,High,Resolved,58,236,,SMB,false,2.7
TCK-2026-02275,2026-11-22,2026-11,Medan,Enterprise VPN,Enterprise SLA Complaint,Medium,Closed,89,421,INC-2026-01025,Public Sector,false,3.4
TCK-2026-02447,2026-11-22,2026-11,Semarang,IPTV,Installation Delay,Low,Open,106,,INC-2026-01428,Enterprise,false,
TCK-2026-02936,2026-11-22,2026-11,Makassar,Fiber Internet,Intermittent Connection,Medium,Resolved,71,524,INC-2026-00517,Residential,false,3.8
TCK-2026-03304,2026-11-22,2026-11,Denpasar,Voice,Router ONT Issue,High,Closed,54,351,,Residential,false,4.4
TCK-2026-03451,2026-11-22,2026-11,Makassar,IPTV,Router ONT Issue,Medium,In Progress,68,,,Residential,false,
TCK-2026-03537,2026-11-22,2026-11,Jakarta,Voice,Slow Connection,Medium,Resolved,82,353,,Residential,false,4.2
TCK-2026-03651,2026-11-22,2026-11,Medan,Enterprise VPN,Router ONT Issue,Low,Resolved,114,888,INC-2026-01025,Residential,false,4.4
TCK-2026-03663,2026-11-22,2026-11,Bandung,Voice,Intermittent Connection,Low,In Progress,109,,INC-2026-00006,SMB,false,
TCK-2026-04040,2026-11-22,2026-11,Medan,Mobile Broadband,Billing Related,Medium,Open,82,,,Residential,false,
TCK-2026-04703,2026-11-22,2026-11,Denpasar,Cloud Connectivity,Internet Down,High,Closed,2,167,INC-2026-00801,Residential,false,3.8
TCK-2026-05273,2026-11-22,2026-11,Makassar,Voice,Slow Connection,High,Open,29,,INC-2026-00232,Residential,false,
TCK-2026-05365,2026-11-22,2026-11,Balikpapan,Mobile Broadband,Slow Connection,High,Resolved,22,292,INC-2026-00245,Enterprise,false,3.1
TCK-2026-00260,2026-11-23,2026-11,Yogyakarta,Voice,Billing Related,Medium,Open,84,,,Public Sector,false,
TCK-2026-00300,2026-11-23,2026-11,Denpasar,Fiber Internet,Router ONT Issue,Medium,Resolved,54,514,,Residential,false,3.8
TCK-2026-00438,2026-11-23,2026-11,Denpasar,Voice,Billing Related,Low,Open,123,,INC-2026-00913,SMB,false,
TCK-2026-00490,2026-11-23,2026-11,Makassar,Fiber Internet,Installation Delay,Low,Resolved,125,884,,SMB,false,4.6
TCK-2026-00599,2026-11-23,2026-11,Denpasar,Voice,Intermittent Connection,Critical,Resolved,19,40,INC-2026-00913,Enterprise,false,3.4
TCK-2026-00785,2026-11-23,2026-11,Balikpapan,Mobile Broadband,Slow Connection,Low,Closed,111,786,INC-2026-00323,SMB,false,4.9
TCK-2026-00805,2026-11-23,2026-11,Medan,Mobile Broadband,Intermittent Connection,Low,Open,132,,INC-2026-00237,Residential,false,
TCK-2026-01630,2026-11-23,2026-11,Makassar,Cloud Connectivity,Slow Connection,High,Closed,20,30,,Public Sector,false,3.5
TCK-2026-01632,2026-11-23,2026-11,Palembang,Mobile Broadband,Slow Connection,Medium,Closed,61,398,INC-2026-01827,Enterprise,false,4.8
TCK-2026-01685,2026-11-23,2026-11,Balikpapan,IPTV,Router ONT Issue,Medium,Waiting Customer,89,,INC-2026-02051,SMB,false,
TCK-2026-01973,2026-11-23,2026-11,Yogyakarta,Cloud Connectivity,Billing Related,Medium,Closed,64,379,INC-2026-01680,SMB,false,2.8
TCK-2026-02350,2026-11-23,2026-11,Medan,Voice,Internet Down,Critical,Closed,19,19,INC-2026-00050,SMB,false,4.0
TCK-2026-02522,2026-11-23,2026-11,Jakarta,Mobile Broadband,Router ONT Issue,High,Waiting Customer,33,,,SMB,false,
TCK-2026-02542,2026-11-23,2026-11,Medan,Voice,Installation Delay,Low,Closed,135,945,INC-2026-00050,Residential,false,3.6
TCK-2026-02883,2026-11-23,2026-11,Balikpapan,IPTV,Installation Delay,Low,In Progress,124,,INC-2026-02051,Residential,false,
TCK-2026-03197,2026-11-23,2026-11,Yogyakarta,Cloud Connectivity,Enterprise SLA Complaint,Medium,Resolved,67,379,INC-2026-01680,Residential,false,3.6
TCK-2026-03747,2026-11-23,2026-11,Surabaya,Mobile Broadband,Billing Related,Critical,Waiting Customer,12,,,Residential,false,
TCK-2026-04004,2026-11-23,2026-11,Bandung,Enterprise VPN,Internet Down,Low,Resolved,129,890,,SMB,false,4.4
TCK-2026-04125,2026-11-23,2026-11,Palembang,Mobile Broadband,Internet Down,High,Closed,26,100,,Residential,false,4.5
TCK-2026-04169,2026-11-23,2026-11,Medan,Voice,Enterprise SLA Complaint,High,Open,36,,,Enterprise,false,
TCK-2026-00340,2026-11-24,2026-11,Makassar,Enterprise VPN,Billing Related,High,Closed,27,249,INC-2026-01542,Enterprise,false,3.5
TCK-2026-01163,2026-11-24,2026-11,Jakarta,Voice,Slow Connection,Low,Resolved,93,887,,Residential,false,3.9
TCK-2026-01528,2026-11-24,2026-11,Medan,Voice,Enterprise SLA Complaint,High,In Progress,19,,,Residential,false,
TCK-2026-01590,2026-11-24,2026-11,Jakarta,IPTV,Internet Down,High,Closed,24,378,,Residential,false,4.1
TCK-2026-01783,2026-11-24,2026-11,Yogyakarta,Cloud Connectivity,Billing Related,Low,Resolved,121,786,INC-2026-01658,Residential,false,5
TCK-2026-01887,2026-11-24,2026-11,Palembang,Voice,Intermittent Connection,Medium,In Progress,50,,INC-2026-01946,Enterprise,false,
TCK-2026-02730,2026-11-24,2026-11,Palembang,Voice,Enterprise SLA Complaint,High,Waiting Customer,17,,INC-2026-01946,Residential,false,
TCK-2026-02763,2026-11-24,2026-11,Surabaya,Enterprise VPN,Internet Down,Low,Waiting Customer,109,,,Residential,false,
TCK-2026-02805,2026-11-24,2026-11,Balikpapan,Fiber Internet,Billing Related,Low,Closed,123,963,,Enterprise,false,4.4
TCK-2026-02833,2026-11-24,2026-11,Balikpapan,IPTV,Router ONT Issue,High,Resolved,2,275,INC-2026-01750,Residential,false,2.2
TCK-2026-02919,2026-11-24,2026-11,Makassar,Enterprise VPN,Intermittent Connection,Medium,Closed,74,406,INC-2026-01542,SMB,false,5
TCK-2026-03691,2026-11-24,2026-11,Makassar,Mobile Broadband,Slow Connection,Medium,Resolved,58,460,INC-2026-00998,SMB,false,4.7
TCK-2026-04018,2026-11-24,2026-11,Makassar,Mobile Broadband,Slow Connection,High,In Progress,73,,INC-2026-00998,Residential,false,
TCK-2026-04428,2026-11-24,2026-11,Yogyakarta,Cloud Connectivity,Intermittent Connection,Medium,Closed,71,466,INC-2026-01658,Enterprise,false,4.2
TCK-2026-04551,2026-11-24,2026-11,Makassar,Enterprise VPN,Enterprise SLA Complaint,Medium,Resolved,97,489,INC-2026-01542,Residential,false,3.1
TCK-2026-04627,2026-11-24,2026-11,Balikpapan,Voice,Slow Connection,Low,Resolved,102,950,,Residential,false,3.4
TCK-2026-05054,2026-11-24,2026-11,Semarang,Cloud Connectivity,Internet Down,Critical,Open,2,,,Residential,false,
TCK-2026-00011,2026-11-25,2026-11,Makassar,Voice,Intermittent Connection,Medium,Closed,122,598,,Residential,false,4.2
TCK-2026-00098,2026-11-25,2026-11,Makassar,Enterprise VPN,Router ONT Issue,High,Resolved,40,86,INC-2026-01331,Residential,false,3.2
TCK-2026-01276,2026-11-25,2026-11,Balikpapan,Enterprise VPN,Billing Related,Medium,In Progress,47,,,Residential,false,
TCK-2026-01344,2026-11-25,2026-11,Makassar,Enterprise VPN,Intermittent Connection,Critical,Resolved,26,324,INC-2026-01331,Residential,false,3.1
TCK-2026-01889,2026-11-25,2026-11,Bandung,Voice,Billing Related,Low,Waiting Customer,139,,,Residential,false,
TCK-2026-02397,2026-11-25,2026-11,Jakarta,Enterprise VPN,Slow Connection,High,Closed,68,338,,Enterprise,false,3.9
TCK-2026-02499,2026-11-25,2026-11,Yogyakarta,Mobile Broadband,Billing Related,Low,Resolved,179,947,,Enterprise,false,5
TCK-2026-02535,2026-11-25,2026-11,Surabaya,Fiber Internet,Router ONT Issue,Low,Resolved,128,839,,Residential,true,4.2
TCK-2026-02717,2026-11-25,2026-11,Makassar,Mobile Broadband,Installation Delay,Medium,Waiting Customer,55,,,Residential,false,
TCK-2026-03101,2026-11-25,2026-11,Denpasar,Cloud Connectivity,Billing Related,Medium,Closed,54,413,INC-2026-01466,Residential,true,4.9
TCK-2026-01246,2026-11-26,2026-11,Semarang,Fiber Internet,Slow Connection,Low,Closed,114,891,,Residential,false,4.3
TCK-2026-01364,2026-11-26,2026-11,Surabaya,Voice,Internet Down,Low,Resolved,91,943,,SMB,false,4.4
TCK-2026-01371,2026-11-26,2026-11,Bandung,Cloud Connectivity,Enterprise SLA Complaint,Medium,Closed,91,433,,Enterprise,false,3.4
TCK-2026-01723,2026-11-26,2026-11,Balikpapan,Voice,Billing Related,Medium,Resolved,87,515,INC-2026-01267,Residential,false,3.9
TCK-2026-01877,2026-11-26,2026-11,Jakarta,IPTV,Router ONT Issue,Medium,Closed,62,596,,Residential,false,4.5
TCK-2026-01908,2026-11-26,2026-11,Balikpapan,Fiber Internet,Installation Delay,Low,Waiting Customer,106,,,Residential,false,
TCK-2026-01979,2026-11-26,2026-11,Surabaya,Enterprise VPN,Router ONT Issue,Low,Closed,116,900,INC-2026-01916,Enterprise,false,3.7
TCK-2026-02799,2026-11-26,2026-11,Yogyakarta,Enterprise VPN,Slow Connection,Low,Open,116,,,Residential,false,
TCK-2026-03425,2026-11-26,2026-11,Bandung,Enterprise VPN,Internet Down,Medium,Open,68,,,Enterprise,false,
TCK-2026-03632,2026-11-26,2026-11,Makassar,Cloud Connectivity,Intermittent Connection,Medium,Resolved,80,417,,Residential,false,3.2
TCK-2026-04222,2026-11-26,2026-11,Palembang,Fiber Internet,Intermittent Connection,High,Resolved,24,166,,Residential,false,3.3
TCK-2026-04533,2026-11-26,2026-11,Medan,Voice,Intermittent Connection,High,Waiting Customer,29,,,Enterprise,false,
TCK-2026-00148,2026-11-27,2026-11,Jakarta,Mobile Broadband,Slow Connection,High,Resolved,25,139,,Enterprise,true,3.9
TCK-2026-00476,2026-11-27,2026-11,Denpasar,Fiber Internet,Intermittent Connection,Medium,In Progress,50,,,Residential,false,
TCK-2026-01935,2026-11-27,2026-11,Jakarta,Cloud Connectivity,Router ONT Issue,Medium,In Progress,60,,,Residential,false,
TCK-2026-02824,2026-11-27,2026-11,Jakarta,Enterprise VPN,Slow Connection,Medium,Open,58,,INC-2026-00535,Residential,false,
TCK-2026-03444,2026-11-27,2026-11,Surabaya,Fiber Internet,Router ONT Issue,Low,Resolved,101,959,,Residential,false,3.9
TCK-2026-03832,2026-11-27,2026-11,Bandung,Mobile Broadband,Enterprise SLA Complaint,Medium,Closed,68,435,,Residential,false,4.6
TCK-2026-05262,2026-11-27,2026-11,Bandung,Cloud Connectivity,Intermittent Connection,Medium,Closed,76,498,,Enterprise,false,5
TCK-2026-05275,2026-11-27,2026-11,Palembang,IPTV,Installation Delay,Low,Resolved,105,848,,Residential,false,3.9
TCK-2026-00550,2026-11-28,2026-11,Surabaya,Cloud Connectivity,Internet Down,Low,Resolved,138,935,INC-2026-01755,Residential,false,4.4
TCK-2026-00739,2026-11-28,2026-11,Balikpapan,Voice,Router ONT Issue,Medium,Resolved,82,549,INC-2026-00255,Residential,false,3.3
TCK-2026-00967,2026-11-28,2026-11,Makassar,Fiber Internet,Enterprise SLA Complaint,Low,Waiting Customer,96,,INC-2026-00672,SMB,false,
TCK-2026-01272,2026-11-28,2026-11,Makassar,Enterprise VPN,Enterprise SLA Complaint,Critical,Closed,2,54,INC-2026-00385,Enterprise,true,4.0
TCK-2026-01803,2026-11-28,2026-11,Denpasar,Cloud Connectivity,Slow Connection,Medium,Closed,63,437,,Public Sector,false,3.2
TCK-2026-01820,2026-11-28,2026-11,Jakarta,Enterprise VPN,Router ONT Issue,Low,Waiting Customer,117,,,Residential,true,
TCK-2026-02054,2026-11-28,2026-11,Jakarta,IPTV,Enterprise SLA Complaint,High,Waiting Customer,7,,INC-2026-00200,SMB,false,
TCK-2026-02262,2026-11-28,2026-11,Palembang,Fiber Internet,Enterprise SLA Complaint,Medium,Resolved,84,427,,SMB,false,4.0
TCK-2026-03398,2026-11-28,2026-11,Surabaya,Cloud Connectivity,Enterprise SLA Complaint,Medium,Resolved,73,374,INC-2026-01755,Residential,false,4.2
TCK-2026-03400,2026-11-28,2026-11,Jakarta,IPTV,Internet Down,Medium,Closed,107,487,,SMB,false,3.7
TCK-2026-03481,2026-11-28,2026-11,Palembang,IPTV,Internet Down,High,Resolved,50,131,INC-2026-00832,Residential,true,2.9
TCK-2026-03851,2026-11-28,2026-11,Makassar,Fiber Internet,Slow Connection,Low,Resolved,115,847,INC-2026-00672,Residential,true,4.4
TCK-2026-04175,2026-11-28,2026-11,Jakarta,Voice,Billing Related,Critical,In Progress,40,,,Residential,false,
TCK-2026-04207,2026-11-28,2026-11,Semarang,Mobile Broadband,Router ONT Issue,Medium,Resolved,104,541,,Residential,false,3.6
TCK-2026-04209,2026-11-28,2026-11,Bandung,Mobile Broadband,Billing Related,Low,Resolved,129,931,INC-2026-00297,Residential,false,4.5
TCK-2026-04346,2026-11-28,2026-11,Bandung,Mobile Broadband,Router ONT Issue,High,Open,19,,INC-2026-00297,SMB,false,
TCK-2026-04588,2026-11-28,2026-11,Jakarta,Enterprise VPN,Slow Connection,Medium,Closed,74,407,,Residential,false,3.8
TCK-2026-04815,2026-11-28,2026-11,Medan,Cloud Connectivity,Router ONT Issue,Medium,Resolved,100,506,,Residential,false,3.5
TCK-2026-00184,2026-11-29,2026-11,Surabaya,Voice,Billing Related,High,Resolved,47,200,,Residential,true,3.1
TCK-2026-00227,2026-11-29,2026-11,Semarang,Fiber Internet,Slow Connection,Medium,Resolved,71,523,INC-2026-00481,Residential,false,5
TCK-2026-00449,2026-11-29,2026-11,Denpasar,Cloud Connectivity,Installation Delay,Medium,In Progress,71,,INC-2026-01704,Residential,false,
TCK-2026-00467,2026-11-29,2026-11,Palembang,Enterprise VPN,Billing Related,High,Open,59,,INC-2026-00654,SMB,true,
TCK-2026-00652,2026-11-29,2026-11,Medan,Enterprise VPN,Slow Connection,High,In Progress,28,,INC-2026-00966,Residential,true,
TCK-2026-00691,2026-11-29,2026-11,Palembang,IPTV,Intermittent Connection,Medium,Waiting Customer,80,,INC-2026-01113,Residential,true,
TCK-2026-00717,2026-11-29,2026-11,Makassar,Cloud Connectivity,Intermittent Connection,High,Closed,2,284,,Public Sector,false,3.9
TCK-2026-00759,2026-11-29,2026-11,Palembang,IPTV,Slow Connection,Medium,Resolved,93,530,,Residential,false,4.5
TCK-2026-01174,2026-11-29,2026-11,Semarang,IPTV,Slow Connection,Low,Resolved,125,995,,SMB,false,3.7
TCK-2026-01245,2026-11-29,2026-11,Semarang,Fiber Internet,Intermittent Connection,Medium,In Progress,49,,INC-2026-00481,Residential,false,
TCK-2026-01488,2026-11-29,2026-11,Surabaya,Cloud Connectivity,Slow Connection,Medium,Resolved,85,478,INC-2026-00034,Residential,false,5
TCK-2026-01737,2026-11-29,2026-11,Semarang,Cloud Connectivity,Enterprise SLA Complaint,Critical,Resolved,29,122,,Residential,false,3.9
TCK-2026-02825,2026-11-29,2026-11,Medan,Enterprise VPN,Router ONT Issue,Low,Waiting Customer,124,,INC-2026-00966,Residential,false,
TCK-2026-03035,2026-11-29,2026-11,Surabaya,Voice,Installation Delay,Critical,Open,6,,INC-2026-01856,Residential,false,
TCK-2026-03043,2026-11-29,2026-11,Semarang,Mobile Broadband,Intermittent Connection,Low,Waiting Customer,106,,,SMB,false,
TCK-2026-03056,2026-11-29,2026-11,Semarang,Mobile Broadband,Enterprise SLA Complaint,Medium,Open,89,,,Residential,false,
TCK-2026-03136,2026-11-29,2026-11,Denpasar,Fiber Internet,Billing Related,Medium,Resolved,91,436,INC-2026-00669,SMB,false,4.3
TCK-2026-03222,2026-11-29,2026-11,Surabaya,Cloud Connectivity,Enterprise SLA Complaint,High,Open,26,,INC-2026-00034,SMB,false,
TCK-2026-03266,2026-11-29,2026-11,Semarang,Fiber Internet,Slow Connection,Low,Closed,128,917,,SMB,false,4.0
TCK-2026-03483,2026-11-29,2026-11,Denpasar,Enterprise VPN,Installation Delay,Medium,Resolved,62,355,,Enterprise,false,3.9
TCK-2026-03499,2026-11-29,2026-11,Balikpapan,Fiber Internet,Installation Delay,Critical,Resolved,12,131,,Residential,false,2.8
TCK-2026-04026,2026-11-29,2026-11,Surabaya,Cloud Connectivity,Intermittent Connection,Low,In Progress,139,,INC-2026-00034,Residential,false,
TCK-2026-04447,2026-11-29,2026-11,Semarang,Fiber Internet,Intermittent Connection,Medium,Closed,37,486,INC-2026-00481,Residential,false,2.8
TCK-2026-04485,2026-11-29,2026-11,Palembang,IPTV,Intermittent Connection,Low,In Progress,126,,INC-2026-01113,Residential,false,
TCK-2026-04542,2026-11-29,2026-11,Semarang,IPTV,Enterprise SLA Complaint,Medium,Resolved,54,432,,Residential,false,3.2
TCK-2026-04623,2026-11-29,2026-11,Bandung,Fiber Internet,Installation Delay,Low,Waiting Customer,98,,INC-2026-01223,Residential,false,
TCK-2026-04978,2026-11-29,2026-11,Surabaya,Cloud Connectivity,Enterprise SLA Complaint,Medium,In Progress,52,,,Residential,false,
TCK-2026-05248,2026-11-29,2026-11,Denpasar,Fiber Internet,Intermittent Connection,Medium,Open,67,,INC-2026-00669,Residential,false,
TCK-2026-00145,2026-11-30,2026-11,Bandung,Mobile Broadband,Enterprise SLA Complaint,Low,Resolved,137,955,,Residential,false,3.8
TCK-2026-01263,2026-11-30,2026-11,Denpasar,Fiber Internet,Enterprise SLA Complaint,High,Resolved,42,240,INC-2026-02068,Residential,false,3.3
TCK-2026-01462,2026-11-30,2026-11,Surabaya,Mobile Broadband,Intermittent Connection,Critical,Resolved,29,147,,Residential,false,4.2
TCK-2026-02144,2026-11-30,2026-11,Medan,Voice,Internet Down,High,Resolved,33,267,,Residential,false,3.7
TCK-2026-02295,2026-11-30,2026-11,Palembang,Fiber Internet,Installation Delay,Medium,Resolved,52,436,,Enterprise,false,3.6
TCK-2026-02326,2026-11-30,2026-11,Balikpapan,Fiber Internet,Slow Connection,Low,Closed,138,869,INC-2026-01789,Residential,false,3.9
TCK-2026-02686,2026-11-30,2026-11,Denpasar,Cloud Connectivity,Internet Down,Medium,Resolved,62,322,,Residential,false,3.5
TCK-2026-02696,2026-11-30,2026-11,Balikpapan,Voice,Billing Related,Low,Resolved,121,865,,Residential,true,3.4
TCK-2026-03111,2026-11-30,2026-11,Medan,IPTV,Enterprise SLA Complaint,Medium,Resolved,56,460,,Enterprise,false,3.6
TCK-2026-03250,2026-11-30,2026-11,Bandung,Enterprise VPN,Slow Connection,Medium,Resolved,62,385,,SMB,false,5
TCK-2026-04302,2026-11-30,2026-11,Surabaya,Voice,Internet Down,Low,In Progress,112,,,Residential,false,
TCK-2026-00354,2026-12-01,2026-12,Makassar,Mobile Broadband,Enterprise SLA Complaint,Medium,Resolved,66,364,INC-2026-00837,Enterprise,false,5
TCK-2026-01190,2026-12-01,2026-12,Jakarta,Enterprise VPN,Enterprise SLA Complaint,Low,Open,98,,,Residential,false,
TCK-2026-01376,2026-12-01,2026-12,Bandung,Enterprise VPN,Router ONT Issue,Medium,Closed,63,330,,Residential,true,4.9
TCK-2026-01503,2026-12-01,2026-12,Makassar,Fiber Internet,Installation Delay,Low,Closed,156,1046,INC-2026-00917,Residential,false,4.1
TCK-2026-01660,2026-12-01,2026-12,Makassar,Mobile Broadband,Enterprise SLA Complaint,Low,Closed,108,880,INC-2026-01740,Residential,false,3.7
TCK-2026-01745,2026-12-01,2026-12,Jakarta,Enterprise VPN,Slow Connection,High,Waiting Customer,30,,,SMB,false,
TCK-2026-01938,2026-12-01,2026-12,Yogyakarta,Fiber Internet,Enterprise SLA Complaint,Medium,Open,71,,,Public Sector,false,
TCK-2026-02127,2026-12-01,2026-12,Makassar,Mobile Broadband,Enterprise SLA Complaint,Low,Open,103,,INC-2026-00837,Residential,false,
TCK-2026-02746,2026-12-01,2026-12,Medan,Voice,Enterprise SLA Complaint,Medium,Waiting Customer,104,,,Residential,false,
TCK-2026-02882,2026-12-01,2026-12,Makassar,Mobile Broadband,Internet Down,Medium,Resolved,62,478,INC-2026-00837,Residential,false,4.0
TCK-2026-03975,2026-12-01,2026-12,Denpasar,Voice,Internet Down,Medium,Waiting Customer,60,,,Enterprise,false,
TCK-2026-04054,2026-12-01,2026-12,Surabaya,Mobile Broadband,Internet Down,High,Resolved,25,231,,Residential,false,3.1
TCK-2026-04188,2026-12-01,2026-12,Jakarta,Voice,Intermittent Connection,Low,Closed,131,1133,,Residential,false,4.2
TCK-2026-04263,2026-12-01,2026-12,Balikpapan,Voice,Billing Related,Low,Open,144,,,Residential,false,
TCK-2026-00186,2026-12-02,2026-12,Jakarta,Voice,Intermittent Connection,Low,Resolved,129,825,INC-2026-00316,Residential,false,4.2
TCK-2026-00568,2026-12-02,2026-12,Surabaya,Fiber Internet,Installation Delay,Low,Closed,106,1086,INC-2026-00982,Enterprise,false,3.3
TCK-2026-00633,2026-12-02,2026-12,Makassar,IPTV,Billing Related,Medium,Resolved,64,587,,Residential,false,4.5
TCK-2026-00741,2026-12-02,2026-12,Semarang,Cloud Connectivity,Internet Down,Low,Resolved,139,1010,INC-2026-02077,Residential,false,4.2
TCK-2026-01007,2026-12-02,2026-12,Makassar,Fiber Internet,Intermittent Connection,High,Open,64,,INC-2026-01310,Residential,false,
TCK-2026-01034,2026-12-02,2026-12,Palembang,Voice,Billing Related,Medium,Resolved,82,376,INC-2026-00209,Enterprise,false,2.7
TCK-2026-01093,2026-12-02,2026-12,Semarang,Voice,Slow Connection,Medium,Resolved,94,378,,Residential,false,2.9
TCK-2026-01362,2026-12-02,2026-12,Denpasar,Mobile Broadband,Router ONT Issue,Low,Open,99,,,Residential,false,
TCK-2026-01773,2026-12-02,2026-12,Bandung,Enterprise VPN,Enterprise SLA Complaint,High,Resolved,40,184,INC-2026-01272,Residential,false,3.1
TCK-2026-02292,2026-12-02,2026-12,Jakarta,Mobile Broadband,Intermittent Connection,Medium,Closed,110,321,,Residential,false,4.2
TCK-2026-02953,2026-12-02,2026-12,Surabaya,Fiber Internet,Billing Related,Medium,In Progress,79,,INC-2026-00982,SMB,false,
TCK-2026-03474,2026-12-02,2026-12,Palembang,Voice,Billing Related,Low,Waiting Customer,136,,INC-2026-00209,Enterprise,false,
TCK-2026-03769,2026-12-02,2026-12,Jakarta,Enterprise VPN,Internet Down,High,Open,43,,,SMB,false,
TCK-2026-03845,2026-12-02,2026-12,Jakarta,Voice,Enterprise SLA Complaint,Low,Closed,123,922,INC-2026-00316,Residential,false,5
TCK-2026-04051,2026-12-02,2026-12,Makassar,Fiber Internet,Billing Related,Medium,Resolved,74,431,INC-2026-01310,Residential,false,5
TCK-2026-04085,2026-12-02,2026-12,Palembang,IPTV,Enterprise SLA Complaint,Medium,Waiting Customer,54,,,Residential,false,
TCK-2026-04192,2026-12-02,2026-12,Jakarta,IPTV,Slow Connection,High,Open,29,,,Residential,true,
TCK-2026-04688,2026-12-02,2026-12,Jakarta,Voice,Intermittent Connection,Low,Waiting Customer,152,,INC-2026-00316,Residential,false,
TCK-2026-04976,2026-12-02,2026-12,Bandung,Enterprise VPN,Router ONT Issue,Low,Resolved,138,836,INC-2026-01272,Public Sector,false,3.9
TCK-2026-05185,2026-12-02,2026-12,Jakarta,Voice,Installation Delay,High,In Progress,26,,INC-2026-00316,Enterprise,false,
TCK-2026-01073,2026-12-03,2026-12,Yogyakarta,IPTV,Slow Connection,Low,Open,125,,,SMB,false,
TCK-2026-01600,2026-12-03,2026-12,Makassar,Enterprise VPN,Internet Down,Medium,Open,73,,,SMB,false,
TCK-2026-01863,2026-12-03,2026-12,Makassar,Mobile Broadband,Enterprise SLA Complaint,Medium,Resolved,66,436,INC-2026-00787,Residential,false,3.3
TCK-2026-02375,2026-12-03,2026-12,Medan,Voice,Router ONT Issue,High,Resolved,40,223,,Residential,false,2.9
TCK-2026-02760,2026-12-03,2026-12,Makassar,Cloud Connectivity,Intermittent Connection,Low,Closed,133,902,INC-2026-02165,Residential,false,3.8
TCK-2026-03979,2026-12-03,2026-12,Semarang,Cloud Connectivity,Billing Related,High,Resolved,57,179,,Residential,false,2.8
TCK-2026-04141,2026-12-03,2026-12,Balikpapan,Cloud Connectivity,Router ONT Issue,High,Resolved,14,363,INC-2026-00098,Residential,false,4.4
TCK-2026-04398,2026-12-03,2026-12,Surabaya,Fiber Internet,Installation Delay,Low,Resolved,148,778,,SMB,false,4.8
TCK-2026-04884,2026-12-03,2026-12,Makassar,Mobile Broadband,Intermittent Connection,Medium,In Progress,88,,INC-2026-00787,SMB,false,
TCK-2026-05375,2026-12-03,2026-12,Surabaya,Mobile Broadband,Installation Delay,Low,Open,126,,,Residential,false,
TCK-2026-00223,2026-12-04,2026-12,Denpasar,Enterprise VPN,Installation Delay,Low,In Progress,134,,INC-2026-01634,Enterprise,false,
TCK-2026-01261,2026-12-04,2026-12,Surabaya,Cloud Connectivity,Slow Connection,Medium,In Progress,82,,,SMB,false,
TCK-2026-01454,2026-12-04,2026-12,Semarang,Mobile Broadband,Slow Connection,Low,Resolved,108,889,,Residential,false,3.9
TCK-2026-01625,2026-12-04,2026-12,Surabaya,Fiber Internet,Intermittent Connection,High,Closed,54,324,,Residential,true,3.5
TCK-2026-02066,2026-12-04,2026-12,Palembang,Enterprise VPN,Enterprise SLA Complaint,Critical,In Progress,5,,,Residential,false,
TCK-2026-02455,2026-12-04,2026-12,Bandung,IPTV,Slow Connection,Medium,Resolved,54,449,,Residential,false,3.7
TCK-2026-03003,2026-12-04,2026-12,Yogyakarta,Fiber Internet,Internet Down,High,Open,35,,,Residential,true,
TCK-2026-03087,2026-12-04,2026-12,Denpasar,Enterprise VPN,Billing Related,Medium,Resolved,56,628,,SMB,false,3.6
TCK-2026-03378,2026-12-04,2026-12,Medan,Voice,Enterprise SLA Complaint,Low,Open,110,,INC-2026-00566,SMB,false,
TCK-2026-03853,2026-12-04,2026-12,Bandung,IPTV,Intermittent Connection,Low,Open,145,,,Enterprise,false,
TCK-2026-04093,2026-12-04,2026-12,Semarang,Mobile Broadband,Billing Related,Low,Closed,111,768,,Residential,false,4.6
TCK-2026-04649,2026-12-04,2026-12,Semarang,Enterprise VPN,Slow Connection,Medium,Closed,81,472,,Enterprise,false,3.4
TCK-2026-04987,2026-12-04,2026-12,Denpasar,Enterprise VPN,Slow Connection,Low,Closed,117,960,,SMB,false,4.3
TCK-2026-05196,2026-12-04,2026-12,Medan,Voice,Enterprise SLA Complaint,Low,Closed,131,814,,SMB,false,3.2
TCK-2026-00251,2026-12-05,2026-12,Jakarta,Fiber Internet,Router ONT Issue,Medium,Closed,63,342,,Residential,false,4.1
TCK-2026-00497,2026-12-05,2026-12,Denpasar,IPTV,Internet Down,Low,In Progress,106,,,Residential,false,
TCK-2026-01652,2026-12-05,2026-12,Semarang,Fiber Internet,Router ONT Issue,Low,Resolved,117,959,,Residential,false,3.2
TCK-2026-01677,2026-12-05,2026-12,Yogyakarta,Cloud Connectivity,Billing Related,High,In Progress,16,,INC-2026-00463,Enterprise,false,
TCK-2026-02562,2026-12-05,2026-12,Medan,IPTV,Intermittent Connection,Medium,Open,60,,,Residential,false,
TCK-2026-02641,2026-12-05,2026-12,Surabaya,Enterprise VPN,Enterprise SLA Complaint,High,Resolved,13,143,,SMB,false,3.6
TCK-2026-03011,2026-12-05,2026-12,Yogyakarta,Cloud Connectivity,Slow Connection,Medium,In Progress,101,,INC-2026-00463,Residential,false,
TCK-2026-03301,2026-12-05,2026-12,Medan,Voice,Intermittent Connection,Medium,In Progress,67,,,Residential,false,
TCK-2026-03438,2026-12-05,2026-12,Jakarta,Cloud Connectivity,Installation Delay,Low,Open,88,,,Residential,false,
TCK-2026-03619,2026-12-05,2026-12,Denpasar,Enterprise VPN,Intermittent Connection,Low,Resolved,181,893,,Residential,false,3.9
TCK-2026-03656,2026-12-05,2026-12,Yogyakarta,Fiber Internet,Installation Delay,High,Resolved,2,280,,Enterprise,false,2.9
TCK-2026-03732,2026-12-05,2026-12,Surabaya,Cloud Connectivity,Installation Delay,Low,Closed,88,938,,Residential,false,4.4
TCK-2026-03948,2026-12-05,2026-12,Yogyakarta,Cloud Connectivity,Router ONT Issue,Low,Closed,131,977,INC-2026-00463,Residential,false,3.7
TCK-2026-04146,2026-12-05,2026-12,Semarang,Cloud Connectivity,Internet Down,Low,Waiting Customer,140,,,Residential,false,
TCK-2026-04998,2026-12-05,2026-12,Medan,Enterprise VPN,Enterprise SLA Complaint,Low,Resolved,133,937,,Residential,false,4.3
TCK-2026-00007,2026-12-06,2026-12,Makassar,IPTV,Intermittent Connection,Low,Resolved,84,982,,SMB,false,4.0
TCK-2026-00112,2026-12-06,2026-12,Palembang,Fiber Internet,Enterprise SLA Complaint,Medium,Resolved,101,532,INC-2026-01897,Enterprise,false,4.9
TCK-2026-00452,2026-12-06,2026-12,Balikpapan,Voice,Internet Down,Low,In Progress,155,,,SMB,true,
TCK-2026-00600,2026-12-06,2026-12,Makassar,Voice,Enterprise SLA Complaint,Critical,Resolved,2,115,,SMB,true,3.9
TCK-2026-00651,2026-12-06,2026-12,Semarang,Mobile Broadband,Router ONT Issue,High,Resolved,32,239,INC-2026-02137,SMB,false,3.1
TCK-2026-00876,2026-12-06,2026-12,Yogyakarta,IPTV,Enterprise SLA Complaint,Critical,Open,32,,,Enterprise,false,
TCK-2026-00938,2026-12-06,2026-12,Jakarta,Enterprise VPN,Router ONT Issue,High,Open,34,,INC-2026-01518,Residential,false,
TCK-2026-01080,2026-12-06,2026-12,Yogyakarta,Voice,Enterprise SLA Complaint,Medium,Open,60,,INC-2026-01092,Residential,false,
TCK-2026-01322,2026-12-06,2026-12,Bandung,Enterprise VPN,Enterprise SLA Complaint,Medium,Closed,45,400,,SMB,false,3.1
TCK-2026-01372,2026-12-06,2026-12,Balikpapan,Cloud Connectivity,Intermittent Connection,Low,Resolved,139,946,,Public Sector,false,4.0
TCK-2026-01479,2026-12-06,2026-12,Medan,IPTV,Intermittent Connection,Medium,Closed,70,564,INC-2026-00355,Residential,false,5
TCK-2026-01837,2026-12-06,2026-12,Denpasar,Voice,Router ONT Issue,High,Waiting Customer,50,,INC-2026-00368,Residential,true,
TCK-2026-01904,2026-12-06,2026-12,Medan,IPTV,Billing Related,Critical,Resolved,28,56,INC-2026-00355,Residential,false,3.0
TCK-2026-02249,2026-12-06,2026-12,Surabaya,Enterprise VPN,Enterprise SLA Complaint,Low,Open,122,,,Residential,false,
TCK-2026-02476,2026-12-06,2026-12,Semarang,Cloud Connectivity,Installation Delay,Medium,Resolved,71,593,,Enterprise,false,4.3
TCK-2026-02638,2026-12-06,2026-12,Yogyakarta,Fiber Internet,Internet Down,Medium,Resolved,58,444,,Residential,false,3.5
TCK-2026-02920,2026-12-06,2026-12,Medan,Enterprise VPN,Enterprise SLA Complaint,Low,Closed,116,878,,Residential,false,4.2
TCK-2026-03388,2026-12-06,2026-12,Palembang,IPTV,Router ONT Issue,Medium,Closed,109,540,,Residential,false,4.5
TCK-2026-03439,2026-12-06,2026-12,Balikpapan,Voice,Installation Delay,Medium,Resolved,104,511,,Residential,false,3.9
TCK-2026-03548,2026-12-06,2026-12,Denpasar,Voice,Slow Connection,Medium,Waiting Customer,79,,INC-2026-00368,Residential,false,
TCK-2026-03772,2026-12-06,2026-12,Medan,Cloud Connectivity,Intermittent Connection,Medium,In Progress,95,,,Residential,false,
TCK-2026-03943,2026-12-06,2026-12,Makassar,Fiber Internet,Intermittent Connection,Low,Closed,126,891,,Residential,false,4.3
TCK-2026-05050,2026-12-06,2026-12,Semarang,Fiber Internet,Router ONT Issue,Low,Resolved,146,949,INC-2026-00834,Residential,false,3.6
TCK-2026-00143,2026-12-07,2026-12,Bandung,IPTV,Installation Delay,Medium,In Progress,95,,,SMB,false,
TCK-2026-00282,2026-12-07,2026-12,Makassar,IPTV,Internet Down,Low,Resolved,121,745,,SMB,false,3.1
TCK-2026-00658,2026-12-07,2026-12,Semarang,Mobile Broadband,Slow Connection,Low,Closed,145,969,INC-2026-02055,Residential,false,4.3
TCK-2026-00721,2026-12-07,2026-12,Surabaya,Cloud Connectivity,Enterprise SLA Complaint,High,Resolved,2,119,INC-2026-01256,Residential,false,4.8
TCK-2026-00929,2026-12-07,2026-12,Semarang,Voice,Enterprise SLA Complaint,Low,Closed,109,971,,Residential,false,4.2
TCK-2026-01404,2026-12-07,2026-12,Bandung,Voice,Installation Delay,Medium,Resolved,54,412,,Residential,false,4.3
TCK-2026-02024,2026-12-07,2026-12,Bandung,Mobile Broadband,Billing Related,Low,Waiting Customer,130,,,Residential,false,
TCK-2026-02597,2026-12-07,2026-12,Palembang,Mobile Broadband,Installation Delay,Medium,In Progress,51,,,Enterprise,true,
TCK-2026-03085,2026-12-07,2026-12,Palembang,IPTV,Slow Connection,Low,Resolved,130,858,INC-2026-01142,Residential,true,3.7
TCK-2026-03149,2026-12-07,2026-12,Palembang,IPTV,Router ONT Issue,Medium,Resolved,70,462,INC-2026-01142,Residential,false,4.7
TCK-2026-03996,2026-12-07,2026-12,Semarang,Mobile Broadband,Slow Connection,Critical,Closed,7,105,INC-2026-02055,Residential,false,3.2
TCK-2026-04117,2026-12-07,2026-12,Surabaya,Cloud Connectivity,Slow Connection,Medium,Closed,95,563,INC-2026-01256,Residential,true,4.5
TCK-2026-04153,2026-12-07,2026-12,Balikpapan,Enterprise VPN,Installation Delay,High,Resolved,30,175,,Residential,false,3.4
TCK-2026-04252,2026-12-07,2026-12,Palembang,IPTV,Installation Delay,Critical,Waiting Customer,2,,INC-2026-01142,Residential,false,
TCK-2026-04415,2026-12-07,2026-12,Semarang,Cloud Connectivity,Installation Delay,Medium,In Progress,47,,INC-2026-01298,Residential,false,
TCK-2026-04560,2026-12-07,2026-12,Semarang,IPTV,Slow Connection,Low,Open,117,,,Residential,false,
TCK-2026-00877,2026-12-08,2026-12,Surabaya,Enterprise VPN,Enterprise SLA Complaint,High,Open,39,,INC-2026-01112,Residential,false,
TCK-2026-01682,2026-12-08,2026-12,Denpasar,Enterprise VPN,Router ONT Issue,Medium,Closed,57,494,,Public Sector,false,4.5
TCK-2026-02149,2026-12-08,2026-12,Bandung,Fiber Internet,Billing Related,Medium,Resolved,91,507,,Residential,false,3.6
TCK-2026-03100,2026-12-08,2026-12,Semarang,Enterprise VPN,Internet Down,Medium,Waiting Customer,76,,,Enterprise,false,
TCK-2026-03758,2026-12-08,2026-12,Bandung,Cloud Connectivity,Billing Related,Medium,Waiting Customer,112,,,Residential,false,
TCK-2026-03820,2026-12-08,2026-12,Balikpapan,Voice,Internet Down,Critical,Resolved,2,108,,Residential,false,3.4
TCK-2026-04594,2026-12-08,2026-12,Denpasar,Mobile Broadband,Slow Connection,Medium,Open,79,,,SMB,false,
TCK-2026-05293,2026-12-08,2026-12,Palembang,Fiber Internet,Internet Down,Low,Resolved,121,904,,SMB,false,4.7
TCK-2026-00464,2026-12-09,2026-12,Balikpapan,Cloud Connectivity,Intermittent Connection,High,Resolved,53,270,INC-2026-02100,Residential,false,2.9
TCK-2026-00971,2026-12-09,2026-12,Balikpapan,Cloud Connectivity,Router ONT Issue,High,Open,45,,INC-2026-02100,SMB,false,
TCK-2026-01505,2026-12-09,2026-12,Medan,Voice,Internet Down,Low,Resolved,128,982,,SMB,false,5
TCK-2026-01989,2026-12-09,2026-12,Medan,Voice,Internet Down,Low,Resolved,87,860,INC-2026-00840,Residential,false,5
TCK-2026-02110,2026-12-09,2026-12,Denpasar,Mobile Broadband,Enterprise SLA Complaint,High,Open,50,,INC-2026-01613,Residential,false,
TCK-2026-02803,2026-12-09,2026-12,Makassar,Mobile Broadband,Billing Related,Medium,Resolved,75,242,INC-2026-00195,Residential,true,3.6
TCK-2026-03082,2026-12-09,2026-12,Yogyakarta,Cloud Connectivity,Enterprise SLA Complaint,Medium,Resolved,93,487,,SMB,false,3.6
TCK-2026-03300,2026-12-09,2026-12,Denpasar,Mobile Broadband,Intermittent Connection,Low,In Progress,98,,INC-2026-01613,Residential,true,
TCK-2026-03638,2026-12-09,2026-12,Bandung,Voice,Installation Delay,Medium,In Progress,83,,INC-2026-00305,Public Sector,false,
TCK-2026-04924,2026-12-09,2026-12,Yogyakarta,Fiber Internet,Intermittent Connection,High,Closed,79,157,,Enterprise,false,3.4
TCK-2026-01000,2026-12-10,2026-12,Bandung,IPTV,Enterprise SLA Complaint,Low,Resolved,126,999,INC-2026-01933,Enterprise,false,5
TCK-2026-01353,2026-12-10,2026-12,Balikpapan,Cloud Connectivity,Internet Down,High,In Progress,16,,,Residential,false,
TCK-2026-01762,2026-12-10,2026-12,Semarang,Voice,Installation Delay,Low,Closed,138,855,INC-2026-00665,SMB,false,4.0
TCK-2026-02163,2026-12-10,2026-12,Yogyakarta,Mobile Broadband,Internet Down,Low,Resolved,128,973,,SMB,false,4.3
TCK-2026-02319,2026-12-10,2026-12,Bandung,Fiber Internet,Slow Connection,Low,In Progress,123,,INC-2026-01001,Residential,false,
TCK-2026-02502,2026-12-10,2026-12,Balikpapan,Fiber Internet,Billing Related,Medium,Closed,82,577,,Residential,false,3.4
TCK-2026-02575,2026-12-10,2026-12,Bandung,Fiber Internet,Installation Delay,Medium,Resolved,50,463,,Residential,false,3.7
TCK-2026-02587,2026-12-10,2026-12,Jakarta,Mobile Broadband,Internet Down,Medium,Closed,69,542,INC-2026-00003,Residential,false,4.4
TCK-2026-02955,2026-12-10,2026-12,Yogyakarta,Voice,Enterprise SLA Complaint,Low,Resolved,104,878,,Residential,false,4.6
TCK-2026-03407,2026-12-10,2026-12,Yogyakarta,Enterprise VPN,Slow Connection,Critical,Waiting Customer,64,,,Residential,false,
TCK-2026-03811,2026-12-10,2026-12,Makassar,Fiber Internet,Internet Down,Low,Open,143,,,Residential,false,
TCK-2026-04238,2026-12-10,2026-12,Balikpapan,Cloud Connectivity,Internet Down,Low,Resolved,117,847,,SMB,false,4.8
TCK-2026-04617,2026-12-10,2026-12,Surabaya,Fiber Internet,Internet Down,High,Resolved,62,164,INC-2026-01902,Enterprise,false,2.5
TCK-2026-04669,2026-12-10,2026-12,Bandung,Fiber Internet,Intermittent Connection,Low,Resolved,119,827,INC-2026-01001,Residential,false,4.8
TCK-2026-05082,2026-12-10,2026-12,Medan,Voice,Intermittent Connection,Low,Open,114,,,Residential,false,
TCK-2026-05258,2026-12-10,2026-12,Medan,Voice,Enterprise SLA Complaint,Medium,Resolved,76,425,INC-2026-00641,Residential,false,4.2
TCK-2026-01596,2026-12-11,2026-12,Bandung,Fiber Internet,Slow Connection,Medium,Resolved,54,528,INC-2026-00437,SMB,false,5
TCK-2026-02337,2026-12-11,2026-12,Balikpapan,Voice,Internet Down,Critical,Waiting Customer,27,,INC-2026-00597,Enterprise,false,
TCK-2026-02688,2026-12-11,2026-12,Jakarta,Enterprise VPN,Intermittent Connection,High,In Progress,3,,INC-2026-01129,SMB,false,
TCK-2026-03516,2026-12-11,2026-12,Palembang,Enterprise VPN,Enterprise SLA Complaint,High,Resolved,47,292,INC-2026-02075,Residential,false,2.3
TCK-2026-04089,2026-12-11,2026-12,Jakarta,Mobile Broadband,Router ONT Issue,Medium,Resolved,92,458,INC-2026-01592,Residential,false,4.5
TCK-2026-04244,2026-12-11,2026-12,Balikpapan,Voice,Installation Delay,Low,Resolved,124,963,INC-2026-00597,Residential,false,3.9
TCK-2026-04439,2026-12-11,2026-12,Jakarta,Mobile Broadband,Billing Related,Low,In Progress,123,,INC-2026-01592,Residential,false,
TCK-2026-04856,2026-12-11,2026-12,Balikpapan,Enterprise VPN,Enterprise SLA Complaint,Medium,Closed,67,411,,Residential,false,4.8
TCK-2026-04886,2026-12-11,2026-12,Palembang,Enterprise VPN,Slow Connection,High,Waiting Customer,39,,INC-2026-02075,SMB,false,
TCK-2026-04970,2026-12-11,2026-12,Palembang,Voice,Internet Down,Low,In Progress,130,,,Residential,false,
TCK-2026-05167,2026-12-11,2026-12,Balikpapan,Voice,Slow Connection,Medium,Closed,50,589,INC-2026-00597,Residential,false,3.5
TCK-2026-00255,2026-12-12,2026-12,Bandung,Enterprise VPN,Enterprise SLA Complaint,Medium,Resolved,57,465,INC-2026-00442,SMB,false,4.0
TCK-2026-00453,2026-12-12,2026-12,Medan,Enterprise VPN,Internet Down,High,Resolved,2,212,,SMB,false,3.0
TCK-2026-02224,2026-12-12,2026-12,Denpasar,Cloud Connectivity,Router ONT Issue,Medium,In Progress,84,,,Enterprise,true,
TCK-2026-02371,2026-12-12,2026-12,Medan,Enterprise VPN,Installation Delay,Low,Resolved,150,985,INC-2026-00243,Enterprise,false,3.8
TCK-2026-02376,2026-12-12,2026-12,Denpasar,Cloud Connectivity,Slow Connection,High,Waiting Customer,44,,,Public Sector,false,
TCK-2026-02402,2026-12-12,2026-12,Balikpapan,Mobile Broadband,Enterprise SLA Complaint,Medium,Resolved,69,350,,Residential,false,4.6
TCK-2026-03757,2026-12-12,2026-12,Surabaya,Cloud Connectivity,Internet Down,Medium,Closed,78,618,INC-2026-01046,Enterprise,false,4.0
TCK-2026-03760,2026-12-12,2026-12,Makassar,Fiber Internet,Intermittent Connection,Low,Closed,115,988,,Enterprise,false,4.9
TCK-2026-04127,2026-12-12,2026-12,Yogyakarta,Enterprise VPN,Router ONT Issue,Critical,Closed,17,359,,Residential,false,3.4
TCK-2026-04686,2026-12-12,2026-12,Yogyakarta,Mobile Broadband,Enterprise SLA Complaint,Low,Resolved,90,902,,Public Sector,false,4.6
TCK-2026-04756,2026-12-12,2026-12,Bandung,IPTV,Intermittent Connection,Low,Resolved,102,968,,SMB,false,4.3
TCK-2026-04936,2026-12-12,2026-12,Bandung,Enterprise VPN,Intermittent Connection,Medium,Resolved,55,460,INC-2026-00442,Residential,false,5
TCK-2026-05305,2026-12-12,2026-12,Medan,Cloud Connectivity,Internet Down,Medium,Open,74,,,Residential,false,
TCK-2026-00166,2026-12-13,2026-12,Jakarta,Mobile Broadband,Slow Connection,Low,Closed,163,997,,Residential,false,4.6
TCK-2026-00645,2026-12-13,2026-12,Palembang,Mobile Broadband,Installation Delay,Medium,Closed,92,325,,SMB,false,4.8
TCK-2026-01059,2026-12-13,2026-12,Semarang,Cloud Connectivity,Slow Connection,Medium,Resolved,70,597,,Residential,false,4.3
TCK-2026-01518,2026-12-13,2026-12,Bandung,Voice,Intermittent Connection,Low,Resolved,141,720,,Residential,false,3.4
TCK-2026-01697,2026-12-13,2026-12,Surabaya,Voice,Slow Connection,Medium,Waiting Customer,82,,,Enterprise,true,
TCK-2026-01825,2026-12-13,2026-12,Palembang,Enterprise VPN,Installation Delay,Low,Waiting Customer,126,,INC-2026-01803,Residential,false,
TCK-2026-02009,2026-12-13,2026-12,Semarang,Mobile Broadband,Slow Connection,High,Waiting Customer,29,,INC-2026-01767,Residential,false,
TCK-2026-02034,2026-12-13,2026-12,Medan,Voice,Internet Down,High,Resolved,35,420,,Residential,false,3.2
TCK-2026-02291,2026-12-13,2026-12,Palembang,Enterprise VPN,Enterprise SLA Complaint,Medium,Resolved,71,405,INC-2026-01803,Residential,false,4.7
TCK-2026-02532,2026-12-13,2026-12,Yogyakarta,Cloud Connectivity,Slow Connection,Low,Resolved,135,838,,Residential,false,4.1
TCK-2026-03764,2026-12-13,2026-12,Denpasar,Voice,Router ONT Issue,Medium,Closed,91,463,,Residential,false,4.5
TCK-2026-03778,2026-12-13,2026-12,Palembang,Enterprise VPN,Billing Related,Medium,Closed,74,494,INC-2026-01803,Public Sector,false,3.2
TCK-2026-03903,2026-12-13,2026-12,Denpasar,Mobile Broadband,Installation Delay,Low,Resolved,92,823,,Residential,false,4.1
TCK-2026-04162,2026-12-13,2026-12,Medan,Fiber Internet,Slow Connection,Medium,Resolved,49,454,,Residential,false,3.8
TCK-2026-04400,2026-12-13,2026-12,Medan,Fiber Internet,Slow Connection,Medium,Closed,98,503,,Residential,false,5
TCK-2026-04671,2026-12-13,2026-12,Yogyakarta,Enterprise VPN,Installation Delay,Critical,Open,2,,INC-2026-00156,Public Sector,false,
TCK-2026-05189,2026-12-13,2026-12,Yogyakarta,Enterprise VPN,Installation Delay,Low,Resolved,121,755,INC-2026-00156,Enterprise,false,4.9
TCK-2026-00109,2026-12-14,2026-12,Bandung,Enterprise VPN,Billing Related,Medium,Resolved,68,393,INC-2026-01086,Residential,false,4.1
TCK-2026-00193,2026-12-14,2026-12,Surabaya,Enterprise VPN,Internet Down,Low,In Progress,122,,INC-2026-02073,Residential,false,
TCK-2026-01358,2026-12-14,2026-12,Palembang,Fiber Internet,Installation Delay,Medium,Closed,41,634,INC-2026-01773,Residential,false,5
TCK-2026-01855,2026-12-14,2026-12,Palembang,Enterprise VPN,Installation Delay,Medium,Resolved,88,395,,Residential,false,3.3
TCK-2026-02347,2026-12-14,2026-12,Denpasar,Enterprise VPN,Slow Connection,High,Closed,37,374,INC-2026-01585,Residential,false,2.6
TCK-2026-02673,2026-12-14,2026-12,Jakarta,Cloud Connectivity,Billing Related,Low,In Progress,163,,INC-2026-01534,Enterprise,false,
TCK-2026-02842,2026-12-14,2026-12,Semarang,Voice,Internet Down,Medium,Closed,58,385,INC-2026-00521,Residential,false,3.7
TCK-2026-03145,2026-12-14,2026-12,Surabaya,Enterprise VPN,Billing Related,Critical,Open,20,,INC-2026-02073,Residential,true,
TCK-2026-05004,2026-12-14,2026-12,Bandung,Enterprise VPN,Intermittent Connection,Low,Closed,149,918,INC-2026-01086,Residential,true,4.2
TCK-2026-05161,2026-12-14,2026-12,Bandung,Enterprise VPN,Router ONT Issue,Critical,Closed,47,160,,Residential,false,4.2
TCK-2026-00085,2026-12-15,2026-12,Balikpapan,IPTV,Router ONT Issue,Low,Resolved,88,938,INC-2026-02185,Residential,false,4.6
TCK-2026-00245,2026-12-15,2026-12,Makassar,Cloud Connectivity,Installation Delay,High,Resolved,36,127,INC-2026-01097,Residential,false,2.6
TCK-2026-00797,2026-12-15,2026-12,Denpasar,Cloud Connectivity,Intermittent Connection,Low,In Progress,86,,,SMB,false,
TCK-2026-00965,2026-12-15,2026-12,Yogyakarta,Fiber Internet,Internet Down,Medium,Closed,48,414,,SMB,false,4.3
TCK-2026-01418,2026-12-15,2026-12,Semarang,Cloud Connectivity,Billing Related,Medium,Open,74,,INC-2026-01804,SMB,false,
TCK-2026-01866,2026-12-15,2026-12,Denpasar,Mobile Broadband,Billing Related,High,Resolved,34,395,INC-2026-01523,Residential,true,3.5
TCK-2026-01975,2026-12-15,2026-12,Surabaya,Voice,Router ONT Issue,High,In Progress,33,,INC-2026-00745,Residential,false,
TCK-2026-02250,2026-12-15,2026-12,Denpasar,Cloud Connectivity,Intermittent Connection,Medium,Resolved,54,542,,Residential,false,3.6
TCK-2026-03245,2026-12-15,2026-12,Semarang,Cloud Connectivity,Enterprise SLA Complaint,Medium,Resolved,39,357,INC-2026-01804,Residential,false,3.3
TCK-2026-03381,2026-12-15,2026-12,Balikpapan,IPTV,Router ONT Issue,Low,Open,109,,INC-2026-02185,Enterprise,false,
TCK-2026-03596,2026-12-15,2026-12,Medan,Enterprise VPN,Router ONT Issue,Medium,Resolved,65,492,INC-2026-01102,SMB,false,3.4
TCK-2026-03664,2026-12-15,2026-12,Surabaya,Cloud Connectivity,Intermittent Connection,Low,Open,116,,,Residential,false,
TCK-2026-03799,2026-12-15,2026-12,Surabaya,Mobile Broadband,Slow Connection,Medium,Resolved,115,515,,Residential,false,3.3
TCK-2026-03875,2026-12-15,2026-12,Makassar,IPTV,Slow Connection,Low,Closed,142,952,,Enterprise,false,5
TCK-2026-04224,2026-12-15,2026-12,Makassar,Cloud Connectivity,Billing Related,High,Resolved,47,302,INC-2026-01097,Residential,false,2.4
TCK-2026-04323,2026-12-15,2026-12,Surabaya,Voice,Intermittent Connection,Medium,Resolved,86,413,INC-2026-00745,Residential,true,4.3
TCK-2026-04516,2026-12-15,2026-12,Yogyakarta,Fiber Internet,Enterprise SLA Complaint,Low,In Progress,127,,INC-2026-00993,Residential,false,
TCK-2026-04863,2026-12-15,2026-12,Medan,Enterprise VPN,Router ONT Issue,High,Resolved,53,344,INC-2026-01102,Residential,false,4.5
TCK-2026-05299,2026-12-15,2026-12,Semarang,Cloud Connectivity,Internet Down,Low,Resolved,92,858,INC-2026-00975,Public Sector,false,3.4
TCK-2026-00313,2026-12-16,2026-12,Bandung,IPTV,Internet Down,Medium,Closed,70,406,,Residential,false,4.4
TCK-2026-00373,2026-12-16,2026-12,Jakarta,IPTV,Enterprise SLA Complaint,Medium,In Progress,77,,,Enterprise,false,
TCK-2026-00501,2026-12-16,2026-12,Yogyakarta,Voice,Billing Related,Low,In Progress,132,,INC-2026-01157,Residential,false,
TCK-2026-00616,2026-12-16,2026-12,Palembang,Enterprise VPN,Billing Related,High,Closed,22,148,INC-2026-01243,SMB,true,4.2
TCK-2026-00654,2026-12-16,2026-12,Denpasar,Mobile Broadband,Enterprise SLA Complaint,Medium,Resolved,58,455,,Residential,false,3.5
TCK-2026-00720,2026-12-16,2026-12,Makassar,Enterprise VPN,Installation Delay,Medium,Open,67,,,Residential,false,
TCK-2026-00879,2026-12-16,2026-12,Semarang,Cloud Connectivity,Billing Related,Medium,Resolved,87,601,INC-2026-00334,SMB,false,4.5
TCK-2026-01113,2026-12-16,2026-12,Yogyakarta,Voice,Slow Connection,Low,In Progress,118,,INC-2026-01157,Residential,false,
TCK-2026-02737,2026-12-16,2026-12,Medan,IPTV,Installation Delay,High,Open,9,,INC-2026-00941,Residential,false,
TCK-2026-03557,2026-12-16,2026-12,Denpasar,Cloud Connectivity,Intermittent Connection,Medium,Resolved,84,489,,Residential,false,4.2
TCK-2026-04645,2026-12-16,2026-12,Makassar,Voice,Router ONT Issue,High,In Progress,18,,,Residential,false,
TCK-2026-04656,2026-12-16,2026-12,Surabaya,Voice,Intermittent Connection,Low,Open,119,,INC-2026-01943,Residential,false,
TCK-2026-04754,2026-12-16,2026-12,Palembang,Enterprise VPN,Internet Down,Medium,Waiting Customer,101,,INC-2026-01243,Residential,false,
TCK-2026-04925,2026-12-16,2026-12,Palembang,Fiber Internet,Installation Delay,Low,Resolved,123,703,,SMB,true,3.6
TCK-2026-05100,2026-12-16,2026-12,Denpasar,Cloud Connectivity,Router ONT Issue,High,Resolved,43,60,,Residential,false,2.2
TCK-2026-00088,2026-12-17,2026-12,Surabaya,Fiber Internet,Intermittent Connection,Medium,Resolved,83,530,INC-2026-01793,Residential,false,3.9
TCK-2026-00406,2026-12-17,2026-12,Semarang,Cloud Connectivity,Internet Down,High,In Progress,31,,,Residential,true,
TCK-2026-00559,2026-12-17,2026-12,Denpasar,Cloud Connectivity,Internet Down,Medium,Open,65,,,Residential,true,
TCK-2026-00750,2026-12-17,2026-12,Balikpapan,Voice,Enterprise SLA Complaint,High,Closed,32,254,INC-2026-00835,Residential,false,3.9
TCK-2026-00783,2026-12-17,2026-12,Balikpapan,Voice,Internet Down,Critical,Closed,18,189,,SMB,false,3.1
TCK-2026-01605,2026-12-17,2026-12,Palembang,IPTV,Internet Down,Critical,Open,13,,,SMB,false,
TCK-2026-02167,2026-12-17,2026-12,Semarang,Mobile Broadband,Enterprise SLA Complaint,Critical,Resolved,25,172,,Residential,false,3.5
TCK-2026-02610,2026-12-17,2026-12,Denpasar,Voice,Billing Related,Medium,Resolved,71,490,,Residential,false,3.9
TCK-2026-03086,2026-12-17,2026-12,Surabaya,Fiber Internet,Installation Delay,Low,Closed,117,885,INC-2026-01793,SMB,false,2.7
TCK-2026-04202,2026-12-17,2026-12,Surabaya,Cloud Connectivity,Enterprise SLA Complaint,Low,Waiting Customer,122,,INC-2026-01942,Residential,false,
TCK-2026-04352,2026-12-17,2026-12,Makassar,IPTV,Intermittent Connection,Medium,Closed,62,491,,Residential,false,4.7
TCK-2026-04903,2026-12-17,2026-12,Semarang,Fiber Internet,Router ONT Issue,Medium,Resolved,63,502,,Residential,false,5
TCK-2026-00664,2026-12-18,2026-12,Surabaya,Voice,Billing Related,Medium,In Progress,83,,,SMB,false,
TCK-2026-00710,2026-12-18,2026-12,Medan,Fiber Internet,Internet Down,High,In Progress,47,,,Residential,false,
TCK-2026-01730,2026-12-18,2026-12,Makassar,IPTV,Intermittent Connection,Medium,Resolved,48,435,,Residential,false,3.6
TCK-2026-02178,2026-12-18,2026-12,Surabaya,Voice,Enterprise SLA Complaint,Medium,Closed,65,372,INC-2026-01697,Public Sector,false,4.8
TCK-2026-02588,2026-12-18,2026-12,Makassar,Fiber Internet,Internet Down,Low,Closed,141,923,,Residential,false,4.3
TCK-2026-03050,2026-12-18,2026-12,Surabaya,Voice,Intermittent Connection,Low,Resolved,114,1050,INC-2026-01697,SMB,false,4.1
TCK-2026-03125,2026-12-18,2026-12,Makassar,IPTV,Billing Related,Low,Resolved,119,960,,SMB,false,4.0
TCK-2026-03173,2026-12-18,2026-12,Surabaya,Mobile Broadband,Billing Related,Low,Resolved,109,841,,Enterprise,false,4.9
TCK-2026-03408,2026-12-18,2026-12,Surabaya,Cloud Connectivity,Router ONT Issue,High,Resolved,64,294,INC-2026-01164,Residential,false,4.2
TCK-2026-03580,2026-12-18,2026-12,Balikpapan,Voice,Slow Connection,High,Resolved,48,245,,SMB,false,3.9
TCK-2026-03878,2026-12-18,2026-12,Bandung,Fiber Internet,Router ONT Issue,Low,Open,104,,INC-2026-01761,SMB,false,
TCK-2026-04840,2026-12-18,2026-12,Medan,Enterprise VPN,Router ONT Issue,Low,Closed,139,888,,SMB,false,4.9
TCK-2026-04985,2026-12-18,2026-12,Jakarta,Cloud Connectivity,Slow Connection,Medium,Open,73,,,Residential,false,
TCK-2026-00363,2026-12-19,2026-12,Bandung,IPTV,Enterprise SLA Complaint,Medium,Resolved,82,412,,SMB,false,4.5
TCK-2026-00572,2026-12-19,2026-12,Yogyakarta,IPTV,Billing Related,High,Open,45,,INC-2026-01276,Residential,false,
TCK-2026-00685,2026-12-19,2026-12,Jakarta,Fiber Internet,Internet Down,High,In Progress,49,,,Enterprise,false,
TCK-2026-00851,2026-12-19,2026-12,Surabaya,Voice,Intermittent Connection,Low,Resolved,138,792,INC-2026-00554,Residential,false,3.7
TCK-2026-01105,2026-12-19,2026-12,Surabaya,Cloud Connectivity,Billing Related,Medium,Closed,79,486,INC-2026-00749,SMB,true,5
TCK-2026-01555,2026-12-19,2026-12,Medan,Voice,Installation Delay,High,Resolved,10,308,INC-2026-00402,Residential,false,3.3
TCK-2026-01722,2026-12-19,2026-12,Semarang,Cloud Connectivity,Billing Related,Low,In Progress,133,,,Residential,false,
TCK-2026-01774,2026-12-19,2026-12,Surabaya,Voice,Internet Down,Medium,Closed,83,525,,Residential,false,4.3
TCK-2026-02070,2026-12-19,2026-12,Medan,Mobile Broadband,Installation Delay,Low,Closed,71,847,INC-2026-00973,Residential,false,3.8
TCK-2026-02600,2026-12-19,2026-12,Jakarta,IPTV,Internet Down,High,In Progress,72,,,Residential,false,
TCK-2026-03067,2026-12-19,2026-12,Yogyakarta,IPTV,Enterprise SLA Complaint,Medium,Resolved,59,431,,Residential,false,3.7
TCK-2026-03349,2026-12-19,2026-12,Medan,Voice,Internet Down,Medium,Resolved,78,588,INC-2026-00402,Residential,false,3.5
TCK-2026-04010,2026-12-19,2026-12,Medan,Mobile Broadband,Internet Down,Medium,Closed,110,515,INC-2026-00973,SMB,false,4.7
TCK-2026-04060,2026-12-19,2026-12,Medan,Voice,Slow Connection,Medium,Waiting Customer,87,,INC-2026-00402,SMB,false,
TCK-2026-04178,2026-12-19,2026-12,Makassar,Mobile Broadband,Billing Related,Medium,Closed,71,401,INC-2026-01838,Enterprise,false,4.8
TCK-2026-04205,2026-12-19,2026-12,Surabaya,Voice,Enterprise SLA Complaint,High,Waiting Customer,9,,INC-2026-00554,Residential,false,
TCK-2026-04720,2026-12-19,2026-12,Balikpapan,IPTV,Intermittent Connection,High,Open,16,,INC-2026-01375,Residential,false,
TCK-2026-00086,2026-12-20,2026-12,Semarang,Enterprise VPN,Intermittent Connection,Medium,Waiting Customer,28,,,Residential,false,
TCK-2026-00566,2026-12-20,2026-12,Yogyakarta,Voice,Internet Down,Medium,Open,89,,,Residential,false,
TCK-2026-00836,2026-12-20,2026-12,Makassar,Mobile Broadband,Intermittent Connection,High,Open,52,,,Residential,false,
TCK-2026-01292,2026-12-20,2026-12,Balikpapan,Fiber Internet,Enterprise SLA Complaint,Medium,Resolved,99,395,,Residential,false,4.6
TCK-2026-01995,2026-12-20,2026-12,Yogyakarta,Fiber Internet,Intermittent Connection,High,Resolved,52,307,INC-2026-01351,Residential,false,3.7
TCK-2026-02139,2026-12-20,2026-12,Bandung,Cloud Connectivity,Internet Down,High,Closed,18,260,,Residential,false,2.9
TCK-2026-02152,2026-12-20,2026-12,Balikpapan,Mobile Broadband,Installation Delay,Medium,Resolved,81,511,,Residential,false,5
TCK-2026-02439,2026-12-20,2026-12,Balikpapan,Mobile Broadband,Billing Related,Low,Resolved,110,820,INC-2026-00532,Residential,false,4.0
TCK-2026-02514,2026-12-20,2026-12,Makassar,Fiber Internet,Router ONT Issue,Low,Open,93,,INC-2026-01028,SMB,false,
TCK-2026-03385,2026-12-20,2026-12,Yogyakarta,Mobile Broadband,Billing Related,Low,Resolved,111,897,,Residential,false,4.1
TCK-2026-03539,2026-12-20,2026-12,Balikpapan,Enterprise VPN,Enterprise SLA Complaint,Low,Resolved,133,841,,Residential,false,4.8
TCK-2026-03910,2026-12-20,2026-12,Jakarta,Cloud Connectivity,Intermittent Connection,High,Resolved,25,108,,SMB,false,3.5
TCK-2026-03971,2026-12-20,2026-12,Bandung,Mobile Broadband,Installation Delay,Medium,In Progress,76,,,Residential,false,
TCK-2026-04059,2026-12-20,2026-12,Palembang,Voice,Router ONT Issue,Medium,Resolved,102,398,INC-2026-00052,SMB,false,3.5
TCK-2026-04079,2026-12-20,2026-12,Yogyakarta,Enterprise VPN,Router ONT Issue,Medium,Waiting Customer,78,,,Residential,false,
TCK-2026-04130,2026-12-20,2026-12,Palembang,Voice,Enterprise SLA Complaint,Medium,Resolved,60,380,INC-2026-00052,Residential,false,3.7
TCK-2026-04210,2026-12-20,2026-12,Bandung,IPTV,Slow Connection,Medium,In Progress,65,,,Residential,false,
TCK-2026-04862,2026-12-20,2026-12,Balikpapan,Mobile Broadband,Slow Connection,Medium,Resolved,84,506,INC-2026-00532,SMB,true,3.8
TCK-2026-00553,2026-12-21,2026-12,Denpasar,Mobile Broadband,Internet Down,Critical,Resolved,28,81,INC-2026-01155,Residential,false,2.6
TCK-2026-00579,2026-12-21,2026-12,Semarang,Cloud Connectivity,Enterprise SLA Complaint,Low,Resolved,102,820,,Residential,false,3.8
TCK-2026-00810,2026-12-21,2026-12,Makassar,IPTV,Router ONT Issue,High,Closed,23,173,INC-2026-01717,SMB,false,2.9
TCK-2026-00888,2026-12-21,2026-12,Semarang,Fiber Internet,Billing Related,Medium,Resolved,46,383,,Residential,false,4.1
TCK-2026-01251,2026-12-21,2026-12,Medan,Voice,Enterprise SLA Complaint,Medium,Resolved,62,419,,SMB,false,5
TCK-2026-01638,2026-12-21,2026-12,Medan,IPTV,Router ONT Issue,Low,Resolved,102,948,,Residential,false,3.9
TCK-2026-02151,2026-12-21,2026-12,Palembang,IPTV,Intermittent Connection,High,Resolved,25,213,,Residential,false,3.9
TCK-2026-02634,2026-12-21,2026-12,Denpasar,Mobile Broadband,Billing Related,Low,Resolved,114,976,INC-2026-01155,Enterprise,false,4.2
TCK-2026-03564,2026-12-21,2026-12,Makassar,IPTV,Billing Related,Critical,Closed,58,115,INC-2026-01717,Residential,false,2.3
TCK-2026-03629,2026-12-21,2026-12,Balikpapan,Mobile Broadband,Router ONT Issue,Medium,In Progress,109,,,SMB,false,
TCK-2026-03717,2026-12-21,2026-12,Palembang,Cloud Connectivity,Enterprise SLA Complaint,Medium,Closed,64,463,,Public Sector,false,4.4
TCK-2026-04062,2026-12-21,2026-12,Medan,Mobile Broadband,Billing Related,High,Resolved,37,258,,Residential,false,2.8
TCK-2026-04369,2026-12-21,2026-12,Denpasar,Mobile Broadband,Router ONT Issue,Low,Resolved,127,997,INC-2026-01155,SMB,false,4.3
TCK-2026-04577,2026-12-21,2026-12,Denpasar,Voice,Enterprise SLA Complaint,Critical,Open,2,,,Residential,false,
TCK-2026-00028,2026-12-22,2026-12,Jakarta,Voice,Router ONT Issue,Medium,Closed,56,527,INC-2026-01699,Residential,false,4.1
TCK-2026-00122,2026-12-22,2026-12,Bandung,Voice,Enterprise SLA Complaint,Low,Resolved,107,910,INC-2026-00417,Residential,false,4.2
TCK-2026-00549,2026-12-22,2026-12,Jakarta,Fiber Internet,Router ONT Issue,High,Waiting Customer,29,,,Residential,true,
TCK-2026-00906,2026-12-22,2026-12,Bandung,Voice,Installation Delay,Medium,Resolved,97,638,INC-2026-00417,Residential,false,4.9
TCK-2026-01148,2026-12-22,2026-12,Bandung,Voice,Internet Down,High,Resolved,63,264,INC-2026-00417,Residential,false,3.4
TCK-2026-01477,2026-12-22,2026-12,Jakarta,Voice,Enterprise SLA Complaint,Medium,In Progress,52,,INC-2026-00294,Enterprise,false,
TCK-2026-02058,2026-12-22,2026-12,Denpasar,Cloud Connectivity,Installation Delay,Low,Waiting Customer,105,,INC-2026-00014,Residential,true,
TCK-2026-02157,2026-12-22,2026-12,Medan,IPTV,Internet Down,Medium,Open,101,,,Residential,false,
TCK-2026-02490,2026-12-22,2026-12,Jakarta,IPTV,Installation Delay,Low,Resolved,112,870,,Enterprise,false,3.8
TCK-2026-02995,2026-12-22,2026-12,Makassar,Fiber Internet,Enterprise SLA Complaint,Low,Open,124,,,Enterprise,false,
TCK-2026-02999,2026-12-22,2026-12,Medan,Fiber Internet,Slow Connection,Critical,Closed,22,146,,Enterprise,false,5
TCK-2026-03235,2026-12-22,2026-12,Semarang,Enterprise VPN,Enterprise SLA Complaint,Medium,In Progress,67,,INC-2026-01818,Residential,false,
TCK-2026-03289,2026-12-22,2026-12,Semarang,Enterprise VPN,Internet Down,Medium,Closed,111,483,INC-2026-01818,Enterprise,false,4.8
TCK-2026-03574,2026-12-22,2026-12,Semarang,Enterprise VPN,Internet Down,Medium,In Progress,59,,INC-2026-00366,Residential,false,
TCK-2026-03882,2026-12-22,2026-12,Bandung,Fiber Internet,Enterprise SLA Complaint,Medium,Closed,71,502,,Residential,false,3.6
TCK-2026-04014,2026-12-22,2026-12,Surabaya,Cloud Connectivity,Internet Down,Critical,Closed,21,196,,Residential,false,3.4
TCK-2026-04948,2026-12-22,2026-12,Balikpapan,Enterprise VPN,Installation Delay,High,Waiting Customer,51,,,Residential,false,
TCK-2026-04979,2026-12-22,2026-12,Bandung,Voice,Billing Related,Low,Resolved,101,823,INC-2026-00417,Enterprise,false,4.5
TCK-2026-00049,2026-12-23,2026-12,Denpasar,Fiber Internet,Billing Related,Low,Resolved,86,930,INC-2026-00528,Enterprise,false,2.6
TCK-2026-00353,2026-12-23,2026-12,Medan,Voice,Internet Down,High,Waiting Customer,22,,INC-2026-01539,Residential,true,
TCK-2026-00407,2026-12-23,2026-12,Medan,Cloud Connectivity,Internet Down,Medium,In Progress,84,,,Residential,false,
TCK-2026-00486,2026-12-23,2026-12,Makassar,Fiber Internet,Internet Down,Medium,Resolved,82,440,,Residential,false,3.6
TCK-2026-00932,2026-12-23,2026-12,Medan,Enterprise VPN,Internet Down,Medium,Waiting Customer,62,,INC-2026-01149,SMB,false,
TCK-2026-01060,2026-12-23,2026-12,Medan,Cloud Connectivity,Enterprise SLA Complaint,Medium,Closed,52,393,,SMB,false,4.1
TCK-2026-01313,2026-12-23,2026-12,Surabaya,Fiber Internet,Internet Down,Medium,In Progress,70,,INC-2026-00451,Residential,false,
TCK-2026-02088,2026-12-23,2026-12,Surabaya,IPTV,Billing Related,Low,Resolved,129,897,,Residential,false,4.3
TCK-2026-02089,2026-12-23,2026-12,Jakarta,Fiber Internet,Billing Related,Critical,Open,17,,INC-2026-00893,Public Sector,true,
TCK-2026-02701,2026-12-23,2026-12,Makassar,Fiber Internet,Intermittent Connection,Low,Resolved,109,905,,Residential,false,3.7
TCK-2026-02888,2026-12-23,2026-12,Yogyakarta,Voice,Installation Delay,Medium,Resolved,66,374,,Residential,false,5
TCK-2026-03017,2026-12-23,2026-12,Bandung,Mobile Broadband,Slow Connection,High,Resolved,2,371,,Residential,true,3.7
TCK-2026-03246,2026-12-23,2026-12,Surabaya,Voice,Internet Down,Medium,Waiting Customer,100,,,Residential,true,
TCK-2026-03513,2026-12-23,2026-12,Jakarta,Fiber Internet,Installation Delay,Critical,Closed,2,57,INC-2026-00893,Enterprise,false,3.8
TCK-2026-03806,2026-12-23,2026-12,Yogyakarta,Enterprise VPN,Internet Down,Low,Resolved,125,949,,Residential,false,3.4
TCK-2026-04030,2026-12-23,2026-12,Medan,Mobile Broadband,Router ONT Issue,Medium,Closed,65,633,,Residential,false,3.2
TCK-2026-04197,2026-12-23,2026-12,Palembang,Fiber Internet,Enterprise SLA Complaint,High,In Progress,33,,,SMB,false,
TCK-2026-04274,2026-12-23,2026-12,Medan,Enterprise VPN,Slow Connection,Medium,Waiting Customer,87,,INC-2026-01149,Residential,false,
TCK-2026-04663,2026-12-23,2026-12,Balikpapan,IPTV,Internet Down,Low,Open,126,,INC-2026-00074,Residential,false,
TCK-2026-00833,2026-12-24,2026-12,Palembang,Mobile Broadband,Enterprise SLA Complaint,Medium,In Progress,59,,,Residential,true,
TCK-2026-01109,2026-12-24,2026-12,Yogyakarta,IPTV,Router ONT Issue,Low,Resolved,82,864,,Enterprise,false,3.7
TCK-2026-01552,2026-12-24,2026-12,Balikpapan,Voice,Router ONT Issue,Medium,Resolved,48,552,INC-2026-00278,SMB,false,3.7
TCK-2026-01627,2026-12-24,2026-12,Balikpapan,Voice,Intermittent Connection,Critical,In Progress,28,,INC-2026-00278,SMB,false,
TCK-2026-03681,2026-12-24,2026-12,Yogyakarta,Fiber Internet,Billing Related,Critical,Resolved,35,234,,Enterprise,false,3.0
TCK-2026-04115,2026-12-24,2026-12,Denpasar,Enterprise VPN,Installation Delay,Low,Closed,136,1082,,Residential,false,3.5
TCK-2026-04245,2026-12-24,2026-12,Yogyakarta,Voice,Billing Related,Low,Resolved,127,984,,SMB,false,5
TCK-2026-04878,2026-12-24,2026-12,Yogyakarta,Cloud Connectivity,Internet Down,Medium,Resolved,77,497,INC-2026-00844,Residential,false,3.4
TCK-2026-04922,2026-12-24,2026-12,Makassar,Fiber Internet,Enterprise SLA Complaint,Low,Closed,119,896,,Residential,false,4.8
TCK-2026-05146,2026-12-24,2026-12,Surabaya,Cloud Connectivity,Billing Related,Medium,Waiting Customer,92,,,Residential,false,
TCK-2026-00494,2026-12-25,2026-12,Balikpapan,IPTV,Billing Related,Low,In Progress,131,,INC-2026-01388,Enterprise,true,
TCK-2026-01137,2026-12-25,2026-12,Yogyakarta,Fiber Internet,Router ONT Issue,Low,Resolved,124,901,,SMB,false,4.4
TCK-2026-01324,2026-12-25,2026-12,Balikpapan,IPTV,Internet Down,High,Closed,66,143,INC-2026-01388,SMB,false,4.0
TCK-2026-01405,2026-12-25,2026-12,Bandung,Enterprise VPN,Installation Delay,High,Waiting Customer,51,,INC-2026-00318,Residential,false,
TCK-2026-01978,2026-12-25,2026-12,Denpasar,Enterprise VPN,Router ONT Issue,Low,Resolved,91,1010,INC-2026-02009,Enterprise,false,3.5
TCK-2026-02015,2026-12-25,2026-12,Medan,Cloud Connectivity,Router ONT Issue,Medium,Resolved,37,539,,Residential,false,4.7
TCK-2026-02650,2026-12-25,2026-12,Semarang,Cloud Connectivity,Intermittent Connection,Low,Closed,112,879,INC-2026-02066,Residential,false,4.1
TCK-2026-02662,2026-12-25,2026-12,Palembang,Fiber Internet,Internet Down,High,Waiting Customer,29,,,Public Sector,false,
TCK-2026-03759,2026-12-25,2026-12,Jakarta,Fiber Internet,Enterprise SLA Complaint,High,Resolved,22,197,,Residential,false,3.1
TCK-2026-03817,2026-12-25,2026-12,Makassar,Mobile Broadband,Enterprise SLA Complaint,Medium,In Progress,70,,,Residential,false,
TCK-2026-04096,2026-12-25,2026-12,Surabaya,Fiber Internet,Billing Related,Low,Waiting Customer,128,,,Residential,false,
TCK-2026-04375,2026-12-25,2026-12,Surabaya,Enterprise VPN,Billing Related,Critical,Closed,43,43,,Residential,false,3.7
TCK-2026-04759,2026-12-25,2026-12,Balikpapan,IPTV,Enterprise SLA Complaint,Low,In Progress,120,,INC-2026-01388,Residential,false,
TCK-2026-04843,2026-12-25,2026-12,Yogyakarta,Cloud Connectivity,Router ONT Issue,High,Closed,32,98,,Residential,false,2.4
TCK-2026-04914,2026-12-25,2026-12,Makassar,Fiber Internet,Enterprise SLA Complaint,Low,Waiting Customer,103,,,Residential,false,
TCK-2026-00281,2026-12-26,2026-12,Bandung,Voice,Intermittent Connection,Medium,Resolved,73,502,,Residential,false,5
TCK-2026-00558,2026-12-26,2026-12,Balikpapan,Enterprise VPN,Router ONT Issue,Low,Closed,112,1001,,Residential,false,3.4
TCK-2026-00873,2026-12-26,2026-12,Bandung,Voice,Enterprise SLA Complaint,Critical,Closed,2,205,,Residential,false,3.6
TCK-2026-01055,2026-12-26,2026-12,Makassar,Fiber Internet,Router ONT Issue,Medium,In Progress,84,,,Residential,true,
TCK-2026-01331,2026-12-26,2026-12,Yogyakarta,Voice,Installation Delay,High,Closed,29,271,INC-2026-01735,Enterprise,false,2.8
TCK-2026-01458,2026-12-26,2026-12,Semarang,Cloud Connectivity,Internet Down,Medium,In Progress,84,,INC-2026-01600,Residential,true,
TCK-2026-01499,2026-12-26,2026-12,Yogyakarta,Enterprise VPN,Internet Down,Medium,Resolved,37,626,INC-2026-02033,SMB,false,3.6
TCK-2026-02629,2026-12-26,2026-12,Yogyakarta,IPTV,Router ONT Issue,High,In Progress,59,,,Residential,false,
TCK-2026-02958,2026-12-26,2026-12,Palembang,IPTV,Slow Connection,High,Resolved,32,218,INC-2026-00889,Enterprise,true,4.0
TCK-2026-03203,2026-12-26,2026-12,Palembang,IPTV,Enterprise SLA Complaint,Low,Closed,147,857,INC-2026-00889,Residential,false,4.1
TCK-2026-04183,2026-12-26,2026-12,Medan,IPTV,Billing Related,Medium,Open,63,,,Enterprise,false,
TCK-2026-04457,2026-12-26,2026-12,Yogyakarta,Enterprise VPN,Enterprise SLA Complaint,Low,Closed,145,870,INC-2026-02033,SMB,false,4.2
TCK-2026-04458,2026-12-26,2026-12,Bandung,Mobile Broadband,Installation Delay,Low,In Progress,133,,,Residential,false,
TCK-2026-04938,2026-12-26,2026-12,Semarang,Cloud Connectivity,Slow Connection,Low,Closed,124,938,INC-2026-01600,Residential,false,3.8
TCK-2026-04999,2026-12-26,2026-12,Palembang,IPTV,Installation Delay,Low,Resolved,124,889,,Residential,false,4.7
TCK-2026-05206,2026-12-26,2026-12,Yogyakarta,Voice,Slow Connection,Critical,In Progress,30,,INC-2026-01735,Residential,false,
TCK-2026-05395,2026-12-26,2026-12,Medan,Enterprise VPN,Billing Related,Low,In Progress,124,,,Residential,false,
TCK-2026-00016,2026-12-27,2026-12,Bandung,Voice,Enterprise SLA Complaint,High,In Progress,54,,INC-2026-01352,Residential,true,
TCK-2026-00125,2026-12-27,2026-12,Medan,Fiber Internet,Slow Connection,Medium,Resolved,83,527,,SMB,false,4.7
TCK-2026-00460,2026-12-27,2026-12,Denpasar,Mobile Broadband,Slow Connection,Medium,Closed,68,591,INC-2026-00818,SMB,false,5
TCK-2026-00475,2026-12-27,2026-12,Semarang,Cloud Connectivity,Intermittent Connection,High,In Progress,39,,INC-2026-00127,SMB,false,
TCK-2026-01786,2026-12-27,2026-12,Denpasar,Cloud Connectivity,Router ONT Issue,Medium,Resolved,84,479,INC-2026-00008,Residential,false,3.8
TCK-2026-02261,2026-12-27,2026-12,Balikpapan,Enterprise VPN,Intermittent Connection,Medium,Resolved,84,508,,Public Sector,false,4.5
TCK-2026-02349,2026-12-27,2026-12,Denpasar,Cloud Connectivity,Router ONT Issue,Medium,Waiting Customer,68,,,Residential,false,
TCK-2026-02451,2026-12-27,2026-12,Denpasar,Cloud Connectivity,Intermittent Connection,High,Waiting Customer,35,,,Residential,false,
TCK-2026-02987,2026-12-27,2026-12,Denpasar,Mobile Broadband,Internet Down,High,Closed,37,232,INC-2026-00818,Residential,false,3.1
TCK-2026-03037,2026-12-27,2026-12,Balikpapan,Enterprise VPN,Billing Related,Low,Waiting Customer,138,,,SMB,false,
TCK-2026-03210,2026-12-27,2026-12,Denpasar,Cloud Connectivity,Internet Down,Medium,Closed,76,455,INC-2026-00008,Residential,false,5
TCK-2026-03279,2026-12-27,2026-12,Palembang,IPTV,Slow Connection,Medium,Resolved,101,418,INC-2026-00692,Public Sector,false,3.6
TCK-2026-03734,2026-12-27,2026-12,Surabaya,Mobile Broadband,Enterprise SLA Complaint,Medium,In Progress,78,,,Residential,false,
TCK-2026-04556,2026-12-27,2026-12,Bandung,Voice,Installation Delay,High,Waiting Customer,29,,INC-2026-01352,SMB,false,
TCK-2026-04603,2026-12-27,2026-12,Jakarta,Fiber Internet,Billing Related,High,Waiting Customer,44,,,Residential,false,
TCK-2026-04969,2026-12-27,2026-12,Semarang,Cloud Connectivity,Intermittent Connection,Low,Closed,126,836,INC-2026-00127,Residential,false,4.1
TCK-2026-05202,2026-12-27,2026-12,Surabaya,Fiber Internet,Internet Down,Low,Resolved,145,956,,Residential,false,3.9
TCK-2026-00157,2026-12-28,2026-12,Balikpapan,Mobile Broadband,Router ONT Issue,Low,Resolved,107,898,,Public Sector,false,3.8
TCK-2026-00434,2026-12-28,2026-12,Palembang,IPTV,Enterprise SLA Complaint,Medium,Resolved,85,563,INC-2026-01964,SMB,false,3.7
TCK-2026-01683,2026-12-28,2026-12,Denpasar,IPTV,Installation Delay,High,Waiting Customer,58,,,Residential,false,
TCK-2026-03073,2026-12-28,2026-12,Denpasar,Enterprise VPN,Internet Down,Medium,Resolved,70,538,INC-2026-01250,SMB,false,4.0
TCK-2026-03116,2026-12-28,2026-12,Bandung,Voice,Router ONT Issue,High,Closed,39,228,,Enterprise,false,4.3
TCK-2026-03323,2026-12-28,2026-12,Palembang,IPTV,Slow Connection,Low,Resolved,129,960,INC-2026-01964,Residential,true,4.8
TCK-2026-03452,2026-12-28,2026-12,Jakarta,Fiber Internet,Billing Related,Medium,Resolved,56,542,,SMB,false,4.8
TCK-2026-03731,2026-12-28,2026-12,Semarang,Cloud Connectivity,Intermittent Connection,High,Closed,45,145,INC-2026-01476,Residential,false,4.7
TCK-2026-03915,2026-12-28,2026-12,Balikpapan,Mobile Broadband,Router ONT Issue,Low,Resolved,107,883,,Enterprise,false,4.1
TCK-2026-04338,2026-12-28,2026-12,Jakarta,Voice,Router ONT Issue,Low,Resolved,142,897,,SMB,false,4.4
TCK-2026-04701,2026-12-28,2026-12,Bandung,IPTV,Installation Delay,Low,In Progress,107,,,SMB,false,
TCK-2026-04707,2026-12-28,2026-12,Semarang,Cloud Connectivity,Router ONT Issue,High,In Progress,19,,INC-2026-01476,Residential,false,
TCK-2026-04945,2026-12-28,2026-12,Palembang,IPTV,Router ONT Issue,Low,Resolved,130,843,INC-2026-01964,Residential,false,2.9
TCK-2026-05240,2026-12-28,2026-12,Balikpapan,Cloud Connectivity,Intermittent Connection,High,Closed,27,417,INC-2026-00618,Residential,false,2.4
TCK-2026-05250,2026-12-28,2026-12,Jakarta,Fiber Internet,Internet Down,Low,Open,104,,INC-2026-01683,Enterprise,false,
TCK-2026-05339,2026-12-28,2026-12,Medan,Enterprise VPN,Billing Related,High,In Progress,15,,,Residential,false,
TCK-2026-00364,2026-12-29,2026-12,Palembang,IPTV,Internet Down,Low,In Progress,127,,INC-2026-00522,Residential,false,
TCK-2026-00980,2026-12-29,2026-12,Palembang,IPTV,Billing Related,Medium,Resolved,77,630,INC-2026-01839,Residential,false,4.2
TCK-2026-01165,2026-12-29,2026-12,Palembang,Enterprise VPN,Enterprise SLA Complaint,Medium,In Progress,70,,,Residential,false,
TCK-2026-01464,2026-12-29,2026-12,Palembang,IPTV,Installation Delay,Low,Waiting Customer,114,,INC-2026-00522,Residential,true,
TCK-2026-01538,2026-12-29,2026-12,Balikpapan,Mobile Broadband,Slow Connection,Medium,Closed,68,547,,Residential,false,4.5
TCK-2026-01868,2026-12-29,2026-12,Yogyakarta,IPTV,Slow Connection,Low,Closed,118,975,,Residential,false,3.7
TCK-2026-02201,2026-12-29,2026-12,Yogyakarta,Cloud Connectivity,Slow Connection,Critical,Resolved,26,220,INC-2026-01657,Residential,false,3.7
TCK-2026-02317,2026-12-29,2026-12,Surabaya,Cloud Connectivity,Billing Related,Low,Closed,122,828,INC-2026-01919,Residential,false,3.7
TCK-2026-02400,2026-12-29,2026-12,Balikpapan,Fiber Internet,Intermittent Connection,Low,Closed,90,877,,Public Sector,false,4.3
TCK-2026-02944,2026-12-29,2026-12,Palembang,IPTV,Intermittent Connection,High,Resolved,41,273,INC-2026-00522,Public Sector,false,2.8
TCK-2026-03103,2026-12-29,2026-12,Bandung,Enterprise VPN,Internet Down,Medium,Resolved,115,547,,Residential,false,4.3
TCK-2026-03470,2026-12-29,2026-12,Makassar,Mobile Broadband,Internet Down,High,Open,14,,,Public Sector,false,
TCK-2026-03756,2026-12-29,2026-12,Jakarta,Enterprise VPN,Enterprise SLA Complaint,High,Resolved,39,375,,Enterprise,true,3.3
TCK-2026-03780,2026-12-29,2026-12,Semarang,Fiber Internet,Router ONT Issue,High,Closed,35,234,,Residential,false,4.3
TCK-2026-04638,2026-12-29,2026-12,Palembang,IPTV,Router ONT Issue,Low,Resolved,135,943,INC-2026-01839,Enterprise,false,3.3
TCK-2026-05111,2026-12-29,2026-12,Yogyakarta,Voice,Internet Down,Low,In Progress,145,,INC-2026-01018,Residential,false,
TCK-2026-00621,2026-12-30,2026-12,Balikpapan,Cloud Connectivity,Billing Related,Low,Resolved,105,862,,SMB,false,3.9
TCK-2026-01248,2026-12-30,2026-12,Palembang,Voice,Router ONT Issue,Medium,Closed,109,271,,SMB,false,4.6
TCK-2026-01747,2026-12-30,2026-12,Denpasar,Cloud Connectivity,Intermittent Connection,Low,Resolved,114,932,,Residential,false,3.8
TCK-2026-01983,2026-12-30,2026-12,Bandung,Voice,Enterprise SLA Complaint,High,Resolved,34,208,,SMB,false,2.7
TCK-2026-02072,2026-12-30,2026-12,Surabaya,Mobile Broadband,Router ONT Issue,Medium,In Progress,78,,INC-2026-00126,Enterprise,false,
TCK-2026-02315,2026-12-30,2026-12,Makassar,Fiber Internet,Internet Down,High,Resolved,40,112,,Residential,true,2.3
TCK-2026-03104,2026-12-30,2026-12,Palembang,Voice,Intermittent Connection,Medium,Closed,64,517,INC-2026-01934,SMB,false,5
TCK-2026-03925,2026-12-30,2026-12,Jakarta,Voice,Router ONT Issue,Low,Resolved,145,886,,SMB,false,3.4
TCK-2026-03932,2026-12-30,2026-12,Makassar,Cloud Connectivity,Enterprise SLA Complaint,Medium,Waiting Customer,85,,,Residential,false,
TCK-2026-04286,2026-12-30,2026-12,Jakarta,Enterprise VPN,Enterprise SLA Complaint,High,Closed,42,424,INC-2026-00495,Enterprise,false,3.8
TCK-2026-00840,2026-12-31,2026-12,Denpasar,Cloud Connectivity,Slow Connection,Medium,Resolved,101,604,,Residential,false,4.3
TCK-2026-01521,2026-12-31,2026-12,Bandung,Mobile Broadband,Installation Delay,Low,Resolved,89,911,INC-2026-00767,Residential,true,4.0
TCK-2026-01856,2026-12-31,2026-12,Medan,Voice,Billing Related,Medium,Resolved,51,410,,SMB,false,4.7
TCK-2026-01881,2026-12-31,2026-12,Medan,Mobile Broadband,Intermittent Connection,Medium,Resolved,101,378,,SMB,false,4.5
TCK-2026-01994,2026-12-31,2026-12,Yogyakarta,Enterprise VPN,Installation Delay,Medium,Closed,80,493,,Residential,true,4.0
TCK-2026-03262,2026-12-31,2026-12,Palembang,IPTV,Billing Related,High,Waiting Customer,6,,,Residential,true,
TCK-2026-03393,2026-12-31,2026-12,Bandung,Mobile Broadband,Enterprise SLA Complaint,Low,In Progress,136,,INC-2026-00767,SMB,false,
TCK-2026-04771,2026-12-31,2026-12,Makassar,Enterprise VPN,Enterprise SLA Complaint,Low,Resolved,107,853,,SMB,false,4.3
TCK-2026-04865,2026-12-31,2026-12,Balikpapan,Fiber Internet,Intermittent Connection,Medium,Resolved,77,493,,Residential,false,3.7
TCK-2026-04955,2026-12-31,2026-12,Yogyakarta,IPTV,Router ONT Issue,Low,In Progress,89,,,Residential,false,
TCK-2026-05352,2026-12-31,2026-12,Bandung,Mobile Broadband,Installation Delay,Low,In Progress,128,,INC-2026-00767,Residential,false,
