job_id,date,month,technician_id,technician_name,region,assigned_team,job_type,status,priority,dispatch_time_minutes,completion_time_minutes,first_time_fix,related_incident_id
JOB-2026-00929,2026-01-01,2026-01,TECH-013,Eka N.,Yogyakarta,NOC Core,Site Audit,Closed,High,5,143,true,INC-2026-01241
JOB-2026-01443,2026-01-01,2026-01,TECH-004,Bima E.,Medan,NOC Core,Preventive Maintenance,Closed,Critical,24,169,false,INC-2026-00493
JOB-2026-00640,2026-01-02,2026-01,TECH-044,Gita S.,Surabaya,Field Operations,Installation,In Progress,Low,149,,true,
JOB-2026-00666,2026-01-02,2026-01,TECH-017,Dewi R.,Balikpapan,NOC Core,Preventive Maintenance,Resolved,Low,202,404,false,INC-2026-00109
JOB-2026-01662,2026-01-02,2026-01,TECH-022,Indra W.,Balikpapan,Field Operations,Site Audit,Closed,Low,177,420,true,
JOB-2026-00230,2026-01-03,2026-01,TECH-003,Lukman D.,Makassar,Field Operations,Site Audit,Closed,Critical,29,137,true,
JOB-2026-00409,2026-01-03,2026-01,TECH-047,Indra V.,Semarang,Customer Assurance,Preventive Maintenance,Closed,Low,169,348,false,INC-2026-00579
JOB-2026-01790,2026-01-03,2026-01,TECH-005,Citra F.,Medan,Enterprise Support,Corrective Maintenance,Closed,High,32,188,true,INC-2026-00914
JOB-2026-00641,2026-01-04,2026-01,TECH-026,Kirana A.,Yogyakarta,NOC Core,Corrective Maintenance,Closed,Medium,131,244,true,INC-2026-00763
JOB-2026-01254,2026-01-04,2026-01,TECH-050,Dewi Y.,Medan,Enterprise Support,Preventive Maintenance,Closed,High,80,169,true,
JOB-2026-00136,2026-01-05,2026-01,TECH-051,Lukman Z.,Makassar,Fiber Maintenance,Installation,Closed,Low,185,445,false,
JOB-2026-00574,2026-01-05,2026-01,TECH-047,Bima V.,Palembang,Fiber Maintenance,Corrective Maintenance,Closed,Medium,66,347,true,INC-2026-02197
JOB-2026-00581,2026-01-05,2026-01,TECH-035,Indra J.,Jakarta,Fiber Maintenance,Installation,Resolved,Medium,120,255,true,INC-2026-01506
JOB-2026-00846,2026-01-05,2026-01,TECH-046,Indra U.,Palembang,Customer Assurance,Corrective Maintenance,In Progress,Medium,97,,true,INC-2026-02197
JOB-2026-01580,2026-01-05,2026-01,TECH-041,Adit P.,Jakarta,Enterprise Support,Preventive Maintenance,Open,Medium,102,,true,INC-2026-01506
JOB-2026-00563,2026-01-06,2026-01,TECH-028,Eka C.,Denpasar,NOC Core,Site Audit,Resolved,High,98,250,false,
JOB-2026-00592,2026-01-06,2026-01,TECH-021,Dewi V.,Yogyakarta,Enterprise Support,Preventive Maintenance,Resolved,Medium,83,240,true,
JOB-2026-00317,2026-01-07,2026-01,TECH-051,Kirana Z.,Denpasar,Field Operations,Site Audit,Closed,Low,187,513,false,
JOB-2026-00532,2026-01-07,2026-01,TECH-056,Dewi E.,Bandung,Customer Assurance,Corrective Maintenance,Closed,Low,225,410,true,
JOB-2026-00664,2026-01-07,2026-01,TECH-051,Citra Z.,Semarang,Field Operations,Site Audit,Closed,Low,169,447,true,INC-2026-00390
JOB-2026-00694,2026-01-07,2026-01,TECH-050,Kirana Y.,Semarang,Enterprise Support,Preventive Maintenance,Open,Low,144,,true,INC-2026-00390
JOB-2026-00867,2026-01-07,2026-01,TECH-058,Joko G.,Semarang,NOC Core,Preventive Maintenance,Resolved,Medium,99,272,false,
JOB-2026-01021,2026-01-07,2026-01,TECH-049,Kirana X.,Semarang,Enterprise Support,Installation,Open,High,49,,false,
JOB-2026-01129,2026-01-07,2026-01,TECH-016,Adit Q.,Semarang,Customer Assurance,Installation,Closed,Low,197,412,true,INC-2026-00390
JOB-2026-01761,2026-01-07,2026-01,TECH-045,Indra T.,Yogyakarta,Field Operations,Preventive Maintenance,Resolved,Critical,35,107,true,
JOB-2026-01771,2026-01-07,2026-01,TECH-049,Indra X.,Balikpapan,Customer Assurance,Preventive Maintenance,Closed,Medium,97,207,true,INC-2026-01853
JOB-2026-00030,2026-01-08,2026-01,TECH-060,Lukman I.,Bandung,Enterprise Support,Installation,Closed,High,49,209,false,INC-2026-00013
JOB-2026-00247,2026-01-08,2026-01,TECH-056,Gita E.,Denpasar,Fiber Maintenance,Site Audit,Closed,High,6,296,false,INC-2026-00952
JOB-2026-00571,2026-01-08,2026-01,TECH-056,Citra E.,Yogyakarta,Fiber Maintenance,Corrective Maintenance,In Progress,High,44,,true,
JOB-2026-01224,2026-01-08,2026-01,TECH-051,Hana Z.,Bandung,Enterprise Support,Corrective Maintenance,Closed,High,37,153,true,INC-2026-00013
JOB-2026-01322,2026-01-08,2026-01,TECH-011,Adit L.,Jakarta,Fiber Maintenance,Corrective Maintenance,Closed,Low,185,496,true,INC-2026-02124
JOB-2026-00914,2026-01-09,2026-01,TECH-057,Fajar F.,Makassar,Field Operations,Site Audit,Resolved,Low,171,408,true,INC-2026-01453
JOB-2026-01046,2026-01-09,2026-01,TECH-003,Lukman D.,Balikpapan,Enterprise Support,Site Audit,Closed,Low,192,494,true,
JOB-2026-01190,2026-01-09,2026-01,TECH-006,Fajar G.,Medan,Field Operations,Site Audit,Closed,Low,202,393,true,INC-2026-00649
JOB-2026-01271,2026-01-09,2026-01,TECH-019,Kirana T.,Jakarta,Fiber Maintenance,Installation,Resolved,Low,177,349,true,INC-2026-00087
JOB-2026-01473,2026-01-09,2026-01,TECH-005,Adit F.,Medan,Fiber Maintenance,Site Audit,Closed,Low,171,435,true,INC-2026-00649
JOB-2026-00971,2026-01-10,2026-01,TECH-045,Dewi T.,Semarang,Enterprise Support,Installation,Resolved,Medium,92,300,false,INC-2026-01705
JOB-2026-01022,2026-01-10,2026-01,TECH-023,Gita X.,Medan,Fiber Maintenance,Corrective Maintenance,Closed,Low,137,441,true,INC-2026-00196
JOB-2026-00106,2026-01-11,2026-01,TECH-009,Fajar J.,Surabaya,Customer Assurance,Installation,In Progress,Low,197,,true,
JOB-2026-00688,2026-01-11,2026-01,TECH-055,Lukman D.,Bandung,NOC Core,Site Audit,Resolved,Low,168,409,false,INC-2026-01951
JOB-2026-01130,2026-01-11,2026-01,TECH-031,Fajar F.,Bandung,Enterprise Support,Preventive Maintenance,Closed,Low,170,406,false,
JOB-2026-01603,2026-01-11,2026-01,TECH-018,Joko S.,Medan,NOC Core,Preventive Maintenance,Closed,Low,172,350,true,INC-2026-01227
JOB-2026-00220,2026-01-12,2026-01,TECH-060,Lukman I.,Yogyakarta,Customer Assurance,Corrective Maintenance,In Progress,Low,181,,true,
JOB-2026-00437,2026-01-12,2026-01,TECH-017,Indra R.,Medan,Fiber Maintenance,Preventive Maintenance,In Progress,Critical,5,,true,INC-2026-00514
JOB-2026-01039,2026-01-12,2026-01,TECH-054,Dewi C.,Yogyakarta,Customer Assurance,Installation,Closed,Low,201,444,false,INC-2026-01651
JOB-2026-01275,2026-01-12,2026-01,TECH-017,Bima R.,Medan,Customer Assurance,Preventive Maintenance,In Progress,Critical,39,,false,INC-2026-00514
JOB-2026-01541,2026-01-12,2026-01,TECH-006,Bima G.,Semarang,NOC Core,Installation,Closed,Low,165,368,true,
JOB-2026-01796,2026-01-12,2026-01,TECH-025,Joko Z.,Yogyakarta,Enterprise Support,Preventive Maintenance,Open,Medium,94,,true,INC-2026-00432
JOB-2026-01216,2026-01-13,2026-01,TECH-010,Gita K.,Yogyakarta,Enterprise Support,Site Audit,Open,High,45,,false,INC-2026-01569
JOB-2026-01283,2026-01-13,2026-01,TECH-056,Gita E.,Yogyakarta,Field Operations,Preventive Maintenance,Resolved,High,68,232,false,INC-2026-01569
JOB-2026-01487,2026-01-13,2026-01,TECH-042,Eka Q.,Surabaya,Field Operations,Corrective Maintenance,Closed,High,44,135,false,INC-2026-00424
JOB-2026-00293,2026-01-14,2026-01,TECH-052,Eka A.,Surabaya,Fiber Maintenance,Preventive Maintenance,Open,Medium,104,,true,
JOB-2026-00420,2026-01-14,2026-01,TECH-051,Joko Z.,Surabaya,NOC Core,Site Audit,Resolved,Medium,111,440,true,
JOB-2026-00987,2026-01-14,2026-01,TECH-041,Kirana P.,Semarang,Fiber Maintenance,Site Audit,Closed,Low,167,390,true,
JOB-2026-01148,2026-01-14,2026-01,TECH-016,Lukman Q.,Balikpapan,NOC Core,Preventive Maintenance,Open,Low,202,,true,INC-2026-02098
JOB-2026-01535,2026-01-14,2026-01,TECH-056,Lukman E.,Makassar,Enterprise Support,Site Audit,Resolved,Medium,94,332,true,INC-2026-01757
JOB-2026-01601,2026-01-14,2026-01,TECH-003,Fajar D.,Balikpapan,Field Operations,Site Audit,Resolved,Medium,119,294,true,INC-2026-01496
JOB-2026-01250,2026-01-15,2026-01,TECH-044,Citra S.,Bandung,NOC Core,Preventive Maintenance,Closed,Medium,92,392,false,
JOB-2026-01390,2026-01-15,2026-01,TECH-013,Citra N.,Jakarta,Enterprise Support,Site Audit,Resolved,Critical,28,108,true,INC-2026-00824
JOB-2026-01789,2026-01-15,2026-01,TECH-005,Eka F.,Medan,NOC Core,Preventive Maintenance,Resolved,Low,217,477,false,
JOB-2026-00831,2026-01-16,2026-01,TECH-041,Kirana P.,Surabaya,Fiber Maintenance,Corrective Maintenance,Closed,Low,168,450,true,INC-2026-01835
JOB-2026-01321,2026-01-16,2026-01,TECH-012,Joko M.,Surabaya,Field Operations,Installation,Closed,Low,161,432,true,INC-2026-01835
JOB-2026-01522,2026-01-16,2026-01,TECH-053,Lukman B.,Denpasar,Customer Assurance,Installation,Resolved,Medium,103,291,false,
JOB-2026-01676,2026-01-16,2026-01,TECH-052,Adit A.,Jakarta,Customer Assurance,Installation,Open,High,36,,false,INC-2026-00942
JOB-2026-00002,2026-01-17,2026-01,TECH-027,Indra B.,Jakarta,Enterprise Support,Corrective Maintenance,Closed,High,55,198,false,
JOB-2026-00365,2026-01-17,2026-01,TECH-026,Fajar A.,Jakarta,Customer Assurance,Installation,Resolved,Medium,112,280,true,INC-2026-00059
JOB-2026-01276,2026-01-17,2026-01,TECH-028,Adit C.,Yogyakarta,Customer Assurance,Corrective Maintenance,Resolved,Medium,87,250,true,
JOB-2026-01498,2026-01-17,2026-01,TECH-059,Adit H.,Surabaya,Fiber Maintenance,Corrective Maintenance,Closed,Medium,126,248,true,
JOB-2026-01700,2026-01-17,2026-01,TECH-010,Citra K.,Surabaya,NOC Core,Preventive Maintenance,Resolved,Medium,62,266,false,INC-2026-00658
JOB-2026-01730,2026-01-17,2026-01,TECH-007,Kirana H.,Denpasar,Fiber Maintenance,Corrective Maintenance,In Progress,High,29,,false,INC-2026-00161
JOB-2026-00225,2026-01-18,2026-01,TECH-037,Indra L.,Medan,Enterprise Support,Site Audit,In Progress,Medium,84,,true,INC-2026-00524
JOB-2026-00227,2026-01-18,2026-01,TECH-040,Dewi O.,Jakarta,Fiber Maintenance,Installation,Closed,Low,193,461,true,INC-2026-01462
JOB-2026-01169,2026-01-18,2026-01,TECH-044,Kirana S.,Balikpapan,Customer Assurance,Corrective Maintenance,Closed,Medium,83,309,true,
JOB-2026-01172,2026-01-18,2026-01,TECH-026,Citra A.,Jakarta,Enterprise Support,Preventive Maintenance,Closed,Medium,117,297,true,INC-2026-01579
JOB-2026-01523,2026-01-18,2026-01,TECH-019,Gita T.,Jakarta,Enterprise Support,Corrective Maintenance,Resolved,Low,155,370,true,INC-2026-01462
JOB-2026-00121,2026-01-19,2026-01,TECH-041,Citra P.,Balikpapan,Enterprise Support,Site Audit,Resolved,Medium,76,359,true,
JOB-2026-00451,2026-01-19,2026-01,TECH-034,Indra I.,Semarang,NOC Core,Preventive Maintenance,Open,Medium,94,,false,INC-2026-00083
JOB-2026-00497,2026-01-19,2026-01,TECH-036,Bima K.,Semarang,Enterprise Support,Corrective Maintenance,Resolved,Medium,87,487,true,INC-2026-00083
JOB-2026-00698,2026-01-19,2026-01,TECH-042,Dewi Q.,Surabaya,Fiber Maintenance,Corrective Maintenance,Closed,High,66,232,false,INC-2026-01899
JOB-2026-00893,2026-01-19,2026-01,TECH-007,Lukman H.,Medan,Fiber Maintenance,Preventive Maintenance,Resolved,Low,179,413,true,
JOB-2026-01097,2026-01-19,2026-01,TECH-034,Citra I.,Denpasar,Enterprise Support,Preventive Maintenance,Resolved,Medium,91,266,true,INC-2026-01354
JOB-2026-01697,2026-01-19,2026-01,TECH-008,Hana I.,Denpasar,NOC Core,Preventive Maintenance,Resolved,Low,151,437,true,
JOB-2026-01744,2026-01-19,2026-01,TECH-002,Lukman C.,Palembang,Field Operations,Installation,Resolved,Medium,73,226,true,
JOB-2026-01763,2026-01-19,2026-01,TECH-023,Kirana X.,Jakarta,Field Operations,Corrective Maintenance,Closed,Medium,102,424,false,
JOB-2026-00109,2026-01-20,2026-01,TECH-058,Fajar G.,Palembang,NOC Core,Site Audit,Resolved,High,32,304,false,
JOB-2026-00239,2026-01-20,2026-01,TECH-047,Bima V.,Denpasar,Enterprise Support,Preventive Maintenance,Closed,Low,174,452,true,INC-2026-00926
JOB-2026-00452,2026-01-20,2026-01,TECH-039,Hana N.,Surabaya,NOC Core,Preventive Maintenance,Closed,High,77,320,true,
JOB-2026-00526,2026-01-20,2026-01,TECH-048,Eka W.,Denpasar,Fiber Maintenance,Preventive Maintenance,Open,Low,215,,true,INC-2026-00926
JOB-2026-00716,2026-01-20,2026-01,TECH-058,Dewi G.,Bandung,Field Operations,Installation,Resolved,Low,234,331,true,INC-2026-00964
JOB-2026-00091,2026-01-21,2026-01,TECH-004,Joko E.,Balikpapan,NOC Core,Corrective Maintenance,Resolved,Low,191,489,true,INC-2026-01855
JOB-2026-00206,2026-01-21,2026-01,TECH-028,Kirana C.,Surabaya,Fiber Maintenance,Site Audit,Resolved,Medium,98,258,true,INC-2026-00254
JOB-2026-00512,2026-01-21,2026-01,TECH-023,Dewi X.,Surabaya,Field Operations,Site Audit,Closed,High,75,129,true,INC-2026-02166
JOB-2026-00108,2026-01-22,2026-01,TECH-015,Hana P.,Bandung,NOC Core,Site Audit,Closed,Critical,39,136,true,
JOB-2026-00486,2026-01-22,2026-01,TECH-016,Indra Q.,Palembang,Fiber Maintenance,Site Audit,Closed,Medium,64,201,false,INC-2026-02112
JOB-2026-00586,2026-01-22,2026-01,TECH-058,Dewi G.,Palembang,Customer Assurance,Preventive Maintenance,Open,Medium,91,,true,INC-2026-02112
JOB-2026-00712,2026-01-22,2026-01,TECH-059,Citra H.,Bandung,Field Operations,Site Audit,Open,Low,207,,false,INC-2026-01973
JOB-2026-00785,2026-01-22,2026-01,TECH-026,Kirana A.,Bandung,NOC Core,Site Audit,Open,Low,206,,false,INC-2026-01973
JOB-2026-00899,2026-01-22,2026-01,TECH-042,Adit Q.,Makassar,Fiber Maintenance,Corrective Maintenance,Closed,Low,215,373,true,INC-2026-01022
JOB-2026-01249,2026-01-22,2026-01,TECH-047,Eka V.,Makassar,Enterprise Support,Corrective Maintenance,Resolved,Low,182,458,true,INC-2026-01022
JOB-2026-01733,2026-01-22,2026-01,TECH-043,Adit R.,Palembang,Customer Assurance,Corrective Maintenance,Closed,Medium,96,345,false,INC-2026-02112
JOB-2026-01770,2026-01-22,2026-01,TECH-050,Hana Y.,Yogyakarta,NOC Core,Site Audit,Resolved,Critical,22,203,false,INC-2026-00680
JOB-2026-00266,2026-01-23,2026-01,TECH-009,Dewi J.,Surabaya,Fiber Maintenance,Installation,Open,Low,154,,true,
JOB-2026-00670,2026-01-23,2026-01,TECH-019,Adit T.,Jakarta,NOC Core,Preventive Maintenance,Resolved,High,38,220,true,INC-2026-02067
JOB-2026-00029,2026-01-24,2026-01,TECH-046,Dewi U.,Surabaya,Fiber Maintenance,Installation,Resolved,Medium,98,350,true,INC-2026-00253
JOB-2026-00189,2026-01-24,2026-01,TECH-055,Citra D.,Balikpapan,Field Operations,Installation,Resolved,Medium,61,263,true,INC-2026-01431
JOB-2026-01120,2026-01-24,2026-01,TECH-031,Dewi F.,Bandung,Fiber Maintenance,Site Audit,Closed,Low,153,458,false,INC-2026-01782
JOB-2026-01174,2026-01-24,2026-01,TECH-001,Lukman B.,Surabaya,Enterprise Support,Installation,In Progress,Low,190,,true,INC-2026-01758
JOB-2026-01317,2026-01-24,2026-01,TECH-010,Gita K.,Surabaya,Customer Assurance,Preventive Maintenance,Resolved,High,65,257,true,
JOB-2026-01409,2026-01-24,2026-01,TECH-021,Joko V.,Yogyakarta,NOC Core,Site Audit,Closed,Low,161,478,true,INC-2026-00020
JOB-2026-00338,2026-01-25,2026-01,TECH-011,Lukman L.,Palembang,Fiber Maintenance,Preventive Maintenance,Open,Low,187,,true,INC-2026-00301
JOB-2026-00503,2026-01-25,2026-01,TECH-018,Hana S.,Bandung,Field Operations,Preventive Maintenance,Resolved,Medium,121,395,true,INC-2026-00827
JOB-2026-00594,2026-01-25,2026-01,TECH-054,Indra C.,Bandung,Field Operations,Site Audit,Closed,Medium,129,347,true,INC-2026-00827
JOB-2026-00877,2026-01-25,2026-01,TECH-031,Bima F.,Bandung,Fiber Maintenance,Preventive Maintenance,Closed,Medium,98,313,true,INC-2026-00827
JOB-2026-00949,2026-01-25,2026-01,TECH-003,Joko D.,Denpasar,Enterprise Support,Installation,Resolved,Low,201,345,false,INC-2026-00165
JOB-2026-01501,2026-01-25,2026-01,TECH-030,Lukman E.,Jakarta,Enterprise Support,Corrective Maintenance,Resolved,Medium,82,162,true,
JOB-2026-01538,2026-01-25,2026-01,TECH-004,Dewi E.,Palembang,Enterprise Support,Corrective Maintenance,Resolved,Low,189,431,true,INC-2026-00301
JOB-2026-01640,2026-01-25,2026-01,TECH-023,Bima X.,Palembang,Enterprise Support,Installation,Resolved,Medium,116,265,true,INC-2026-01078
JOB-2026-00246,2026-01-26,2026-01,TECH-001,Lukman B.,Denpasar,NOC Core,Installation,Closed,Low,131,434,true,INC-2026-00802
JOB-2026-01093,2026-01-26,2026-01,TECH-002,Dewi C.,Bandung,Enterprise Support,Corrective Maintenance,Resolved,Low,186,376,true,INC-2026-01062
JOB-2026-01125,2026-01-26,2026-01,TECH-038,Joko M.,Palembang,Enterprise Support,Installation,Closed,Low,147,326,true,INC-2026-00866
JOB-2026-01308,2026-01-26,2026-01,TECH-052,Lukman A.,Balikpapan,NOC Core,Site Audit,Resolved,Low,147,474,true,INC-2026-01482
JOB-2026-01547,2026-01-26,2026-01,TECH-012,Joko M.,Balikpapan,Field Operations,Installation,Closed,Low,169,412,false,INC-2026-01482
JOB-2026-01554,2026-01-26,2026-01,TECH-034,Gita I.,Denpasar,Customer Assurance,Site Audit,Resolved,Low,175,385,true,INC-2026-00802
JOB-2026-01581,2026-01-26,2026-01,TECH-055,Adit D.,Makassar,Fiber Maintenance,Preventive Maintenance,Closed,High,58,307,true,
JOB-2026-00425,2026-01-27,2026-01,TECH-018,Dewi S.,Palembang,Enterprise Support,Installation,Resolved,Low,177,331,false,
JOB-2026-00017,2026-01-28,2026-01,TECH-027,Joko B.,Palembang,NOC Core,Site Audit,Closed,Medium,119,350,true,INC-2026-00789
JOB-2026-00123,2026-01-28,2026-01,TECH-039,Lukman N.,Makassar,Field Operations,Corrective Maintenance,Resolved,Low,190,450,true,
JOB-2026-00131,2026-01-28,2026-01,TECH-051,Gita Z.,Semarang,Enterprise Support,Preventive Maintenance,Resolved,Low,178,355,true,INC-2026-00139
JOB-2026-01056,2026-01-28,2026-01,TECH-016,Eka Q.,Semarang,Field Operations,Preventive Maintenance,Closed,Low,164,449,true,INC-2026-00139
JOB-2026-01171,2026-01-28,2026-01,TECH-020,Indra U.,Denpasar,Customer Assurance,Preventive Maintenance,Resolved,Low,157,371,true,INC-2026-00461
JOB-2026-01623,2026-01-28,2026-01,TECH-018,Lukman S.,Denpasar,NOC Core,Installation,Open,Low,179,,false,INC-2026-00461
JOB-2026-01625,2026-01-28,2026-01,TECH-014,Dewi O.,Balikpapan,Customer Assurance,Installation,In Progress,Medium,130,,true,INC-2026-01057
JOB-2026-01716,2026-01-28,2026-01,TECH-037,Lukman L.,Surabaya,Enterprise Support,Installation,Open,Medium,90,,true,INC-2026-00393
JOB-2026-00296,2026-01-29,2026-01,TECH-019,Kirana T.,Yogyakarta,Customer Assurance,Corrective Maintenance,Closed,High,28,276,true,INC-2026-01670
JOB-2026-00625,2026-01-29,2026-01,TECH-028,Dewi C.,Yogyakarta,Customer Assurance,Installation,Closed,Medium,106,342,true,
JOB-2026-00646,2026-01-29,2026-01,TECH-023,Adit X.,Medan,Customer Assurance,Preventive Maintenance,Resolved,Medium,119,308,true,INC-2026-00604
JOB-2026-00728,2026-01-29,2026-01,TECH-043,Citra R.,Yogyakarta,NOC Core,Installation,Closed,High,60,225,true,INC-2026-01670
JOB-2026-01005,2026-01-29,2026-01,TECH-011,Fajar L.,Medan,Field Operations,Corrective Maintenance,Open,Low,163,,true,INC-2026-00411
JOB-2026-00020,2026-01-30,2026-01,TECH-017,Indra R.,Jakarta,Fiber Maintenance,Preventive Maintenance,Resolved,Low,172,418,true,INC-2026-00546
JOB-2026-00392,2026-01-30,2026-01,TECH-005,Bima F.,Jakarta,Enterprise Support,Site Audit,Resolved,Low,180,482,true,INC-2026-00607
JOB-2026-00703,2026-01-30,2026-01,TECH-024,Indra Y.,Bandung,Field Operations,Installation,Closed,Critical,18,63,true,
JOB-2026-01033,2026-01-30,2026-01,TECH-031,Indra F.,Yogyakarta,Field Operations,Installation,Resolved,Low,178,457,true,INC-2026-01033
JOB-2026-01053,2026-01-30,2026-01,TECH-053,Fajar B.,Jakarta,Field Operations,Site Audit,Resolved,Low,165,367,true,INC-2026-00546
JOB-2026-01272,2026-01-30,2026-01,TECH-045,Citra T.,Jakarta,Enterprise Support,Corrective Maintenance,Resolved,Low,179,393,true,INC-2026-00546
JOB-2026-01490,2026-01-30,2026-01,TECH-045,Lukman T.,Makassar,Field Operations,Preventive Maintenance,Closed,Medium,108,452,false,INC-2026-00167
JOB-2026-00755,2026-01-31,2026-01,TECH-009,Bima J.,Denpasar,NOC Core,Preventive Maintenance,Resolved,Low,186,431,false,INC-2026-00223
JOB-2026-00805,2026-01-31,2026-01,TECH-001,Bima B.,Balikpapan,Enterprise Support,Corrective Maintenance,In Progress,Low,172,,true,INC-2026-01486
JOB-2026-00995,2026-01-31,2026-01,TECH-049,Citra X.,Yogyakarta,Customer Assurance,Installation,Resolved,Low,192,410,true,INC-2026-00698
JOB-2026-01400,2026-01-31,2026-01,TECH-046,Gita U.,Balikpapan,Field Operations,Installation,Resolved,Low,223,424,true,INC-2026-00605
JOB-2026-01462,2026-01-31,2026-01,TECH-043,Adit R.,Makassar,NOC Core,Preventive Maintenance,Closed,Low,136,336,false,INC-2026-00622
JOB-2026-01545,2026-01-31,2026-01,TECH-002,Indra C.,Surabaya,Customer Assurance,Corrective Maintenance,Resolved,Medium,116,312,false,INC-2026-01228
JOB-2026-01550,2026-01-31,2026-01,TECH-031,Eka F.,Yogyakarta,NOC Core,Site Audit,Resolved,Low,191,513,true,INC-2026-00698
JOB-2026-01060,2026-02-02,2026-02,TECH-040,Indra O.,Jakarta,NOC Core,Preventive Maintenance,In Progress,High,48,,false,INC-2026-02157
JOB-2026-01246,2026-02-02,2026-02,TECH-052,Kirana A.,Makassar,Fiber Maintenance,Preventive Maintenance,Resolved,Medium,109,285,false,INC-2026-00987
JOB-2026-01474,2026-02-02,2026-02,TECH-059,Citra H.,Makassar,Customer Assurance,Preventive Maintenance,Closed,Medium,92,371,true,INC-2026-00123
JOB-2026-00844,2026-02-03,2026-02,TECH-049,Fajar X.,Bandung,Fiber Maintenance,Corrective Maintenance,Closed,Low,185,433,true,
JOB-2026-00860,2026-02-03,2026-02,TECH-018,Gita S.,Semarang,Fiber Maintenance,Preventive Maintenance,Closed,Medium,112,377,true,
JOB-2026-00870,2026-02-03,2026-02,TECH-001,Eka B.,Surabaya,Field Operations,Preventive Maintenance,Resolved,Critical,18,24,false,INC-2026-01045
JOB-2026-00871,2026-02-03,2026-02,TECH-033,Citra H.,Jakarta,Fiber Maintenance,Installation,Resolved,Low,167,383,true,
JOB-2026-00950,2026-02-03,2026-02,TECH-022,Hana W.,Surabaya,Enterprise Support,Corrective Maintenance,Resolved,Critical,22,204,true,INC-2026-01045
JOB-2026-01667,2026-02-03,2026-02,TECH-010,Kirana K.,Yogyakarta,NOC Core,Site Audit,Resolved,Medium,82,300,true,INC-2026-01952
JOB-2026-01759,2026-02-03,2026-02,TECH-058,Adit G.,Medan,Enterprise Support,Preventive Maintenance,Closed,High,53,181,false,INC-2026-00204
JOB-2026-00169,2026-02-04,2026-02,TECH-004,Gita E.,Jakarta,Enterprise Support,Site Audit,Closed,Low,176,474,true,
JOB-2026-00324,2026-02-04,2026-02,TECH-020,Lukman U.,Medan,Fiber Maintenance,Installation,Closed,High,59,291,false,INC-2026-00968
JOB-2026-01085,2026-02-04,2026-02,TECH-018,Citra S.,Medan,Field Operations,Installation,Closed,High,37,169,false,INC-2026-00968
JOB-2026-00115,2026-02-05,2026-02,TECH-044,Fajar S.,Medan,NOC Core,Preventive Maintenance,In Progress,High,34,,false,INC-2026-01117
JOB-2026-00543,2026-02-05,2026-02,TECH-004,Gita E.,Makassar,Customer Assurance,Preventive Maintenance,Resolved,Low,169,402,true,INC-2026-02012
JOB-2026-00575,2026-02-05,2026-02,TECH-019,Gita T.,Palembang,NOC Core,Site Audit,Resolved,Medium,95,243,true,INC-2026-01177
JOB-2026-00981,2026-02-05,2026-02,TECH-045,Citra T.,Balikpapan,Fiber Maintenance,Corrective Maintenance,Resolved,Medium,105,304,true,INC-2026-02161
JOB-2026-01204,2026-02-05,2026-02,TECH-022,Gita W.,Semarang,Field Operations,Preventive Maintenance,Closed,High,61,172,false,INC-2026-01103
JOB-2026-01326,2026-02-05,2026-02,TECH-023,Gita X.,Makassar,Customer Assurance,Preventive Maintenance,Closed,Low,166,431,true,INC-2026-02012
JOB-2026-00044,2026-02-06,2026-02,TECH-026,Fajar A.,Bandung,Field Operations,Site Audit,In Progress,Medium,103,,true,
JOB-2026-00219,2026-02-06,2026-02,TECH-026,Adit A.,Bandung,Field Operations,Preventive Maintenance,Resolved,Medium,137,252,false,INC-2026-00792
JOB-2026-00557,2026-02-06,2026-02,TECH-014,Hana O.,Semarang,Field Operations,Site Audit,Resolved,Critical,46,155,true,
JOB-2026-01553,2026-02-06,2026-02,TECH-053,Fajar B.,Palembang,Fiber Maintenance,Preventive Maintenance,Resolved,Medium,91,383,true,
JOB-2026-00891,2026-02-07,2026-02,TECH-026,Hana A.,Denpasar,Fiber Maintenance,Installation,Resolved,High,26,284,true,
JOB-2026-00912,2026-02-07,2026-02,TECH-047,Eka V.,Balikpapan,Enterprise Support,Site Audit,Closed,High,60,214,true,INC-2026-01180
JOB-2026-01721,2026-02-07,2026-02,TECH-048,Dewi W.,Balikpapan,Field Operations,Preventive Maintenance,Open,High,80,,true,INC-2026-01180
JOB-2026-00342,2026-02-08,2026-02,TECH-037,Eka L.,Makassar,NOC Core,Preventive Maintenance,Closed,High,26,170,true,
JOB-2026-00404,2026-02-08,2026-02,TECH-026,Dewi A.,Bandung,Enterprise Support,Installation,Closed,Low,217,431,false,INC-2026-00963
JOB-2026-01203,2026-02-08,2026-02,TECH-044,Indra S.,Jakarta,Customer Assurance,Preventive Maintenance,Closed,Medium,111,239,true,INC-2026-01808
JOB-2026-01372,2026-02-08,2026-02,TECH-026,Kirana A.,Palembang,Customer Assurance,Installation,Resolved,Medium,119,382,true,
JOB-2026-01398,2026-02-08,2026-02,TECH-026,Adit A.,Medan,Enterprise Support,Site Audit,Resolved,Medium,88,322,true,
JOB-2026-01433,2026-02-08,2026-02,TECH-037,Hana L.,Makassar,Customer Assurance,Corrective Maintenance,Open,Low,187,,true,
JOB-2026-00907,2026-02-09,2026-02,TECH-014,Adit O.,Surabaya,Field Operations,Installation,Closed,High,33,257,false,
JOB-2026-01132,2026-02-09,2026-02,TECH-036,Lukman K.,Denpasar,Fiber Maintenance,Installation,Closed,Medium,106,238,true,
JOB-2026-01442,2026-02-09,2026-02,TECH-058,Indra G.,Semarang,Fiber Maintenance,Site Audit,Resolved,Medium,105,337,true,INC-2026-01864
JOB-2026-01624,2026-02-09,2026-02,TECH-046,Citra U.,Jakarta,Fiber Maintenance,Preventive Maintenance,Resolved,Low,185,418,true,
JOB-2026-01717,2026-02-09,2026-02,TECH-008,Adit I.,Medan,Customer Assurance,Site Audit,Closed,Medium,83,359,true,INC-2026-00925
JOB-2026-00450,2026-02-10,2026-02,TECH-040,Hana O.,Medan,NOC Core,Preventive Maintenance,Closed,Low,175,374,true,INC-2026-00049
JOB-2026-00488,2026-02-10,2026-02,TECH-031,Eka F.,Jakarta,Enterprise Support,Corrective Maintenance,Closed,High,96,229,false,INC-2026-01643
JOB-2026-01029,2026-02-10,2026-02,TECH-006,Gita G.,Jakarta,Enterprise Support,Site Audit,Closed,High,55,174,true,INC-2026-01643
JOB-2026-01583,2026-02-10,2026-02,TECH-020,Eka U.,Yogyakarta,Field Operations,Site Audit,Open,Medium,70,,false,
JOB-2026-00150,2026-02-11,2026-02,TECH-003,Kirana D.,Makassar,Enterprise Support,Site Audit,Resolved,Medium,86,235,false,
JOB-2026-00308,2026-02-11,2026-02,TECH-028,Eka C.,Surabaya,Fiber Maintenance,Site Audit,Closed,Low,210,379,true,INC-2026-01141
JOB-2026-01776,2026-02-11,2026-02,TECH-034,Lukman I.,Denpasar,Enterprise Support,Installation,Resolved,Medium,95,246,true,INC-2026-01382
JOB-2026-00626,2026-02-12,2026-02,TECH-005,Adit F.,Semarang,NOC Core,Corrective Maintenance,Closed,Low,233,490,true,
JOB-2026-00674,2026-02-12,2026-02,TECH-011,Eka L.,Surabaya,Customer Assurance,Site Audit,Closed,Low,133,459,true,INC-2026-00786
JOB-2026-00905,2026-02-12,2026-02,TECH-051,Fajar Z.,Balikpapan,Fiber Maintenance,Site Audit,Resolved,Low,161,496,true,INC-2026-00182
JOB-2026-01266,2026-02-12,2026-02,TECH-031,Hana F.,Balikpapan,NOC Core,Corrective Maintenance,Resolved,Medium,81,211,true,
JOB-2026-01277,2026-02-12,2026-02,TECH-025,Bima Z.,Balikpapan,NOC Core,Site Audit,Closed,Medium,73,258,true,INC-2026-00876
JOB-2026-01450,2026-02-12,2026-02,TECH-036,Eka K.,Balikpapan,NOC Core,Corrective Maintenance,Closed,Low,190,364,true,INC-2026-01187
JOB-2026-00401,2026-02-13,2026-02,TECH-022,Fajar W.,Semarang,NOC Core,Corrective Maintenance,Resolved,Critical,5,175,true,INC-2026-01499
JOB-2026-00648,2026-02-13,2026-02,TECH-013,Indra N.,Medan,NOC Core,Site Audit,Open,Medium,117,,false,
JOB-2026-00683,2026-02-13,2026-02,TECH-047,Eka V.,Semarang,Customer Assurance,Preventive Maintenance,Open,Critical,62,,true,INC-2026-01499
JOB-2026-00974,2026-02-13,2026-02,TECH-025,Hana Z.,Makassar,Enterprise Support,Site Audit,Open,Low,189,,true,INC-2026-01023
JOB-2026-01158,2026-02-13,2026-02,TECH-009,Adit J.,Surabaya,Field Operations,Site Audit,Open,High,78,,false,
JOB-2026-00176,2026-02-14,2026-02,TECH-001,Kirana B.,Bandung,NOC Core,Corrective Maintenance,Closed,Critical,38,199,false,INC-2026-00713
JOB-2026-00261,2026-02-14,2026-02,TECH-037,Kirana L.,Surabaya,Field Operations,Preventive Maintenance,Closed,Low,180,448,false,INC-2026-00335
JOB-2026-01073,2026-02-14,2026-02,TECH-009,Hana J.,Semarang,Field Operations,Installation,Open,High,59,,true,INC-2026-01522
JOB-2026-01115,2026-02-14,2026-02,TECH-013,Lukman N.,Bandung,Field Operations,Preventive Maintenance,Resolved,Low,209,387,false,INC-2026-00549
JOB-2026-01499,2026-02-14,2026-02,TECH-028,Gita C.,Yogyakarta,Enterprise Support,Preventive Maintenance,Closed,High,62,197,false,INC-2026-00972
JOB-2026-01797,2026-02-14,2026-02,TECH-035,Kirana J.,Semarang,Field Operations,Corrective Maintenance,Open,High,51,,false,INC-2026-01522
JOB-2026-00060,2026-02-15,2026-02,TECH-011,Hana L.,Yogyakarta,Customer Assurance,Corrective Maintenance,In Progress,Low,167,,false,INC-2026-01016
JOB-2026-00535,2026-02-15,2026-02,TECH-054,Gita C.,Surabaya,Fiber Maintenance,Preventive Maintenance,Resolved,Medium,96,429,true,INC-2026-01669
JOB-2026-00682,2026-02-15,2026-02,TECH-039,Lukman N.,Medan,Enterprise Support,Installation,Closed,Low,193,275,true,INC-2026-01265
JOB-2026-00774,2026-02-15,2026-02,TECH-015,Adit P.,Bandung,Customer Assurance,Installation,Closed,Low,196,551,false,INC-2026-01064
JOB-2026-01205,2026-02-15,2026-02,TECH-014,Kirana O.,Medan,NOC Core,Corrective Maintenance,In Progress,Medium,125,,true,
JOB-2026-00034,2026-02-16,2026-02,TECH-008,Gita I.,Balikpapan,Customer Assurance,Site Audit,Open,Medium,139,,true,INC-2026-01198
JOB-2026-00074,2026-02-16,2026-02,TECH-048,Citra W.,Semarang,Enterprise Support,Installation,Closed,Medium,91,379,true,INC-2026-00858
JOB-2026-00417,2026-02-16,2026-02,TECH-026,Indra A.,Palembang,Enterprise Support,Site Audit,Resolved,Medium,82,264,true,INC-2026-01253
JOB-2026-00833,2026-02-16,2026-02,TECH-033,Eka H.,Bandung,Customer Assurance,Site Audit,Resolved,Low,203,437,true,INC-2026-01696
JOB-2026-01290,2026-02-16,2026-02,TECH-040,Citra O.,Surabaya,Fiber Maintenance,Site Audit,Closed,Medium,97,338,true,INC-2026-01732
JOB-2026-01482,2026-02-16,2026-02,TECH-039,Hana N.,Surabaya,Fiber Maintenance,Installation,In Progress,Medium,116,,true,INC-2026-01732
JOB-2026-01507,2026-02-16,2026-02,TECH-005,Citra F.,Palembang,Customer Assurance,Corrective Maintenance,Closed,Medium,105,299,true,INC-2026-01253
JOB-2026-01783,2026-02-16,2026-02,TECH-024,Citra Y.,Yogyakarta,Customer Assurance,Installation,Resolved,Low,150,344,true,
JOB-2026-00990,2026-02-17,2026-02,TECH-039,Adit N.,Jakarta,Enterprise Support,Installation,Closed,Critical,30,122,false,
JOB-2026-00998,2026-02-17,2026-02,TECH-042,Fajar Q.,Bandung,Enterprise Support,Preventive Maintenance,Closed,Critical,5,123,false,
JOB-2026-01140,2026-02-17,2026-02,TECH-053,Lukman B.,Denpasar,Field Operations,Preventive Maintenance,Resolved,Medium,107,324,false,
JOB-2026-00009,2026-02-18,2026-02,TECH-015,Kirana P.,Balikpapan,Customer Assurance,Preventive Maintenance,Resolved,Medium,126,360,true,INC-2026-00948
JOB-2026-00216,2026-02-18,2026-02,TECH-015,Kirana P.,Balikpapan,NOC Core,Site Audit,Resolved,Medium,85,338,true,INC-2026-00948
JOB-2026-00782,2026-02-18,2026-02,TECH-014,Adit O.,Makassar,Customer Assurance,Site Audit,Closed,Low,180,358,true,INC-2026-01689
JOB-2026-00838,2026-02-18,2026-02,TECH-038,Bima M.,Surabaya,Customer Assurance,Site Audit,Resolved,Low,178,420,true,
JOB-2026-01017,2026-02-18,2026-02,TECH-024,Eka Y.,Denpasar,Enterprise Support,Corrective Maintenance,Closed,Medium,81,240,true,
JOB-2026-01758,2026-02-18,2026-02,TECH-040,Lukman O.,Surabaya,Fiber Maintenance,Preventive Maintenance,Closed,Medium,44,284,false,
JOB-2026-00349,2026-02-19,2026-02,TECH-033,Indra H.,Yogyakarta,Enterprise Support,Corrective Maintenance,Closed,High,61,346,true,INC-2026-02036
JOB-2026-00781,2026-02-19,2026-02,TECH-059,Joko H.,Palembang,Customer Assurance,Preventive Maintenance,Closed,Medium,115,361,true,
JOB-2026-01118,2026-02-19,2026-02,TECH-002,Citra C.,Semarang,Customer Assurance,Preventive Maintenance,Closed,Medium,106,360,true,INC-2026-01181
JOB-2026-01740,2026-02-19,2026-02,TECH-045,Lukman T.,Bandung,Customer Assurance,Preventive Maintenance,Resolved,Low,207,332,false,
JOB-2026-00031,2026-02-20,2026-02,TECH-056,Citra E.,Bandung,Customer Assurance,Site Audit,Open,Medium,80,,true,
JOB-2026-00200,2026-02-20,2026-02,TECH-044,Fajar S.,Balikpapan,Customer Assurance,Corrective Maintenance,Closed,Medium,67,321,true,
JOB-2026-00351,2026-02-20,2026-02,TECH-023,Bima X.,Surabaya,Fiber Maintenance,Preventive Maintenance,In Progress,Low,177,,true,INC-2026-02169
JOB-2026-00286,2026-02-22,2026-02,TECH-042,Dewi Q.,Makassar,Customer Assurance,Site Audit,Closed,High,34,212,true,INC-2026-00720
JOB-2026-00525,2026-02-22,2026-02,TECH-017,Dewi R.,Denpasar,NOC Core,Preventive Maintenance,Open,High,32,,true,INC-2026-00796
JOB-2026-00711,2026-02-22,2026-02,TECH-049,Indra X.,Palembang,Enterprise Support,Installation,Resolved,Medium,129,340,true,
JOB-2026-01065,2026-02-22,2026-02,TECH-046,Kirana U.,Medan,NOC Core,Corrective Maintenance,Resolved,Medium,116,290,true,INC-2026-00728
JOB-2026-01133,2026-02-22,2026-02,TECH-037,Kirana L.,Denpasar,Field Operations,Corrective Maintenance,Resolved,High,63,176,true,INC-2026-00796
JOB-2026-01495,2026-02-22,2026-02,TECH-016,Dewi Q.,Surabaya,Customer Assurance,Installation,Open,High,35,,true,INC-2026-01884
JOB-2026-01598,2026-02-22,2026-02,TECH-002,Citra C.,Bandung,Field Operations,Site Audit,Open,Low,198,,true,
JOB-2026-00551,2026-02-23,2026-02,TECH-050,Adit Y.,Yogyakarta,Enterprise Support,Site Audit,Closed,Low,197,409,true,INC-2026-02049
JOB-2026-00862,2026-02-23,2026-02,TECH-034,Citra I.,Medan,Customer Assurance,Site Audit,Closed,Low,184,403,true,INC-2026-00091
JOB-2026-01050,2026-02-23,2026-02,TECH-019,Dewi T.,Jakarta,Fiber Maintenance,Installation,Closed,High,67,190,true,INC-2026-00071
JOB-2026-01350,2026-02-23,2026-02,TECH-031,Bima F.,Jakarta,NOC Core,Installation,In Progress,High,47,,false,INC-2026-00071
JOB-2026-01451,2026-02-23,2026-02,TECH-045,Eka T.,Medan,Fiber Maintenance,Installation,Resolved,High,45,226,true,
JOB-2026-00407,2026-02-24,2026-02,TECH-010,Dewi K.,Semarang,NOC Core,Installation,Closed,Medium,86,348,true,INC-2026-00370
JOB-2026-00856,2026-02-24,2026-02,TECH-028,Bima C.,Medan,Field Operations,Corrective Maintenance,Resolved,Medium,100,292,true,INC-2026-01532
JOB-2026-01629,2026-02-24,2026-02,TECH-023,Hana X.,Surabaya,Customer Assurance,Preventive Maintenance,Open,Medium,100,,true,
JOB-2026-01685,2026-02-24,2026-02,TECH-041,Adit P.,Palembang,Fiber Maintenance,Preventive Maintenance,Resolved,Low,157,420,false,INC-2026-00121
JOB-2026-01719,2026-02-24,2026-02,TECH-056,Gita E.,Balikpapan,Enterprise Support,Preventive Maintenance,Closed,Low,227,383,false,
JOB-2026-00173,2026-02-25,2026-02,TECH-043,Citra R.,Jakarta,Enterprise Support,Corrective Maintenance,Closed,Medium,102,371,false,INC-2026-00556
JOB-2026-00201,2026-02-25,2026-02,TECH-016,Gita Q.,Jakarta,Enterprise Support,Preventive Maintenance,Closed,Medium,103,219,true,INC-2026-00556
JOB-2026-00276,2026-02-25,2026-02,TECH-027,Kirana B.,Semarang,NOC Core,Preventive Maintenance,In Progress,High,68,,true,INC-2026-00833
JOB-2026-00350,2026-02-25,2026-02,TECH-050,Bima Y.,Semarang,NOC Core,Preventive Maintenance,Resolved,Medium,79,173,true,INC-2026-02139
JOB-2026-00696,2026-02-25,2026-02,TECH-038,Dewi M.,Makassar,Enterprise Support,Site Audit,Closed,High,70,250,false,
JOB-2026-00799,2026-02-25,2026-02,TECH-031,Dewi F.,Semarang,Field Operations,Installation,Resolved,High,79,289,true,INC-2026-00833
JOB-2026-01004,2026-02-25,2026-02,TECH-046,Kirana U.,Makassar,NOC Core,Corrective Maintenance,Open,Low,149,,true,INC-2026-01586
JOB-2026-01059,2026-02-25,2026-02,TECH-059,Dewi H.,Semarang,Enterprise Support,Preventive Maintenance,Resolved,Medium,71,371,true,INC-2026-02139
JOB-2026-01069,2026-02-25,2026-02,TECH-014,Citra O.,Makassar,Enterprise Support,Site Audit,Closed,Low,198,468,true,INC-2026-01586
JOB-2026-01558,2026-02-25,2026-02,TECH-040,Joko O.,Semarang,Customer Assurance,Installation,Closed,Low,178,467,true,INC-2026-01439
JOB-2026-00287,2026-02-26,2026-02,TECH-056,Lukman E.,Denpasar,NOC Core,Installation,Closed,Low,216,449,true,INC-2026-00738
JOB-2026-01232,2026-02-26,2026-02,TECH-042,Kirana Q.,Balikpapan,Field Operations,Corrective Maintenance,Closed,Low,170,483,false,
JOB-2026-01381,2026-02-26,2026-02,TECH-019,Lukman T.,Balikpapan,NOC Core,Site Audit,Resolved,High,23,251,false,
JOB-2026-01393,2026-02-26,2026-02,TECH-009,Kirana J.,Medan,Customer Assurance,Corrective Maintenance,Resolved,Low,148,399,true,
JOB-2026-01787,2026-02-26,2026-02,TECH-050,Gita Y.,Surabaya,Fiber Maintenance,Installation,Closed,Low,206,393,true,INC-2026-02037
JOB-2026-00119,2026-02-27,2026-02,TECH-011,Citra L.,Denpasar,NOC Core,Preventive Maintenance,Closed,High,44,260,false,INC-2026-01465
JOB-2026-00589,2026-02-27,2026-02,TECH-017,Indra R.,Medan,Enterprise Support,Corrective Maintenance,Resolved,Critical,5,117,true,
JOB-2026-00926,2026-02-27,2026-02,TECH-008,Joko I.,Semarang,NOC Core,Site Audit,In Progress,High,76,,false,INC-2026-01377
JOB-2026-01559,2026-02-27,2026-02,TECH-011,Hana L.,Surabaya,Fiber Maintenance,Site Audit,Closed,Low,180,486,false,INC-2026-00099
JOB-2026-00585,2026-02-28,2026-02,TECH-052,Gita A.,Semarang,Fiber Maintenance,Installation,Closed,Medium,115,317,true,
JOB-2026-00889,2026-02-28,2026-02,TECH-026,Eka A.,Bandung,Fiber Maintenance,Site Audit,Closed,Low,143,489,true,
JOB-2026-00951,2026-02-28,2026-02,TECH-011,Bima L.,Balikpapan,Customer Assurance,Corrective Maintenance,Closed,Low,222,393,true,
JOB-2026-01647,2026-02-28,2026-02,TECH-036,Fajar K.,Semarang,Enterprise Support,Preventive Maintenance,Open,Low,169,,true,
JOB-2026-00137,2026-03-01,2026-03,TECH-020,Bima U.,Makassar,Enterprise Support,Site Audit,Resolved,Medium,115,236,false,
JOB-2026-00369,2026-03-01,2026-03,TECH-032,Lukman G.,Makassar,Customer Assurance,Site Audit,Resolved,Low,182,442,false,
JOB-2026-00472,2026-03-01,2026-03,TECH-020,Joko U.,Bandung,Enterprise Support,Preventive Maintenance,Resolved,Low,206,435,true,INC-2026-00169
JOB-2026-00897,2026-03-01,2026-03,TECH-058,Citra G.,Bandung,Enterprise Support,Preventive Maintenance,Closed,Low,156,405,true,INC-2026-00169
JOB-2026-00904,2026-03-01,2026-03,TECH-035,Lukman J.,Medan,Fiber Maintenance,Preventive Maintenance,Closed,Medium,137,241,false,
JOB-2026-00936,2026-03-01,2026-03,TECH-007,Gita H.,Denpasar,Customer Assurance,Site Audit,Closed,Medium,85,227,true,
JOB-2026-01028,2026-03-01,2026-03,TECH-005,Joko F.,Bandung,NOC Core,Corrective Maintenance,Closed,Medium,83,259,false,INC-2026-00586
JOB-2026-00256,2026-03-02,2026-03,TECH-049,Bima X.,Jakarta,Enterprise Support,Site Audit,Open,Low,174,,false,INC-2026-01991
JOB-2026-00635,2026-03-02,2026-03,TECH-035,Indra J.,Denpasar,Fiber Maintenance,Preventive Maintenance,Closed,Medium,81,397,false,INC-2026-01409
JOB-2026-01102,2026-03-02,2026-03,TECH-014,Adit O.,Makassar,Field Operations,Installation,Open,Medium,135,,false,
JOB-2026-01239,2026-03-02,2026-03,TECH-032,Adit G.,Denpasar,Enterprise Support,Installation,Closed,Low,157,528,true,
JOB-2026-01352,2026-03-02,2026-03,TECH-011,Citra L.,Makassar,Fiber Maintenance,Site Audit,Resolved,Medium,92,359,true,INC-2026-01210
JOB-2026-01426,2026-03-02,2026-03,TECH-037,Citra L.,Balikpapan,NOC Core,Site Audit,Closed,Low,194,396,false,
JOB-2026-00163,2026-03-03,2026-03,TECH-028,Dewi C.,Semarang,Customer Assurance,Corrective Maintenance,Closed,Medium,147,355,true,INC-2026-00464
JOB-2026-00221,2026-03-03,2026-03,TECH-020,Adit U.,Bandung,Customer Assurance,Corrective Maintenance,Closed,High,37,282,true,INC-2026-00375
JOB-2026-01163,2026-03-03,2026-03,TECH-045,Citra T.,Denpasar,Fiber Maintenance,Installation,Resolved,Low,152,425,true,
JOB-2026-01268,2026-03-03,2026-03,TECH-055,Kirana D.,Semarang,NOC Core,Site Audit,In Progress,Medium,89,,true,INC-2026-00464
JOB-2026-01306,2026-03-03,2026-03,TECH-014,Hana O.,Bandung,Enterprise Support,Preventive Maintenance,Closed,Medium,55,280,true,
JOB-2026-01646,2026-03-03,2026-03,TECH-012,Fajar M.,Jakarta,Field Operations,Corrective Maintenance,Closed,Medium,96,254,false,
JOB-2026-00441,2026-03-04,2026-03,TECH-016,Fajar Q.,Medan,Customer Assurance,Site Audit,In Progress,High,43,,true,
JOB-2026-01575,2026-03-04,2026-03,TECH-045,Hana T.,Bandung,Fiber Maintenance,Site Audit,Open,Low,172,,true,INC-2026-00574
JOB-2026-01738,2026-03-04,2026-03,TECH-039,Kirana N.,Balikpapan,Fiber Maintenance,Site Audit,Closed,Low,186,455,false,
JOB-2026-00101,2026-03-05,2026-03,TECH-009,Indra J.,Yogyakarta,NOC Core,Corrective Maintenance,In Progress,High,58,,true,
JOB-2026-00523,2026-03-05,2026-03,TECH-024,Fajar Y.,Balikpapan,Customer Assurance,Corrective Maintenance,Open,Low,178,,true,INC-2026-00563
JOB-2026-01127,2026-03-05,2026-03,TECH-013,Kirana N.,Balikpapan,Field Operations,Site Audit,Resolved,Medium,88,115,true,
JOB-2026-01530,2026-03-05,2026-03,TECH-025,Adit Z.,Surabaya,Enterprise Support,Preventive Maintenance,Closed,High,72,187,true,
JOB-2026-01706,2026-03-05,2026-03,TECH-022,Dewi W.,Denpasar,NOC Core,Corrective Maintenance,Resolved,High,51,186,false,INC-2026-00886
JOB-2026-00095,2026-03-06,2026-03,TECH-014,Dewi O.,Bandung,NOC Core,Corrective Maintenance,Closed,High,59,195,false,INC-2026-01646
JOB-2026-00388,2026-03-06,2026-03,TECH-040,Indra O.,Bandung,Fiber Maintenance,Preventive Maintenance,Resolved,High,61,313,false,
JOB-2026-00834,2026-03-06,2026-03,TECH-038,Gita M.,Palembang,Enterprise Support,Corrective Maintenance,Resolved,High,50,247,true,
JOB-2026-01453,2026-03-06,2026-03,TECH-009,Hana J.,Jakarta,Field Operations,Installation,Open,Medium,93,,true,INC-2026-00002
JOB-2026-01613,2026-03-06,2026-03,TECH-032,Eka G.,Balikpapan,Field Operations,Corrective Maintenance,Closed,High,59,284,false,
JOB-2026-01798,2026-03-06,2026-03,TECH-044,Gita S.,Surabaya,Enterprise Support,Preventive Maintenance,Resolved,Medium,84,321,true,INC-2026-00302
JOB-2026-01799,2026-03-06,2026-03,TECH-016,Citra Q.,Jakarta,Fiber Maintenance,Corrective Maintenance,Resolved,Low,148,375,true,INC-2026-02011
JOB-2026-00609,2026-03-07,2026-03,TECH-036,Adit K.,Bandung,Enterprise Support,Site Audit,In Progress,Low,203,,true,INC-2026-00568
JOB-2026-01336,2026-03-07,2026-03,TECH-035,Adit J.,Palembang,NOC Core,Site Audit,Open,Critical,60,,false,INC-2026-00849
JOB-2026-00021,2026-03-08,2026-03,TECH-020,Bima U.,Semarang,Fiber Maintenance,Corrective Maintenance,Resolved,High,47,223,true,
JOB-2026-00138,2026-03-08,2026-03,TECH-020,Fajar U.,Jakarta,Enterprise Support,Corrective Maintenance,Closed,Critical,31,101,true,
JOB-2026-00459,2026-03-08,2026-03,TECH-027,Joko B.,Jakarta,NOC Core,Installation,Resolved,Medium,151,272,true,
JOB-2026-00541,2026-03-08,2026-03,TECH-058,Hana G.,Surabaya,Field Operations,Corrective Maintenance,Resolved,Medium,125,303,false,
JOB-2026-00787,2026-03-08,2026-03,TECH-025,Gita Z.,Makassar,Customer Assurance,Installation,Closed,Low,195,469,true,INC-2026-00810
JOB-2026-01099,2026-03-08,2026-03,TECH-037,Dewi L.,Balikpapan,Fiber Maintenance,Installation,Closed,Low,200,429,false,
JOB-2026-01584,2026-03-09,2026-03,TECH-055,Gita D.,Jakarta,NOC Core,Preventive Maintenance,Resolved,Medium,141,356,true,INC-2026-00709
JOB-2026-00069,2026-03-10,2026-03,TECH-014,Bima O.,Surabaya,NOC Core,Preventive Maintenance,Closed,Low,169,409,true,INC-2026-00552
JOB-2026-00310,2026-03-10,2026-03,TECH-045,Fajar T.,Medan,Enterprise Support,Installation,Closed,Medium,107,460,true,
JOB-2026-00632,2026-03-10,2026-03,TECH-021,Bima V.,Surabaya,Field Operations,Preventive Maintenance,Closed,Low,205,477,true,INC-2026-00552
JOB-2026-01038,2026-03-10,2026-03,TECH-017,Lukman R.,Balikpapan,Enterprise Support,Site Audit,Open,Medium,82,,true,INC-2026-00675
JOB-2026-01076,2026-03-10,2026-03,TECH-023,Hana X.,Surabaya,Field Operations,Installation,Closed,Low,204,475,true,INC-2026-00552
JOB-2026-01488,2026-03-10,2026-03,TECH-023,Eka X.,Bandung,Enterprise Support,Installation,Open,Low,178,,false,INC-2026-00143
JOB-2026-01600,2026-03-10,2026-03,TECH-024,Gita Y.,Surabaya,Enterprise Support,Corrective Maintenance,Closed,High,18,306,true,INC-2026-01811
JOB-2026-01656,2026-03-10,2026-03,TECH-027,Eka B.,Bandung,Enterprise Support,Preventive Maintenance,Resolved,Low,132,474,true,INC-2026-00143
JOB-2026-00292,2026-03-11,2026-03,TECH-034,Hana I.,Makassar,NOC Core,Corrective Maintenance,Resolved,Medium,96,295,true,INC-2026-00666
JOB-2026-00356,2026-03-11,2026-03,TECH-003,Bima D.,Makassar,Fiber Maintenance,Corrective Maintenance,Resolved,Low,180,405,true,INC-2026-01615
JOB-2026-00659,2026-03-11,2026-03,TECH-024,Adit Y.,Makassar,Field Operations,Site Audit,Closed,High,65,205,false,
JOB-2026-01026,2026-03-11,2026-03,TECH-030,Eka E.,Balikpapan,Enterprise Support,Preventive Maintenance,Open,Low,217,,true,INC-2026-01762
JOB-2026-01062,2026-03-11,2026-03,TECH-012,Joko M.,Palembang,Field Operations,Preventive Maintenance,Closed,Low,156,473,false,
JOB-2026-00023,2026-03-12,2026-03,TECH-021,Lukman V.,Makassar,Enterprise Support,Preventive Maintenance,Open,Low,187,,true,INC-2026-02179
JOB-2026-00049,2026-03-12,2026-03,TECH-039,Lukman N.,Medan,Field Operations,Preventive Maintenance,In Progress,Medium,89,,true,INC-2026-01392
JOB-2026-00429,2026-03-12,2026-03,TECH-054,Fajar C.,Makassar,Field Operations,Corrective Maintenance,Open,Low,199,,true,INC-2026-02179
JOB-2026-00549,2026-03-12,2026-03,TECH-046,Bima U.,Balikpapan,Field Operations,Corrective Maintenance,Resolved,High,49,227,false,INC-2026-01264
JOB-2026-00708,2026-03-12,2026-03,TECH-029,Adit D.,Surabaya,Field Operations,Installation,In Progress,Medium,107,,false,
JOB-2026-01227,2026-03-12,2026-03,TECH-057,Kirana F.,Medan,Field Operations,Corrective Maintenance,Open,Medium,116,,false,INC-2026-01392
JOB-2026-01236,2026-03-12,2026-03,TECH-038,Dewi M.,Surabaya,Fiber Maintenance,Preventive Maintenance,Resolved,Medium,118,351,true,
JOB-2026-01286,2026-03-12,2026-03,TECH-032,Bima G.,Semarang,Field Operations,Installation,In Progress,Medium,131,,false,INC-2026-01143
JOB-2026-01389,2026-03-12,2026-03,TECH-031,Eka F.,Semarang,Customer Assurance,Corrective Maintenance,Resolved,Medium,111,320,true,INC-2026-01143
JOB-2026-01652,2026-03-12,2026-03,TECH-057,Joko F.,Balikpapan,Enterprise Support,Installation,Closed,High,60,250,true,INC-2026-01264
JOB-2026-00577,2026-03-13,2026-03,TECH-032,Indra G.,Semarang,Fiber Maintenance,Preventive Maintenance,Closed,Medium,85,412,true,INC-2026-00107
JOB-2026-00909,2026-03-13,2026-03,TECH-007,Fajar H.,Bandung,Enterprise Support,Installation,Closed,Medium,78,269,true,INC-2026-01914
JOB-2026-00954,2026-03-13,2026-03,TECH-010,Fajar K.,Semarang,NOC Core,Installation,Closed,Low,184,443,true,INC-2026-00231
JOB-2026-01000,2026-03-13,2026-03,TECH-010,Hana K.,Balikpapan,Fiber Maintenance,Preventive Maintenance,Resolved,High,55,220,true,
JOB-2026-01675,2026-03-13,2026-03,TECH-020,Indra U.,Yogyakarta,Field Operations,Installation,Closed,High,35,175,true,INC-2026-01396
JOB-2026-00298,2026-03-14,2026-03,TECH-029,Adit D.,Jakarta,Fiber Maintenance,Site Audit,Resolved,Low,194,495,false,
JOB-2026-00083,2026-03-15,2026-03,TECH-010,Eka K.,Bandung,Customer Assurance,Installation,Closed,Low,192,504,true,INC-2026-00859
JOB-2026-00427,2026-03-15,2026-03,TECH-054,Adit C.,Bandung,Customer Assurance,Installation,Closed,Low,141,478,true,INC-2026-00859
JOB-2026-00807,2026-03-15,2026-03,TECH-031,Kirana F.,Bandung,Field Operations,Site Audit,Resolved,High,93,194,true,INC-2026-01290
JOB-2026-00848,2026-03-15,2026-03,TECH-046,Indra U.,Palembang,NOC Core,Corrective Maintenance,In Progress,Low,193,,false,INC-2026-01376
JOB-2026-01152,2026-03-15,2026-03,TECH-034,Dewi I.,Semarang,Enterprise Support,Preventive Maintenance,Closed,Low,173,432,true,INC-2026-00558
JOB-2026-01267,2026-03-15,2026-03,TECH-015,Indra P.,Semarang,NOC Core,Site Audit,Closed,Low,110,473,true,INC-2026-00408
JOB-2026-00043,2026-03-16,2026-03,TECH-037,Joko L.,Jakarta,NOC Core,Corrective Maintenance,In Progress,Low,163,,true,INC-2026-00214
JOB-2026-00918,2026-03-16,2026-03,TECH-044,Bima S.,Jakarta,Customer Assurance,Preventive Maintenance,Open,Low,181,,true,INC-2026-00214
JOB-2026-01108,2026-03-16,2026-03,TECH-007,Dewi H.,Semarang,Enterprise Support,Preventive Maintenance,Closed,Medium,95,354,true,
JOB-2026-00154,2026-03-17,2026-03,TECH-028,Eka C.,Surabaya,NOC Core,Preventive Maintenance,Closed,Low,184,391,false,INC-2026-00527
JOB-2026-00188,2026-03-17,2026-03,TECH-018,Joko S.,Balikpapan,Fiber Maintenance,Corrective Maintenance,In Progress,Medium,129,,true,
JOB-2026-00475,2026-03-17,2026-03,TECH-056,Fajar E.,Denpasar,Customer Assurance,Corrective Maintenance,Closed,Medium,77,326,true,INC-2026-00022
JOB-2026-01037,2026-03-17,2026-03,TECH-017,Kirana R.,Palembang,Fiber Maintenance,Preventive Maintenance,Closed,Low,209,431,false,INC-2026-01261
JOB-2026-01406,2026-03-17,2026-03,TECH-048,Bima W.,Yogyakarta,NOC Core,Installation,Closed,Medium,121,341,true,INC-2026-01567
JOB-2026-01472,2026-03-17,2026-03,TECH-008,Kirana I.,Palembang,Fiber Maintenance,Site Audit,Closed,Low,215,484,true,INC-2026-01261
JOB-2026-01476,2026-03-17,2026-03,TECH-042,Citra Q.,Yogyakarta,Fiber Maintenance,Site Audit,Closed,Medium,99,378,true,INC-2026-01567
JOB-2026-01544,2026-03-17,2026-03,TECH-045,Hana T.,Surabaya,Customer Assurance,Site Audit,In Progress,High,56,,false,INC-2026-00843
JOB-2026-00161,2026-03-18,2026-03,TECH-010,Citra K.,Bandung,Enterprise Support,Site Audit,Resolved,Low,185,387,true,
JOB-2026-00663,2026-03-18,2026-03,TECH-053,Adit B.,Makassar,Enterprise Support,Installation,In Progress,High,68,,true,INC-2026-02053
JOB-2026-01483,2026-03-18,2026-03,TECH-009,Indra J.,Yogyakarta,NOC Core,Corrective Maintenance,Resolved,Medium,82,351,true,INC-2026-01320
JOB-2026-01031,2026-03-19,2026-03,TECH-004,Citra E.,Denpasar,NOC Core,Installation,Closed,Medium,85,328,true,INC-2026-01066
JOB-2026-01211,2026-03-19,2026-03,TECH-022,Indra W.,Medan,Field Operations,Corrective Maintenance,Resolved,Low,142,441,true,INC-2026-01711
JOB-2026-01703,2026-03-19,2026-03,TECH-056,Citra E.,Denpasar,Enterprise Support,Site Audit,Resolved,Medium,116,274,true,INC-2026-01066
JOB-2026-01757,2026-03-19,2026-03,TECH-060,Kirana I.,Denpasar,NOC Core,Preventive Maintenance,Resolved,Medium,98,309,true,INC-2026-01066
JOB-2026-00447,2026-03-20,2026-03,TECH-045,Eka T.,Makassar,NOC Core,Site Audit,Resolved,Low,178,485,true,INC-2026-01171
JOB-2026-00504,2026-03-20,2026-03,TECH-060,Bima I.,Bandung,Field Operations,Corrective Maintenance,In Progress,Medium,127,,false,
JOB-2026-01261,2026-03-20,2026-03,TECH-030,Citra E.,Semarang,Enterprise Support,Installation,Closed,Low,181,441,false,
JOB-2026-01346,2026-03-20,2026-03,TECH-008,Bima I.,Denpasar,Field Operations,Corrective Maintenance,Closed,Critical,36,232,false,INC-2026-01614
JOB-2026-00126,2026-03-21,2026-03,TECH-051,Adit Z.,Denpasar,NOC Core,Preventive Maintenance,Resolved,Low,189,326,true,INC-2026-00897
JOB-2026-00316,2026-03-21,2026-03,TECH-037,Fajar L.,Balikpapan,NOC Core,Installation,Resolved,Low,177,429,false,INC-2026-00388
JOB-2026-01054,2026-03-21,2026-03,TECH-019,Adit T.,Medan,Field Operations,Site Audit,Resolved,Medium,78,248,true,INC-2026-00679
JOB-2026-01332,2026-03-21,2026-03,TECH-051,Fajar Z.,Denpasar,Customer Assurance,Corrective Maintenance,Resolved,Low,166,451,true,INC-2026-00897
JOB-2026-01794,2026-03-21,2026-03,TECH-011,Lukman L.,Medan,Field Operations,Installation,Resolved,Low,160,476,false,INC-2026-01455
JOB-2026-00748,2026-03-22,2026-03,TECH-003,Fajar D.,Balikpapan,Customer Assurance,Site Audit,Closed,Low,214,480,true,INC-2026-01315
JOB-2026-00814,2026-03-22,2026-03,TECH-019,Bima T.,Makassar,Customer Assurance,Installation,Closed,Medium,110,240,true,INC-2026-02163
JOB-2026-00887,2026-03-22,2026-03,TECH-056,Hana E.,Medan,Customer Assurance,Preventive Maintenance,Resolved,High,83,227,false,INC-2026-01847
JOB-2026-01387,2026-03-22,2026-03,TECH-014,Hana O.,Balikpapan,Fiber Maintenance,Preventive Maintenance,Resolved,Low,136,376,true,INC-2026-01315
JOB-2026-00673,2026-03-23,2026-03,TECH-052,Gita A.,Surabaya,Field Operations,Site Audit,Resolved,Low,165,365,true,INC-2026-01970
JOB-2026-00793,2026-03-23,2026-03,TECH-050,Kirana Y.,Makassar,Customer Assurance,Corrective Maintenance,Open,Low,152,,true,INC-2026-00794
JOB-2026-00422,2026-03-24,2026-03,TECH-053,Eka B.,Semarang,NOC Core,Installation,Open,Medium,110,,true,
JOB-2026-00478,2026-03-24,2026-03,TECH-005,Adit F.,Semarang,Customer Assurance,Installation,Resolved,Critical,30,165,true,INC-2026-00599
JOB-2026-00490,2026-03-24,2026-03,TECH-033,Gita H.,Semarang,Fiber Maintenance,Site Audit,Closed,Critical,5,166,true,INC-2026-00599
JOB-2026-00492,2026-03-24,2026-03,TECH-013,Bima N.,Bandung,Fiber Maintenance,Installation,Resolved,Medium,113,299,true,INC-2026-01229
JOB-2026-01566,2026-03-24,2026-03,TECH-040,Bima O.,Semarang,Fiber Maintenance,Installation,Open,Medium,116,,false,
JOB-2026-01725,2026-03-24,2026-03,TECH-013,Gita N.,Jakarta,Field Operations,Corrective Maintenance,Closed,Medium,88,398,false,INC-2026-00774
JOB-2026-00008,2026-03-25,2026-03,TECH-002,Indra C.,Medan,NOC Core,Site Audit,Closed,Critical,24,149,false,INC-2026-02191
JOB-2026-00414,2026-03-25,2026-03,TECH-027,Fajar B.,Makassar,NOC Core,Preventive Maintenance,Closed,Low,191,533,true,INC-2026-02107
JOB-2026-00639,2026-03-25,2026-03,TECH-015,Citra P.,Bandung,NOC Core,Corrective Maintenance,In Progress,Low,136,,true,INC-2026-02080
JOB-2026-00827,2026-03-25,2026-03,TECH-053,Bima B.,Palembang,Field Operations,Site Audit,Closed,Medium,105,322,false,INC-2026-01505
JOB-2026-01067,2026-03-25,2026-03,TECH-048,Hana W.,Bandung,Enterprise Support,Preventive Maintenance,Closed,Medium,77,333,true,
JOB-2026-01193,2026-03-25,2026-03,TECH-022,Kirana W.,Yogyakarta,Customer Assurance,Site Audit,Open,Medium,128,,true,INC-2026-01296
JOB-2026-01296,2026-03-25,2026-03,TECH-022,Eka W.,Medan,Enterprise Support,Installation,Resolved,Medium,92,319,true,
JOB-2026-01397,2026-03-25,2026-03,TECH-050,Citra Y.,Semarang,NOC Core,Site Audit,Closed,Low,183,415,true,INC-2026-02105
JOB-2026-01690,2026-03-25,2026-03,TECH-041,Eka P.,Bandung,Field Operations,Installation,Resolved,Medium,60,168,false,INC-2026-01983
JOB-2026-00111,2026-03-26,2026-03,TECH-047,Citra V.,Balikpapan,Fiber Maintenance,Installation,Resolved,Medium,111,251,true,INC-2026-01544
JOB-2026-00128,2026-03-26,2026-03,TECH-005,Citra F.,Medan,NOC Core,Preventive Maintenance,Closed,Low,166,453,false,INC-2026-00752
JOB-2026-00334,2026-03-27,2026-03,TECH-021,Lukman V.,Denpasar,NOC Core,Preventive Maintenance,Resolved,Medium,120,345,true,INC-2026-02199
JOB-2026-00994,2026-03-27,2026-03,TECH-043,Citra R.,Balikpapan,Fiber Maintenance,Installation,Closed,Low,185,339,true,
JOB-2026-01014,2026-03-27,2026-03,TECH-004,Kirana E.,Jakarta,Fiber Maintenance,Installation,Resolved,Medium,132,274,true,INC-2026-00449
JOB-2026-01484,2026-03-27,2026-03,TECH-013,Fajar N.,Semarang,Fiber Maintenance,Preventive Maintenance,Open,High,55,,false,INC-2026-01993
JOB-2026-00144,2026-03-28,2026-03,TECH-004,Indra E.,Makassar,Field Operations,Preventive Maintenance,In Progress,Low,151,,false,INC-2026-00274
JOB-2026-00312,2026-03-28,2026-03,TECH-058,Dewi G.,Bandung,Field Operations,Installation,Closed,Medium,95,310,false,INC-2026-01329
JOB-2026-00357,2026-03-28,2026-03,TECH-028,Hana C.,Denpasar,Field Operations,Corrective Maintenance,Closed,High,59,156,true,INC-2026-00662
JOB-2026-00521,2026-03-28,2026-03,TECH-051,Eka Z.,Palembang,Fiber Maintenance,Installation,Open,Low,176,,true,INC-2026-00471
JOB-2026-00613,2026-03-28,2026-03,TECH-052,Gita A.,Makassar,Enterprise Support,Installation,Closed,Low,185,409,false,INC-2026-00274
JOB-2026-01080,2026-03-28,2026-03,TECH-004,Gita E.,Denpasar,Customer Assurance,Corrective Maintenance,Resolved,Critical,43,181,false,INC-2026-01927
JOB-2026-01217,2026-03-28,2026-03,TECH-056,Indra E.,Makassar,Field Operations,Preventive Maintenance,Closed,Low,197,433,true,INC-2026-00274
JOB-2026-01230,2026-03-28,2026-03,TECH-008,Indra I.,Jakarta,Customer Assurance,Preventive Maintenance,In Progress,Low,185,,true,
JOB-2026-01752,2026-03-28,2026-03,TECH-058,Fajar G.,Makassar,Customer Assurance,Preventive Maintenance,Closed,Low,199,372,true,INC-2026-00274
JOB-2026-00413,2026-03-29,2026-03,TECH-017,Lukman R.,Jakarta,Field Operations,Site Audit,Closed,Medium,94,310,true,INC-2026-01291
JOB-2026-00468,2026-03-29,2026-03,TECH-046,Indra U.,Makassar,Customer Assurance,Site Audit,Closed,Medium,119,261,true,INC-2026-01361
JOB-2026-01137,2026-03-29,2026-03,TECH-004,Dewi E.,Balikpapan,Customer Assurance,Site Audit,Resolved,Critical,9,9,true,
JOB-2026-01351,2026-03-29,2026-03,TECH-007,Bima H.,Jakarta,Fiber Maintenance,Preventive Maintenance,Resolved,Medium,126,272,true,INC-2026-01291
JOB-2026-01669,2026-03-29,2026-03,TECH-033,Bima H.,Bandung,Fiber Maintenance,Corrective Maintenance,Open,High,85,,true,
JOB-2026-00142,2026-03-30,2026-03,TECH-055,Adit D.,Palembang,NOC Core,Site Audit,Closed,Critical,20,196,true,INC-2026-00509
JOB-2026-00539,2026-03-30,2026-03,TECH-060,Gita I.,Balikpapan,Enterprise Support,Site Audit,Resolved,Low,188,480,true,INC-2026-01975
JOB-2026-00693,2026-03-30,2026-03,TECH-049,Joko X.,Makassar,Customer Assurance,Corrective Maintenance,In Progress,Low,219,,true,INC-2026-01328
JOB-2026-00720,2026-03-30,2026-03,TECH-032,Adit G.,Makassar,Fiber Maintenance,Installation,Closed,Low,200,456,false,INC-2026-01328
JOB-2026-00816,2026-03-30,2026-03,TECH-007,Dewi H.,Palembang,Field Operations,Corrective Maintenance,Resolved,Low,161,347,true,
JOB-2026-01024,2026-03-30,2026-03,TECH-033,Joko H.,Jakarta,Customer Assurance,Preventive Maintenance,In Progress,High,38,,false,
JOB-2026-01222,2026-03-30,2026-03,TECH-007,Dewi H.,Palembang,Customer Assurance,Corrective Maintenance,Closed,Critical,41,210,true,INC-2026-00509
JOB-2026-01342,2026-03-30,2026-03,TECH-003,Joko D.,Bandung,Enterprise Support,Preventive Maintenance,Open,Critical,17,,true,INC-2026-02054
JOB-2026-01764,2026-03-30,2026-03,TECH-024,Fajar Y.,Balikpapan,Field Operations,Site Audit,Closed,Medium,100,392,true,INC-2026-01458
JOB-2026-00480,2026-03-31,2026-03,TECH-032,Bima G.,Jakarta,Field Operations,Installation,Closed,High,41,162,true,INC-2026-01923
JOB-2026-00869,2026-03-31,2026-03,TECH-011,Adit L.,Palembang,Enterprise Support,Preventive Maintenance,Resolved,Medium,103,326,false,
JOB-2026-00992,2026-03-31,2026-03,TECH-057,Eka F.,Palembang,Enterprise Support,Corrective Maintenance,Open,High,76,,false,
JOB-2026-01471,2026-03-31,2026-03,TECH-016,Fajar Q.,Medan,Field Operations,Installation,Closed,Medium,127,188,true,
JOB-2026-00098,2026-04-01,2026-04,TECH-050,Kirana Y.,Medan,Customer Assurance,Corrective Maintenance,Closed,Medium,83,319,true,INC-2026-01494
JOB-2026-00245,2026-04-01,2026-04,TECH-051,Bima Z.,Medan,Field Operations,Site Audit,Closed,Medium,115,189,true,INC-2026-00115
JOB-2026-00601,2026-04-01,2026-04,TECH-010,Adit K.,Semarang,Field Operations,Site Audit,Closed,Low,160,424,true,
JOB-2026-00758,2026-04-01,2026-04,TECH-039,Joko N.,Medan,Fiber Maintenance,Corrective Maintenance,Resolved,Medium,101,317,true,INC-2026-01494
JOB-2026-00947,2026-04-01,2026-04,TECH-003,Eka D.,Surabaya,Fiber Maintenance,Site Audit,Resolved,Medium,71,299,true,
JOB-2026-01167,2026-04-01,2026-04,TECH-055,Citra D.,Denpasar,Fiber Maintenance,Corrective Maintenance,Open,High,57,,true,
JOB-2026-01284,2026-04-01,2026-04,TECH-042,Bima Q.,Yogyakarta,Enterprise Support,Site Audit,Closed,Low,194,544,true,
JOB-2026-01702,2026-04-01,2026-04,TECH-026,Fajar A.,Medan,Enterprise Support,Installation,Resolved,Medium,132,312,false,INC-2026-01494
JOB-2026-01795,2026-04-01,2026-04,TECH-030,Eka E.,Medan,Fiber Maintenance,Preventive Maintenance,Resolved,Medium,128,341,true,INC-2026-01494
JOB-2026-00645,2026-04-02,2026-04,TECH-043,Eka R.,Jakarta,Enterprise Support,Site Audit,Closed,Medium,83,312,true,INC-2026-01383
JOB-2026-01312,2026-04-02,2026-04,TECH-046,Bima U.,Makassar,Fiber Maintenance,Installation,Closed,Medium,96,346,true,INC-2026-00224
JOB-2026-01338,2026-04-02,2026-04,TECH-045,Eka T.,Makassar,Customer Assurance,Corrective Maintenance,Resolved,Medium,100,275,true,INC-2026-00224
JOB-2026-01569,2026-04-02,2026-04,TECH-045,Adit T.,Makassar,Enterprise Support,Installation,Resolved,Medium,77,244,true,INC-2026-00224
JOB-2026-00255,2026-04-03,2026-04,TECH-020,Adit U.,Palembang,Field Operations,Preventive Maintenance,Closed,Low,157,433,true,INC-2026-00773
JOB-2026-00783,2026-04-03,2026-04,TECH-020,Hana U.,Bandung,Fiber Maintenance,Site Audit,Resolved,Low,173,369,true,INC-2026-01313
JOB-2026-01075,2026-04-03,2026-04,TECH-059,Fajar H.,Makassar,NOC Core,Preventive Maintenance,In Progress,Low,164,,true,INC-2026-01374
JOB-2026-01521,2026-04-03,2026-04,TECH-042,Hana Q.,Denpasar,Field Operations,Corrective Maintenance,Closed,Critical,9,208,true,
JOB-2026-01573,2026-04-03,2026-04,TECH-019,Gita T.,Palembang,Enterprise Support,Site Audit,Open,Low,159,,false,INC-2026-00773
JOB-2026-01773,2026-04-03,2026-04,TECH-014,Adit O.,Jakarta,Enterprise Support,Preventive Maintenance,Closed,Low,173,450,true,INC-2026-01203
JOB-2026-00088,2026-04-04,2026-04,TECH-018,Citra S.,Semarang,Customer Assurance,Installation,In Progress,Medium,112,,true,INC-2026-01598
JOB-2026-00187,2026-04-04,2026-04,TECH-051,Joko Z.,Surabaya,Field Operations,Site Audit,Closed,Low,187,420,true,INC-2026-01450
JOB-2026-00199,2026-04-04,2026-04,TECH-038,Adit M.,Palembang,Customer Assurance,Site Audit,Closed,Medium,100,325,true,INC-2026-01302
JOB-2026-00213,2026-04-04,2026-04,TECH-043,Eka R.,Makassar,Field Operations,Installation,Open,Critical,29,,true,INC-2026-01785
JOB-2026-01116,2026-04-04,2026-04,TECH-023,Hana X.,Yogyakarta,Customer Assurance,Site Audit,In Progress,Medium,103,,true,INC-2026-00155
JOB-2026-01402,2026-04-04,2026-04,TECH-033,Lukman H.,Makassar,Customer Assurance,Installation,Closed,Critical,12,67,true,INC-2026-01785
JOB-2026-01445,2026-04-04,2026-04,TECH-025,Lukman Z.,Bandung,Customer Assurance,Installation,In Progress,Low,181,,true,INC-2026-01305
JOB-2026-01517,2026-04-04,2026-04,TECH-047,Hana V.,Medan,Enterprise Support,Preventive Maintenance,In Progress,Medium,81,,false,INC-2026-01182
JOB-2026-01586,2026-04-04,2026-04,TECH-044,Gita S.,Jakarta,Field Operations,Preventive Maintenance,Closed,Low,167,449,false,
JOB-2026-00082,2026-04-05,2026-04,TECH-041,Fajar P.,Surabaya,Fiber Maintenance,Corrective Maintenance,In Progress,Low,163,,true,INC-2026-00536
JOB-2026-00548,2026-04-05,2026-04,TECH-046,Bima U.,Yogyakarta,Field Operations,Corrective Maintenance,Closed,Low,188,431,false,
JOB-2026-00679,2026-04-05,2026-04,TECH-057,Citra F.,Jakarta,Customer Assurance,Corrective Maintenance,Closed,Medium,113,311,true,INC-2026-01718
JOB-2026-00960,2026-04-05,2026-04,TECH-007,Kirana H.,Surabaya,Fiber Maintenance,Preventive Maintenance,Closed,Low,207,358,true,INC-2026-00536
JOB-2026-01101,2026-04-05,2026-04,TECH-010,Kirana K.,Surabaya,NOC Core,Corrective Maintenance,Resolved,Low,185,470,false,INC-2026-00536
JOB-2026-01454,2026-04-05,2026-04,TECH-041,Joko P.,Surabaya,Fiber Maintenance,Preventive Maintenance,Closed,Medium,102,392,true,
JOB-2026-01480,2026-04-05,2026-04,TECH-058,Bima G.,Makassar,Enterprise Support,Corrective Maintenance,In Progress,Low,154,,true,INC-2026-01554
JOB-2026-00364,2026-04-06,2026-04,TECH-018,Kirana S.,Bandung,Customer Assurance,Site Audit,Closed,Low,174,355,true,INC-2026-01008
JOB-2026-00513,2026-04-06,2026-04,TECH-020,Dewi U.,Denpasar,Enterprise Support,Preventive Maintenance,Resolved,Low,155,488,false,INC-2026-01769
JOB-2026-00678,2026-04-06,2026-04,TECH-039,Bima N.,Denpasar,Enterprise Support,Installation,Resolved,Low,186,395,true,INC-2026-01769
JOB-2026-01323,2026-04-06,2026-04,TECH-030,Dewi E.,Bandung,Enterprise Support,Installation,Closed,Low,199,471,true,INC-2026-01008
JOB-2026-01585,2026-04-06,2026-04,TECH-043,Fajar R.,Bandung,Field Operations,Corrective Maintenance,Closed,Low,189,401,true,INC-2026-01008
JOB-2026-00806,2026-04-07,2026-04,TECH-025,Kirana Z.,Makassar,Field Operations,Installation,Closed,Medium,94,224,true,
JOB-2026-01122,2026-04-07,2026-04,TECH-029,Fajar D.,Semarang,Fiber Maintenance,Installation,Closed,Low,120,448,false,
JOB-2026-00036,2026-04-08,2026-04,TECH-013,Dewi N.,Medan,Customer Assurance,Corrective Maintenance,Open,Low,190,,true,INC-2026-01737
JOB-2026-00973,2026-04-08,2026-04,TECH-018,Fajar S.,Balikpapan,Enterprise Support,Site Audit,Closed,Low,179,473,false,INC-2026-01467
JOB-2026-01034,2026-04-08,2026-04,TECH-050,Joko Y.,Balikpapan,NOC Core,Installation,In Progress,Low,182,,true,INC-2026-01467
JOB-2026-01206,2026-04-08,2026-04,TECH-041,Dewi P.,Medan,NOC Core,Preventive Maintenance,Closed,High,54,297,true,INC-2026-01021
JOB-2026-00363,2026-04-09,2026-04,TECH-045,Citra T.,Surabaya,Field Operations,Preventive Maintenance,Closed,Medium,132,312,false,INC-2026-01017
JOB-2026-00390,2026-04-09,2026-04,TECH-025,Dewi Z.,Denpasar,Enterprise Support,Site Audit,Closed,Low,163,427,true,INC-2026-02113
JOB-2026-00553,2026-04-09,2026-04,TECH-012,Adit M.,Jakarta,Fiber Maintenance,Site Audit,Resolved,Low,156,328,true,
JOB-2026-00770,2026-04-09,2026-04,TECH-037,Bima L.,Surabaya,Fiber Maintenance,Corrective Maintenance,Open,Low,168,,true,INC-2026-01050
JOB-2026-00993,2026-04-09,2026-04,TECH-051,Eka Z.,Jakarta,Enterprise Support,Preventive Maintenance,Resolved,Medium,131,262,true,INC-2026-00533
JOB-2026-01106,2026-04-09,2026-04,TECH-053,Indra B.,Balikpapan,Customer Assurance,Preventive Maintenance,Open,Medium,100,,false,
JOB-2026-00408,2026-04-10,2026-04,TECH-047,Citra V.,Makassar,Field Operations,Preventive Maintenance,Resolved,Medium,107,275,true,
JOB-2026-01564,2026-04-10,2026-04,TECH-021,Citra V.,Balikpapan,Field Operations,Site Audit,Resolved,High,52,79,true,INC-2026-00024
JOB-2026-00263,2026-04-11,2026-04,TECH-060,Fajar I.,Makassar,Field Operations,Preventive Maintenance,Closed,Low,159,498,true,INC-2026-02076
JOB-2026-00665,2026-04-11,2026-04,TECH-003,Lukman D.,Medan,Fiber Maintenance,Preventive Maintenance,Closed,Low,183,393,true,INC-2026-00909
JOB-2026-00772,2026-04-11,2026-04,TECH-017,Joko R.,Makassar,NOC Core,Preventive Maintenance,Resolved,Low,167,513,true,INC-2026-02076
JOB-2026-01298,2026-04-11,2026-04,TECH-047,Joko V.,Bandung,NOC Core,Preventive Maintenance,In Progress,High,47,,true,
JOB-2026-01502,2026-04-11,2026-04,TECH-001,Gita B.,Makassar,Enterprise Support,Site Audit,Closed,Low,180,479,true,INC-2026-02076
JOB-2026-00010,2026-04-12,2026-04,TECH-046,Bima U.,Yogyakarta,Enterprise Support,Installation,Closed,Medium,135,206,true,INC-2026-00731
JOB-2026-00612,2026-04-12,2026-04,TECH-055,Fajar D.,Makassar,Enterprise Support,Preventive Maintenance,Resolved,Medium,74,336,true,INC-2026-01551
JOB-2026-00735,2026-04-12,2026-04,TECH-008,Adit I.,Semarang,Field Operations,Preventive Maintenance,Resolved,Low,219,330,true,INC-2026-01069
JOB-2026-00883,2026-04-12,2026-04,TECH-006,Eka G.,Surabaya,Fiber Maintenance,Site Audit,Open,Low,183,,true,
JOB-2026-01049,2026-04-12,2026-04,TECH-006,Citra G.,Semarang,Enterprise Support,Corrective Maintenance,Closed,Low,181,315,true,INC-2026-01335
JOB-2026-01682,2026-04-12,2026-04,TECH-043,Eka R.,Palembang,Fiber Maintenance,Corrective Maintenance,Resolved,Low,184,501,true,INC-2026-01872
JOB-2026-01698,2026-04-12,2026-04,TECH-010,Bima K.,Makassar,Customer Assurance,Site Audit,Open,Medium,91,,true,INC-2026-01551
JOB-2026-00032,2026-04-13,2026-04,TECH-006,Gita G.,Makassar,NOC Core,Site Audit,Closed,Low,187,385,true,
JOB-2026-00318,2026-04-13,2026-04,TECH-044,Adit S.,Balikpapan,Enterprise Support,Preventive Maintenance,Closed,Low,184,407,true,INC-2026-01548
JOB-2026-00403,2026-04-13,2026-04,TECH-030,Indra E.,Balikpapan,Fiber Maintenance,Preventive Maintenance,Open,Low,172,,true,INC-2026-01548
JOB-2026-00003,2026-04-14,2026-04,TECH-058,Adit G.,Denpasar,Enterprise Support,Installation,Closed,High,44,193,true,INC-2026-01353
JOB-2026-00328,2026-04-14,2026-04,TECH-032,Hana G.,Jakarta,NOC Core,Preventive Maintenance,Resolved,High,35,239,false,INC-2026-00281
JOB-2026-01042,2026-04-14,2026-04,TECH-058,Gita G.,Palembang,Field Operations,Site Audit,Closed,High,41,225,true,INC-2026-00072
JOB-2026-01449,2026-04-14,2026-04,TECH-027,Hana B.,Denpasar,Customer Assurance,Site Audit,Resolved,Low,185,415,true,INC-2026-01461
JOB-2026-01687,2026-04-14,2026-04,TECH-048,Adit W.,Jakarta,Enterprise Support,Preventive Maintenance,Closed,Low,186,431,true,INC-2026-01364
JOB-2026-01710,2026-04-14,2026-04,TECH-005,Dewi F.,Palembang,Fiber Maintenance,Site Audit,Resolved,High,46,181,true,INC-2026-00072
JOB-2026-01782,2026-04-14,2026-04,TECH-059,Kirana H.,Denpasar,Customer Assurance,Preventive Maintenance,Closed,Critical,7,71,true,INC-2026-00090
JOB-2026-00849,2026-04-15,2026-04,TECH-007,Hana H.,Makassar,NOC Core,Preventive Maintenance,Resolved,Low,167,483,true,INC-2026-01912
JOB-2026-01739,2026-04-15,2026-04,TECH-013,Gita N.,Denpasar,Enterprise Support,Site Audit,Resolved,Low,183,377,false,
JOB-2026-00016,2026-04-16,2026-04,TECH-022,Hana W.,Makassar,Customer Assurance,Preventive Maintenance,Closed,Low,206,372,false,INC-2026-02006
JOB-2026-00343,2026-04-16,2026-04,TECH-039,Adit N.,Balikpapan,Fiber Maintenance,Corrective Maintenance,Resolved,Low,243,414,true,INC-2026-01054
JOB-2026-00643,2026-04-16,2026-04,TECH-011,Citra L.,Makassar,Enterprise Support,Installation,Resolved,Medium,82,291,true,
JOB-2026-00850,2026-04-16,2026-04,TECH-017,Citra R.,Makassar,Field Operations,Preventive Maintenance,Open,Low,161,,true,INC-2026-02006
JOB-2026-00982,2026-04-16,2026-04,TECH-056,Adit E.,Balikpapan,NOC Core,Installation,Open,Low,193,,false,INC-2026-01054
JOB-2026-01165,2026-04-16,2026-04,TECH-019,Adit T.,Bandung,Customer Assurance,Site Audit,Closed,Low,185,470,false,INC-2026-01528
JOB-2026-01567,2026-04-16,2026-04,TECH-037,Adit L.,Balikpapan,NOC Core,Site Audit,Resolved,Low,179,383,true,INC-2026-01054
JOB-2026-01689,2026-04-16,2026-04,TECH-057,Bima F.,Makassar,Enterprise Support,Preventive Maintenance,Closed,Medium,124,280,true,
JOB-2026-00277,2026-04-17,2026-04,TECH-059,Indra H.,Surabaya,Enterprise Support,Installation,Closed,Low,193,409,true,INC-2026-00901
JOB-2026-00384,2026-04-17,2026-04,TECH-037,Indra L.,Makassar,Customer Assurance,Site Audit,Closed,Critical,5,220,false,
JOB-2026-01335,2026-04-17,2026-04,TECH-036,Lukman K.,Yogyakarta,NOC Core,Site Audit,Closed,Medium,93,309,false,
JOB-2026-00383,2026-04-18,2026-04,TECH-033,Fajar H.,Denpasar,Fiber Maintenance,Site Audit,Open,Medium,125,,true,INC-2026-00601
JOB-2026-00578,2026-04-18,2026-04,TECH-012,Hana M.,Makassar,Fiber Maintenance,Installation,Closed,Medium,88,360,true,INC-2026-00257
JOB-2026-00873,2026-04-18,2026-04,TECH-044,Adit S.,Makassar,Fiber Maintenance,Site Audit,Resolved,Medium,98,327,false,INC-2026-00257
JOB-2026-01295,2026-04-18,2026-04,TECH-043,Lukman R.,Denpasar,NOC Core,Site Audit,Resolved,Low,176,492,true,INC-2026-00967
JOB-2026-00309,2026-04-19,2026-04,TECH-032,Gita G.,Yogyakarta,Enterprise Support,Installation,Open,Medium,72,,false,
JOB-2026-00500,2026-04-19,2026-04,TECH-033,Joko H.,Yogyakarta,Field Operations,Site Audit,Closed,Low,220,325,true,
JOB-2026-00560,2026-04-19,2026-04,TECH-015,Indra P.,Semarang,Enterprise Support,Corrective Maintenance,Open,High,14,,true,
JOB-2026-00617,2026-04-19,2026-04,TECH-046,Indra U.,Medan,NOC Core,Preventive Maintenance,Resolved,Low,188,360,false,INC-2026-00634
JOB-2026-00620,2026-04-19,2026-04,TECH-036,Hana K.,Medan,Fiber Maintenance,Installation,Closed,Low,168,519,true,INC-2026-02048
JOB-2026-00689,2026-04-19,2026-04,TECH-009,Lukman J.,Yogyakarta,Fiber Maintenance,Corrective Maintenance,In Progress,Low,159,,true,INC-2026-01116
JOB-2026-01213,2026-04-19,2026-04,TECH-013,Bima N.,Surabaya,Customer Assurance,Installation,Closed,Medium,119,249,true,
JOB-2026-00234,2026-04-20,2026-04,TECH-001,Gita B.,Balikpapan,Enterprise Support,Site Audit,In Progress,Medium,75,,true,INC-2026-01517
JOB-2026-00244,2026-04-20,2026-04,TECH-016,Adit Q.,Palembang,NOC Core,Site Audit,Resolved,Low,148,438,true,INC-2026-01293
JOB-2026-00608,2026-04-20,2026-04,TECH-044,Kirana S.,Medan,Enterprise Support,Site Audit,In Progress,Medium,136,,false,INC-2026-02050
JOB-2026-00956,2026-04-20,2026-04,TECH-034,Joko I.,Makassar,Field Operations,Corrective Maintenance,Open,High,62,,false,
JOB-2026-01262,2026-04-20,2026-04,TECH-031,Joko F.,Makassar,Enterprise Support,Corrective Maintenance,Closed,Medium,58,284,true,INC-2026-01591
JOB-2026-01591,2026-04-20,2026-04,TECH-005,Lukman F.,Balikpapan,Fiber Maintenance,Installation,Closed,Low,189,408,false,INC-2026-00764
JOB-2026-01692,2026-04-20,2026-04,TECH-052,Bima A.,Palembang,Field Operations,Corrective Maintenance,Resolved,Medium,100,391,false,
JOB-2026-00253,2026-04-21,2026-04,TECH-006,Gita G.,Denpasar,Fiber Maintenance,Preventive Maintenance,Closed,High,50,241,false,
JOB-2026-00587,2026-04-21,2026-04,TECH-024,Joko Y.,Surabaya,Enterprise Support,Corrective Maintenance,Closed,High,75,154,true,INC-2026-01417
JOB-2026-01303,2026-04-21,2026-04,TECH-021,Dewi V.,Jakarta,NOC Core,Preventive Maintenance,Closed,Low,116,459,true,INC-2026-01530
JOB-2026-01419,2026-04-21,2026-04,TECH-021,Indra V.,Surabaya,Fiber Maintenance,Installation,Resolved,High,5,303,false,INC-2026-01417
JOB-2026-01429,2026-04-21,2026-04,TECH-036,Fajar K.,Jakarta,NOC Core,Preventive Maintenance,Closed,Medium,134,364,false,
JOB-2026-01555,2026-04-21,2026-04,TECH-033,Dewi H.,Jakarta,Fiber Maintenance,Site Audit,Resolved,High,102,302,false,INC-2026-00246
JOB-2026-01560,2026-04-21,2026-04,TECH-008,Hana I.,Surabaya,Enterprise Support,Corrective Maintenance,In Progress,High,82,,false,
JOB-2026-00224,2026-04-22,2026-04,TECH-027,Bima B.,Medan,Customer Assurance,Installation,Closed,Low,202,461,true,INC-2026-02182
JOB-2026-00707,2026-04-22,2026-04,TECH-030,Kirana E.,Jakarta,Field Operations,Corrective Maintenance,Closed,Medium,93,308,true,INC-2026-01723
JOB-2026-01078,2026-04-22,2026-04,TECH-057,Bima F.,Yogyakarta,Fiber Maintenance,Preventive Maintenance,Closed,High,51,221,false,
JOB-2026-01196,2026-04-22,2026-04,TECH-058,Dewi G.,Yogyakarta,Fiber Maintenance,Preventive Maintenance,Closed,Low,183,380,false,INC-2026-00759
JOB-2026-01375,2026-04-22,2026-04,TECH-021,Hana V.,Jakarta,Field Operations,Preventive Maintenance,Resolved,Medium,106,367,true,INC-2026-01723
JOB-2026-01392,2026-04-22,2026-04,TECH-043,Kirana R.,Surabaya,Enterprise Support,Installation,In Progress,Medium,105,,true,
JOB-2026-01441,2026-04-22,2026-04,TECH-002,Kirana C.,Medan,Field Operations,Preventive Maintenance,Resolved,Low,171,435,true,INC-2026-02182
JOB-2026-01651,2026-04-22,2026-04,TECH-001,Fajar B.,Surabaya,Fiber Maintenance,Corrective Maintenance,Closed,Low,180,428,true,INC-2026-01533
JOB-2026-00878,2026-04-23,2026-04,TECH-009,Indra J.,Medan,Fiber Maintenance,Site Audit,Resolved,Medium,99,386,true,INC-2026-01813
JOB-2026-00058,2026-04-24,2026-04,TECH-048,Bima W.,Denpasar,NOC Core,Corrective Maintenance,Open,Low,165,,false,INC-2026-01357
JOB-2026-00314,2026-04-24,2026-04,TECH-045,Gita T.,Makassar,NOC Core,Installation,Closed,High,39,201,true,INC-2026-00539
JOB-2026-01068,2026-04-24,2026-04,TECH-026,Joko A.,Yogyakarta,Fiber Maintenance,Site Audit,Open,Medium,132,,true,
JOB-2026-01294,2026-04-24,2026-04,TECH-056,Eka E.,Palembang,Customer Assurance,Site Audit,Resolved,Low,222,379,true,
JOB-2026-01728,2026-04-24,2026-04,TECH-041,Kirana P.,Jakarta,Enterprise Support,Installation,Closed,Low,201,459,true,INC-2026-00996
JOB-2026-00259,2026-04-25,2026-04,TECH-006,Lukman G.,Denpasar,NOC Core,Installation,Closed,High,103,127,true,
JOB-2026-00701,2026-04-25,2026-04,TECH-022,Joko W.,Balikpapan,Field Operations,Installation,Resolved,Low,217,419,true,INC-2026-01446
JOB-2026-01413,2026-04-25,2026-04,TECH-047,Adit V.,Denpasar,Enterprise Support,Installation,Resolved,Medium,90,278,true,INC-2026-00103
JOB-2026-01465,2026-04-25,2026-04,TECH-010,Dewi K.,Medan,Customer Assurance,Installation,Closed,Low,231,522,false,INC-2026-02028
JOB-2026-01653,2026-04-25,2026-04,TECH-001,Gita B.,Balikpapan,Enterprise Support,Installation,Closed,Low,206,458,true,INC-2026-01446
JOB-2026-00376,2026-04-26,2026-04,TECH-060,Fajar I.,Medan,Field Operations,Site Audit,Closed,Medium,96,264,false,INC-2026-01829
JOB-2026-01461,2026-04-26,2026-04,TECH-051,Adit Z.,Medan,NOC Core,Installation,Resolved,Medium,98,200,true,INC-2026-01829
JOB-2026-00041,2026-04-27,2026-04,TECH-001,Bima B.,Surabaya,Customer Assurance,Site Audit,In Progress,Low,199,,false,INC-2026-00721
JOB-2026-00953,2026-04-27,2026-04,TECH-053,Fajar B.,Makassar,Fiber Maintenance,Site Audit,Closed,Medium,55,351,true,
JOB-2026-00789,2026-04-28,2026-04,TECH-053,Kirana B.,Surabaya,Field Operations,Preventive Maintenance,Resolved,Low,157,502,true,INC-2026-00540
JOB-2026-01354,2026-04-28,2026-04,TECH-025,Joko Z.,Balikpapan,Enterprise Support,Site Audit,Closed,Medium,104,335,false,INC-2026-00867
JOB-2026-01491,2026-04-28,2026-04,TECH-040,Adit O.,Surabaya,NOC Core,Installation,Open,Low,200,,true,
JOB-2026-00179,2026-04-29,2026-04,TECH-039,Citra N.,Makassar,NOC Core,Preventive Maintenance,Closed,Low,180,417,true,
JOB-2026-01486,2026-04-29,2026-04,TECH-043,Hana R.,Semarang,Fiber Maintenance,Site Audit,Closed,High,30,168,true,
JOB-2026-00050,2026-04-30,2026-04,TECH-060,Lukman I.,Medan,Customer Assurance,Preventive Maintenance,In Progress,Medium,108,,true,
JOB-2026-01478,2026-04-30,2026-04,TECH-060,Gita I.,Makassar,NOC Core,Site Audit,Closed,Medium,110,284,true,
JOB-2026-01508,2026-05-01,2026-05,TECH-022,Bima W.,Makassar,Customer Assurance,Site Audit,Closed,Low,150,352,true,INC-2026-01999
JOB-2026-00186,2026-05-02,2026-05,TECH-055,Bima D.,Semarang,Fiber Maintenance,Preventive Maintenance,Open,Medium,71,,true,INC-2026-00345
JOB-2026-00231,2026-05-02,2026-05,TECH-011,Bima L.,Denpasar,NOC Core,Preventive Maintenance,Resolved,Medium,70,420,true,INC-2026-01013
JOB-2026-00482,2026-05-02,2026-05,TECH-059,Dewi H.,Semarang,Enterprise Support,Preventive Maintenance,Closed,Medium,69,296,true,INC-2026-00814
JOB-2026-00602,2026-05-02,2026-05,TECH-016,Indra Q.,Semarang,Customer Assurance,Site Audit,Closed,Medium,86,238,true,INC-2026-00814
JOB-2026-00948,2026-05-02,2026-05,TECH-004,Hana E.,Semarang,NOC Core,Site Audit,Closed,Medium,81,270,true,INC-2026-00814
JOB-2026-00963,2026-05-02,2026-05,TECH-027,Citra B.,Balikpapan,Customer Assurance,Preventive Maintenance,Closed,High,88,321,true,
JOB-2026-01185,2026-05-02,2026-05,TECH-009,Adit J.,Denpasar,Fiber Maintenance,Corrective Maintenance,Resolved,Medium,122,331,true,INC-2026-01013
JOB-2026-01263,2026-05-02,2026-05,TECH-049,Dewi X.,Bandung,Fiber Maintenance,Preventive Maintenance,Resolved,Low,184,404,true,
JOB-2026-01364,2026-05-02,2026-05,TECH-010,Bima K.,Denpasar,NOC Core,Corrective Maintenance,Resolved,Medium,151,254,true,INC-2026-01013
JOB-2026-01384,2026-05-02,2026-05,TECH-055,Fajar D.,Denpasar,Enterprise Support,Preventive Maintenance,Closed,Low,177,364,true,INC-2026-01205
JOB-2026-01723,2026-05-02,2026-05,TECH-034,Gita I.,Semarang,Fiber Maintenance,Preventive Maintenance,Resolved,Medium,85,304,true,INC-2026-00814
JOB-2026-00151,2026-05-03,2026-05,TECH-012,Fajar M.,Palembang,NOC Core,Corrective Maintenance,Resolved,Medium,126,177,true,
JOB-2026-00174,2026-05-03,2026-05,TECH-006,Eka G.,Balikpapan,Customer Assurance,Site Audit,Closed,Low,188,427,false,INC-2026-01825
JOB-2026-00699,2026-05-03,2026-05,TECH-039,Adit N.,Jakarta,Field Operations,Preventive Maintenance,Resolved,Low,177,479,true,
JOB-2026-00847,2026-05-03,2026-05,TECH-037,Gita L.,Balikpapan,Fiber Maintenance,Preventive Maintenance,Closed,Low,210,448,true,INC-2026-01825
JOB-2026-00881,2026-05-03,2026-05,TECH-037,Bima L.,Jakarta,Enterprise Support,Installation,Open,Medium,37,,true,INC-2026-01140
JOB-2026-01070,2026-05-03,2026-05,TECH-060,Eka I.,Surabaya,Customer Assurance,Corrective Maintenance,Closed,Low,184,513,false,INC-2026-01445
JOB-2026-01534,2026-05-03,2026-05,TECH-048,Eka W.,Semarang,NOC Core,Site Audit,Open,Low,168,,false,
JOB-2026-01636,2026-05-03,2026-05,TECH-014,Gita O.,Makassar,Fiber Maintenance,Preventive Maintenance,Closed,Low,163,464,true,INC-2026-00595
JOB-2026-00555,2026-05-04,2026-05,TECH-052,Dewi A.,Palembang,NOC Core,Installation,Resolved,Low,146,354,false,INC-2026-00932
JOB-2026-00697,2026-05-04,2026-05,TECH-051,Kirana Z.,Balikpapan,Customer Assurance,Preventive Maintenance,Closed,Low,188,396,true,INC-2026-01322
JOB-2026-00804,2026-05-04,2026-05,TECH-026,Adit A.,Balikpapan,Field Operations,Installation,Resolved,Critical,5,123,true,INC-2026-00176
JOB-2026-00840,2026-05-04,2026-05,TECH-050,Citra Y.,Makassar,NOC Core,Installation,In Progress,Medium,88,,false,INC-2026-00333
JOB-2026-01007,2026-05-04,2026-05,TECH-002,Fajar C.,Semarang,Customer Assurance,Corrective Maintenance,Closed,High,65,224,true,INC-2026-00185
JOB-2026-01345,2026-05-04,2026-05,TECH-049,Joko X.,Semarang,NOC Core,Site Audit,Closed,Medium,84,281,true,INC-2026-00850
JOB-2026-01401,2026-05-04,2026-05,TECH-022,Gita W.,Palembang,NOC Core,Site Audit,In Progress,Low,169,,false,INC-2026-01240
JOB-2026-01513,2026-05-04,2026-05,TECH-059,Joko H.,Semarang,Customer Assurance,Site Audit,In Progress,Medium,133,,false,INC-2026-00850
JOB-2026-01248,2026-05-05,2026-05,TECH-019,Fajar T.,Denpasar,Fiber Maintenance,Preventive Maintenance,Closed,Medium,84,198,true,INC-2026-01979
JOB-2026-01289,2026-05-05,2026-05,TECH-058,Kirana G.,Denpasar,Fiber Maintenance,Installation,Resolved,High,28,140,true,
JOB-2026-01587,2026-05-05,2026-05,TECH-030,Bima E.,Denpasar,Enterprise Support,Installation,Resolved,Medium,102,321,true,INC-2026-01979
JOB-2026-01635,2026-05-05,2026-05,TECH-027,Adit B.,Jakarta,Fiber Maintenance,Corrective Maintenance,Resolved,Medium,88,298,true,INC-2026-01596
JOB-2026-00090,2026-05-06,2026-05,TECH-005,Indra F.,Balikpapan,Customer Assurance,Site Audit,In Progress,Low,192,,false,INC-2026-00434
JOB-2026-01100,2026-05-06,2026-05,TECH-039,Indra N.,Balikpapan,Field Operations,Corrective Maintenance,Closed,Low,199,486,false,INC-2026-01738
JOB-2026-01588,2026-05-06,2026-05,TECH-024,Citra Y.,Bandung,Customer Assurance,Installation,Resolved,High,54,221,false,
JOB-2026-01681,2026-05-06,2026-05,TECH-029,Lukman D.,Surabaya,Customer Assurance,Corrective Maintenance,Resolved,Low,162,363,false,INC-2026-00729
JOB-2026-00377,2026-05-07,2026-05,TECH-029,Bima D.,Medan,Customer Assurance,Corrective Maintenance,In Progress,High,7,,false,INC-2026-00159
JOB-2026-00509,2026-05-07,2026-05,TECH-006,Dewi G.,Makassar,Customer Assurance,Preventive Maintenance,Closed,Low,167,388,true,
JOB-2026-01724,2026-05-07,2026-05,TECH-010,Hana K.,Jakarta,Field Operations,Preventive Maintenance,Resolved,Medium,90,307,true,
JOB-2026-01736,2026-05-07,2026-05,TECH-043,Fajar R.,Semarang,Customer Assurance,Installation,Resolved,Medium,99,353,false,INC-2026-01235
JOB-2026-00162,2026-05-08,2026-05,TECH-003,Gita D.,Jakarta,Field Operations,Corrective Maintenance,Closed,Low,174,393,true,INC-2026-00347
JOB-2026-00297,2026-05-08,2026-05,TECH-051,Hana Z.,Denpasar,Enterprise Support,Site Audit,In Progress,Low,172,,true,INC-2026-00172
JOB-2026-00706,2026-05-08,2026-05,TECH-054,Lukman C.,Palembang,Field Operations,Installation,Resolved,Low,179,436,false,INC-2026-01510
JOB-2026-00722,2026-05-08,2026-05,TECH-038,Fajar M.,Jakarta,NOC Core,Preventive Maintenance,Closed,High,86,199,true,INC-2026-02177
JOB-2026-00751,2026-05-08,2026-05,TECH-022,Adit W.,Yogyakarta,Field Operations,Preventive Maintenance,Open,Medium,76,,true,INC-2026-00935
JOB-2026-01018,2026-05-08,2026-05,TECH-038,Kirana M.,Balikpapan,NOC Core,Installation,In Progress,Low,202,,true,INC-2026-00125
JOB-2026-01074,2026-05-08,2026-05,TECH-047,Dewi V.,Denpasar,NOC Core,Corrective Maintenance,In Progress,Low,204,,true,INC-2026-00172
JOB-2026-01464,2026-05-08,2026-05,TECH-034,Hana I.,Balikpapan,Customer Assurance,Preventive Maintenance,Closed,Medium,118,256,true,
JOB-2026-01784,2026-05-08,2026-05,TECH-040,Joko O.,Jakarta,Customer Assurance,Site Audit,Closed,Critical,5,173,true,INC-2026-00276
JOB-2026-00054,2026-05-09,2026-05,TECH-001,Kirana B.,Balikpapan,Enterprise Support,Preventive Maintenance,Closed,Low,186,437,false,INC-2026-00412
JOB-2026-00529,2026-05-09,2026-05,TECH-006,Gita G.,Balikpapan,NOC Core,Corrective Maintenance,Resolved,Low,174,437,true,INC-2026-00412
JOB-2026-00538,2026-05-09,2026-05,TECH-018,Eka S.,Balikpapan,Enterprise Support,Installation,Closed,Low,174,459,true,INC-2026-00412
JOB-2026-00662,2026-05-09,2026-05,TECH-036,Indra K.,Semarang,Field Operations,Preventive Maintenance,Closed,Medium,123,335,true,
JOB-2026-00705,2026-05-09,2026-05,TECH-017,Joko R.,Jakarta,Field Operations,Preventive Maintenance,Closed,Medium,90,332,true,INC-2026-00319
JOB-2026-00724,2026-05-09,2026-05,TECH-012,Adit M.,Balikpapan,NOC Core,Installation,In Progress,Low,182,,false,INC-2026-00412
JOB-2026-00977,2026-05-09,2026-05,TECH-047,Kirana V.,Palembang,Customer Assurance,Installation,Open,Medium,112,,false,
JOB-2026-01708,2026-05-10,2026-05,TECH-001,Eka B.,Surabaya,Fiber Maintenance,Installation,Resolved,Low,212,415,true,
JOB-2026-01747,2026-05-10,2026-05,TECH-008,Kirana I.,Jakarta,Customer Assurance,Site Audit,Closed,Low,203,459,true,
JOB-2026-00242,2026-05-11,2026-05,TECH-036,Indra K.,Balikpapan,Field Operations,Preventive Maintenance,Resolved,Low,186,431,true,INC-2026-01858
JOB-2026-01117,2026-05-11,2026-05,TECH-024,Bima Y.,Balikpapan,Field Operations,Site Audit,Closed,Low,182,404,false,INC-2026-01858
JOB-2026-01301,2026-05-11,2026-05,TECH-054,Eka C.,Balikpapan,Fiber Maintenance,Preventive Maintenance,Closed,Low,192,447,true,INC-2026-01858
JOB-2026-00075,2026-05-12,2026-05,TECH-059,Fajar H.,Semarang,Customer Assurance,Installation,Closed,High,20,297,false,INC-2026-01792
JOB-2026-00345,2026-05-12,2026-05,TECH-055,Fajar D.,Semarang,Field Operations,Corrective Maintenance,In Progress,High,16,,false,INC-2026-01792
JOB-2026-00749,2026-05-12,2026-05,TECH-033,Hana H.,Yogyakarta,Field Operations,Site Audit,Resolved,High,60,197,true,
JOB-2026-00932,2026-05-12,2026-05,TECH-053,Kirana B.,Bandung,Customer Assurance,Corrective Maintenance,Closed,High,51,169,true,INC-2026-00647
JOB-2026-00961,2026-05-12,2026-05,TECH-019,Adit T.,Jakarta,Field Operations,Site Audit,Closed,High,57,219,false,
JOB-2026-00965,2026-05-12,2026-05,TECH-059,Gita H.,Balikpapan,Customer Assurance,Preventive Maintenance,In Progress,Low,176,,false,INC-2026-00750
JOB-2026-01258,2026-05-12,2026-05,TECH-025,Dewi Z.,Semarang,Field Operations,Preventive Maintenance,Resolved,Medium,112,178,true,
JOB-2026-01403,2026-05-12,2026-05,TECH-015,Adit P.,Palembang,Fiber Maintenance,Site Audit,Resolved,Medium,112,339,true,
JOB-2026-01405,2026-05-12,2026-05,TECH-046,Indra U.,Bandung,Field Operations,Corrective Maintenance,Closed,High,70,80,true,INC-2026-00647
JOB-2026-00280,2026-05-13,2026-05,TECH-017,Indra R.,Makassar,Customer Assurance,Site Audit,Resolved,High,55,231,false,INC-2026-00703
JOB-2026-00487,2026-05-13,2026-05,TECH-053,Dewi B.,Yogyakarta,NOC Core,Corrective Maintenance,Closed,High,80,162,false,INC-2026-01041
JOB-2026-00910,2026-05-13,2026-05,TECH-038,Eka M.,Makassar,Field Operations,Preventive Maintenance,Closed,High,44,208,true,
JOB-2026-00915,2026-05-13,2026-05,TECH-044,Eka S.,Medan,NOC Core,Installation,Resolved,High,38,251,false,
JOB-2026-01119,2026-05-13,2026-05,TECH-012,Bima M.,Jakarta,Enterprise Support,Site Audit,Resolved,Low,183,369,true,INC-2026-01150
JOB-2026-01380,2026-05-13,2026-05,TECH-013,Lukman N.,Makassar,NOC Core,Preventive Maintenance,Closed,High,50,314,true,INC-2026-00703
JOB-2026-00035,2026-05-14,2026-05,TECH-005,Lukman F.,Medan,Field Operations,Installation,Resolved,High,49,85,true,
JOB-2026-00307,2026-05-14,2026-05,TECH-002,Indra C.,Denpasar,Enterprise Support,Corrective Maintenance,Closed,Low,178,484,false,
JOB-2026-00443,2026-05-14,2026-05,TECH-009,Bima J.,Bandung,Fiber Maintenance,Installation,Resolved,High,52,184,true,
JOB-2026-00582,2026-05-14,2026-05,TECH-007,Eka H.,Bandung,Customer Assurance,Corrective Maintenance,Resolved,Low,184,370,false,INC-2026-01848
JOB-2026-01435,2026-05-14,2026-05,TECH-008,Citra I.,Palembang,Field Operations,Corrective Maintenance,Closed,Medium,110,260,false,
JOB-2026-01715,2026-05-14,2026-05,TECH-051,Lukman Z.,Bandung,Field Operations,Installation,Closed,Low,159,450,true,INC-2026-01848
JOB-2026-01743,2026-05-14,2026-05,TECH-059,Fajar H.,Balikpapan,Fiber Maintenance,Installation,Closed,Medium,85,379,false,
JOB-2026-00149,2026-05-15,2026-05,TECH-017,Dewi R.,Bandung,Customer Assurance,Installation,Closed,Medium,88,318,true,INC-2026-01480
JOB-2026-00700,2026-05-15,2026-05,TECH-001,Dewi B.,Palembang,Customer Assurance,Site Audit,Closed,Low,172,475,true,INC-2026-01275
JOB-2026-00841,2026-05-15,2026-05,TECH-057,Lukman F.,Denpasar,Field Operations,Site Audit,Closed,High,54,318,false,INC-2026-00131
JOB-2026-00854,2026-05-15,2026-05,TECH-059,Citra H.,Palembang,Field Operations,Preventive Maintenance,Closed,Medium,69,294,true,
JOB-2026-00908,2026-05-15,2026-05,TECH-047,Citra V.,Bandung,Enterprise Support,Corrective Maintenance,Open,Medium,113,,true,
JOB-2026-00955,2026-05-15,2026-05,TECH-050,Citra Y.,Balikpapan,Customer Assurance,Preventive Maintenance,Closed,Medium,115,309,true,INC-2026-01319
JOB-2026-01533,2026-05-15,2026-05,TECH-029,Dewi D.,Palembang,Field Operations,Site Audit,Resolved,Low,175,370,false,INC-2026-01275
JOB-2026-00455,2026-05-16,2026-05,TECH-029,Adit D.,Semarang,Customer Assurance,Corrective Maintenance,Closed,Medium,109,320,true,INC-2026-01775
JOB-2026-00498,2026-05-16,2026-05,TECH-018,Fajar S.,Bandung,Customer Assurance,Site Audit,Resolved,Low,193,430,false,
JOB-2026-00690,2026-05-16,2026-05,TECH-013,Joko N.,Jakarta,Fiber Maintenance,Preventive Maintenance,Resolved,Medium,98,264,false,INC-2026-00147
JOB-2026-01242,2026-05-16,2026-05,TECH-025,Joko Z.,Semarang,Enterprise Support,Corrective Maintenance,Resolved,Medium,77,319,true,INC-2026-01775
JOB-2026-01529,2026-05-16,2026-05,TECH-038,Hana M.,Semarang,Customer Assurance,Installation,In Progress,Medium,74,,true,INC-2026-00772
JOB-2026-00303,2026-05-17,2026-05,TECH-016,Dewi Q.,Makassar,Field Operations,Preventive Maintenance,Closed,Medium,82,316,true,INC-2026-00819
JOB-2026-00729,2026-05-17,2026-05,TECH-007,Hana H.,Medan,NOC Core,Site Audit,Resolved,Low,180,391,true,INC-2026-01118
JOB-2026-01582,2026-05-17,2026-05,TECH-035,Gita J.,Medan,Fiber Maintenance,Installation,Resolved,Medium,88,269,false,
JOB-2026-01672,2026-05-17,2026-05,TECH-002,Hana C.,Palembang,Customer Assurance,Corrective Maintenance,Closed,Low,153,341,true,INC-2026-00880
JOB-2026-01718,2026-05-17,2026-05,TECH-026,Gita A.,Bandung,Customer Assurance,Corrective Maintenance,Resolved,Medium,87,323,true,INC-2026-02130
JOB-2026-00288,2026-05-18,2026-05,TECH-041,Lukman P.,Medan,Fiber Maintenance,Installation,Closed,Medium,89,259,true,
JOB-2026-00321,2026-05-18,2026-05,TECH-017,Indra R.,Makassar,Field Operations,Site Audit,In Progress,Low,203,,true,
JOB-2026-00395,2026-05-18,2026-05,TECH-020,Bima U.,Medan,Enterprise Support,Installation,In Progress,Low,238,,false,INC-2026-01514
JOB-2026-00406,2026-05-18,2026-05,TECH-032,Fajar G.,Medan,Field Operations,Site Audit,In Progress,Medium,110,,true,INC-2026-01105
JOB-2026-00964,2026-05-18,2026-05,TECH-056,Bima E.,Semarang,Field Operations,Corrective Maintenance,Closed,Medium,116,363,true,INC-2026-00439
JOB-2026-01621,2026-05-18,2026-05,TECH-053,Gita B.,Palembang,Fiber Maintenance,Corrective Maintenance,Resolved,Low,155,378,true,
JOB-2026-01654,2026-05-18,2026-05,TECH-056,Kirana E.,Denpasar,Enterprise Support,Corrective Maintenance,Closed,Medium,122,309,true,INC-2026-02109
JOB-2026-01677,2026-05-18,2026-05,TECH-009,Gita J.,Makassar,NOC Core,Site Audit,Resolved,Medium,93,277,true,INC-2026-00457
JOB-2026-00809,2026-05-19,2026-05,TECH-010,Adit K.,Makassar,Customer Assurance,Corrective Maintenance,Closed,High,65,267,true,INC-2026-01565
JOB-2026-00863,2026-05-19,2026-05,TECH-006,Hana G.,Bandung,NOC Core,Installation,Closed,Low,165,504,false,INC-2026-01640
JOB-2026-00895,2026-05-19,2026-05,TECH-038,Hana M.,Balikpapan,NOC Core,Installation,Closed,Medium,98,413,true,INC-2026-00808
JOB-2026-01094,2026-05-19,2026-05,TECH-051,Citra Z.,Balikpapan,Enterprise Support,Installation,Resolved,Medium,123,323,true,INC-2026-00808
JOB-2026-01212,2026-05-19,2026-05,TECH-030,Gita E.,Makassar,Customer Assurance,Preventive Maintenance,Closed,Medium,97,266,true,
JOB-2026-00113,2026-05-20,2026-05,TECH-011,Indra L.,Semarang,Enterprise Support,Installation,In Progress,Low,165,,true,INC-2026-00140
JOB-2026-00300,2026-05-20,2026-05,TECH-030,Gita E.,Balikpapan,NOC Core,Site Audit,Resolved,Medium,136,234,true,
JOB-2026-00438,2026-05-20,2026-05,TECH-035,Citra J.,Palembang,Field Operations,Site Audit,Closed,Low,173,454,true,INC-2026-00061
JOB-2026-00931,2026-05-20,2026-05,TECH-048,Gita W.,Medan,NOC Core,Installation,Open,High,58,,false,
JOB-2026-01493,2026-05-20,2026-05,TECH-015,Kirana P.,Makassar,Fiber Maintenance,Preventive Maintenance,Open,Low,174,,true,INC-2026-00892
JOB-2026-01520,2026-05-20,2026-05,TECH-045,Lukman T.,Balikpapan,Enterprise Support,Site Audit,Resolved,Medium,93,297,true,INC-2026-01311
JOB-2026-01590,2026-05-20,2026-05,TECH-012,Gita M.,Makassar,Field Operations,Corrective Maintenance,Resolved,Low,120,426,false,INC-2026-00892
JOB-2026-01302,2026-05-21,2026-05,TECH-046,Hana U.,Semarang,NOC Core,Site Audit,Closed,High,66,154,false,INC-2026-00768
JOB-2026-01328,2026-05-21,2026-05,TECH-018,Adit S.,Makassar,Enterprise Support,Site Audit,In Progress,Medium,82,,true,INC-2026-01779
JOB-2026-01505,2026-05-21,2026-05,TECH-010,Lukman K.,Balikpapan,Field Operations,Installation,In Progress,Low,235,,false,INC-2026-01421
JOB-2026-01539,2026-05-21,2026-05,TECH-051,Fajar Z.,Balikpapan,Customer Assurance,Corrective Maintenance,Closed,High,64,163,false,INC-2026-00056
JOB-2026-01596,2026-05-21,2026-05,TECH-060,Joko I.,Denpasar,Enterprise Support,Preventive Maintenance,Open,High,57,,true,INC-2026-01519
JOB-2026-00037,2026-05-22,2026-05,TECH-043,Bima R.,Jakarta,Field Operations,Site Audit,In Progress,High,70,,false,INC-2026-00102
JOB-2026-01423,2026-05-22,2026-05,TECH-019,Bima T.,Surabaya,Customer Assurance,Preventive Maintenance,Closed,Low,232,377,true,
JOB-2026-00065,2026-05-23,2026-05,TECH-060,Gita I.,Yogyakarta,Customer Assurance,Site Audit,Closed,Low,147,500,false,INC-2026-02082
JOB-2026-00267,2026-05-23,2026-05,TECH-028,Citra C.,Makassar,Customer Assurance,Preventive Maintenance,Resolved,Low,168,370,true,
JOB-2026-00569,2026-05-23,2026-05,TECH-057,Bima F.,Semarang,Fiber Maintenance,Preventive Maintenance,Closed,Critical,52,177,true,INC-2026-00068
JOB-2026-01638,2026-05-23,2026-05,TECH-053,Adit B.,Yogyakarta,Fiber Maintenance,Site Audit,Closed,Low,145,384,true,INC-2026-02082
JOB-2026-01746,2026-05-23,2026-05,TECH-042,Gita Q.,Semarang,Fiber Maintenance,Site Audit,Resolved,Critical,11,176,true,INC-2026-00614
JOB-2026-00597,2026-05-24,2026-05,TECH-051,Fajar Z.,Jakarta,Enterprise Support,Corrective Maintenance,Closed,High,50,138,true,INC-2026-02101
JOB-2026-01264,2026-05-24,2026-05,TECH-037,Indra L.,Semarang,Enterprise Support,Installation,Open,Low,175,,true,
JOB-2026-00068,2026-05-25,2026-05,TECH-041,Fajar P.,Medan,Field Operations,Corrective Maintenance,Closed,Low,174,374,true,
JOB-2026-00518,2026-05-25,2026-05,TECH-049,Gita X.,Bandung,NOC Core,Corrective Maintenance,Resolved,Low,203,408,true,
JOB-2026-00727,2026-05-25,2026-05,TECH-033,Bima H.,Denpasar,Fiber Maintenance,Preventive Maintenance,Resolved,Low,209,399,true,INC-2026-01986
JOB-2026-01036,2026-05-25,2026-05,TECH-031,Indra F.,Medan,Customer Assurance,Corrective Maintenance,Resolved,Low,160,400,true,
JOB-2026-01200,2026-05-25,2026-05,TECH-021,Dewi V.,Bandung,Enterprise Support,Corrective Maintenance,Closed,High,51,178,true,INC-2026-00629
JOB-2026-01430,2026-05-25,2026-05,TECH-011,Fajar L.,Denpasar,Field Operations,Preventive Maintenance,Closed,Critical,72,248,true,INC-2026-00480
JOB-2026-01660,2026-05-25,2026-05,TECH-025,Indra Z.,Denpasar,Fiber Maintenance,Installation,Closed,Low,207,454,true,INC-2026-01986
JOB-2026-00997,2026-05-26,2026-05,TECH-041,Bima P.,Jakarta,Field Operations,Corrective Maintenance,Closed,Low,173,311,true,INC-2026-00937
JOB-2026-01503,2026-05-26,2026-05,TECH-056,Dewi E.,Jakarta,Customer Assurance,Installation,In Progress,Low,152,,false,INC-2026-00937
JOB-2026-01516,2026-05-26,2026-05,TECH-002,Citra C.,Yogyakarta,Customer Assurance,Site Audit,Closed,Medium,102,269,false,
JOB-2026-01578,2026-05-26,2026-05,TECH-025,Lukman Z.,Surabaya,Fiber Maintenance,Corrective Maintenance,Closed,High,34,165,false,
JOB-2026-00177,2026-05-27,2026-05,TECH-012,Bima M.,Balikpapan,Customer Assurance,Site Audit,Closed,Low,186,382,true,
JOB-2026-00434,2026-05-27,2026-05,TECH-020,Citra U.,Bandung,NOC Core,Installation,Closed,Low,160,403,true,INC-2026-00653
JOB-2026-00615,2026-05-27,2026-05,TECH-011,Lukman L.,Yogyakarta,NOC Core,Preventive Maintenance,Resolved,Low,213,404,false,INC-2026-02116
JOB-2026-00989,2026-05-27,2026-05,TECH-038,Indra M.,Surabaya,Fiber Maintenance,Preventive Maintenance,In Progress,Critical,5,,false,
JOB-2026-01278,2026-05-27,2026-05,TECH-018,Gita S.,Jakarta,Customer Assurance,Corrective Maintenance,Resolved,Medium,98,287,true,INC-2026-00856
JOB-2026-00040,2026-05-28,2026-05,TECH-053,Kirana B.,Semarang,Customer Assurance,Installation,Resolved,Low,178,371,true,INC-2026-00311
JOB-2026-00378,2026-05-28,2026-05,TECH-021,Hana V.,Balikpapan,Field Operations,Preventive Maintenance,Closed,Low,150,456,true,INC-2026-01823
JOB-2026-00464,2026-05-28,2026-05,TECH-021,Eka V.,Surabaya,Field Operations,Preventive Maintenance,Closed,High,68,166,true,
JOB-2026-01047,2026-05-28,2026-05,TECH-008,Indra I.,Balikpapan,Customer Assurance,Preventive Maintenance,Open,Low,168,,true,INC-2026-01823
JOB-2026-01124,2026-05-28,2026-05,TECH-033,Fajar H.,Medan,Enterprise Support,Corrective Maintenance,Resolved,Low,205,401,true,
JOB-2026-01457,2026-05-28,2026-05,TECH-024,Fajar Y.,Jakarta,Fiber Maintenance,Site Audit,Closed,Low,184,398,true,INC-2026-00163
JOB-2026-01479,2026-05-28,2026-05,TECH-057,Dewi F.,Jakarta,Enterprise Support,Site Audit,Closed,Low,190,378,true,
JOB-2026-01605,2026-05-28,2026-05,TECH-032,Lukman G.,Yogyakarta,Customer Assurance,Installation,Open,Medium,119,,true,INC-2026-01830
JOB-2026-00085,2026-05-29,2026-05,TECH-039,Hana N.,Jakarta,Enterprise Support,Site Audit,Resolved,Medium,93,336,true,INC-2026-00423
JOB-2026-00771,2026-05-29,2026-05,TECH-025,Indra Z.,Makassar,Customer Assurance,Corrective Maintenance,In Progress,Medium,111,,false,INC-2026-00874
JOB-2026-01684,2026-05-29,2026-05,TECH-053,Eka B.,Makassar,NOC Core,Corrective Maintenance,Closed,Medium,79,236,true,INC-2026-00874
JOB-2026-01762,2026-05-29,2026-05,TECH-011,Adit L.,Makassar,Field Operations,Site Audit,Closed,Medium,117,339,false,INC-2026-01508
JOB-2026-01777,2026-05-29,2026-05,TECH-034,Citra I.,Medan,Enterprise Support,Site Audit,Closed,Low,169,347,true,INC-2026-00976
JOB-2026-00254,2026-05-30,2026-05,TECH-032,Joko G.,Yogyakarta,Fiber Maintenance,Installation,Resolved,Medium,151,283,true,
JOB-2026-00320,2026-05-30,2026-05,TECH-016,Lukman Q.,Jakarta,Field Operations,Corrective Maintenance,Closed,Medium,110,316,true,INC-2026-02131
JOB-2026-00572,2026-05-30,2026-05,TECH-021,Fajar V.,Medan,Field Operations,Site Audit,Open,Low,219,,true,INC-2026-00376
JOB-2026-00813,2026-05-30,2026-05,TECH-023,Gita X.,Medan,Customer Assurance,Preventive Maintenance,Closed,Low,163,518,false,
JOB-2026-01241,2026-05-30,2026-05,TECH-041,Joko P.,Medan,Enterprise Support,Installation,Closed,Medium,133,413,true,
JOB-2026-01244,2026-05-30,2026-05,TECH-009,Citra J.,Semarang,NOC Core,Preventive Maintenance,Closed,Medium,137,211,true,INC-2026-01012
JOB-2026-00469,2026-05-31,2026-05,TECH-008,Citra I.,Bandung,NOC Core,Installation,Closed,Low,142,541,true,INC-2026-00344
JOB-2026-00741,2026-05-31,2026-05,TECH-007,Kirana H.,Surabaya,NOC Core,Corrective Maintenance,Closed,Medium,89,251,true,INC-2026-01070
JOB-2026-00930,2026-05-31,2026-05,TECH-010,Joko K.,Jakarta,Customer Assurance,Corrective Maintenance,Resolved,Medium,119,365,true,INC-2026-01926
JOB-2026-00985,2026-05-31,2026-05,TECH-009,Gita J.,Palembang,Fiber Maintenance,Installation,Closed,Critical,16,84,true,INC-2026-01106
JOB-2026-01340,2026-05-31,2026-05,TECH-017,Dewi R.,Surabaya,Enterprise Support,Site Audit,Closed,Medium,93,230,true,INC-2026-01070
JOB-2026-00089,2026-06-01,2026-06,TECH-002,Joko C.,Medan,Enterprise Support,Site Audit,Closed,Low,154,372,true,INC-2026-02061
JOB-2026-00423,2026-06-01,2026-06,TECH-056,Dewi E.,Medan,Fiber Maintenance,Preventive Maintenance,Open,Low,192,,true,INC-2026-01577
JOB-2026-00453,2026-06-01,2026-06,TECH-046,Lukman U.,Bandung,Enterprise Support,Site Audit,Resolved,High,81,245,false,
JOB-2026-01131,2026-06-01,2026-06,TECH-031,Lukman F.,Denpasar,Field Operations,Preventive Maintenance,Resolved,Low,181,378,true,INC-2026-01784
JOB-2026-01447,2026-06-01,2026-06,TECH-055,Gita D.,Denpasar,NOC Core,Corrective Maintenance,Closed,Low,177,449,true,
JOB-2026-00024,2026-06-02,2026-06,TECH-030,Bima E.,Bandung,Field Operations,Site Audit,Closed,High,60,238,false,INC-2026-01529
JOB-2026-00208,2026-06-02,2026-06,TECH-014,Fajar O.,Denpasar,Enterprise Support,Site Audit,Closed,Low,162,394,true,INC-2026-00820
JOB-2026-00332,2026-06-02,2026-06,TECH-040,Kirana O.,Jakarta,Customer Assurance,Corrective Maintenance,Closed,Low,184,360,false,
JOB-2026-00558,2026-06-02,2026-06,TECH-042,Citra Q.,Denpasar,Enterprise Support,Site Audit,Open,Low,141,,true,
JOB-2026-00059,2026-06-03,2026-06,TECH-042,Citra Q.,Palembang,Customer Assurance,Installation,Open,Low,182,,true,
JOB-2026-00172,2026-06-03,2026-06,TECH-041,Eka P.,Balikpapan,Field Operations,Corrective Maintenance,In Progress,High,68,,true,
JOB-2026-00217,2026-06-03,2026-06,TECH-019,Hana T.,Semarang,Customer Assurance,Site Audit,Closed,Low,163,557,true,
JOB-2026-00222,2026-06-03,2026-06,TECH-032,Lukman G.,Medan,Fiber Maintenance,Corrective Maintenance,Closed,Low,173,377,false,
JOB-2026-00828,2026-06-03,2026-06,TECH-049,Fajar X.,Bandung,Customer Assurance,Installation,Resolved,Critical,21,196,false,
JOB-2026-01604,2026-06-03,2026-06,TECH-013,Eka N.,Semarang,Enterprise Support,Corrective Maintenance,Closed,Low,175,532,true,INC-2026-01972
JOB-2026-01639,2026-06-03,2026-06,TECH-030,Kirana E.,Palembang,Fiber Maintenance,Installation,Open,Critical,8,,false,
JOB-2026-00631,2026-06-04,2026-06,TECH-057,Adit F.,Denpasar,Customer Assurance,Installation,Closed,High,75,272,true,INC-2026-00308
JOB-2026-00765,2026-06-04,2026-06,TECH-029,Fajar D.,Yogyakarta,Customer Assurance,Corrective Maintenance,Resolved,Low,197,372,false,INC-2026-01207
JOB-2026-01040,2026-06-04,2026-06,TECH-001,Adit B.,Yogyakarta,NOC Core,Corrective Maintenance,Resolved,Low,146,421,true,INC-2026-01207
JOB-2026-00093,2026-06-05,2026-06,TECH-043,Gita R.,Makassar,NOC Core,Corrective Maintenance,Closed,Critical,59,105,false,INC-2026-01478
JOB-2026-01160,2026-06-05,2026-06,TECH-011,Adit L.,Balikpapan,Customer Assurance,Installation,Closed,Low,160,395,true,INC-2026-01526
JOB-2026-01370,2026-06-05,2026-06,TECH-058,Indra G.,Jakarta,Field Operations,Preventive Maintenance,Resolved,Low,167,372,true,
JOB-2026-00580,2026-06-06,2026-06,TECH-037,Citra L.,Bandung,Customer Assurance,Site Audit,Resolved,Low,191,445,true,INC-2026-00714
JOB-2026-00618,2026-06-06,2026-06,TECH-031,Joko F.,Medan,Enterprise Support,Site Audit,In Progress,Low,167,,true,INC-2026-01347
JOB-2026-01175,2026-06-06,2026-06,TECH-031,Indra F.,Yogyakarta,Field Operations,Site Audit,Open,Low,165,,true,INC-2026-00933
JOB-2026-01299,2026-06-06,2026-06,TECH-055,Adit D.,Bandung,Enterprise Support,Preventive Maintenance,Closed,Low,163,347,true,INC-2026-00714
JOB-2026-01379,2026-06-06,2026-06,TECH-027,Gita B.,Denpasar,Customer Assurance,Installation,Closed,Critical,27,102,false,INC-2026-02024
JOB-2026-00134,2026-06-07,2026-06,TECH-053,Kirana B.,Palembang,Customer Assurance,Installation,Resolved,Medium,137,340,true,INC-2026-00758
JOB-2026-00559,2026-06-07,2026-06,TECH-025,Joko Z.,Medan,Customer Assurance,Installation,In Progress,Low,155,,true,INC-2026-00352
JOB-2026-00019,2026-06-08,2026-06,TECH-044,Lukman S.,Yogyakarta,Field Operations,Installation,Open,Low,192,,true,
JOB-2026-00446,2026-06-08,2026-06,TECH-050,Indra Y.,Semarang,Customer Assurance,Corrective Maintenance,Resolved,Medium,99,310,true,INC-2026-00719
JOB-2026-00474,2026-06-08,2026-06,TECH-026,Joko A.,Balikpapan,Field Operations,Installation,Resolved,Medium,115,275,true,INC-2026-01817
JOB-2026-00627,2026-06-08,2026-06,TECH-045,Indra T.,Medan,Field Operations,Corrective Maintenance,In Progress,Low,155,,false,INC-2026-00551
JOB-2026-00704,2026-06-08,2026-06,TECH-046,Bima U.,Balikpapan,NOC Core,Site Audit,Resolved,Medium,97,311,true,INC-2026-01817
JOB-2026-01208,2026-06-08,2026-06,TECH-033,Eka H.,Semarang,Field Operations,Site Audit,Closed,Medium,70,409,true,INC-2026-00719
JOB-2026-01388,2026-06-08,2026-06,TECH-059,Eka H.,Bandung,Enterprise Support,Installation,Open,Critical,14,,false,
JOB-2026-00687,2026-06-09,2026-06,TECH-036,Gita K.,Semarang,Customer Assurance,Installation,Resolved,Low,171,499,true,INC-2026-00636
JOB-2026-00752,2026-06-09,2026-06,TECH-026,Hana A.,Medan,Fiber Maintenance,Installation,Resolved,Low,190,425,true,INC-2026-02167
JOB-2026-00868,2026-06-09,2026-06,TECH-025,Gita Z.,Balikpapan,Field Operations,Site Audit,Resolved,Low,158,457,true,
JOB-2026-00969,2026-06-09,2026-06,TECH-027,Indra B.,Semarang,NOC Core,Site Audit,Resolved,High,77,155,false,INC-2026-01538
JOB-2026-00182,2026-06-10,2026-06,TECH-058,Lukman G.,Medan,NOC Core,Installation,In Progress,Low,207,,true,INC-2026-01274
JOB-2026-00344,2026-06-10,2026-06,TECH-048,Adit W.,Palembang,Customer Assurance,Corrective Maintenance,Closed,Critical,55,173,true,INC-2026-01258
JOB-2026-01052,2026-06-10,2026-06,TECH-048,Lukman W.,Medan,Field Operations,Site Audit,Closed,Low,174,500,false,
JOB-2026-01792,2026-06-10,2026-06,TECH-011,Lukman L.,Denpasar,Customer Assurance,Preventive Maintenance,Closed,Low,188,392,true,
JOB-2026-00371,2026-06-11,2026-06,TECH-046,Joko U.,Palembang,Fiber Maintenance,Corrective Maintenance,Closed,High,70,269,true,INC-2026-00462
JOB-2026-00939,2026-06-11,2026-06,TECH-054,Joko C.,Medan,NOC Core,Corrective Maintenance,Closed,Medium,97,329,true,
JOB-2026-00962,2026-06-11,2026-06,TECH-027,Hana B.,Semarang,NOC Core,Installation,Closed,Medium,108,307,false,INC-2026-00029
JOB-2026-01229,2026-06-11,2026-06,TECH-042,Hana Q.,Medan,Enterprise Support,Installation,In Progress,Low,206,,false,
JOB-2026-01071,2026-06-12,2026-06,TECH-022,Eka W.,Palembang,Enterprise Support,Installation,Resolved,Medium,74,182,false,INC-2026-00839
JOB-2026-01353,2026-06-12,2026-06,TECH-006,Fajar G.,Medan,Enterprise Support,Site Audit,In Progress,Low,214,,false,INC-2026-00865
JOB-2026-01518,2026-06-12,2026-06,TECH-018,Bima S.,Semarang,Field Operations,Site Audit,Closed,Low,161,444,true,
JOB-2026-01680,2026-06-12,2026-06,TECH-030,Bima E.,Denpasar,Field Operations,Preventive Maintenance,Closed,Critical,15,170,true,
JOB-2026-00732,2026-06-13,2026-06,TECH-007,Eka H.,Bandung,Customer Assurance,Site Audit,In Progress,Critical,47,,false,
JOB-2026-00768,2026-06-13,2026-06,TECH-044,Citra S.,Makassar,Field Operations,Installation,In Progress,Low,197,,true,
JOB-2026-00917,2026-06-13,2026-06,TECH-048,Kirana W.,Yogyakarta,Fiber Maintenance,Corrective Maintenance,Resolved,High,38,273,true,
JOB-2026-00209,2026-06-14,2026-06,TECH-018,Joko S.,Jakarta,Enterprise Support,Site Audit,Resolved,Low,192,390,true,INC-2026-02013
JOB-2026-00619,2026-06-14,2026-06,TECH-029,Kirana D.,Denpasar,Fiber Maintenance,Installation,Resolved,Low,188,436,true,INC-2026-00211
JOB-2026-01237,2026-06-14,2026-06,TECH-055,Adit D.,Bandung,NOC Core,Installation,Resolved,Medium,85,271,true,
JOB-2026-01440,2026-06-14,2026-06,TECH-001,Adit B.,Jakarta,Fiber Maintenance,Preventive Maintenance,Open,Low,216,,true,INC-2026-02013
JOB-2026-01504,2026-06-14,2026-06,TECH-051,Hana Z.,Jakarta,NOC Core,Site Audit,Closed,Low,172,460,true,INC-2026-02013
JOB-2026-01683,2026-06-14,2026-06,TECH-045,Gita T.,Jakarta,Enterprise Support,Corrective Maintenance,Resolved,Low,164,492,true,INC-2026-02013
JOB-2026-01722,2026-06-14,2026-06,TECH-004,Fajar E.,Surabaya,NOC Core,Preventive Maintenance,Open,Low,175,,false,
JOB-2026-00470,2026-06-15,2026-06,TECH-006,Fajar G.,Medan,Customer Assurance,Corrective Maintenance,In Progress,Medium,117,,true,
JOB-2026-00858,2026-06-15,2026-06,TECH-041,Gita P.,Palembang,NOC Core,Site Audit,Resolved,Medium,93,266,true,INC-2026-01945
JOB-2026-01184,2026-06-15,2026-06,TECH-045,Dewi T.,Palembang,Fiber Maintenance,Preventive Maintenance,Open,Medium,86,,true,INC-2026-01945
JOB-2026-01194,2026-06-15,2026-06,TECH-036,Lukman K.,Bandung,Customer Assurance,Corrective Maintenance,In Progress,High,70,,true,INC-2026-01810
JOB-2026-01620,2026-06-15,2026-06,TECH-015,Joko P.,Surabaya,Field Operations,Preventive Maintenance,Open,Low,214,,true,INC-2026-02002
JOB-2026-00039,2026-06-16,2026-06,TECH-013,Hana N.,Makassar,Customer Assurance,Preventive Maintenance,Resolved,Medium,59,324,true,
JOB-2026-00454,2026-06-16,2026-06,TECH-044,Dewi S.,Palembang,Enterprise Support,Installation,In Progress,Low,183,,false,INC-2026-00581
JOB-2026-00644,2026-06-16,2026-06,TECH-048,Dewi W.,Yogyakarta,Fiber Maintenance,Installation,Closed,High,57,157,true,INC-2026-01558
JOB-2026-01282,2026-06-17,2026-06,TECH-025,Fajar Z.,Medan,Field Operations,Corrective Maintenance,Closed,Low,151,487,true,INC-2026-00267
JOB-2026-01415,2026-06-17,2026-06,TECH-002,Kirana C.,Surabaya,NOC Core,Preventive Maintenance,Closed,Medium,77,269,false,INC-2026-01163
JOB-2026-01438,2026-06-17,2026-06,TECH-060,Bima I.,Semarang,Field Operations,Preventive Maintenance,Resolved,Medium,84,258,true,INC-2026-01196
JOB-2026-01511,2026-06-17,2026-06,TECH-045,Kirana T.,Balikpapan,Customer Assurance,Corrective Maintenance,Closed,Medium,107,378,true,INC-2026-01262
JOB-2026-01644,2026-06-17,2026-06,TECH-013,Dewi N.,Medan,Fiber Maintenance,Installation,Closed,Low,178,446,true,INC-2026-00267
JOB-2026-00148,2026-06-18,2026-06,TECH-039,Kirana N.,Bandung,Field Operations,Preventive Maintenance,Resolved,Low,176,456,false,INC-2026-01148
JOB-2026-00510,2026-06-18,2026-06,TECH-050,Eka Y.,Bandung,Fiber Maintenance,Installation,Closed,Low,146,455,true,INC-2026-00957
JOB-2026-01111,2026-06-19,2026-06,TECH-007,Dewi H.,Bandung,Field Operations,Corrective Maintenance,In Progress,Critical,75,,true,INC-2026-01348
JOB-2026-01713,2026-06-19,2026-06,TECH-034,Bima I.,Bandung,Customer Assurance,Installation,Closed,Low,168,437,false,INC-2026-00343
JOB-2026-00562,2026-06-20,2026-06,TECH-013,Eka N.,Yogyakarta,Field Operations,Installation,Closed,High,54,210,true,
JOB-2026-01178,2026-06-20,2026-06,TECH-012,Kirana M.,Bandung,NOC Core,Preventive Maintenance,Closed,Low,189,437,false,INC-2026-01734
JOB-2026-01395,2026-06-20,2026-06,TECH-053,Dewi B.,Semarang,Enterprise Support,Site Audit,Closed,Medium,108,296,false,
JOB-2026-00387,2026-06-21,2026-06,TECH-045,Indra T.,Yogyakarta,Enterprise Support,Installation,Closed,Medium,97,265,false,
JOB-2026-00448,2026-06-21,2026-06,TECH-050,Dewi Y.,Palembang,Field Operations,Site Audit,Open,High,68,,true,INC-2026-00954
JOB-2026-00901,2026-06-21,2026-06,TECH-020,Bima U.,Palembang,Customer Assurance,Preventive Maintenance,Resolved,High,36,204,true,INC-2026-00954
JOB-2026-01110,2026-06-21,2026-06,TECH-058,Eka G.,Jakarta,NOC Core,Preventive Maintenance,Closed,Medium,88,361,true,
JOB-2026-01297,2026-06-21,2026-06,TECH-006,Joko G.,Palembang,NOC Core,Site Audit,Open,Low,170,,true,INC-2026-01213
JOB-2026-01113,2026-06-22,2026-06,TECH-001,Joko B.,Denpasar,Field Operations,Preventive Maintenance,Open,Low,229,,true,INC-2026-01909
JOB-2026-01610,2026-06-22,2026-06,TECH-019,Gita T.,Bandung,Fiber Maintenance,Site Audit,Closed,Medium,132,235,true,INC-2026-00784
JOB-2026-00218,2026-06-23,2026-06,TECH-006,Bima G.,Semarang,Fiber Maintenance,Site Audit,Closed,Low,196,460,true,INC-2026-01460
JOB-2026-00331,2026-06-23,2026-06,TECH-040,Eka O.,Denpasar,Fiber Maintenance,Site Audit,Resolved,High,62,228,true,
JOB-2026-00353,2026-06-23,2026-06,TECH-009,Dewi J.,Semarang,NOC Core,Preventive Maintenance,In Progress,Medium,123,,true,
JOB-2026-00380,2026-06-23,2026-06,TECH-004,Indra E.,Palembang,Enterprise Support,Corrective Maintenance,Closed,Low,174,402,true,INC-2026-00456
JOB-2026-00519,2026-06-23,2026-06,TECH-010,Kirana K.,Medan,Field Operations,Site Audit,Resolved,High,51,214,true,
JOB-2026-00583,2026-06-23,2026-06,TECH-036,Hana K.,Palembang,Customer Assurance,Preventive Maintenance,Resolved,Medium,96,317,true,INC-2026-00853
JOB-2026-00911,2026-06-23,2026-06,TECH-028,Joko C.,Palembang,NOC Core,Corrective Maintenance,Closed,Medium,105,258,true,INC-2026-00853
JOB-2026-00935,2026-06-23,2026-06,TECH-003,Lukman D.,Medan,NOC Core,Corrective Maintenance,Resolved,Low,188,455,true,
JOB-2026-01492,2026-06-23,2026-06,TECH-023,Indra X.,Semarang,Enterprise Support,Preventive Maintenance,In Progress,Low,182,,true,INC-2026-01460
JOB-2026-01760,2026-06-24,2026-06,TECH-040,Kirana O.,Denpasar,Enterprise Support,Site Audit,Closed,Low,158,358,true,INC-2026-01080
JOB-2026-00531,2026-06-25,2026-06,TECH-057,Eka F.,Jakarta,Customer Assurance,Installation,Closed,Critical,13,168,true,INC-2026-00617
JOB-2026-00695,2026-06-25,2026-06,TECH-056,Gita E.,Bandung,Enterprise Support,Preventive Maintenance,Closed,Medium,70,243,false,INC-2026-00871
JOB-2026-00798,2026-06-25,2026-06,TECH-060,Gita I.,Makassar,Fiber Maintenance,Site Audit,Resolved,Low,176,487,true,
JOB-2026-00812,2026-06-25,2026-06,TECH-036,Indra K.,Jakarta,NOC Core,Installation,Closed,Critical,5,103,false,INC-2026-00617
JOB-2026-01145,2026-06-25,2026-06,TECH-036,Hana K.,Jakarta,Customer Assurance,Installation,Closed,Low,154,402,true,
JOB-2026-01589,2026-06-25,2026-06,TECH-009,Hana J.,Jakarta,Fiber Maintenance,Installation,Resolved,Critical,35,198,true,INC-2026-00617
JOB-2026-00304,2026-06-26,2026-06,TECH-036,Eka K.,Jakarta,Field Operations,Installation,Open,Critical,25,,true,INC-2026-01349
JOB-2026-00400,2026-06-26,2026-06,TECH-006,Dewi G.,Semarang,Enterprise Support,Site Audit,Resolved,Medium,109,366,false,INC-2026-01731
JOB-2026-00524,2026-06-26,2026-06,TECH-014,Adit O.,Semarang,Customer Assurance,Corrective Maintenance,Closed,Medium,83,296,true,INC-2026-01731
JOB-2026-00530,2026-06-26,2026-06,TECH-027,Fajar B.,Denpasar,Enterprise Support,Preventive Maintenance,Closed,Low,182,458,false,
JOB-2026-01319,2026-06-26,2026-06,TECH-030,Adit E.,Makassar,NOC Core,Site Audit,Closed,Low,179,379,true,INC-2026-01618
JOB-2026-01664,2026-06-26,2026-06,TECH-047,Bima V.,Denpasar,Fiber Maintenance,Site Audit,Closed,Low,161,310,true,
JOB-2026-00141,2026-06-27,2026-06,TECH-047,Fajar V.,Balikpapan,Customer Assurance,Preventive Maintenance,Closed,Low,172,444,true,INC-2026-00781
JOB-2026-00495,2026-06-27,2026-06,TECH-030,Indra E.,Surabaya,NOC Core,Corrective Maintenance,Closed,Low,227,492,true,INC-2026-02017
JOB-2026-00744,2026-06-27,2026-06,TECH-024,Dewi Y.,Medan,NOC Core,Site Audit,In Progress,Medium,123,,false,INC-2026-02114
JOB-2026-00928,2026-06-27,2026-06,TECH-018,Fajar S.,Yogyakarta,Field Operations,Corrective Maintenance,Closed,Medium,106,321,true,
JOB-2026-00934,2026-06-27,2026-06,TECH-009,Gita J.,Jakarta,Fiber Maintenance,Corrective Maintenance,Closed,High,37,247,true,INC-2026-00936
JOB-2026-01077,2026-06-27,2026-06,TECH-008,Gita I.,Surabaya,Customer Assurance,Site Audit,Open,Low,201,,true,INC-2026-02017
JOB-2026-01121,2026-06-27,2026-06,TECH-037,Lukman L.,Jakarta,Field Operations,Preventive Maintenance,Closed,High,48,228,false,INC-2026-00936
JOB-2026-01360,2026-06-27,2026-06,TECH-045,Eka T.,Balikpapan,Customer Assurance,Corrective Maintenance,Resolved,Low,153,441,false,INC-2026-00781
JOB-2026-01768,2026-06-27,2026-06,TECH-012,Hana M.,Medan,NOC Core,Preventive Maintenance,Closed,Medium,109,373,true,INC-2026-00741
JOB-2026-00325,2026-06-28,2026-06,TECH-045,Citra T.,Bandung,NOC Core,Corrective Maintenance,Closed,Low,165,466,true,INC-2026-01995
JOB-2026-00927,2026-06-28,2026-06,TECH-019,Eka T.,Denpasar,NOC Core,Corrective Maintenance,Closed,Low,142,475,true,INC-2026-01411
JOB-2026-01485,2026-06-28,2026-06,TECH-040,Hana O.,Yogyakarta,Field Operations,Corrective Maintenance,Resolved,Medium,103,279,true,INC-2026-01470
JOB-2026-01570,2026-06-28,2026-06,TECH-036,Joko K.,Palembang,Fiber Maintenance,Site Audit,Closed,Low,198,466,true,INC-2026-00325
JOB-2026-00360,2026-06-29,2026-06,TECH-053,Hana B.,Makassar,Fiber Maintenance,Site Audit,In Progress,Medium,97,,false,INC-2026-02001
JOB-2026-00746,2026-06-29,2026-06,TECH-049,Fajar X.,Medan,Fiber Maintenance,Preventive Maintenance,Closed,Medium,124,319,true,INC-2026-00011
JOB-2026-00784,2026-06-29,2026-06,TECH-025,Fajar Z.,Palembang,NOC Core,Preventive Maintenance,Resolved,Low,165,324,true,INC-2026-01790
JOB-2026-01057,2026-06-29,2026-06,TECH-018,Kirana S.,Surabaya,Enterprise Support,Site Audit,Open,Medium,120,,true,
JOB-2026-01089,2026-06-29,2026-06,TECH-023,Hana X.,Medan,Fiber Maintenance,Installation,Open,Medium,106,,true,INC-2026-02147
JOB-2026-01526,2026-06-29,2026-06,TECH-043,Bima R.,Makassar,Field Operations,Preventive Maintenance,Resolved,Medium,123,340,true,INC-2026-02001
JOB-2026-01537,2026-06-29,2026-06,TECH-052,Adit A.,Yogyakarta,Enterprise Support,Site Audit,Resolved,Low,176,384,true,
JOB-2026-00354,2026-06-30,2026-06,TECH-052,Fajar A.,Surabaya,Field Operations,Installation,Closed,Medium,87,255,true,INC-2026-00452
JOB-2026-01253,2026-06-30,2026-06,TECH-046,Hana U.,Yogyakarta,Enterprise Support,Preventive Maintenance,Resolved,Low,144,474,true,
JOB-2026-01257,2026-06-30,2026-06,TECH-045,Indra T.,Makassar,Field Operations,Installation,In Progress,Low,191,,true,INC-2026-00981
JOB-2026-01765,2026-06-30,2026-06,TECH-058,Adit G.,Jakarta,Enterprise Support,Site Audit,Resolved,Medium,88,300,true,
JOB-2026-01772,2026-06-30,2026-06,TECH-037,Joko L.,Yogyakarta,Customer Assurance,Corrective Maintenance,Closed,Low,211,482,false,
JOB-2026-00203,2026-07-01,2026-07,TECH-048,Indra W.,Surabaya,Customer Assurance,Site Audit,In Progress,Medium,91,,true,INC-2026-00397
JOB-2026-01015,2026-07-01,2026-07,TECH-037,Hana L.,Surabaya,Field Operations,Preventive Maintenance,Resolved,Medium,107,293,true,INC-2026-00397
JOB-2026-01549,2026-07-01,2026-07,TECH-018,Fajar S.,Balikpapan,Enterprise Support,Preventive Maintenance,Resolved,Low,163,406,true,INC-2026-01209
JOB-2026-01755,2026-07-01,2026-07,TECH-018,Citra S.,Palembang,Fiber Maintenance,Corrective Maintenance,In Progress,Medium,98,,true,
JOB-2026-00285,2026-07-02,2026-07,TECH-050,Dewi Y.,Yogyakarta,Enterprise Support,Corrective Maintenance,Closed,Low,180,340,true,INC-2026-00425
JOB-2026-00399,2026-07-02,2026-07,TECH-052,Adit A.,Palembang,Enterprise Support,Preventive Maintenance,Closed,Low,151,416,false,INC-2026-00475
JOB-2026-00817,2026-07-02,2026-07,TECH-037,Kirana L.,Palembang,Fiber Maintenance,Corrective Maintenance,Closed,Medium,97,359,true,INC-2026-00863
JOB-2026-01368,2026-07-02,2026-07,TECH-013,Fajar N.,Palembang,Enterprise Support,Corrective Maintenance,Closed,Medium,98,296,true,INC-2026-00863
JOB-2026-01632,2026-07-02,2026-07,TECH-007,Citra H.,Balikpapan,NOC Core,Site Audit,Closed,Medium,74,294,true,
JOB-2026-01734,2026-07-02,2026-07,TECH-002,Lukman C.,Palembang,Field Operations,Corrective Maintenance,Closed,Medium,108,313,true,INC-2026-00863
JOB-2026-00140,2026-07-03,2026-07,TECH-020,Fajar U.,Denpasar,NOC Core,Site Audit,Resolved,Low,179,340,true,INC-2026-01799
JOB-2026-00223,2026-07-03,2026-07,TECH-060,Adit I.,Makassar,NOC Core,Preventive Maintenance,Closed,Low,174,465,true,
JOB-2026-00677,2026-07-03,2026-07,TECH-051,Lukman Z.,Jakarta,Enterprise Support,Preventive Maintenance,Resolved,High,73,112,false,INC-2026-00162
JOB-2026-00779,2026-07-03,2026-07,TECH-021,Gita V.,Jakarta,Customer Assurance,Corrective Maintenance,Closed,Medium,64,254,true,INC-2026-00145
JOB-2026-00780,2026-07-03,2026-07,TECH-055,Hana D.,Semarang,Enterprise Support,Corrective Maintenance,In Progress,High,88,,false,
JOB-2026-00902,2026-07-03,2026-07,TECH-036,Hana K.,Jakarta,NOC Core,Preventive Maintenance,In Progress,Medium,99,,true,INC-2026-00145
JOB-2026-01095,2026-07-03,2026-07,TECH-006,Lukman G.,Jakarta,Enterprise Support,Preventive Maintenance,Resolved,Medium,135,221,true,INC-2026-00145
JOB-2026-01144,2026-07-03,2026-07,TECH-015,Bima P.,Jakarta,Field Operations,Site Audit,Resolved,Low,161,476,false,INC-2026-01394
JOB-2026-01608,2026-07-03,2026-07,TECH-024,Adit Y.,Semarang,NOC Core,Preventive Maintenance,Resolved,Low,194,387,false,INC-2026-00904
JOB-2026-01637,2026-07-03,2026-07,TECH-033,Indra H.,Jakarta,Enterprise Support,Installation,In Progress,Medium,115,,true,INC-2026-00145
JOB-2026-01745,2026-07-03,2026-07,TECH-022,Gita W.,Makassar,Field Operations,Preventive Maintenance,Resolved,High,78,160,true,
JOB-2026-00622,2026-07-04,2026-07,TECH-002,Hana C.,Semarang,NOC Core,Installation,Closed,Low,177,492,true,INC-2026-01089
JOB-2026-00653,2026-07-04,2026-07,TECH-009,Eka J.,Yogyakarta,Fiber Maintenance,Corrective Maintenance,Resolved,Low,175,448,true,INC-2026-02086
JOB-2026-00811,2026-07-04,2026-07,TECH-017,Indra R.,Yogyakarta,Enterprise Support,Corrective Maintenance,Closed,Critical,45,196,true,INC-2026-00183
JOB-2026-01149,2026-07-04,2026-07,TECH-039,Hana N.,Yogyakarta,NOC Core,Installation,Open,Critical,19,,true,INC-2026-00183
JOB-2026-01287,2026-07-04,2026-07,TECH-020,Citra U.,Denpasar,Enterprise Support,Site Audit,Resolved,Low,207,447,true,INC-2026-01950
JOB-2026-00062,2026-07-05,2026-07,TECH-031,Eka F.,Denpasar,Customer Assurance,Corrective Maintenance,Open,Medium,85,,true,INC-2026-00175
JOB-2026-00319,2026-07-05,2026-07,TECH-014,Kirana O.,Yogyakarta,Fiber Maintenance,Preventive Maintenance,Closed,Medium,88,302,true,
JOB-2026-00692,2026-07-05,2026-07,TECH-051,Eka Z.,Balikpapan,Field Operations,Installation,Resolved,Medium,116,337,true,
JOB-2026-00983,2026-07-05,2026-07,TECH-060,Citra I.,Denpasar,Field Operations,Preventive Maintenance,Resolved,High,47,270,true,
JOB-2026-01314,2026-07-05,2026-07,TECH-041,Indra P.,Surabaya,NOC Core,Preventive Maintenance,Closed,Critical,13,187,true,
JOB-2026-01420,2026-07-05,2026-07,TECH-024,Lukman Y.,Makassar,Field Operations,Installation,Closed,Medium,94,273,true,
JOB-2026-00361,2026-07-06,2026-07,TECH-049,Kirana X.,Balikpapan,NOC Core,Preventive Maintenance,Closed,Low,175,527,true,INC-2026-00303
JOB-2026-00725,2026-07-06,2026-07,TECH-024,Joko Y.,Semarang,Enterprise Support,Corrective Maintenance,Closed,Medium,109,390,true,INC-2026-01238
JOB-2026-00621,2026-07-07,2026-07,TECH-046,Indra U.,Medan,Field Operations,Preventive Maintenance,Closed,Medium,68,306,false,INC-2026-00845
JOB-2026-01349,2026-07-07,2026-07,TECH-037,Hana L.,Medan,Field Operations,Preventive Maintenance,Resolved,Low,181,429,true,
JOB-2026-01705,2026-07-07,2026-07,TECH-001,Hana B.,Yogyakarta,Field Operations,Installation,Closed,Low,155,352,true,
JOB-2026-00025,2026-07-08,2026-07,TECH-020,Fajar U.,Denpasar,Field Operations,Corrective Maintenance,Closed,Low,163,308,true,INC-2026-00986
JOB-2026-00157,2026-07-08,2026-07,TECH-016,Adit Q.,Yogyakarta,Enterprise Support,Corrective Maintenance,Resolved,Low,164,374,true,
JOB-2026-00684,2026-07-08,2026-07,TECH-035,Citra J.,Jakarta,Customer Assurance,Corrective Maintenance,Closed,High,24,156,true,
JOB-2026-00872,2026-07-08,2026-07,TECH-013,Joko N.,Palembang,NOC Core,Corrective Maintenance,Closed,Medium,81,206,false,
JOB-2026-00882,2026-07-08,2026-07,TECH-009,Eka J.,Medan,Field Operations,Preventive Maintenance,Open,High,76,,true,INC-2026-00124
JOB-2026-00937,2026-07-08,2026-07,TECH-010,Eka K.,Bandung,NOC Core,Preventive Maintenance,Closed,Medium,76,194,false,INC-2026-01215
JOB-2026-00367,2026-07-09,2026-07,TECH-055,Bima D.,Medan,NOC Core,Installation,Closed,High,29,298,true,INC-2026-01218
JOB-2026-00432,2026-07-09,2026-07,TECH-019,Dewi T.,Jakarta,Fiber Maintenance,Corrective Maintenance,In Progress,High,56,,false,INC-2026-01730
JOB-2026-00544,2026-07-09,2026-07,TECH-008,Adit I.,Palembang,Enterprise Support,Installation,Closed,Medium,104,314,true,INC-2026-01788
JOB-2026-00743,2026-07-09,2026-07,TECH-039,Citra N.,Palembang,Fiber Maintenance,Site Audit,Closed,Medium,99,255,true,INC-2026-01788
JOB-2026-01105,2026-07-09,2026-07,TECH-048,Kirana W.,Palembang,NOC Core,Corrective Maintenance,Resolved,Medium,127,355,true,INC-2026-01788
JOB-2026-01331,2026-07-09,2026-07,TECH-021,Adit V.,Medan,Customer Assurance,Site Audit,Resolved,High,32,231,false,INC-2026-01218
JOB-2026-01532,2026-07-09,2026-07,TECH-009,Indra J.,Surabaya,Customer Assurance,Preventive Maintenance,Closed,High,32,221,true,INC-2026-01694
JOB-2026-01642,2026-07-09,2026-07,TECH-055,Hana D.,Semarang,Enterprise Support,Preventive Maintenance,Open,Medium,114,,true,
JOB-2026-00299,2026-07-10,2026-07,TECH-019,Indra T.,Balikpapan,Fiber Maintenance,Preventive Maintenance,Closed,Critical,12,125,true,
JOB-2026-00442,2026-07-10,2026-07,TECH-035,Indra J.,Makassar,Fiber Maintenance,Installation,Resolved,Critical,11,133,false,
JOB-2026-00598,2026-07-10,2026-07,TECH-003,Adit D.,Bandung,Customer Assurance,Corrective Maintenance,In Progress,Low,175,,false,INC-2026-01712
JOB-2026-00890,2026-07-10,2026-07,TECH-006,Bima G.,Denpasar,Customer Assurance,Corrective Maintenance,Resolved,Critical,39,222,true,INC-2026-01609
JOB-2026-01650,2026-07-10,2026-07,TECH-037,Eka L.,Denpasar,NOC Core,Preventive Maintenance,Closed,Low,220,448,false,INC-2026-02003
JOB-2026-00282,2026-07-11,2026-07,TECH-020,Hana U.,Medan,Fiber Maintenance,Preventive Maintenance,Closed,Critical,10,156,true,
JOB-2026-00605,2026-07-11,2026-07,TECH-034,Joko I.,Palembang,Field Operations,Site Audit,Closed,Medium,80,368,true,
JOB-2026-00979,2026-07-11,2026-07,TECH-004,Adit E.,Balikpapan,Enterprise Support,Corrective Maintenance,Resolved,High,84,113,false,INC-2026-00689
JOB-2026-01214,2026-07-11,2026-07,TECH-002,Eka C.,Yogyakarta,Field Operations,Site Audit,Resolved,High,52,153,true,INC-2026-01628
JOB-2026-01265,2026-07-11,2026-07,TECH-059,Dewi H.,Makassar,Enterprise Support,Installation,Closed,Low,194,394,true,
JOB-2026-00125,2026-07-12,2026-07,TECH-058,Eka G.,Palembang,Fiber Maintenance,Corrective Maintenance,Resolved,Low,144,309,true,INC-2026-01742
JOB-2026-00411,2026-07-12,2026-07,TECH-043,Hana R.,Denpasar,NOC Core,Site Audit,Closed,Low,168,468,true,
JOB-2026-01123,2026-07-12,2026-07,TECH-011,Bima L.,Balikpapan,Customer Assurance,Preventive Maintenance,In Progress,Medium,122,,true,
JOB-2026-01496,2026-07-12,2026-07,TECH-021,Fajar V.,Bandung,Fiber Maintenance,Installation,Resolved,Low,183,411,false,
JOB-2026-00611,2026-07-13,2026-07,TECH-013,Eka N.,Denpasar,NOC Core,Preventive Maintenance,Resolved,Low,197,444,true,
JOB-2026-00637,2026-07-13,2026-07,TECH-050,Indra Y.,Denpasar,Customer Assurance,Site Audit,In Progress,Low,164,,true,
JOB-2026-01386,2026-07-13,2026-07,TECH-008,Indra I.,Denpasar,Customer Assurance,Site Audit,Closed,Medium,125,353,false,INC-2026-00912
JOB-2026-01754,2026-07-14,2026-07,TECH-019,Dewi T.,Yogyakarta,Fiber Maintenance,Installation,Open,Low,176,,true,INC-2026-01407
JOB-2026-00669,2026-07-15,2026-07,TECH-047,Gita V.,Yogyakarta,Enterprise Support,Installation,Closed,Low,159,472,true,INC-2026-00613
JOB-2026-00875,2026-07-15,2026-07,TECH-042,Eka Q.,Palembang,Customer Assurance,Corrective Maintenance,Open,Low,137,,false,
JOB-2026-01436,2026-07-15,2026-07,TECH-031,Indra F.,Bandung,NOC Core,Site Audit,Open,Low,201,,false,
JOB-2026-00718,2026-07-16,2026-07,TECH-030,Lukman E.,Balikpapan,Fiber Maintenance,Site Audit,Resolved,High,57,236,true,INC-2026-01176
JOB-2026-00055,2026-07-17,2026-07,TECH-047,Gita V.,Bandung,NOC Core,Preventive Maintenance,Closed,Medium,66,294,false,INC-2026-01956
JOB-2026-00655,2026-07-17,2026-07,TECH-025,Lukman Z.,Semarang,NOC Core,Corrective Maintenance,Resolved,High,16,205,false,INC-2026-00500
JOB-2026-00795,2026-07-17,2026-07,TECH-041,Joko P.,Medan,NOC Core,Installation,Resolved,Low,180,482,true,
JOB-2026-00802,2026-07-17,2026-07,TECH-052,Bima A.,Balikpapan,Customer Assurance,Preventive Maintenance,In Progress,Medium,109,,false,INC-2026-00069
JOB-2026-01189,2026-07-17,2026-07,TECH-017,Gita R.,Yogyakarta,NOC Core,Preventive Maintenance,Resolved,Medium,124,316,true,INC-2026-01479
JOB-2026-01288,2026-07-17,2026-07,TECH-030,Joko E.,Yogyakarta,Customer Assurance,Corrective Maintenance,Resolved,Medium,90,244,true,
JOB-2026-01609,2026-07-17,2026-07,TECH-040,Eka O.,Semarang,Enterprise Support,Corrective Maintenance,Closed,High,72,225,false,INC-2026-00500
JOB-2026-00014,2026-07-18,2026-07,TECH-001,Bima B.,Jakarta,Enterprise Support,Preventive Maintenance,In Progress,Low,170,,true,INC-2026-02162
JOB-2026-00165,2026-07-18,2026-07,TECH-017,Fajar R.,Jakarta,NOC Core,Corrective Maintenance,Resolved,Medium,133,287,true,INC-2026-01246
JOB-2026-00458,2026-07-18,2026-07,TECH-019,Hana T.,Makassar,Field Operations,Installation,In Progress,Low,189,,false,
JOB-2026-00479,2026-07-18,2026-07,TECH-040,Hana O.,Jakarta,Field Operations,Installation,Closed,Low,197,480,true,INC-2026-02162
JOB-2026-00494,2026-07-18,2026-07,TECH-016,Lukman Q.,Balikpapan,Customer Assurance,Installation,Resolved,Low,172,460,true,
JOB-2026-01561,2026-07-18,2026-07,TECH-045,Dewi T.,Yogyakarta,Enterprise Support,Site Audit,Resolved,Medium,120,198,true,
JOB-2026-00087,2026-07-19,2026-07,TECH-005,Bima F.,Surabaya,Field Operations,Site Audit,Resolved,Medium,111,357,false,
JOB-2026-00484,2026-07-19,2026-07,TECH-013,Lukman N.,Makassar,Fiber Maintenance,Installation,Resolved,High,44,244,false,INC-2026-00414
JOB-2026-00573,2026-07-19,2026-07,TECH-037,Kirana L.,Medan,Customer Assurance,Preventive Maintenance,Resolved,Low,174,388,true,
JOB-2026-01161,2026-07-19,2026-07,TECH-003,Lukman D.,Makassar,Field Operations,Corrective Maintenance,Resolved,High,49,193,true,INC-2026-00414
JOB-2026-00306,2026-07-20,2026-07,TECH-059,Adit H.,Jakarta,Fiber Maintenance,Corrective Maintenance,Resolved,Medium,105,340,true,
JOB-2026-00046,2026-07-21,2026-07,TECH-025,Dewi Z.,Denpasar,Enterprise Support,Corrective Maintenance,Closed,Low,208,468,true,
JOB-2026-00251,2026-07-21,2026-07,TECH-027,Fajar B.,Surabaya,NOC Core,Corrective Maintenance,Closed,Medium,93,305,true,INC-2026-01928
JOB-2026-00607,2026-07-21,2026-07,TECH-031,Bima F.,Makassar,Enterprise Support,Corrective Maintenance,Resolved,Low,162,369,false,INC-2026-00548
JOB-2026-01025,2026-07-21,2026-07,TECH-053,Hana B.,Semarang,Field Operations,Preventive Maintenance,Closed,Medium,61,318,true,INC-2026-01308
JOB-2026-01041,2026-07-21,2026-07,TECH-008,Bima I.,Jakarta,Customer Assurance,Preventive Maintenance,Resolved,Low,201,483,true,
JOB-2026-01661,2026-07-21,2026-07,TECH-021,Lukman V.,Makassar,NOC Core,Installation,In Progress,Low,204,,true,INC-2026-00548
JOB-2026-00120,2026-07-22,2026-07,TECH-013,Adit N.,Yogyakarta,NOC Core,Installation,Open,Medium,114,,false,INC-2026-01387
JOB-2026-00496,2026-07-22,2026-07,TECH-020,Dewi U.,Yogyakarta,Customer Assurance,Corrective Maintenance,Closed,Medium,121,298,true,INC-2026-01387
JOB-2026-00671,2026-07-22,2026-07,TECH-008,Eka I.,Denpasar,Enterprise Support,Preventive Maintenance,Resolved,High,32,163,true,INC-2026-00851
JOB-2026-00853,2026-07-22,2026-07,TECH-042,Indra Q.,Medan,Customer Assurance,Corrective Maintenance,Closed,Critical,5,156,false,
JOB-2026-01256,2026-07-22,2026-07,TECH-004,Hana E.,Bandung,Customer Assurance,Site Audit,Resolved,Low,166,466,true,
JOB-2026-01424,2026-07-22,2026-07,TECH-045,Kirana T.,Bandung,NOC Core,Preventive Maintenance,Resolved,Medium,130,288,true,INC-2026-01283
JOB-2026-01524,2026-07-22,2026-07,TECH-008,Bima I.,Denpasar,Customer Assurance,Corrective Maintenance,Closed,High,23,125,false,INC-2026-00851
JOB-2026-00884,2026-07-23,2026-07,TECH-043,Dewi R.,Denpasar,NOC Core,Installation,Closed,Low,180,459,true,INC-2026-02008
JOB-2026-01009,2026-07-23,2026-07,TECH-056,Hana E.,Balikpapan,Field Operations,Preventive Maintenance,In Progress,Medium,90,,true,
JOB-2026-00081,2026-07-24,2026-07,TECH-054,Adit C.,Denpasar,Enterprise Support,Site Audit,Closed,Low,200,427,true,INC-2026-01288
JOB-2026-01001,2026-07-24,2026-07,TECH-043,Lukman R.,Balikpapan,NOC Core,Corrective Maintenance,In Progress,Medium,95,,false,INC-2026-01327
JOB-2026-01141,2026-07-24,2026-07,TECH-027,Adit B.,Jakarta,Fiber Maintenance,Site Audit,Resolved,Medium,84,307,true,
JOB-2026-01252,2026-07-24,2026-07,TECH-012,Joko M.,Semarang,NOC Core,Corrective Maintenance,Resolved,Low,169,406,true,INC-2026-00081
JOB-2026-01421,2026-07-24,2026-07,TECH-041,Bima P.,Medan,Customer Assurance,Corrective Maintenance,Closed,Medium,101,360,true,
JOB-2026-01460,2026-07-24,2026-07,TECH-021,Indra V.,Denpasar,Enterprise Support,Site Audit,Resolved,Low,159,447,true,INC-2026-01288
JOB-2026-01649,2026-07-24,2026-07,TECH-058,Lukman G.,Yogyakarta,NOC Core,Corrective Maintenance,Closed,Medium,81,320,true,
JOB-2026-00052,2026-07-25,2026-07,TECH-041,Hana P.,Yogyakarta,Field Operations,Site Audit,Open,Medium,81,,true,
JOB-2026-00105,2026-07-25,2026-07,TECH-034,Hana I.,Semarang,NOC Core,Preventive Maintenance,Closed,Low,203,465,true,INC-2026-00454
JOB-2026-00158,2026-07-25,2026-07,TECH-006,Fajar G.,Surabaya,Field Operations,Corrective Maintenance,Resolved,Medium,81,326,true,INC-2026-01109
JOB-2026-00460,2026-07-25,2026-07,TECH-060,Joko I.,Denpasar,Field Operations,Preventive Maintenance,Closed,High,63,207,true,INC-2026-01976
JOB-2026-00467,2026-07-25,2026-07,TECH-037,Fajar L.,Yogyakarta,Enterprise Support,Preventive Maintenance,Closed,Medium,92,327,true,INC-2026-01161
JOB-2026-00652,2026-07-25,2026-07,TECH-006,Indra G.,Denpasar,Enterprise Support,Preventive Maintenance,Closed,High,33,192,true,INC-2026-00360
JOB-2026-00731,2026-07-25,2026-07,TECH-055,Adit D.,Denpasar,NOC Core,Installation,Resolved,Medium,148,357,true,
JOB-2026-00740,2026-07-25,2026-07,TECH-041,Citra P.,Jakarta,Customer Assurance,Site Audit,Resolved,Medium,101,380,false,INC-2026-01096
JOB-2026-00842,2026-07-25,2026-07,TECH-056,Joko E.,Jakarta,NOC Core,Installation,Resolved,Medium,116,296,true,INC-2026-01096
JOB-2026-01291,2026-07-25,2026-07,TECH-024,Hana Y.,Jakarta,Fiber Maintenance,Preventive Maintenance,Resolved,Medium,96,413,true,INC-2026-01096
JOB-2026-01607,2026-07-25,2026-07,TECH-045,Citra T.,Denpasar,Fiber Maintenance,Installation,Closed,High,48,261,true,INC-2026-00360
JOB-2026-00051,2026-07-26,2026-07,TECH-014,Bima O.,Semarang,Customer Assurance,Preventive Maintenance,Closed,Medium,108,233,true,INC-2026-01545
JOB-2026-00056,2026-07-26,2026-07,TECH-042,Adit Q.,Palembang,Enterprise Support,Corrective Maintenance,Closed,High,24,189,false,INC-2026-01189
JOB-2026-00481,2026-07-26,2026-07,TECH-054,Lukman C.,Jakarta,NOC Core,Site Audit,Resolved,High,55,242,true,INC-2026-00742
JOB-2026-00508,2026-07-26,2026-07,TECH-001,Lukman B.,Yogyakarta,Field Operations,Corrective Maintenance,In Progress,Low,165,,true,
JOB-2026-00537,2026-07-26,2026-07,TECH-060,Kirana I.,Balikpapan,NOC Core,Preventive Maintenance,Closed,Low,151,425,true,INC-2026-00560
JOB-2026-00604,2026-07-26,2026-07,TECH-037,Gita L.,Jakarta,Customer Assurance,Corrective Maintenance,Open,High,82,,true,
JOB-2026-00803,2026-07-26,2026-07,TECH-025,Gita Z.,Palembang,Customer Assurance,Site Audit,Resolved,High,24,312,false,INC-2026-01189
JOB-2026-00966,2026-07-26,2026-07,TECH-050,Fajar Y.,Makassar,Field Operations,Site Audit,Resolved,Critical,46,167,true,
JOB-2026-00517,2026-07-27,2026-07,TECH-022,Adit W.,Medan,Field Operations,Site Audit,In Progress,Critical,50,,false,INC-2026-00754
JOB-2026-00709,2026-07-27,2026-07,TECH-047,Citra V.,Medan,Fiber Maintenance,Installation,In Progress,Critical,20,,true,INC-2026-00754
JOB-2026-00739,2026-07-27,2026-07,TECH-048,Dewi W.,Yogyakarta,Fiber Maintenance,Corrective Maintenance,Closed,High,64,261,true,INC-2026-00765
JOB-2026-01112,2026-07-27,2026-07,TECH-051,Kirana Z.,Palembang,Customer Assurance,Site Audit,Closed,Low,219,337,true,INC-2026-00513
JOB-2026-01774,2026-07-27,2026-07,TECH-036,Gita K.,Makassar,NOC Core,Corrective Maintenance,In Progress,Medium,75,,true,
JOB-2026-00077,2026-07-28,2026-07,TECH-034,Fajar I.,Semarang,Fiber Maintenance,Site Audit,Closed,Low,185,434,false,INC-2026-01765
JOB-2026-00428,2026-07-28,2026-07,TECH-034,Indra I.,Jakarta,Field Operations,Site Audit,Resolved,Low,190,350,true,
JOB-2026-00439,2026-07-28,2026-07,TECH-047,Joko V.,Semarang,NOC Core,Site Audit,Resolved,Medium,112,262,true,
JOB-2026-00874,2026-07-28,2026-07,TECH-045,Bima T.,Palembang,Enterprise Support,Corrective Maintenance,Closed,Critical,49,131,false,INC-2026-01030
JOB-2026-01356,2026-07-28,2026-07,TECH-013,Eka N.,Bandung,Field Operations,Preventive Maintenance,Resolved,High,61,258,false,INC-2026-00263
JOB-2026-01679,2026-07-28,2026-07,TECH-054,Fajar C.,Jakarta,Enterprise Support,Installation,Resolved,Low,161,382,true,
JOB-2026-00042,2026-07-29,2026-07,TECH-023,Hana X.,Palembang,Enterprise Support,Site Audit,Closed,Low,204,469,true,
JOB-2026-00546,2026-07-30,2026-07,TECH-038,Hana M.,Medan,Field Operations,Preventive Maintenance,In Progress,Low,156,,true,INC-2026-00205
JOB-2026-00656,2026-07-30,2026-07,TECH-009,Lukman J.,Makassar,Field Operations,Site Audit,Closed,High,51,253,false,INC-2026-00046
JOB-2026-00943,2026-07-30,2026-07,TECH-055,Indra D.,Yogyakarta,Field Operations,Installation,Resolved,Low,133,421,true,
JOB-2026-01333,2026-07-30,2026-07,TECH-044,Bima S.,Medan,NOC Core,Corrective Maintenance,Resolved,Medium,83,254,false,INC-2026-00953
JOB-2026-00193,2026-07-31,2026-07,TECH-048,Dewi W.,Balikpapan,NOC Core,Corrective Maintenance,In Progress,Medium,75,,true,INC-2026-01183
JOB-2026-00270,2026-07-31,2026-07,TECH-027,Lukman B.,Medan,Customer Assurance,Corrective Maintenance,Resolved,High,69,210,false,
JOB-2026-00449,2026-07-31,2026-07,TECH-019,Fajar T.,Surabaya,Enterprise Support,Preventive Maintenance,In Progress,Low,182,,true,INC-2026-01425
JOB-2026-00745,2026-07-31,2026-07,TECH-039,Citra N.,Surabaya,NOC Core,Installation,Resolved,Low,188,493,false,INC-2026-01425
JOB-2026-00898,2026-07-31,2026-07,TECH-052,Joko A.,Semarang,NOC Core,Preventive Maintenance,Closed,Low,206,467,true,
JOB-2026-00610,2026-08-01,2026-08,TECH-021,Dewi V.,Medan,Fiber Maintenance,Site Audit,In Progress,Critical,24,,true,INC-2026-01125
JOB-2026-00801,2026-08-01,2026-08,TECH-044,Citra S.,Surabaya,Enterprise Support,Preventive Maintenance,Resolved,Low,150,466,true,INC-2026-01126
JOB-2026-01181,2026-08-01,2026-08,TECH-027,Dewi B.,Surabaya,Fiber Maintenance,Preventive Maintenance,Resolved,Low,131,404,true,INC-2026-01126
JOB-2026-01546,2026-08-01,2026-08,TECH-059,Hana H.,Surabaya,Enterprise Support,Site Audit,Closed,Low,162,473,true,INC-2026-01126
JOB-2026-01788,2026-08-01,2026-08,TECH-026,Citra A.,Surabaya,NOC Core,Installation,Resolved,Low,196,420,false,INC-2026-01126
JOB-2026-00923,2026-08-02,2026-08,TECH-007,Eka H.,Medan,Field Operations,Installation,Resolved,Low,191,443,true,INC-2026-00467
JOB-2026-01357,2026-08-02,2026-08,TECH-036,Kirana K.,Balikpapan,NOC Core,Installation,Resolved,Low,192,534,true,
JOB-2026-01691,2026-08-02,2026-08,TECH-038,Hana M.,Medan,Customer Assurance,Preventive Maintenance,Resolved,Low,166,371,true,INC-2026-00467
JOB-2026-00078,2026-08-03,2026-08,TECH-055,Hana D.,Balikpapan,NOC Core,Corrective Maintenance,Resolved,High,49,253,true,
JOB-2026-00192,2026-08-03,2026-08,TECH-022,Bima W.,Yogyakarta,NOC Core,Corrective Maintenance,Resolved,Low,209,429,true,INC-2026-00141
JOB-2026-00195,2026-08-03,2026-08,TECH-060,Fajar I.,Palembang,NOC Core,Corrective Maintenance,Closed,Medium,65,381,false,
JOB-2026-00279,2026-08-03,2026-08,TECH-040,Eka O.,Jakarta,Customer Assurance,Corrective Maintenance,Closed,Medium,73,252,true,
JOB-2026-00302,2026-08-03,2026-08,TECH-018,Lukman S.,Semarang,Fiber Maintenance,Corrective Maintenance,Closed,Medium,92,240,true,INC-2026-00097
JOB-2026-00386,2026-08-03,2026-08,TECH-006,Citra G.,Makassar,Customer Assurance,Site Audit,Open,High,58,,true,INC-2026-00379
JOB-2026-00769,2026-08-03,2026-08,TECH-002,Adit C.,Surabaya,Customer Assurance,Preventive Maintenance,Closed,Low,171,431,true,INC-2026-01371
JOB-2026-00815,2026-08-03,2026-08,TECH-012,Lukman M.,Surabaya,Customer Assurance,Site Audit,Closed,Medium,79,317,true,
JOB-2026-01066,2026-08-03,2026-08,TECH-010,Hana K.,Yogyakarta,Enterprise Support,Preventive Maintenance,Closed,Low,183,452,true,INC-2026-00141
JOB-2026-01107,2026-08-03,2026-08,TECH-026,Kirana A.,Surabaya,Field Operations,Preventive Maintenance,Resolved,Low,206,396,true,INC-2026-01371
JOB-2026-01593,2026-08-03,2026-08,TECH-036,Gita K.,Makassar,Customer Assurance,Preventive Maintenance,Closed,Low,149,499,true,INC-2026-00712
JOB-2026-00198,2026-08-04,2026-08,TECH-057,Citra F.,Yogyakarta,Field Operations,Installation,Resolved,Low,175,435,true,INC-2026-00525
JOB-2026-00461,2026-08-04,2026-08,TECH-045,Bima T.,Yogyakarta,NOC Core,Site Audit,Closed,Medium,76,413,false,INC-2026-01503
JOB-2026-00476,2026-08-04,2026-08,TECH-004,Hana E.,Semarang,Customer Assurance,Corrective Maintenance,Resolved,Low,161,472,true,INC-2026-01472
JOB-2026-00515,2026-08-04,2026-08,TECH-012,Bima M.,Surabaya,NOC Core,Corrective Maintenance,Resolved,Medium,69,230,true,INC-2026-02132
JOB-2026-00925,2026-08-04,2026-08,TECH-005,Bima F.,Surabaya,Enterprise Support,Installation,Closed,Low,193,422,true,INC-2026-00630
JOB-2026-01240,2026-08-04,2026-08,TECH-032,Eka G.,Semarang,Fiber Maintenance,Site Audit,Closed,High,35,243,false,
JOB-2026-00204,2026-08-05,2026-08,TECH-043,Indra R.,Balikpapan,Fiber Maintenance,Preventive Maintenance,Resolved,Medium,105,293,true,INC-2026-00079
JOB-2026-00248,2026-08-05,2026-08,TECH-050,Dewi Y.,Makassar,NOC Core,Site Audit,In Progress,Medium,88,,true,
JOB-2026-01378,2026-08-05,2026-08,TECH-027,Citra B.,Balikpapan,Customer Assurance,Preventive Maintenance,Closed,Medium,93,254,false,INC-2026-00079
JOB-2026-00228,2026-08-06,2026-08,TECH-060,Eka I.,Surabaya,Fiber Maintenance,Corrective Maintenance,Open,Low,142,,false,INC-2026-01200
JOB-2026-00341,2026-08-06,2026-08,TECH-058,Adit G.,Surabaya,Customer Assurance,Corrective Maintenance,Closed,Low,215,457,true,INC-2026-01200
JOB-2026-00603,2026-08-06,2026-08,TECH-003,Indra D.,Balikpapan,Customer Assurance,Corrective Maintenance,Resolved,Medium,104,326,false,INC-2026-01278
JOB-2026-00730,2026-08-06,2026-08,TECH-035,Citra J.,Makassar,NOC Core,Preventive Maintenance,Open,Medium,103,,true,
JOB-2026-00822,2026-08-06,2026-08,TECH-045,Lukman T.,Semarang,Fiber Maintenance,Preventive Maintenance,Closed,Low,164,427,true,INC-2026-01058
JOB-2026-01377,2026-08-06,2026-08,TECH-001,Eka B.,Surabaya,Fiber Maintenance,Corrective Maintenance,Closed,Low,128,329,true,
JOB-2026-00156,2026-08-07,2026-08,TECH-031,Citra F.,Bandung,Enterprise Support,Preventive Maintenance,Resolved,Medium,82,375,true,
JOB-2026-00211,2026-08-07,2026-08,TECH-029,Bima D.,Balikpapan,Enterprise Support,Installation,Resolved,Low,128,499,true,INC-2026-01781
JOB-2026-00394,2026-08-07,2026-08,TECH-047,Adit V.,Medan,NOC Core,Preventive Maintenance,Closed,High,38,201,true,INC-2026-02059
JOB-2026-01143,2026-08-07,2026-08,TECH-023,Citra X.,Medan,NOC Core,Preventive Maintenance,Resolved,High,68,112,true,INC-2026-02059
JOB-2026-00067,2026-08-08,2026-08,TECH-019,Bima T.,Balikpapan,Customer Assurance,Installation,Closed,High,66,194,false,INC-2026-00230
JOB-2026-00330,2026-08-08,2026-08,TECH-058,Fajar G.,Yogyakarta,Field Operations,Corrective Maintenance,In Progress,High,38,,true,
JOB-2026-00888,2026-08-08,2026-08,TECH-029,Indra D.,Semarang,NOC Core,Installation,Resolved,Low,196,383,true,INC-2026-01325
JOB-2026-00976,2026-08-08,2026-08,TECH-017,Fajar R.,Bandung,Field Operations,Site Audit,Open,Low,186,,true,INC-2026-00433
JOB-2026-00226,2026-08-09,2026-08,TECH-007,Kirana H.,Denpasar,Field Operations,Installation,Closed,Low,189,443,false,
JOB-2026-00366,2026-08-09,2026-08,TECH-035,Citra J.,Balikpapan,NOC Core,Corrective Maintenance,Open,Medium,133,,false,
JOB-2026-00547,2026-08-09,2026-08,TECH-021,Bima V.,Denpasar,Field Operations,Preventive Maintenance,Closed,Medium,103,335,true,
JOB-2026-00667,2026-08-09,2026-08,TECH-014,Adit O.,Medan,Fiber Maintenance,Installation,Resolved,Medium,111,350,false,
JOB-2026-01088,2026-08-09,2026-08,TECH-020,Gita U.,Denpasar,Field Operations,Corrective Maintenance,Closed,High,77,287,false,
JOB-2026-00516,2026-08-10,2026-08,TECH-015,Joko P.,Yogyakarta,NOC Core,Corrective Maintenance,Closed,High,49,351,true,
JOB-2026-00556,2026-08-10,2026-08,TECH-001,Eka B.,Denpasar,Fiber Maintenance,Installation,Closed,Low,171,375,false,
JOB-2026-01215,2026-08-10,2026-08,TECH-042,Citra Q.,Yogyakarta,Fiber Maintenance,Corrective Maintenance,Closed,Low,188,440,true,INC-2026-00374
JOB-2026-01475,2026-08-10,2026-08,TECH-045,Bima T.,Semarang,Enterprise Support,Preventive Maintenance,Closed,Medium,103,282,true,
JOB-2026-00289,2026-08-11,2026-08,TECH-018,Citra S.,Medan,Enterprise Support,Installation,In Progress,Low,178,,true,INC-2026-00823
JOB-2026-00505,2026-08-11,2026-08,TECH-051,Fajar Z.,Palembang,Customer Assurance,Installation,Resolved,Medium,94,266,true,
JOB-2026-01344,2026-08-11,2026-08,TECH-024,Adit Y.,Denpasar,NOC Core,Site Audit,Resolved,Low,160,489,true,INC-2026-00036
JOB-2026-01358,2026-08-11,2026-08,TECH-002,Kirana C.,Balikpapan,Customer Assurance,Preventive Maintenance,Resolved,Low,145,347,true,INC-2026-01104
JOB-2026-00026,2026-08-12,2026-08,TECH-033,Citra H.,Balikpapan,Enterprise Support,Preventive Maintenance,Resolved,Low,165,481,true,INC-2026-00816
JOB-2026-00232,2026-08-12,2026-08,TECH-040,Lukman O.,Balikpapan,Fiber Maintenance,Site Audit,Closed,Low,196,365,true,INC-2026-00015
JOB-2026-00358,2026-08-12,2026-08,TECH-037,Kirana L.,Balikpapan,Enterprise Support,Preventive Maintenance,Closed,Low,145,466,false,INC-2026-00816
JOB-2026-00786,2026-08-12,2026-08,TECH-009,Kirana J.,Medan,NOC Core,Site Audit,Resolved,Low,187,425,false,INC-2026-00499
JOB-2026-00797,2026-08-12,2026-08,TECH-002,Joko C.,Makassar,Field Operations,Site Audit,Resolved,Medium,114,361,true,INC-2026-01088
JOB-2026-00975,2026-08-12,2026-08,TECH-018,Gita S.,Medan,Fiber Maintenance,Site Audit,Resolved,High,45,178,false,
JOB-2026-01197,2026-08-12,2026-08,TECH-051,Joko Z.,Palembang,Enterprise Support,Corrective Maintenance,Open,Medium,99,,true,
JOB-2026-01274,2026-08-12,2026-08,TECH-024,Adit Y.,Makassar,Customer Assurance,Corrective Maintenance,Closed,Low,153,358,true,INC-2026-00307
JOB-2026-01481,2026-08-12,2026-08,TECH-025,Lukman Z.,Makassar,Fiber Maintenance,Preventive Maintenance,Open,Medium,111,,true,INC-2026-01088
JOB-2026-01551,2026-08-12,2026-08,TECH-015,Citra P.,Makassar,Fiber Maintenance,Site Audit,In Progress,Medium,98,,true,INC-2026-01088
JOB-2026-01694,2026-08-12,2026-08,TECH-047,Eka V.,Medan,Field Operations,Corrective Maintenance,Closed,Low,223,423,true,
JOB-2026-01731,2026-08-12,2026-08,TECH-030,Dewi E.,Denpasar,Field Operations,Preventive Maintenance,Closed,Low,188,413,true,INC-2026-02154
JOB-2026-00668,2026-08-13,2026-08,TECH-013,Hana N.,Semarang,Field Operations,Site Audit,Closed,High,60,282,true,INC-2026-02149
JOB-2026-00738,2026-08-13,2026-08,TECH-047,Citra V.,Semarang,Customer Assurance,Installation,Closed,High,55,223,true,INC-2026-02149
JOB-2026-00851,2026-08-13,2026-08,TECH-041,Fajar P.,Semarang,Field Operations,Installation,Closed,High,51,198,false,INC-2026-02149
JOB-2026-00903,2026-08-13,2026-08,TECH-051,Adit Z.,Semarang,Enterprise Support,Site Audit,Closed,High,30,296,false,INC-2026-02149
JOB-2026-00946,2026-08-13,2026-08,TECH-013,Gita N.,Semarang,NOC Core,Preventive Maintenance,Open,Medium,103,,true,
JOB-2026-01030,2026-08-13,2026-08,TECH-030,Bima E.,Jakarta,NOC Core,Installation,Resolved,High,79,84,false,INC-2026-01536
JOB-2026-01709,2026-08-13,2026-08,TECH-039,Bima N.,Yogyakarta,Enterprise Support,Corrective Maintenance,Resolved,High,74,195,false,
JOB-2026-00011,2026-08-14,2026-08,TECH-037,Adit L.,Jakarta,Customer Assurance,Corrective Maintenance,Resolved,High,28,111,true,INC-2026-01381
JOB-2026-00147,2026-08-14,2026-08,TECH-044,Eka S.,Denpasar,NOC Core,Corrective Maintenance,Open,High,56,,true,INC-2026-00989
JOB-2026-00257,2026-08-14,2026-08,TECH-012,Citra M.,Medan,Fiber Maintenance,Corrective Maintenance,Resolved,Medium,89,147,true,INC-2026-00969
JOB-2026-00588,2026-08-14,2026-08,TECH-045,Fajar T.,Yogyakarta,Enterprise Support,Corrective Maintenance,Resolved,Medium,117,377,true,INC-2026-01958
JOB-2026-00691,2026-08-14,2026-08,TECH-025,Joko Z.,Jakarta,NOC Core,Preventive Maintenance,Open,High,69,,true,
JOB-2026-00762,2026-08-14,2026-08,TECH-015,Citra P.,Palembang,Field Operations,Site Audit,In Progress,Low,215,,true,INC-2026-01728
JOB-2026-00824,2026-08-14,2026-08,TECH-039,Fajar N.,Yogyakarta,Fiber Maintenance,Corrective Maintenance,Resolved,Medium,122,373,true,INC-2026-01958
JOB-2026-00880,2026-08-14,2026-08,TECH-040,Eka O.,Jakarta,NOC Core,Site Audit,Closed,High,62,323,true,INC-2026-01381
JOB-2026-01220,2026-08-14,2026-08,TECH-021,Lukman V.,Medan,Field Operations,Corrective Maintenance,Closed,Low,169,463,true,INC-2026-00537
JOB-2026-01325,2026-08-14,2026-08,TECH-053,Indra B.,Semarang,Field Operations,Site Audit,Closed,Medium,125,301,false,INC-2026-00734
JOB-2026-01556,2026-08-14,2026-08,TECH-030,Lukman E.,Balikpapan,Enterprise Support,Corrective Maintenance,Closed,Medium,100,287,true,
JOB-2026-00207,2026-08-15,2026-08,TECH-056,Lukman E.,Surabaya,Field Operations,Installation,In Progress,High,35,,true,INC-2026-00565
JOB-2026-00821,2026-08-15,2026-08,TECH-037,Kirana L.,Surabaya,Enterprise Support,Preventive Maintenance,Open,Low,164,,false,INC-2026-01027
JOB-2026-01114,2026-08-15,2026-08,TECH-010,Joko K.,Balikpapan,Fiber Maintenance,Installation,Resolved,High,51,111,true,INC-2026-01599
JOB-2026-01347,2026-08-15,2026-08,TECH-059,Fajar H.,Bandung,Fiber Maintenance,Preventive Maintenance,Closed,Medium,123,218,true,
JOB-2026-01536,2026-08-15,2026-08,TECH-032,Bima G.,Balikpapan,Fiber Maintenance,Installation,Closed,Low,219,395,true,INC-2026-00547
JOB-2026-01732,2026-08-15,2026-08,TECH-022,Fajar W.,Balikpapan,Fiber Maintenance,Site Audit,Closed,Low,141,403,true,INC-2026-00547
JOB-2026-00104,2026-08-16,2026-08,TECH-016,Indra Q.,Yogyakarta,Enterprise Support,Preventive Maintenance,Open,High,71,,false,INC-2026-00284
JOB-2026-00258,2026-08-16,2026-08,TECH-038,Joko M.,Makassar,Customer Assurance,Installation,Resolved,Medium,102,284,true,INC-2026-01404
JOB-2026-01011,2026-08-16,2026-08,TECH-041,Dewi P.,Denpasar,Enterprise Support,Corrective Maintenance,Closed,Medium,110,206,false,
JOB-2026-01142,2026-08-16,2026-08,TECH-028,Eka C.,Medan,Customer Assurance,Corrective Maintenance,Resolved,Medium,113,313,true,INC-2026-02144
JOB-2026-01187,2026-08-16,2026-08,TECH-057,Citra F.,Makassar,Field Operations,Site Audit,Closed,Medium,89,203,true,INC-2026-01404
JOB-2026-00215,2026-08-17,2026-08,TECH-005,Hana F.,Palembang,Fiber Maintenance,Site Audit,Closed,High,94,302,true,
JOB-2026-00283,2026-08-17,2026-08,TECH-012,Fajar M.,Semarang,Field Operations,Preventive Maintenance,Closed,Medium,111,293,true,INC-2026-00186
JOB-2026-00362,2026-08-17,2026-08,TECH-026,Joko A.,Semarang,NOC Core,Installation,Resolved,Medium,131,221,true,INC-2026-01185
JOB-2026-00754,2026-08-17,2026-08,TECH-024,Adit Y.,Balikpapan,Fiber Maintenance,Site Audit,In Progress,Low,190,,false,
JOB-2026-00829,2026-08-17,2026-08,TECH-030,Citra E.,Semarang,NOC Core,Site Audit,Open,Medium,83,,true,INC-2026-01185
JOB-2026-01324,2026-08-17,2026-08,TECH-023,Adit X.,Bandung,Customer Assurance,Corrective Maintenance,Resolved,Medium,83,330,false,INC-2026-00117
JOB-2026-01391,2026-08-17,2026-08,TECH-025,Fajar Z.,Semarang,Fiber Maintenance,Corrective Maintenance,Closed,Medium,92,328,false,INC-2026-01185
JOB-2026-01489,2026-08-17,2026-08,TECH-032,Kirana G.,Yogyakarta,NOC Core,Installation,In Progress,Low,183,,true,
JOB-2026-01228,2026-08-18,2026-08,TECH-035,Hana J.,Bandung,Enterprise Support,Preventive Maintenance,In Progress,High,84,,true,INC-2026-00371
JOB-2026-00197,2026-08-19,2026-08,TECH-009,Bima J.,Medan,NOC Core,Installation,Resolved,Low,185,343,true,INC-2026-00857
JOB-2026-01444,2026-08-19,2026-08,TECH-030,Joko E.,Yogyakarta,Fiber Maintenance,Corrective Maintenance,Closed,Medium,150,367,true,
JOB-2026-01467,2026-08-19,2026-08,TECH-049,Adit X.,Surabaya,Field Operations,Preventive Maintenance,Open,Medium,92,,true,
JOB-2026-00139,2026-08-20,2026-08,TECH-038,Kirana M.,Balikpapan,Customer Assurance,Site Audit,Closed,Low,217,382,true,INC-2026-01637
JOB-2026-00145,2026-08-20,2026-08,TECH-038,Hana M.,Denpasar,Enterprise Support,Installation,In Progress,High,59,,false,
JOB-2026-00152,2026-08-20,2026-08,TECH-020,Bima U.,Bandung,Enterprise Support,Corrective Maintenance,Closed,Low,194,361,false,INC-2026-02118
JOB-2026-00672,2026-08-20,2026-08,TECH-051,Citra Z.,Medan,Fiber Maintenance,Preventive Maintenance,Resolved,Low,192,375,true,INC-2026-00381
JOB-2026-01327,2026-08-20,2026-08,TECH-038,Dewi M.,Makassar,Customer Assurance,Preventive Maintenance,Resolved,High,24,281,false,
JOB-2026-00066,2026-08-21,2026-08,TECH-014,Fajar O.,Denpasar,Customer Assurance,Preventive Maintenance,Resolved,Low,175,447,true,INC-2026-00616
JOB-2026-00073,2026-08-21,2026-08,TECH-041,Lukman P.,Semarang,Field Operations,Installation,Resolved,Low,180,532,false,INC-2026-01756
JOB-2026-00359,2026-08-21,2026-08,TECH-046,Hana U.,Jakarta,Fiber Maintenance,Preventive Maintenance,Resolved,Medium,106,337,false,INC-2026-01346
JOB-2026-00402,2026-08-21,2026-08,TECH-011,Gita L.,Semarang,NOC Core,Site Audit,Resolved,Low,167,374,false,INC-2026-00971
JOB-2026-00489,2026-08-21,2026-08,TECH-005,Dewi F.,Jakarta,Customer Assurance,Corrective Maintenance,In Progress,Low,184,,false,
JOB-2026-00265,2026-08-22,2026-08,TECH-011,Fajar L.,Semarang,Fiber Maintenance,Corrective Maintenance,Open,Low,160,,true,INC-2026-02083
JOB-2026-00368,2026-08-22,2026-08,TECH-055,Bima D.,Balikpapan,Field Operations,Site Audit,Closed,Medium,95,348,true,INC-2026-02104
JOB-2026-00590,2026-08-22,2026-08,TECH-004,Adit E.,Surabaya,Customer Assurance,Corrective Maintenance,Resolved,Medium,126,241,false,
JOB-2026-00600,2026-08-22,2026-08,TECH-015,Joko P.,Semarang,Field Operations,Corrective Maintenance,In Progress,Medium,124,,true,INC-2026-01589
JOB-2026-00766,2026-08-22,2026-08,TECH-043,Adit R.,Denpasar,Enterprise Support,Preventive Maintenance,Closed,High,20,259,true,INC-2026-00577
JOB-2026-00999,2026-08-22,2026-08,TECH-052,Hana A.,Semarang,Enterprise Support,Installation,Closed,Medium,113,317,true,INC-2026-01589
JOB-2026-01292,2026-08-22,2026-08,TECH-052,Fajar A.,Denpasar,Fiber Maintenance,Site Audit,Closed,Medium,75,204,true,INC-2026-00916
JOB-2026-01627,2026-08-22,2026-08,TECH-053,Dewi B.,Semarang,Field Operations,Corrective Maintenance,Resolved,Medium,117,283,true,
JOB-2026-00845,2026-08-23,2026-08,TECH-047,Fajar V.,Jakarta,Customer Assurance,Installation,Closed,Low,197,278,true,
JOB-2026-01032,2026-08-23,2026-08,TECH-055,Gita D.,Balikpapan,Fiber Maintenance,Corrective Maintenance,Closed,Low,164,362,false,
JOB-2026-01695,2026-08-23,2026-08,TECH-007,Eka H.,Medan,NOC Core,Corrective Maintenance,In Progress,Low,149,,true,INC-2026-01981
JOB-2026-01753,2026-08-23,2026-08,TECH-050,Bima Y.,Denpasar,Field Operations,Installation,Resolved,Low,197,373,true,
JOB-2026-00311,2026-08-24,2026-08,TECH-041,Gita P.,Palembang,Customer Assurance,Preventive Maintenance,Closed,Medium,114,234,true,
JOB-2026-01086,2026-08-24,2026-08,TECH-032,Kirana G.,Denpasar,Customer Assurance,Site Audit,Resolved,Medium,94,215,true,
JOB-2026-00018,2026-08-25,2026-08,TECH-034,Bima I.,Semarang,Enterprise Support,Corrective Maintenance,Open,Medium,55,,false,
JOB-2026-00337,2026-08-25,2026-08,TECH-021,Hana V.,Semarang,Fiber Maintenance,Installation,Closed,High,81,182,true,
JOB-2026-00405,2026-08-25,2026-08,TECH-028,Kirana C.,Palembang,NOC Core,Corrective Maintenance,Resolved,Medium,110,367,true,INC-2026-01435
JOB-2026-00499,2026-08-25,2026-08,TECH-030,Hana E.,Palembang,NOC Core,Site Audit,Resolved,Medium,111,279,true,INC-2026-01435
JOB-2026-00561,2026-08-25,2026-08,TECH-060,Dewi I.,Palembang,Customer Assurance,Installation,Closed,Medium,64,452,false,INC-2026-01435
JOB-2026-00957,2026-08-25,2026-08,TECH-016,Gita Q.,Jakarta,Enterprise Support,Installation,Resolved,Medium,101,419,true,
JOB-2026-01251,2026-08-25,2026-08,TECH-031,Bima F.,Denpasar,Fiber Maintenance,Site Audit,In Progress,Medium,94,,true,INC-2026-01601
JOB-2026-00178,2026-08-26,2026-08,TECH-022,Adit W.,Medan,Field Operations,Preventive Maintenance,Resolved,Medium,106,260,true,
JOB-2026-00275,2026-08-26,2026-08,TECH-018,Bima S.,Jakarta,Field Operations,Installation,Closed,Low,174,413,true,INC-2026-01173
JOB-2026-00333,2026-08-26,2026-08,TECH-040,Indra O.,Bandung,Customer Assurance,Site Audit,In Progress,Medium,102,,false,
JOB-2026-00747,2026-08-26,2026-08,TECH-022,Adit W.,Bandung,NOC Core,Site Audit,Closed,Medium,109,335,true,INC-2026-01795
JOB-2026-00796,2026-08-26,2026-08,TECH-002,Joko C.,Jakarta,Fiber Maintenance,Corrective Maintenance,Closed,Low,146,390,true,INC-2026-01173
JOB-2026-00906,2026-08-26,2026-08,TECH-007,Eka H.,Palembang,NOC Core,Corrective Maintenance,Resolved,Low,159,478,false,INC-2026-00149
JOB-2026-01309,2026-08-26,2026-08,TECH-038,Fajar M.,Jakarta,Customer Assurance,Installation,Closed,Low,174,441,true,INC-2026-01454
JOB-2026-01726,2026-08-26,2026-08,TECH-056,Bima E.,Semarang,Fiber Maintenance,Corrective Maintenance,Closed,Low,167,358,false,INC-2026-02057
JOB-2026-01800,2026-08-26,2026-08,TECH-058,Adit G.,Palembang,Customer Assurance,Site Audit,Closed,Low,183,385,true,INC-2026-00149
JOB-2026-00385,2026-08-27,2026-08,TECH-041,Hana P.,Semarang,NOC Core,Corrective Maintenance,Resolved,Critical,24,185,true,INC-2026-01115
JOB-2026-00389,2026-08-27,2026-08,TECH-033,Bima H.,Medan,Fiber Maintenance,Preventive Maintenance,In Progress,Medium,110,,true,INC-2026-01666
JOB-2026-00456,2026-08-27,2026-08,TECH-048,Bima W.,Yogyakarta,Fiber Maintenance,Site Audit,Closed,Medium,100,331,true,
JOB-2026-00763,2026-08-27,2026-08,TECH-011,Fajar L.,Denpasar,NOC Core,Site Audit,Closed,Low,186,432,true,INC-2026-01841
JOB-2026-00952,2026-08-27,2026-08,TECH-035,Adit J.,Semarang,Fiber Maintenance,Preventive Maintenance,Closed,Critical,22,183,false,INC-2026-01115
JOB-2026-01411,2026-08-27,2026-08,TECH-044,Bima S.,Makassar,Field Operations,Preventive Maintenance,Resolved,Low,155,281,true,INC-2026-00292
JOB-2026-00096,2026-08-28,2026-08,TECH-024,Indra Y.,Balikpapan,NOC Core,Corrective Maintenance,Resolved,Medium,107,323,true,INC-2026-01368
JOB-2026-00184,2026-08-28,2026-08,TECH-053,Fajar B.,Yogyakarta,Fiber Maintenance,Preventive Maintenance,Closed,Low,169,348,true,
JOB-2026-00272,2026-08-28,2026-08,TECH-032,Dewi G.,Jakarta,NOC Core,Installation,Closed,Low,196,365,true,INC-2026-01146
JOB-2026-00339,2026-08-28,2026-08,TECH-042,Dewi Q.,Jakarta,Fiber Maintenance,Site Audit,Resolved,Low,176,362,true,INC-2026-01146
JOB-2026-00001,2026-08-29,2026-08,TECH-052,Lukman A.,Surabaya,Field Operations,Installation,Resolved,Low,188,373,false,INC-2026-01647
JOB-2026-00348,2026-08-29,2026-08,TECH-056,Fajar E.,Makassar,NOC Core,Corrective Maintenance,Closed,Critical,15,116,true,INC-2026-00106
JOB-2026-00685,2026-08-29,2026-08,TECH-001,Kirana B.,Yogyakarta,Customer Assurance,Installation,Resolved,Medium,98,258,true,
JOB-2026-00866,2026-08-29,2026-08,TECH-007,Citra H.,Balikpapan,Customer Assurance,Site Audit,Resolved,Medium,109,305,true,
JOB-2026-01634,2026-08-29,2026-08,TECH-011,Eka L.,Jakarta,Customer Assurance,Installation,Closed,Medium,133,299,false,INC-2026-01074
JOB-2026-01766,2026-08-29,2026-08,TECH-056,Kirana E.,Surabaya,Fiber Maintenance,Preventive Maintenance,Closed,Low,162,497,true,INC-2026-01647
JOB-2026-00237,2026-08-30,2026-08,TECH-019,Citra T.,Makassar,Fiber Maintenance,Site Audit,Resolved,Medium,115,407,false,
JOB-2026-00412,2026-08-30,2026-08,TECH-052,Lukman A.,Denpasar,Field Operations,Site Audit,Closed,Low,175,441,true,INC-2026-01675
JOB-2026-00416,2026-08-30,2026-08,TECH-026,Kirana A.,Palembang,Customer Assurance,Corrective Maintenance,Closed,Medium,73,328,true,
JOB-2026-00435,2026-08-30,2026-08,TECH-005,Dewi F.,Palembang,Customer Assurance,Corrective Maintenance,Closed,Low,173,402,true,
JOB-2026-00466,2026-08-30,2026-08,TECH-052,Kirana A.,Jakarta,Field Operations,Installation,Closed,Low,196,480,true,
JOB-2026-00502,2026-08-30,2026-08,TECH-017,Dewi R.,Denpasar,Fiber Maintenance,Site Audit,Closed,Low,178,460,true,INC-2026-01842
JOB-2026-00570,2026-08-30,2026-08,TECH-036,Citra K.,Jakarta,NOC Core,Installation,Resolved,Medium,97,349,true,INC-2026-01212
JOB-2026-00916,2026-08-30,2026-08,TECH-044,Dewi S.,Semarang,Fiber Maintenance,Site Audit,Resolved,Medium,96,272,true,
JOB-2026-01469,2026-08-30,2026-08,TECH-014,Indra O.,Yogyakarta,NOC Core,Installation,Resolved,Low,186,456,true,INC-2026-02018
JOB-2026-01408,2026-08-31,2026-08,TECH-058,Joko G.,Yogyakarta,NOC Core,Preventive Maintenance,Closed,Medium,151,266,true,
JOB-2026-00124,2026-09-01,2026-09,TECH-035,Gita J.,Balikpapan,NOC Core,Preventive Maintenance,Closed,High,48,221,true,
JOB-2026-00170,2026-09-01,2026-09,TECH-025,Kirana Z.,Denpasar,Customer Assurance,Site Audit,Closed,Medium,88,314,true,INC-2026-01903
JOB-2026-00249,2026-09-01,2026-09,TECH-049,Bima X.,Bandung,Customer Assurance,Site Audit,Closed,Low,207,348,false,INC-2026-02041
JOB-2026-00430,2026-09-01,2026-09,TECH-029,Dewi D.,Surabaya,NOC Core,Preventive Maintenance,Resolved,High,91,237,false,INC-2026-01131
JOB-2026-01223,2026-09-01,2026-09,TECH-047,Joko V.,Jakarta,Enterprise Support,Preventive Maintenance,In Progress,Medium,112,,true,
JOB-2026-01247,2026-09-01,2026-09,TECH-050,Dewi Y.,Surabaya,Enterprise Support,Installation,In Progress,High,67,,false,INC-2026-01131
JOB-2026-01427,2026-09-01,2026-09,TECH-039,Joko N.,Surabaya,Customer Assurance,Site Audit,Resolved,Low,205,414,false,
JOB-2026-00047,2026-09-02,2026-09,TECH-048,Joko W.,Medan,Customer Assurance,Installation,Closed,Medium,60,346,false,
JOB-2026-01192,2026-09-02,2026-09,TECH-029,Dewi D.,Makassar,Fiber Maintenance,Installation,Closed,Medium,97,300,false,INC-2026-01052
JOB-2026-01686,2026-09-02,2026-09,TECH-050,Indra Y.,Semarang,Customer Assurance,Site Audit,In Progress,Critical,75,,true,
JOB-2026-00636,2026-09-03,2026-09,TECH-014,Kirana O.,Makassar,Customer Assurance,Preventive Maintenance,Resolved,Medium,86,229,false,INC-2026-01277
JOB-2026-00116,2026-09-04,2026-09,TECH-038,Hana M.,Makassar,Customer Assurance,Preventive Maintenance,Resolved,Low,165,432,true,INC-2026-00572
JOB-2026-01670,2026-09-04,2026-09,TECH-043,Joko R.,Makassar,Fiber Maintenance,Corrective Maintenance,Closed,Low,178,349,true,INC-2026-00572
JOB-2026-00596,2026-09-05,2026-09,TECH-059,Indra H.,Makassar,Field Operations,Preventive Maintenance,Closed,Medium,107,233,false,
JOB-2026-00764,2026-09-05,2026-09,TECH-044,Adit S.,Makassar,NOC Core,Site Audit,Resolved,Medium,108,285,true,
JOB-2026-01337,2026-09-05,2026-09,TECH-027,Kirana B.,Yogyakarta,Fiber Maintenance,Site Audit,Closed,Low,161,399,false,
JOB-2026-01599,2026-09-05,2026-09,TECH-049,Bima X.,Makassar,Fiber Maintenance,Corrective Maintenance,In Progress,Low,200,,true,
JOB-2026-00133,2026-09-06,2026-09,TECH-031,Hana F.,Makassar,Fiber Maintenance,Preventive Maintenance,Resolved,High,66,276,false,INC-2026-02043
JOB-2026-00202,2026-09-06,2026-09,TECH-058,Lukman G.,Makassar,Field Operations,Corrective Maintenance,Resolved,Medium,80,308,true,INC-2026-00946
JOB-2026-00433,2026-09-06,2026-09,TECH-006,Joko G.,Yogyakarta,Fiber Maintenance,Corrective Maintenance,Closed,High,19,279,true,INC-2026-00219
JOB-2026-00485,2026-09-06,2026-09,TECH-031,Fajar F.,Surabaya,Field Operations,Installation,In Progress,Low,162,,true,
JOB-2026-00753,2026-09-06,2026-09,TECH-045,Indra T.,Semarang,Fiber Maintenance,Installation,In Progress,Low,158,,true,INC-2026-01552
JOB-2026-01359,2026-09-06,2026-09,TECH-040,Lukman O.,Makassar,Fiber Maintenance,Site Audit,Closed,Medium,111,318,true,INC-2026-00946
JOB-2026-01527,2026-09-06,2026-09,TECH-016,Citra Q.,Semarang,Customer Assurance,Installation,Closed,Low,208,473,false,INC-2026-01552
JOB-2026-01557,2026-09-06,2026-09,TECH-008,Joko I.,Yogyakarta,NOC Core,Preventive Maintenance,Closed,High,46,200,false,INC-2026-00219
JOB-2026-00471,2026-09-07,2026-09,TECH-011,Gita L.,Yogyakarta,Field Operations,Installation,Closed,Medium,62,263,true,INC-2026-00809
JOB-2026-01173,2026-09-07,2026-09,TECH-044,Fajar S.,Yogyakarta,NOC Core,Installation,Resolved,Medium,93,288,true,INC-2026-00809
JOB-2026-01201,2026-09-07,2026-09,TECH-056,Indra E.,Palembang,Fiber Maintenance,Installation,Closed,Medium,91,286,true,INC-2026-00268
JOB-2026-01313,2026-09-07,2026-09,TECH-019,Eka T.,Palembang,Fiber Maintenance,Preventive Maintenance,Closed,Medium,110,290,false,INC-2026-00268
JOB-2026-01519,2026-09-07,2026-09,TECH-011,Citra L.,Yogyakarta,Field Operations,Site Audit,Resolved,Medium,110,378,false,INC-2026-00529
JOB-2026-01622,2026-09-07,2026-09,TECH-001,Indra B.,Yogyakarta,Enterprise Support,Installation,Resolved,Medium,79,351,true,
JOB-2026-00045,2026-09-08,2026-09,TECH-033,Gita H.,Denpasar,Customer Assurance,Site Audit,Closed,Low,186,317,false,INC-2026-00685
JOB-2026-00340,2026-09-08,2026-09,TECH-034,Bima I.,Denpasar,Fiber Maintenance,Site Audit,Resolved,Low,200,495,false,INC-2026-00685
JOB-2026-00750,2026-09-08,2026-09,TECH-053,Kirana B.,Makassar,Fiber Maintenance,Site Audit,Closed,High,79,305,false,INC-2026-01957
JOB-2026-00773,2026-09-08,2026-09,TECH-015,Hana P.,Makassar,Enterprise Support,Preventive Maintenance,Open,Medium,85,,true,
JOB-2026-01035,2026-09-08,2026-09,TECH-011,Hana L.,Makassar,Customer Assurance,Installation,Closed,High,29,117,true,
JOB-2026-01280,2026-09-08,2026-09,TECH-021,Gita V.,Jakarta,Field Operations,Corrective Maintenance,Closed,High,6,327,true,
JOB-2026-01515,2026-09-08,2026-09,TECH-049,Citra X.,Denpasar,Enterprise Support,Site Audit,Resolved,Low,192,480,false,INC-2026-00685
JOB-2026-01063,2026-09-09,2026-09,TECH-005,Joko F.,Denpasar,Fiber Maintenance,Corrective Maintenance,Open,High,56,,false,INC-2026-00265
JOB-2026-01162,2026-09-09,2026-09,TECH-044,Dewi S.,Bandung,Customer Assurance,Site Audit,Closed,Medium,107,320,false,
JOB-2026-01468,2026-09-09,2026-09,TECH-006,Hana G.,Denpasar,Customer Assurance,Installation,Closed,High,54,141,true,INC-2026-00265
JOB-2026-00790,2026-09-10,2026-09,TECH-030,Fajar E.,Jakarta,Enterprise Support,Site Audit,Resolved,High,55,189,false,INC-2026-00248
JOB-2026-00676,2026-09-11,2026-09,TECH-019,Eka T.,Yogyakarta,Enterprise Support,Corrective Maintenance,Closed,Low,181,515,true,INC-2026-00158
JOB-2026-00715,2026-09-11,2026-09,TECH-015,Bima P.,Palembang,Customer Assurance,Corrective Maintenance,Resolved,Medium,98,347,false,
JOB-2026-00886,2026-09-11,2026-09,TECH-035,Kirana J.,Medan,NOC Core,Preventive Maintenance,Closed,Medium,67,246,true,INC-2026-00663
JOB-2026-01044,2026-09-11,2026-09,TECH-059,Kirana H.,Denpasar,Customer Assurance,Corrective Maintenance,In Progress,Medium,102,,true,
JOB-2026-01138,2026-09-11,2026-09,TECH-039,Fajar N.,Medan,Fiber Maintenance,Installation,In Progress,Medium,60,,true,INC-2026-00663
JOB-2026-00396,2026-09-12,2026-09,TECH-027,Citra B.,Jakarta,Enterprise Support,Installation,Resolved,Medium,66,271,false,INC-2026-01019
JOB-2026-00436,2026-09-12,2026-09,TECH-003,Fajar D.,Jakarta,Field Operations,Installation,Resolved,Medium,108,280,true,INC-2026-00405
JOB-2026-00723,2026-09-12,2026-09,TECH-051,Bima Z.,Denpasar,NOC Core,Preventive Maintenance,Closed,Low,180,433,true,INC-2026-01905
JOB-2026-01463,2026-09-12,2026-09,TECH-021,Joko V.,Balikpapan,Fiber Maintenance,Installation,Closed,Medium,82,296,true,
JOB-2026-01571,2026-09-12,2026-09,TECH-011,Kirana L.,Jakarta,Customer Assurance,Corrective Maintenance,Closed,Medium,94,331,true,INC-2026-00905
JOB-2026-01579,2026-09-12,2026-09,TECH-029,Eka D.,Bandung,Fiber Maintenance,Corrective Maintenance,Resolved,Low,205,394,false,INC-2026-01663
JOB-2026-01663,2026-09-12,2026-09,TECH-026,Adit A.,Jakarta,NOC Core,Preventive Maintenance,Closed,Medium,65,355,true,INC-2026-00905
JOB-2026-00028,2026-09-13,2026-09,TECH-015,Lukman P.,Bandung,Customer Assurance,Site Audit,Closed,Medium,119,288,false,
JOB-2026-01458,2026-09-13,2026-09,TECH-043,Lukman R.,Medan,Customer Assurance,Installation,Open,Low,154,,true,
JOB-2026-00919,2026-09-14,2026-09,TECH-004,Joko E.,Palembang,Fiber Maintenance,Corrective Maintenance,Open,Low,153,,true,INC-2026-00021
JOB-2026-01092,2026-09-14,2026-09,TECH-011,Dewi L.,Surabaya,Customer Assurance,Site Audit,Closed,Medium,85,303,true,INC-2026-01924
JOB-2026-01183,2026-09-14,2026-09,TECH-055,Gita D.,Yogyakarta,Customer Assurance,Installation,Open,Medium,102,,true,
JOB-2026-01657,2026-09-14,2026-09,TECH-029,Kirana D.,Surabaya,Fiber Maintenance,Corrective Maintenance,Closed,High,93,256,true,
JOB-2026-00958,2026-09-15,2026-09,TECH-049,Hana X.,Semarang,Field Operations,Preventive Maintenance,In Progress,High,43,,true,
JOB-2026-01156,2026-09-15,2026-09,TECH-011,Lukman L.,Bandung,Field Operations,Site Audit,Closed,Low,180,433,true,INC-2026-02052
JOB-2026-01259,2026-09-15,2026-09,TECH-022,Citra W.,Denpasar,NOC Core,Site Audit,Resolved,Medium,61,426,true,INC-2026-00249
JOB-2026-01668,2026-09-15,2026-09,TECH-050,Kirana Y.,Denpasar,Enterprise Support,Preventive Maintenance,In Progress,Medium,102,,true,INC-2026-00249
JOB-2026-00375,2026-09-16,2026-09,TECH-005,Eka F.,Makassar,Fiber Maintenance,Site Audit,Closed,High,38,271,false,INC-2026-01627
JOB-2026-00379,2026-09-16,2026-09,TECH-055,Fajar D.,Makassar,Customer Assurance,Corrective Maintenance,Resolved,Low,154,420,true,INC-2026-00119
JOB-2026-00800,2026-09-16,2026-09,TECH-039,Joko N.,Semarang,Customer Assurance,Site Audit,Closed,Low,211,489,true,
JOB-2026-01619,2026-09-16,2026-09,TECH-043,Adit R.,Makassar,NOC Core,Preventive Maintenance,Resolved,Low,205,401,true,INC-2026-00119
JOB-2026-00110,2026-09-17,2026-09,TECH-013,Eka N.,Bandung,NOC Core,Preventive Maintenance,Resolved,Low,208,401,true,
JOB-2026-00127,2026-09-17,2026-09,TECH-027,Indra B.,Denpasar,Fiber Maintenance,Installation,In Progress,Medium,67,,true,
JOB-2026-00370,2026-09-17,2026-09,TECH-049,Citra X.,Surabaya,Enterprise Support,Preventive Maintenance,Resolved,Medium,102,365,true,INC-2026-01656
JOB-2026-00686,2026-09-17,2026-09,TECH-007,Indra H.,Makassar,Field Operations,Site Audit,Open,Low,151,,true,INC-2026-01281
JOB-2026-01020,2026-09-17,2026-09,TECH-036,Adit K.,Bandung,Enterprise Support,Installation,Closed,Low,183,422,true,
JOB-2026-01191,2026-09-18,2026-09,TECH-038,Indra M.,Makassar,Customer Assurance,Site Audit,Resolved,High,100,153,true,INC-2026-02021
JOB-2026-01235,2026-09-18,2026-09,TECH-038,Lukman M.,Makassar,Enterprise Support,Preventive Maintenance,Closed,High,62,191,true,INC-2026-02021
JOB-2026-01396,2026-09-18,2026-09,TECH-051,Gita Z.,Balikpapan,NOC Core,Site Audit,In Progress,High,25,,true,INC-2026-01232
JOB-2026-00658,2026-09-19,2026-09,TECH-015,Bima P.,Bandung,Field Operations,Corrective Maintenance,In Progress,Medium,111,,true,INC-2026-01135
JOB-2026-01126,2026-09-19,2026-09,TECH-008,Kirana I.,Bandung,NOC Core,Corrective Maintenance,Closed,Medium,90,228,false,INC-2026-01135
JOB-2026-01218,2026-09-19,2026-09,TECH-004,Bima E.,Balikpapan,Field Operations,Corrective Maintenance,Resolved,Low,149,343,true,INC-2026-01422
JOB-2026-01293,2026-09-19,2026-09,TECH-040,Dewi O.,Balikpapan,Fiber Maintenance,Site Audit,Closed,Low,155,389,false,INC-2026-01422
JOB-2026-01412,2026-09-19,2026-09,TECH-016,Dewi Q.,Palembang,Enterprise Support,Installation,Closed,Low,185,374,true,
JOB-2026-01756,2026-09-19,2026-09,TECH-059,Lukman H.,Bandung,Fiber Maintenance,Site Audit,Resolved,Medium,131,257,true,INC-2026-01135
JOB-2026-00260,2026-09-20,2026-09,TECH-019,Dewi T.,Yogyakarta,Fiber Maintenance,Corrective Maintenance,Resolved,Medium,92,285,true,
JOB-2026-00271,2026-09-20,2026-09,TECH-033,Kirana H.,Denpasar,Customer Assurance,Installation,Open,Medium,89,,true,INC-2026-00026
JOB-2026-00305,2026-09-20,2026-09,TECH-024,Hana Y.,Denpasar,Fiber Maintenance,Site Audit,In Progress,Low,166,,true,INC-2026-01821
JOB-2026-00651,2026-09-20,2026-09,TECH-013,Fajar N.,Bandung,Enterprise Support,Corrective Maintenance,In Progress,Low,203,,true,
JOB-2026-01012,2026-09-20,2026-09,TECH-007,Joko H.,Surabaya,Customer Assurance,Installation,Closed,Medium,82,386,true,INC-2026-01820
JOB-2026-01134,2026-09-20,2026-09,TECH-034,Bima I.,Denpasar,Enterprise Support,Corrective Maintenance,Resolved,High,34,195,true,
JOB-2026-00079,2026-09-21,2026-09,TECH-008,Adit I.,Yogyakarta,NOC Core,Preventive Maintenance,Resolved,Low,182,431,true,INC-2026-02192
JOB-2026-00326,2026-09-21,2026-09,TECH-036,Fajar K.,Bandung,Enterprise Support,Site Audit,Resolved,Low,193,397,true,INC-2026-01764
JOB-2026-00757,2026-09-21,2026-09,TECH-040,Lukman O.,Jakarta,Enterprise Support,Corrective Maintenance,Closed,Medium,100,334,true,INC-2026-02200
JOB-2026-01383,2026-09-21,2026-09,TECH-060,Gita I.,Surabaya,Field Operations,Installation,In Progress,Low,175,,true,INC-2026-00877
JOB-2026-01428,2026-09-21,2026-09,TECH-051,Gita Z.,Jakarta,NOC Core,Site Audit,In Progress,Medium,89,,false,
JOB-2026-01459,2026-09-21,2026-09,TECH-037,Kirana L.,Balikpapan,Enterprise Support,Corrective Maintenance,Resolved,High,61,247,true,INC-2026-01049
JOB-2026-00103,2026-09-22,2026-09,TECH-054,Citra C.,Bandung,NOC Core,Installation,Closed,Medium,74,314,true,INC-2026-01555
JOB-2026-00444,2026-09-22,2026-09,TECH-002,Lukman C.,Denpasar,Fiber Maintenance,Installation,Closed,Low,207,467,true,INC-2026-00983
JOB-2026-00719,2026-09-22,2026-09,TECH-035,Adit J.,Medan,NOC Core,Site Audit,Resolved,Critical,48,200,false,INC-2026-02078
JOB-2026-01219,2026-09-22,2026-09,TECH-044,Bima S.,Denpasar,Customer Assurance,Preventive Maintenance,Resolved,Low,185,403,true,INC-2026-00983
JOB-2026-01714,2026-09-22,2026-09,TECH-002,Indra C.,Medan,Field Operations,Preventive Maintenance,Resolved,Low,183,403,true,
JOB-2026-00027,2026-09-23,2026-09,TECH-048,Indra W.,Medan,NOC Core,Installation,Resolved,Medium,125,341,false,INC-2026-00019
JOB-2026-00322,2026-09-23,2026-09,TECH-040,Hana O.,Medan,Field Operations,Site Audit,Resolved,Medium,115,240,true,INC-2026-00019
JOB-2026-00777,2026-09-23,2026-09,TECH-046,Lukman U.,Medan,Field Operations,Corrective Maintenance,Closed,Medium,95,271,false,INC-2026-00019
JOB-2026-01058,2026-09-23,2026-09,TECH-013,Joko N.,Yogyakarta,Fiber Maintenance,Preventive Maintenance,Resolved,Low,185,482,true,
JOB-2026-01448,2026-09-23,2026-09,TECH-045,Lukman T.,Balikpapan,Customer Assurance,Preventive Maintenance,Closed,High,37,310,false,
JOB-2026-01707,2026-09-23,2026-09,TECH-057,Adit F.,Makassar,Field Operations,Preventive Maintenance,Open,Low,211,,true,
JOB-2026-01775,2026-09-23,2026-09,TECH-025,Indra Z.,Medan,NOC Core,Corrective Maintenance,Resolved,Medium,101,336,true,INC-2026-00019
JOB-2026-00595,2026-09-24,2026-09,TECH-037,Gita L.,Yogyakarta,Field Operations,Site Audit,Closed,Low,196,488,true,INC-2026-01612
JOB-2026-00970,2026-09-24,2026-09,TECH-049,Bima X.,Bandung,Enterprise Support,Installation,Closed,Low,211,497,true,INC-2026-01736
JOB-2026-01595,2026-09-24,2026-09,TECH-009,Eka J.,Bandung,Fiber Maintenance,Installation,In Progress,Low,211,,true,INC-2026-00005
JOB-2026-00913,2026-09-25,2026-09,TECH-018,Gita S.,Semarang,Customer Assurance,Corrective Maintenance,Closed,Low,220,501,false,INC-2026-00181
JOB-2026-01084,2026-09-25,2026-09,TECH-058,Indra G.,Semarang,Customer Assurance,Site Audit,Closed,Low,216,356,true,INC-2026-00181
JOB-2026-01452,2026-09-25,2026-09,TECH-060,Bima I.,Semarang,Customer Assurance,Preventive Maintenance,Closed,Low,192,505,true,INC-2026-00181
JOB-2026-01470,2026-09-25,2026-09,TECH-041,Citra P.,Semarang,Enterprise Support,Site Audit,Closed,Low,184,303,true,INC-2026-00181
JOB-2026-01673,2026-09-25,2026-09,TECH-042,Joko Q.,Surabaya,Field Operations,Corrective Maintenance,Closed,Low,169,409,true,INC-2026-01416
JOB-2026-00243,2026-09-26,2026-09,TECH-039,Fajar N.,Surabaya,Customer Assurance,Installation,Closed,Low,173,366,true,INC-2026-01489
JOB-2026-00843,2026-09-26,2026-09,TECH-053,Eka B.,Denpasar,Field Operations,Corrective Maintenance,Resolved,Low,177,450,true,INC-2026-00676
JOB-2026-00921,2026-09-26,2026-09,TECH-001,Adit B.,Denpasar,Fiber Maintenance,Corrective Maintenance,Closed,Low,159,467,true,INC-2026-01892
JOB-2026-01563,2026-09-26,2026-09,TECH-009,Hana J.,Denpasar,Field Operations,Installation,Closed,Low,188,339,true,INC-2026-01892
JOB-2026-00194,2026-09-27,2026-09,TECH-015,Gita P.,Denpasar,NOC Core,Preventive Maintenance,Resolved,High,60,308,true,INC-2026-01768
JOB-2026-00511,2026-09-27,2026-09,TECH-018,Bima S.,Balikpapan,NOC Core,Installation,Closed,Low,176,489,true,
JOB-2026-00527,2026-09-27,2026-09,TECH-012,Kirana M.,Bandung,Enterprise Support,Preventive Maintenance,Closed,Low,177,321,false,INC-2026-00448
JOB-2026-00922,2026-09-27,2026-09,TECH-011,Fajar L.,Jakarta,Enterprise Support,Installation,Open,High,43,,true,INC-2026-01075
JOB-2026-01045,2026-09-27,2026-09,TECH-002,Bima C.,Denpasar,NOC Core,Installation,Resolved,High,31,232,true,INC-2026-01768
JOB-2026-01180,2026-09-27,2026-09,TECH-036,Hana K.,Bandung,Field Operations,Corrective Maintenance,In Progress,Low,155,,true,INC-2026-01595
JOB-2026-01418,2026-09-27,2026-09,TECH-031,Kirana F.,Denpasar,Fiber Maintenance,Corrective Maintenance,Closed,Critical,38,179,true,
JOB-2026-01631,2026-09-27,2026-09,TECH-016,Fajar Q.,Jakarta,Customer Assurance,Preventive Maintenance,Resolved,High,53,153,false,INC-2026-00961
JOB-2026-01699,2026-09-27,2026-09,TECH-020,Dewi U.,Bandung,NOC Core,Preventive Maintenance,Resolved,Low,177,335,true,INC-2026-00448
JOB-2026-01741,2026-09-27,2026-09,TECH-045,Kirana T.,Bandung,Customer Assurance,Installation,Closed,Low,175,438,true,INC-2026-00559
JOB-2026-01006,2026-09-28,2026-09,TECH-036,Fajar K.,Makassar,Field Operations,Corrective Maintenance,Resolved,Medium,48,243,true,
JOB-2026-01279,2026-09-28,2026-09,TECH-047,Kirana V.,Jakarta,Enterprise Support,Preventive Maintenance,Resolved,Critical,48,91,true,
JOB-2026-01786,2026-09-28,2026-09,TECH-041,Kirana P.,Surabaya,Enterprise Support,Site Audit,Open,High,68,,true,
JOB-2026-00166,2026-09-29,2026-09,TECH-012,Gita M.,Medan,Customer Assurance,Preventive Maintenance,Closed,Medium,65,278,true,
JOB-2026-00629,2026-09-29,2026-09,TECH-043,Citra R.,Balikpapan,Field Operations,Installation,Resolved,Medium,94,338,false,INC-2026-01504
JOB-2026-00647,2026-09-29,2026-09,TECH-009,Joko J.,Jakarta,NOC Core,Corrective Maintenance,Closed,Medium,83,292,true,
JOB-2026-01466,2026-09-29,2026-09,TECH-010,Eka K.,Balikpapan,Enterprise Support,Preventive Maintenance,Closed,Critical,5,112,false,INC-2026-01301
JOB-2026-00097,2026-09-30,2026-09,TECH-004,Joko E.,Palembang,Enterprise Support,Preventive Maintenance,Resolved,Low,192,536,true,INC-2026-01337
JOB-2026-00159,2026-09-30,2026-09,TECH-028,Adit C.,Semarang,Field Operations,Corrective Maintenance,Closed,Medium,109,247,true,INC-2026-01469
JOB-2026-00410,2026-09-30,2026-09,TECH-032,Gita G.,Surabaya,NOC Core,Site Audit,Resolved,Low,176,413,true,
JOB-2026-00567,2026-09-30,2026-09,TECH-045,Eka T.,Jakarta,NOC Core,Installation,Resolved,Low,182,406,true,INC-2026-01650
JOB-2026-00808,2026-09-30,2026-09,TECH-050,Hana Y.,Jakarta,Enterprise Support,Site Audit,Closed,Low,186,394,true,INC-2026-01650
JOB-2026-00988,2026-09-30,2026-09,TECH-055,Kirana D.,Jakarta,Field Operations,Corrective Maintenance,Open,Low,186,,true,INC-2026-01650
JOB-2026-01373,2026-09-30,2026-09,TECH-058,Bima G.,Yogyakarta,Field Operations,Site Audit,Resolved,Medium,95,392,false,INC-2026-00686
JOB-2026-01781,2026-09-30,2026-09,TECH-044,Indra S.,Yogyakarta,Field Operations,Preventive Maintenance,Resolved,Medium,87,284,true,INC-2026-00686
JOB-2026-00118,2026-10-01,2026-10,TECH-027,Kirana B.,Makassar,Customer Assurance,Site Audit,Open,Medium,112,,false,INC-2026-02106
JOB-2026-00294,2026-10-01,2026-10,TECH-003,Lukman D.,Makassar,Enterprise Support,Site Audit,Closed,Medium,109,313,true,INC-2026-02106
JOB-2026-00972,2026-10-01,2026-10,TECH-049,Hana X.,Jakarta,NOC Core,Preventive Maintenance,In Progress,High,65,,true,INC-2026-00687
JOB-2026-01320,2026-10-01,2026-10,TECH-023,Bima X.,Denpasar,NOC Core,Site Audit,Closed,High,97,158,true,
JOB-2026-01678,2026-10-01,2026-10,TECH-057,Gita F.,Surabaya,Customer Assurance,Preventive Maintenance,Resolved,Low,206,415,true,INC-2026-01774
JOB-2026-00823,2026-10-02,2026-10,TECH-033,Fajar H.,Palembang,Fiber Maintenance,Installation,Closed,Medium,85,390,true,INC-2026-00508
JOB-2026-01305,2026-10-02,2026-10,TECH-029,Joko D.,Surabaya,Customer Assurance,Site Audit,Resolved,Medium,123,308,true,INC-2026-00291
JOB-2026-00393,2026-10-03,2026-10,TECH-060,Dewi I.,Bandung,Fiber Maintenance,Installation,Resolved,Low,200,376,false,INC-2026-00135
JOB-2026-00986,2026-10-03,2026-10,TECH-048,Dewi W.,Bandung,NOC Core,Installation,Resolved,Critical,16,213,false,INC-2026-01707
JOB-2026-00076,2026-10-04,2026-10,TECH-047,Gita V.,Denpasar,Customer Assurance,Preventive Maintenance,Closed,Low,179,493,true,
JOB-2026-00185,2026-10-04,2026-10,TECH-055,Dewi D.,Balikpapan,Field Operations,Site Audit,Closed,Medium,123,280,true,INC-2026-00310
JOB-2026-01270,2026-10-06,2026-10,TECH-044,Indra S.,Jakarta,Field Operations,Preventive Maintenance,Closed,Medium,93,297,true,INC-2026-01582
JOB-2026-01497,2026-10-06,2026-10,TECH-041,Adit P.,Medan,NOC Core,Installation,Closed,High,63,247,false,
JOB-2026-00284,2026-10-07,2026-10,TECH-007,Dewi H.,Yogyakarta,Field Operations,Site Audit,Closed,High,56,260,true,
JOB-2026-00657,2026-10-07,2026-10,TECH-040,Dewi O.,Balikpapan,Field Operations,Installation,Resolved,High,36,271,true,INC-2026-01079
JOB-2026-00778,2026-10-07,2026-10,TECH-006,Adit G.,Medan,Customer Assurance,Installation,Closed,Low,191,431,true,
JOB-2026-01019,2026-10-07,2026-10,TECH-026,Fajar A.,Yogyakarta,Field Operations,Corrective Maintenance,Closed,Low,179,370,false,INC-2026-01629
JOB-2026-01177,2026-10-07,2026-10,TECH-014,Adit O.,Surabaya,Field Operations,Installation,Resolved,Medium,105,266,true,INC-2026-00309
JOB-2026-01374,2026-10-07,2026-10,TECH-027,Kirana B.,Medan,Field Operations,Corrective Maintenance,Closed,Low,175,526,false,INC-2026-02158
JOB-2026-01577,2026-10-07,2026-10,TECH-032,Kirana G.,Semarang,Enterprise Support,Corrective Maintenance,Closed,Medium,120,334,true,INC-2026-01024
JOB-2026-00061,2026-10-08,2026-10,TECH-027,Citra B.,Yogyakarta,Customer Assurance,Corrective Maintenance,Open,Low,162,,false,INC-2026-01170
JOB-2026-00112,2026-10-08,2026-10,TECH-036,Joko K.,Bandung,Fiber Maintenance,Installation,Resolved,Medium,81,252,true,INC-2026-00410
JOB-2026-00229,2026-10-08,2026-10,TECH-047,Dewi V.,Bandung,NOC Core,Installation,Closed,Medium,118,346,true,INC-2026-00410
JOB-2026-01027,2026-10-08,2026-10,TECH-058,Lukman G.,Medan,Customer Assurance,Corrective Maintenance,Resolved,High,55,163,false,INC-2026-01047
JOB-2026-01404,2026-10-08,2026-10,TECH-059,Kirana H.,Jakarta,Enterprise Support,Corrective Maintenance,In Progress,Critical,26,,false,INC-2026-01120
JOB-2026-01437,2026-10-08,2026-10,TECH-043,Bima R.,Yogyakarta,Field Operations,Corrective Maintenance,Resolved,Medium,105,311,true,INC-2026-00938
JOB-2026-01525,2026-10-08,2026-10,TECH-037,Hana L.,Yogyakarta,Fiber Maintenance,Installation,Closed,Medium,109,160,false,INC-2026-00938
JOB-2026-01612,2026-10-08,2026-10,TECH-023,Dewi X.,Makassar,Fiber Maintenance,Corrective Maintenance,In Progress,Medium,85,,true,INC-2026-00673
JOB-2026-01659,2026-10-08,2026-10,TECH-059,Joko H.,Medan,Enterprise Support,Installation,Closed,High,33,158,true,INC-2026-01047
JOB-2026-01785,2026-10-08,2026-10,TECH-026,Fajar A.,Medan,Customer Assurance,Installation,Closed,High,41,253,true,INC-2026-01047
JOB-2026-00445,2026-10-09,2026-10,TECH-014,Gita O.,Medan,NOC Core,Preventive Maintenance,Closed,High,75,259,true,INC-2026-01949
JOB-2026-00894,2026-10-09,2026-10,TECH-044,Adit S.,Balikpapan,Fiber Maintenance,Corrective Maintenance,Resolved,High,54,238,true,
JOB-2026-01382,2026-10-09,2026-10,TECH-019,Lukman T.,Medan,Fiber Maintenance,Site Audit,Closed,High,59,240,true,INC-2026-01949
JOB-2026-00117,2026-10-10,2026-10,TECH-029,Gita D.,Semarang,Enterprise Support,Installation,Closed,Low,167,458,false,
JOB-2026-00415,2026-10-10,2026-10,TECH-002,Hana C.,Bandung,Fiber Maintenance,Installation,Open,Medium,116,,true,INC-2026-01963
JOB-2026-01749,2026-10-10,2026-10,TECH-016,Hana Q.,Medan,Enterprise Support,Corrective Maintenance,Closed,High,91,221,true,
JOB-2026-00183,2026-10-11,2026-10,TECH-036,Dewi K.,Yogyakarta,NOC Core,Installation,Resolved,High,52,196,true,INC-2026-00096
JOB-2026-00857,2026-10-11,2026-10,TECH-043,Fajar R.,Yogyakarta,NOC Core,Preventive Maintenance,Closed,High,22,160,true,INC-2026-00096
JOB-2026-01139,2026-10-11,2026-10,TECH-012,Gita M.,Yogyakarta,Fiber Maintenance,Site Audit,Open,Low,164,,true,INC-2026-00661
JOB-2026-01147,2026-10-11,2026-10,TECH-031,Lukman F.,Surabaya,Enterprise Support,Corrective Maintenance,Closed,Medium,73,280,true,
JOB-2026-01188,2026-10-11,2026-10,TECH-054,Lukman C.,Palembang,Fiber Maintenance,Site Audit,In Progress,Low,157,,true,INC-2026-00970
JOB-2026-00761,2026-10-12,2026-10,TECH-018,Adit S.,Medan,Fiber Maintenance,Corrective Maintenance,Closed,Low,167,446,true,INC-2026-01127
JOB-2026-01023,2026-10-12,2026-10,TECH-019,Fajar T.,Balikpapan,NOC Core,Installation,In Progress,Critical,39,,false,INC-2026-01502
JOB-2026-01231,2026-10-12,2026-10,TECH-027,Fajar B.,Jakarta,Field Operations,Site Audit,Resolved,Low,200,465,true,
JOB-2026-01779,2026-10-12,2026-10,TECH-024,Indra Y.,Surabaya,Field Operations,Installation,Resolved,Medium,83,352,true,
JOB-2026-00007,2026-10-13,2026-10,TECH-014,Kirana O.,Denpasar,NOC Core,Site Audit,Closed,High,86,272,true,INC-2026-01134
JOB-2026-00240,2026-10-13,2026-10,TECH-027,Indra B.,Palembang,Customer Assurance,Corrective Maintenance,Resolved,Low,161,387,true,
JOB-2026-00352,2026-10-13,2026-10,TECH-049,Citra X.,Denpasar,Fiber Maintenance,Installation,Resolved,High,58,297,false,INC-2026-01134
JOB-2026-01221,2026-10-13,2026-10,TECH-039,Adit N.,Semarang,Enterprise Support,Corrective Maintenance,Closed,Medium,113,281,true,INC-2026-01122
JOB-2026-01385,2026-10-13,2026-10,TECH-018,Eka S.,Semarang,Field Operations,Installation,Closed,Low,169,424,false,INC-2026-00951
JOB-2026-01456,2026-10-13,2026-10,TECH-041,Fajar P.,Palembang,Fiber Maintenance,Site Audit,Resolved,High,61,239,true,
JOB-2026-01543,2026-10-13,2026-10,TECH-035,Hana J.,Semarang,NOC Core,Installation,Closed,Low,173,390,true,INC-2026-00951
JOB-2026-01712,2026-10-13,2026-10,TECH-001,Eka B.,Denpasar,Enterprise Support,Site Audit,Resolved,High,57,261,false,INC-2026-01134
JOB-2026-01729,2026-10-13,2026-10,TECH-045,Fajar T.,Balikpapan,Enterprise Support,Preventive Maintenance,Resolved,Low,163,437,false,INC-2026-01014
JOB-2026-00236,2026-10-14,2026-10,TECH-046,Bima U.,Jakarta,Fiber Maintenance,Corrective Maintenance,Resolved,Low,200,379,true,INC-2026-00372
JOB-2026-00238,2026-10-14,2026-10,TECH-031,Citra F.,Jakarta,Field Operations,Installation,Closed,Critical,23,108,false,
JOB-2026-00675,2026-10-14,2026-10,TECH-017,Dewi R.,Semarang,Customer Assurance,Corrective Maintenance,In Progress,Low,172,,true,INC-2026-01805
JOB-2026-01048,2026-10-14,2026-10,TECH-039,Bima N.,Semarang,Customer Assurance,Preventive Maintenance,Resolved,High,74,202,true,INC-2026-01887
JOB-2026-01310,2026-10-14,2026-10,TECH-053,Lukman B.,Semarang,Field Operations,Corrective Maintenance,Closed,Medium,85,274,true,
JOB-2026-01431,2026-10-14,2026-10,TECH-017,Lukman R.,Makassar,NOC Core,Preventive Maintenance,Resolved,Low,163,437,true,INC-2026-01787
JOB-2026-00825,2026-10-15,2026-10,TECH-024,Eka Y.,Jakarta,Customer Assurance,Preventive Maintenance,Resolved,Medium,117,319,true,INC-2026-02094
JOB-2026-01576,2026-10-15,2026-10,TECH-056,Citra E.,Makassar,NOC Core,Corrective Maintenance,Closed,High,71,210,true,
JOB-2026-01780,2026-10-15,2026-10,TECH-015,Lukman P.,Makassar,Field Operations,Corrective Maintenance,Closed,Critical,7,147,false,INC-2026-00264
JOB-2026-00462,2026-10-16,2026-10,TECH-038,Fajar M.,Surabaya,Field Operations,Preventive Maintenance,Closed,Critical,6,167,true,INC-2026-00007
JOB-2026-00941,2026-10-16,2026-10,TECH-001,Joko B.,Yogyakarta,NOC Core,Preventive Maintenance,Resolved,Medium,118,342,true,
JOB-2026-01606,2026-10-16,2026-10,TECH-056,Bima E.,Balikpapan,Fiber Maintenance,Preventive Maintenance,Resolved,Medium,113,343,true,INC-2026-02193
JOB-2026-00064,2026-10-17,2026-10,TECH-046,Indra U.,Medan,Field Operations,Preventive Maintenance,Resolved,High,56,209,true,INC-2026-01424
JOB-2026-01315,2026-10-17,2026-10,TECH-026,Adit A.,Surabaya,Fiber Maintenance,Corrective Maintenance,Closed,Low,192,358,false,
JOB-2026-00114,2026-10-18,2026-10,TECH-009,Eka J.,Yogyakarta,NOC Core,Preventive Maintenance,Resolved,Low,214,384,true,INC-2026-00683
JOB-2026-01394,2026-10-18,2026-10,TECH-004,Adit E.,Denpasar,Enterprise Support,Preventive Maintenance,In Progress,Medium,123,,true,
JOB-2026-00048,2026-10-19,2026-10,TECH-012,Bima M.,Palembang,NOC Core,Corrective Maintenance,Resolved,Low,173,393,false,INC-2026-00298
JOB-2026-00418,2026-10-19,2026-10,TECH-027,Citra B.,Makassar,Field Operations,Preventive Maintenance,Closed,Low,161,469,false,
JOB-2026-00794,2026-10-19,2026-10,TECH-043,Bima R.,Medan,Enterprise Support,Corrective Maintenance,Closed,Low,229,448,true,
JOB-2026-01343,2026-10-19,2026-10,TECH-059,Bima H.,Palembang,Field Operations,Corrective Maintenance,Closed,Low,140,429,true,INC-2026-00298
JOB-2026-01399,2026-10-19,2026-10,TECH-047,Lukman V.,Surabaya,Enterprise Support,Site Audit,Resolved,Low,227,379,true,INC-2026-01511
JOB-2026-01602,2026-10-19,2026-10,TECH-007,Citra H.,Denpasar,Field Operations,Corrective Maintenance,Closed,Medium,122,310,true,
JOB-2026-01711,2026-10-19,2026-10,TECH-017,Lukman R.,Jakarta,Enterprise Support,Preventive Maintenance,Resolved,Critical,9,150,true,
JOB-2026-00012,2026-10-21,2026-10,TECH-029,Joko D.,Makassar,Customer Assurance,Installation,Resolved,Medium,104,281,true,
JOB-2026-00099,2026-10-21,2026-10,TECH-044,Lukman S.,Yogyakarta,NOC Core,Corrective Maintenance,Open,High,46,,true,
JOB-2026-00372,2026-10-21,2026-10,TECH-012,Adit M.,Medan,NOC Core,Installation,Resolved,High,50,290,false,
JOB-2026-00734,2026-10-21,2026-10,TECH-020,Adit U.,Balikpapan,NOC Core,Site Audit,Resolved,High,57,197,true,INC-2026-01402
JOB-2026-00839,2026-10-21,2026-10,TECH-043,Lukman R.,Bandung,Enterprise Support,Site Audit,Open,Medium,85,,true,
JOB-2026-01617,2026-10-21,2026-10,TECH-047,Hana V.,Balikpapan,Customer Assurance,Installation,Resolved,Medium,96,274,true,INC-2026-00201
JOB-2026-01696,2026-10-21,2026-10,TECH-059,Adit H.,Surabaya,NOC Core,Corrective Maintenance,Open,High,71,,true,INC-2026-01814
JOB-2026-00053,2026-10-22,2026-10,TECH-005,Lukman F.,Balikpapan,NOC Core,Corrective Maintenance,Resolved,High,49,181,true,
JOB-2026-01512,2026-10-22,2026-10,TECH-003,Fajar D.,Semarang,Customer Assurance,Preventive Maintenance,Closed,Low,171,528,true,INC-2026-00711
JOB-2026-00335,2026-10-23,2026-10,TECH-014,Joko O.,Balikpapan,Customer Assurance,Corrective Maintenance,Open,Medium,86,,true,INC-2026-00576
JOB-2026-00347,2026-10-23,2026-10,TECH-006,Joko G.,Semarang,Customer Assurance,Preventive Maintenance,Closed,Low,163,581,true,INC-2026-01751
JOB-2026-01051,2026-10-23,2026-10,TECH-015,Kirana P.,Yogyakarta,Customer Assurance,Preventive Maintenance,In Progress,Low,142,,true,
JOB-2026-01510,2026-10-23,2026-10,TECH-010,Adit K.,Palembang,Enterprise Support,Installation,Closed,Low,150,485,true,INC-2026-01297
JOB-2026-00006,2026-10-25,2026-10,TECH-016,Eka Q.,Yogyakarta,Customer Assurance,Site Audit,In Progress,Medium,108,,true,
JOB-2026-00122,2026-10-25,2026-10,TECH-042,Citra Q.,Palembang,NOC Core,Preventive Maintenance,Resolved,Medium,105,334,false,INC-2026-01845
JOB-2026-00528,2026-10-25,2026-10,TECH-057,Indra F.,Balikpapan,Field Operations,Preventive Maintenance,Resolved,Medium,81,305,true,INC-2026-00688
JOB-2026-00649,2026-10-25,2026-10,TECH-037,Adit L.,Jakarta,Fiber Maintenance,Site Audit,Closed,Low,212,518,true,INC-2026-01580
JOB-2026-01334,2026-10-25,2026-10,TECH-050,Eka Y.,Medan,Field Operations,Site Audit,In Progress,High,43,,true,
JOB-2026-01366,2026-10-25,2026-10,TECH-004,Hana E.,Palembang,Field Operations,Preventive Maintenance,Closed,Medium,86,325,true,INC-2026-01845
JOB-2026-00398,2026-10-26,2026-10,TECH-057,Bima F.,Denpasar,Customer Assurance,Corrective Maintenance,Closed,Low,174,443,true,INC-2026-01860
JOB-2026-01151,2026-10-26,2026-10,TECH-050,Lukman Y.,Makassar,Fiber Maintenance,Site Audit,Closed,High,47,349,true,INC-2026-00136
JOB-2026-01572,2026-10-26,2026-10,TECH-032,Fajar G.,Jakarta,Customer Assurance,Corrective Maintenance,Closed,High,65,294,true,INC-2026-01812
JOB-2026-01626,2026-10-26,2026-10,TECH-053,Eka B.,Denpasar,Enterprise Support,Preventive Maintenance,Closed,Low,183,387,true,
JOB-2026-00190,2026-10-27,2026-10,TECH-027,Indra B.,Denpasar,Field Operations,Installation,Resolved,Medium,96,241,true,
JOB-2026-00493,2026-10-27,2026-10,TECH-038,Dewi M.,Palembang,NOC Core,Site Audit,Resolved,Low,190,353,false,INC-2026-01254
JOB-2026-01281,2026-10-27,2026-10,TECH-040,Hana O.,Yogyakarta,NOC Core,Corrective Maintenance,Resolved,Critical,17,75,true,INC-2026-01056
JOB-2026-01750,2026-10-27,2026-10,TECH-029,Bima D.,Palembang,Fiber Maintenance,Preventive Maintenance,Resolved,Low,166,424,true,INC-2026-01254
JOB-2026-00650,2026-10-28,2026-10,TECH-041,Kirana P.,Balikpapan,Fiber Maintenance,Preventive Maintenance,Resolved,Low,194,531,true,INC-2026-01350
JOB-2026-00819,2026-10-28,2026-10,TECH-018,Gita S.,Balikpapan,Enterprise Support,Corrective Maintenance,Closed,Medium,91,331,true,INC-2026-01674
JOB-2026-01153,2026-10-28,2026-10,TECH-059,Adit H.,Yogyakarta,Enterprise Support,Installation,Closed,Low,165,406,false,
JOB-2026-01255,2026-10-28,2026-10,TECH-003,Bima D.,Surabaya,NOC Core,Installation,Closed,High,59,213,false,INC-2026-01918
JOB-2026-01641,2026-10-28,2026-10,TECH-018,Adit S.,Surabaya,NOC Core,Preventive Maintenance,Closed,High,65,183,true,INC-2026-01918
JOB-2026-00737,2026-10-29,2026-10,TECH-029,Eka D.,Balikpapan,Enterprise Support,Corrective Maintenance,Resolved,Medium,86,369,true,
JOB-2026-00865,2026-10-29,2026-10,TECH-008,Lukman I.,Balikpapan,NOC Core,Site Audit,Closed,Medium,86,305,true,INC-2026-00830
JOB-2026-01793,2026-10-29,2026-10,TECH-051,Fajar Z.,Makassar,Fiber Maintenance,Preventive Maintenance,Resolved,High,81,292,true,INC-2026-01263
JOB-2026-00940,2026-10-30,2026-10,TECH-053,Indra B.,Denpasar,NOC Core,Site Audit,In Progress,Low,163,,true,INC-2026-00583
JOB-2026-01064,2026-10-30,2026-10,TECH-025,Lukman Z.,Semarang,Enterprise Support,Corrective Maintenance,Resolved,Medium,115,353,true,
JOB-2026-01597,2026-10-30,2026-10,TECH-048,Kirana W.,Palembang,NOC Core,Preventive Maintenance,Closed,High,51,209,true,INC-2026-01984
JOB-2026-00463,2026-10-31,2026-10,TECH-021,Lukman V.,Medan,NOC Core,Corrective Maintenance,Resolved,Low,207,450,true,
JOB-2026-00542,2026-10-31,2026-10,TECH-051,Citra Z.,Makassar,Field Operations,Preventive Maintenance,In Progress,Medium,93,,true,INC-2026-01620
JOB-2026-00944,2026-10-31,2026-10,TECH-060,Gita I.,Medan,NOC Core,Preventive Maintenance,Closed,Medium,118,209,true,INC-2026-00864
JOB-2026-00129,2026-11-01,2026-11,TECH-029,Dewi D.,Denpasar,Customer Assurance,Installation,Closed,Medium,115,210,true,
JOB-2026-00160,2026-11-01,2026-11,TECH-049,Dewi X.,Surabaya,Customer Assurance,Installation,Closed,Low,173,386,true,INC-2026-01473
JOB-2026-00638,2026-11-01,2026-11,TECH-046,Adit U.,Surabaya,Enterprise Support,Installation,Resolved,Medium,93,234,true,INC-2026-01917
JOB-2026-01234,2026-11-01,2026-11,TECH-032,Adit G.,Jakarta,Customer Assurance,Installation,Closed,Critical,5,111,true,
JOB-2026-00057,2026-11-02,2026-11,TECH-041,Bima P.,Yogyakarta,NOC Core,Corrective Maintenance,Closed,Low,204,370,true,INC-2026-00134
JOB-2026-00568,2026-11-02,2026-11,TECH-060,Hana I.,Yogyakarta,Field Operations,Site Audit,Closed,Low,188,414,true,INC-2026-00134
JOB-2026-00938,2026-11-02,2026-11,TECH-052,Eka A.,Bandung,Customer Assurance,Corrective Maintenance,Resolved,High,76,261,false,INC-2026-01362
JOB-2026-01542,2026-11-02,2026-11,TECH-052,Hana A.,Palembang,Field Operations,Site Audit,In Progress,High,79,,true,
JOB-2026-01737,2026-11-02,2026-11,TECH-060,Bima I.,Bandung,Enterprise Support,Installation,Resolved,High,29,267,true,INC-2026-01362
JOB-2026-00071,2026-11-03,2026-11,TECH-006,Adit G.,Surabaya,Field Operations,Site Audit,Closed,Low,189,443,true,INC-2026-00037
JOB-2026-00205,2026-11-03,2026-11,TECH-012,Adit M.,Balikpapan,Field Operations,Corrective Maintenance,Closed,High,48,209,false,INC-2026-00427
JOB-2026-00382,2026-11-03,2026-11,TECH-047,Indra V.,Yogyakarta,Enterprise Support,Preventive Maintenance,Open,Medium,134,,true,
JOB-2026-00520,2026-11-03,2026-11,TECH-020,Hana U.,Jakarta,Field Operations,Preventive Maintenance,Open,Medium,104,,true,INC-2026-01540
JOB-2026-00775,2026-11-03,2026-11,TECH-024,Kirana Y.,Balikpapan,Customer Assurance,Installation,Resolved,High,44,230,false,INC-2026-00427
JOB-2026-00835,2026-11-03,2026-11,TECH-026,Joko A.,Surabaya,Enterprise Support,Preventive Maintenance,Closed,Low,195,421,true,INC-2026-00037
JOB-2026-00967,2026-11-03,2026-11,TECH-057,Adit F.,Medan,NOC Core,Preventive Maintenance,Open,Low,193,,true,INC-2026-00422
JOB-2026-01090,2026-11-03,2026-11,TECH-006,Indra G.,Jakarta,Fiber Maintenance,Corrective Maintenance,Resolved,Medium,65,244,true,INC-2026-01540
JOB-2026-01179,2026-11-03,2026-11,TECH-017,Joko R.,Medan,Customer Assurance,Site Audit,Closed,Low,209,510,true,INC-2026-00422
JOB-2026-00491,2026-11-04,2026-11,TECH-050,Eka Y.,Jakarta,Enterprise Support,Installation,Closed,High,65,227,true,
JOB-2026-00566,2026-11-04,2026-11,TECH-022,Fajar W.,Medan,NOC Core,Preventive Maintenance,Closed,Low,163,340,false,INC-2026-00800
JOB-2026-00767,2026-11-04,2026-11,TECH-022,Fajar W.,Surabaya,Customer Assurance,Installation,Open,Low,144,,true,INC-2026-00407
JOB-2026-01455,2026-11-04,2026-11,TECH-002,Lukman C.,Medan,Enterprise Support,Corrective Maintenance,Open,Low,176,,true,INC-2026-00800
JOB-2026-01506,2026-11-04,2026-11,TECH-044,Hana S.,Bandung,Field Operations,Installation,In Progress,Critical,23,,true,INC-2026-01059
JOB-2026-00038,2026-11-05,2026-11,TECH-019,Dewi T.,Balikpapan,NOC Core,Installation,Closed,Low,169,465,false,INC-2026-00671
JOB-2026-00214,2026-11-05,2026-11,TECH-049,Hana X.,Yogyakarta,Enterprise Support,Preventive Maintenance,Closed,Low,177,343,true,INC-2026-01378
JOB-2026-00301,2026-11-05,2026-11,TECH-041,Fajar P.,Bandung,Enterprise Support,Preventive Maintenance,Closed,Medium,94,367,true,INC-2026-00018
JOB-2026-00623,2026-11-05,2026-11,TECH-050,Dewi Y.,Palembang,Customer Assurance,Installation,Closed,High,57,190,false,INC-2026-00805
JOB-2026-00832,2026-11-05,2026-11,TECH-053,Lukman B.,Semarang,Field Operations,Installation,Closed,High,66,192,false,
JOB-2026-00885,2026-11-05,2026-11,TECH-053,Bima B.,Makassar,Customer Assurance,Site Audit,Resolved,Medium,82,264,true,INC-2026-01420
JOB-2026-00978,2026-11-05,2026-11,TECH-024,Gita Y.,Palembang,Customer Assurance,Corrective Maintenance,Open,High,43,,true,INC-2026-00805
JOB-2026-01243,2026-11-05,2026-11,TECH-005,Fajar F.,Palembang,Customer Assurance,Corrective Maintenance,Closed,High,79,236,true,INC-2026-00805
JOB-2026-01633,2026-11-05,2026-11,TECH-059,Kirana H.,Jakarta,NOC Core,Installation,Closed,Medium,125,327,false,INC-2026-01359
JOB-2026-01688,2026-11-05,2026-11,TECH-011,Bima L.,Yogyakarta,Fiber Maintenance,Site Audit,In Progress,Medium,89,,true,
JOB-2026-00107,2026-11-06,2026-11,TECH-037,Eka L.,Yogyakarta,Field Operations,Site Audit,Open,High,43,,false,INC-2026-01588
JOB-2026-00397,2026-11-06,2026-11,TECH-057,Bima F.,Jakarta,Enterprise Support,Site Audit,Closed,Medium,102,363,false,
JOB-2026-00852,2026-11-06,2026-11,TECH-050,Lukman Y.,Surabaya,Field Operations,Corrective Maintenance,In Progress,High,83,,true,INC-2026-00357
JOB-2026-01565,2026-11-06,2026-11,TECH-016,Adit Q.,Denpasar,Customer Assurance,Corrective Maintenance,In Progress,Low,183,,true,INC-2026-00498
JOB-2026-01720,2026-11-06,2026-11,TECH-035,Lukman J.,Balikpapan,Enterprise Support,Preventive Maintenance,Closed,Low,193,460,true,
JOB-2026-00143,2026-11-07,2026-11,TECH-058,Joko G.,Jakarta,Field Operations,Corrective Maintenance,Closed,Low,186,414,true,INC-2026-01859
JOB-2026-00861,2026-11-07,2026-11,TECH-047,Adit V.,Medan,Enterprise Support,Site Audit,Closed,Low,193,452,false,INC-2026-00218
JOB-2026-01666,2026-11-07,2026-11,TECH-019,Gita T.,Palembang,Customer Assurance,Corrective Maintenance,Resolved,Low,141,455,false,
JOB-2026-00959,2026-11-08,2026-11,TECH-036,Adit K.,Balikpapan,Fiber Maintenance,Installation,Resolved,Medium,79,359,false,
JOB-2026-00522,2026-11-09,2026-11,TECH-046,Kirana U.,Bandung,Customer Assurance,Site Audit,Closed,Medium,169,214,true,
JOB-2026-00084,2026-11-10,2026-11,TECH-008,Lukman I.,Medan,Enterprise Support,Installation,Resolved,Critical,6,148,true,INC-2026-00113
JOB-2026-00654,2026-11-10,2026-11,TECH-038,Eka M.,Medan,Customer Assurance,Installation,Resolved,Low,207,431,false,
JOB-2026-01043,2026-11-10,2026-11,TECH-059,Citra H.,Balikpapan,Field Operations,Installation,Open,Medium,65,,true,
JOB-2026-01091,2026-11-10,2026-11,TECH-032,Bima G.,Medan,NOC Core,Site Audit,Open,Critical,36,,true,INC-2026-00113
JOB-2026-01096,2026-11-10,2026-11,TECH-003,Bima D.,Makassar,Field Operations,Installation,Resolved,Low,187,475,true,
JOB-2026-01233,2026-11-10,2026-11,TECH-057,Bima F.,Bandung,Fiber Maintenance,Installation,Resolved,Medium,136,380,true,
JOB-2026-01693,2026-11-10,2026-11,TECH-024,Gita Y.,Denpasar,Enterprise Support,Preventive Maintenance,Resolved,Low,206,467,true,
JOB-2026-00268,2026-11-11,2026-11,TECH-025,Dewi Z.,Denpasar,Enterprise Support,Site Audit,Closed,Medium,93,275,true,
JOB-2026-00550,2026-11-11,2026-11,TECH-003,Lukman D.,Palembang,Customer Assurance,Installation,In Progress,Medium,113,,true,INC-2026-00571
JOB-2026-00565,2026-11-11,2026-11,TECH-027,Bima B.,Denpasar,Enterprise Support,Installation,Resolved,Medium,72,307,true,
JOB-2026-01643,2026-11-11,2026-11,TECH-016,Gita Q.,Palembang,Field Operations,Installation,Closed,Low,199,525,true,INC-2026-01771
JOB-2026-00533,2026-11-12,2026-11,TECH-050,Bima Y.,Makassar,Enterprise Support,Preventive Maintenance,In Progress,Low,160,,true,
JOB-2026-00167,2026-11-13,2026-11,TECH-048,Lukman W.,Palembang,Customer Assurance,Corrective Maintenance,Resolved,Low,152,459,true,INC-2026-00779
JOB-2026-00180,2026-11-13,2026-11,TECH-037,Joko L.,Bandung,NOC Core,Site Audit,Closed,Low,155,480,false,
JOB-2026-00536,2026-11-13,2026-11,TECH-001,Fajar B.,Bandung,Fiber Maintenance,Preventive Maintenance,Closed,Medium,63,389,true,INC-2026-00066
JOB-2026-00920,2026-11-13,2026-11,TECH-028,Citra C.,Makassar,NOC Core,Site Audit,Closed,Low,181,420,true,INC-2026-01230
JOB-2026-01098,2026-11-13,2026-11,TECH-030,Joko E.,Semarang,Customer Assurance,Site Audit,In Progress,Low,180,,true,
JOB-2026-01159,2026-11-13,2026-11,TECH-023,Bima X.,Palembang,Fiber Maintenance,Preventive Maintenance,Closed,Low,175,441,true,INC-2026-00779
JOB-2026-01304,2026-11-13,2026-11,TECH-003,Hana D.,Bandung,NOC Core,Installation,Closed,Medium,96,215,true,INC-2026-00066
JOB-2026-00033,2026-11-14,2026-11,TECH-030,Dewi E.,Yogyakarta,Customer Assurance,Preventive Maintenance,Open,Critical,5,,true,
JOB-2026-00063,2026-11-14,2026-11,TECH-041,Indra P.,Bandung,Customer Assurance,Installation,Closed,Low,186,384,true,
JOB-2026-00102,2026-11-14,2026-11,TECH-024,Lukman Y.,Palembang,NOC Core,Site Audit,Open,Critical,8,,true,INC-2026-00502
JOB-2026-00323,2026-11-14,2026-11,TECH-045,Gita T.,Bandung,Enterprise Support,Site Audit,In Progress,High,75,,false,INC-2026-00590
JOB-2026-00421,2026-11-14,2026-11,TECH-032,Gita G.,Semarang,Fiber Maintenance,Corrective Maintenance,Closed,High,32,164,true,
JOB-2026-00426,2026-11-14,2026-11,TECH-044,Indra S.,Surabaya,Enterprise Support,Preventive Maintenance,Closed,Low,201,394,true,INC-2026-01807
JOB-2026-00633,2026-11-14,2026-11,TECH-044,Indra S.,Palembang,NOC Core,Corrective Maintenance,Closed,Critical,21,44,true,INC-2026-00502
JOB-2026-00714,2026-11-14,2026-11,TECH-029,Eka D.,Surabaya,Enterprise Support,Corrective Maintenance,Closed,Low,179,378,false,INC-2026-01807
JOB-2026-00864,2026-11-14,2026-11,TECH-001,Fajar B.,Palembang,Field Operations,Preventive Maintenance,Closed,Medium,110,290,true,INC-2026-02031
JOB-2026-01704,2026-11-14,2026-11,TECH-036,Bima K.,Balikpapan,Enterprise Support,Site Audit,Open,Low,175,,true,INC-2026-01085
JOB-2026-00094,2026-11-15,2026-11,TECH-035,Gita J.,Denpasar,Field Operations,Installation,In Progress,Low,192,,true,INC-2026-02196
JOB-2026-00896,2026-11-15,2026-11,TECH-044,Hana S.,Denpasar,Customer Assurance,Preventive Maintenance,Resolved,Low,196,381,false,INC-2026-02196
JOB-2026-01528,2026-11-15,2026-11,TECH-049,Kirana X.,Denpasar,Fiber Maintenance,Preventive Maintenance,Resolved,Low,188,461,true,INC-2026-02196
JOB-2026-01628,2026-11-15,2026-11,TECH-059,Bima H.,Denpasar,Enterprise Support,Preventive Maintenance,Closed,Medium,96,218,true,INC-2026-00336
JOB-2026-01769,2026-11-15,2026-11,TECH-035,Adit J.,Jakarta,Enterprise Support,Corrective Maintenance,Closed,Low,188,415,true,INC-2026-01292
JOB-2026-00146,2026-11-16,2026-11,TECH-037,Adit L.,Semarang,Field Operations,Installation,Closed,Medium,100,318,false,INC-2026-00668
JOB-2026-00181,2026-11-16,2026-11,TECH-050,Kirana Y.,Balikpapan,Fiber Maintenance,Preventive Maintenance,Resolved,High,64,247,true,INC-2026-00327
JOB-2026-00606,2026-11-16,2026-11,TECH-058,Lukman G.,Bandung,Field Operations,Site Audit,Closed,Low,160,357,true,INC-2026-00608
JOB-2026-00681,2026-11-16,2026-11,TECH-012,Kirana M.,Jakarta,Enterprise Support,Preventive Maintenance,Resolved,High,31,286,true,
JOB-2026-01446,2026-11-16,2026-11,TECH-056,Eka E.,Balikpapan,NOC Core,Installation,Closed,High,48,310,true,INC-2026-00327
JOB-2026-00130,2026-11-17,2026-11,TECH-028,Bima C.,Surabaya,Enterprise Support,Preventive Maintenance,Closed,Medium,101,334,true,INC-2026-00290
JOB-2026-01166,2026-11-17,2026-11,TECH-019,Dewi T.,Bandung,Field Operations,Corrective Maintenance,Closed,Medium,112,344,false,
JOB-2026-01365,2026-11-17,2026-11,TECH-002,Indra C.,Surabaya,Enterprise Support,Corrective Maintenance,In Progress,Medium,101,,true,INC-2026-00290
JOB-2026-01425,2026-11-17,2026-11,TECH-037,Dewi L.,Balikpapan,Customer Assurance,Preventive Maintenance,Closed,High,78,238,false,INC-2026-00213
JOB-2026-01742,2026-11-17,2026-11,TECH-050,Eka Y.,Medan,Enterprise Support,Installation,Closed,Medium,112,261,true,INC-2026-00027
JOB-2026-00070,2026-11-18,2026-11,TECH-006,Lukman G.,Semarang,Fiber Maintenance,Site Audit,Closed,Medium,111,423,false,INC-2026-02152
JOB-2026-01748,2026-11-18,2026-11,TECH-019,Gita T.,Jakarta,Customer Assurance,Site Audit,Open,Medium,101,,true,
JOB-2026-00155,2026-11-19,2026-11,TECH-051,Adit Z.,Balikpapan,Field Operations,Corrective Maintenance,Open,Low,147,,false,
JOB-2026-00680,2026-11-19,2026-11,TECH-015,Gita P.,Surabaya,NOC Core,Corrective Maintenance,Resolved,Low,183,449,true,INC-2026-00313
JOB-2026-01210,2026-11-19,2026-11,TECH-013,Eka N.,Surabaya,Customer Assurance,Corrective Maintenance,Closed,Low,220,459,true,INC-2026-00313
JOB-2026-01616,2026-11-19,2026-11,TECH-046,Fajar U.,Bandung,Field Operations,Preventive Maintenance,Resolved,Low,173,445,true,
JOB-2026-00431,2026-11-20,2026-11,TECH-020,Fajar U.,Denpasar,Enterprise Support,Site Audit,Resolved,Low,204,424,true,INC-2026-00132
JOB-2026-01136,2026-11-20,2026-11,TECH-034,Gita I.,Bandung,Field Operations,Installation,Open,Critical,5,,true,INC-2026-00484
JOB-2026-01300,2026-11-20,2026-11,TECH-047,Indra V.,Balikpapan,NOC Core,Preventive Maintenance,Closed,Low,167,419,true,INC-2026-00137
JOB-2026-00153,2026-11-21,2026-11,TECH-043,Fajar R.,Surabaya,Fiber Maintenance,Preventive Maintenance,Closed,Medium,107,289,false,INC-2026-00151
JOB-2026-01198,2026-11-21,2026-11,TECH-009,Indra J.,Denpasar,Enterprise Support,Site Audit,Resolved,High,44,200,true,INC-2026-00110
JOB-2026-01329,2026-11-21,2026-11,TECH-023,Fajar X.,Denpasar,Field Operations,Corrective Maintenance,In Progress,High,67,,true,INC-2026-00110
JOB-2026-01341,2026-11-21,2026-11,TECH-033,Lukman H.,Denpasar,Customer Assurance,Preventive Maintenance,Resolved,High,23,214,false,INC-2026-00842
JOB-2026-01514,2026-11-21,2026-11,TECH-058,Eka G.,Bandung,Customer Assurance,Site Audit,Closed,Medium,81,412,true,
JOB-2026-00290,2026-11-22,2026-11,TECH-014,Bima O.,Makassar,Fiber Maintenance,Installation,Closed,High,55,256,false,
JOB-2026-00295,2026-11-22,2026-11,TECH-055,Indra D.,Balikpapan,Enterprise Support,Site Audit,Resolved,Low,180,398,true,INC-2026-00245
JOB-2026-00545,2026-11-22,2026-11,TECH-022,Hana W.,Balikpapan,Enterprise Support,Site Audit,Closed,Low,179,377,true,
JOB-2026-00660,2026-11-22,2026-11,TECH-027,Adit B.,Yogyakarta,Customer Assurance,Site Audit,Open,Low,168,,false,
JOB-2026-00788,2026-11-22,2026-11,TECH-036,Eka K.,Makassar,Field Operations,Site Audit,Closed,Medium,112,211,true,INC-2026-00157
JOB-2026-01081,2026-11-22,2026-11,TECH-043,Eka R.,Medan,Enterprise Support,Corrective Maintenance,Closed,Low,209,362,true,INC-2026-00902
JOB-2026-01182,2026-11-22,2026-11,TECH-039,Joko N.,Jakarta,Customer Assurance,Preventive Maintenance,Resolved,Low,178,463,true,
JOB-2026-01367,2026-11-22,2026-11,TECH-043,Lukman R.,Makassar,NOC Core,Corrective Maintenance,Resolved,Low,164,418,true,INC-2026-00517
JOB-2026-01500,2026-11-22,2026-11,TECH-026,Hana A.,Balikpapan,NOC Core,Corrective Maintenance,In Progress,Low,187,,true,INC-2026-00245
JOB-2026-01735,2026-11-22,2026-11,TECH-006,Hana G.,Semarang,Field Operations,Installation,Resolved,High,57,94,false,INC-2026-01428
JOB-2026-00273,2026-11-23,2026-11,TECH-014,Joko O.,Yogyakarta,Field Operations,Preventive Maintenance,In Progress,Low,210,,true,INC-2026-01645
JOB-2026-00424,2026-11-23,2026-11,TECH-044,Gita S.,Semarang,NOC Core,Preventive Maintenance,In Progress,Medium,108,,true,INC-2026-01481
JOB-2026-00836,2026-11-23,2026-11,TECH-057,Lukman F.,Denpasar,Fiber Maintenance,Site Audit,Resolved,Low,184,313,true,INC-2026-02194
JOB-2026-00900,2026-11-23,2026-11,TECH-032,Lukman G.,Denpasar,Field Operations,Site Audit,Resolved,Low,153,477,true,INC-2026-02194
JOB-2026-01269,2026-11-23,2026-11,TECH-040,Lukman O.,Yogyakarta,Field Operations,Site Audit,Resolved,High,61,292,false,INC-2026-01680
JOB-2026-01432,2026-11-23,2026-11,TECH-051,Bima Z.,Palembang,Field Operations,Site Audit,Open,High,58,,true,
JOB-2026-01778,2026-11-23,2026-11,TECH-034,Eka I.,Balikpapan,Enterprise Support,Installation,Closed,Low,221,453,true,INC-2026-02051
JOB-2026-00336,2026-11-24,2026-11,TECH-045,Joko T.,Makassar,Fiber Maintenance,Site Audit,In Progress,Medium,90,,false,
JOB-2026-01362,2026-11-24,2026-11,TECH-007,Hana H.,Surabaya,Fiber Maintenance,Preventive Maintenance,Closed,Low,225,505,true,
JOB-2026-01416,2026-11-24,2026-11,TECH-045,Adit T.,Jakarta,Enterprise Support,Corrective Maintenance,Closed,Low,181,445,true,
JOB-2026-01665,2026-11-24,2026-11,TECH-023,Joko X.,Surabaya,Field Operations,Preventive Maintenance,Open,High,77,,false,
JOB-2026-00171,2026-11-25,2026-11,TECH-002,Citra C.,Makassar,NOC Core,Installation,Resolved,Low,180,411,true,INC-2026-01331
JOB-2026-00373,2026-11-25,2026-11,TECH-012,Lukman M.,Palembang,NOC Core,Preventive Maintenance,Resolved,Medium,99,240,false,INC-2026-01581
JOB-2026-00810,2026-11-25,2026-11,TECH-047,Kirana V.,Palembang,Enterprise Support,Corrective Maintenance,Closed,Medium,96,251,true,INC-2026-01581
JOB-2026-00818,2026-11-26,2026-11,TECH-029,Adit D.,Surabaya,Enterprise Support,Preventive Maintenance,Open,High,52,,true,
JOB-2026-00876,2026-11-26,2026-11,TECH-003,Citra D.,Bandung,Fiber Maintenance,Site Audit,In Progress,Low,182,,true,
JOB-2026-01170,2026-11-27,2026-11,TECH-041,Hana P.,Palembang,Fiber Maintenance,Corrective Maintenance,Closed,High,20,310,true,INC-2026-00473
JOB-2026-01285,2026-11-27,2026-11,TECH-007,Citra H.,Palembang,Field Operations,Installation,Resolved,High,84,300,true,INC-2026-00473
JOB-2026-00346,2026-11-28,2026-11,TECH-021,Hana V.,Jakarta,Fiber Maintenance,Installation,Closed,Low,178,451,false,INC-2026-00200
JOB-2026-01013,2026-11-28,2026-11,TECH-023,Adit X.,Makassar,Customer Assurance,Site Audit,Closed,Low,175,377,false,INC-2026-00385
JOB-2026-01150,2026-11-28,2026-11,TECH-015,Citra P.,Bandung,Field Operations,Corrective Maintenance,In Progress,Medium,93,,false,INC-2026-00297
JOB-2026-01614,2026-11-28,2026-11,TECH-059,Hana H.,Palembang,Field Operations,Site Audit,In Progress,Medium,30,,true,
JOB-2026-01671,2026-11-28,2026-11,TECH-001,Hana B.,Makassar,Enterprise Support,Site Audit,Open,Medium,113,,true,
JOB-2026-00278,2026-11-29,2026-11,TECH-014,Citra O.,Medan,Customer Assurance,Installation,Open,High,67,,true,INC-2026-00966
JOB-2026-00355,2026-11-29,2026-11,TECH-035,Bima J.,Surabaya,NOC Core,Preventive Maintenance,In Progress,Low,171,,true,INC-2026-01856
JOB-2026-00924,2026-11-29,2026-11,TECH-004,Citra E.,Surabaya,Field Operations,Installation,Closed,Low,188,476,false,INC-2026-00034
JOB-2026-01417,2026-11-29,2026-11,TECH-036,Hana K.,Denpasar,Enterprise Support,Corrective Maintenance,In Progress,Medium,94,,true,INC-2026-01704
JOB-2026-01751,2026-11-29,2026-11,TECH-047,Lukman V.,Surabaya,Fiber Maintenance,Preventive Maintenance,Closed,Low,158,400,true,INC-2026-01856
JOB-2026-01767,2026-11-29,2026-11,TECH-019,Citra T.,Semarang,Fiber Maintenance,Corrective Maintenance,Closed,Low,215,417,false,INC-2026-00481
JOB-2026-00506,2026-11-30,2026-11,TECH-027,Lukman B.,Denpasar,Enterprise Support,Preventive Maintenance,Closed,Low,174,386,true,
JOB-2026-01311,2026-11-30,2026-11,TECH-018,Indra S.,Balikpapan,Customer Assurance,Site Audit,In Progress,Low,169,,true,INC-2026-01789
JOB-2026-01355,2026-11-30,2026-11,TECH-021,Lukman V.,Balikpapan,Fiber Maintenance,Corrective Maintenance,Closed,Low,167,550,true,INC-2026-01932
JOB-2026-01371,2026-11-30,2026-11,TECH-040,Hana O.,Medan,NOC Core,Corrective Maintenance,In Progress,Medium,71,,true,
JOB-2026-01727,2026-11-30,2026-11,TECH-016,Adit Q.,Balikpapan,Customer Assurance,Corrective Maintenance,Resolved,Low,144,352,false,INC-2026-01789
JOB-2026-01061,2026-12-01,2026-12,TECH-018,Joko S.,Palembang,NOC Core,Installation,Closed,High,61,240,false,INC-2026-01953
JOB-2026-01168,2026-12-01,2026-12,TECH-004,Lukman E.,Bandung,Enterprise Support,Installation,Open,High,5,,true,INC-2026-00180
JOB-2026-01186,2026-12-01,2026-12,TECH-010,Bima K.,Denpasar,NOC Core,Corrective Maintenance,Closed,Medium,113,249,true,
JOB-2026-01552,2026-12-01,2026-12,TECH-021,Indra V.,Makassar,Enterprise Support,Installation,Resolved,Low,212,549,false,INC-2026-00837
JOB-2026-00210,2026-12-02,2026-12,TECH-018,Dewi S.,Palembang,Enterprise Support,Corrective Maintenance,Closed,Medium,91,310,true,INC-2026-00209
JOB-2026-00212,2026-12-02,2026-12,TECH-015,Dewi P.,Palembang,Enterprise Support,Corrective Maintenance,In Progress,Medium,88,,true,INC-2026-00209
JOB-2026-00281,2026-12-02,2026-12,TECH-046,Fajar U.,Jakarta,Customer Assurance,Site Audit,Open,Critical,22,,true,INC-2026-00142
JOB-2026-00501,2026-12-02,2026-12,TECH-004,Lukman E.,Palembang,Enterprise Support,Installation,Closed,Medium,108,286,true,INC-2026-00209
JOB-2026-01494,2026-12-02,2026-12,TECH-047,Bima V.,Jakarta,NOC Core,Installation,Resolved,Medium,104,345,false,
JOB-2026-00477,2026-12-03,2026-12,TECH-050,Bima Y.,Denpasar,Field Operations,Installation,Open,Critical,42,,true,
JOB-2026-01135,2026-12-03,2026-12,TECH-023,Hana X.,Makassar,Field Operations,Installation,Resolved,Low,213,377,true,INC-2026-02165
JOB-2026-01226,2026-12-03,2026-12,TECH-009,Eka J.,Balikpapan,Enterprise Support,Installation,In Progress,Critical,57,,false,INC-2026-00098
JOB-2026-01611,2026-12-03,2026-12,TECH-012,Citra M.,Bandung,Enterprise Support,Preventive Maintenance,Open,Medium,104,,true,INC-2026-00350
JOB-2026-00465,2026-12-04,2026-12,TECH-033,Dewi H.,Bandung,Enterprise Support,Preventive Maintenance,Closed,Low,151,447,false,
JOB-2026-00552,2026-12-04,2026-12,TECH-056,Indra E.,Denpasar,Enterprise Support,Preventive Maintenance,Open,Low,206,,false,INC-2026-01634
JOB-2026-00642,2026-12-04,2026-12,TECH-043,Citra R.,Denpasar,Customer Assurance,Corrective Maintenance,Closed,Low,163,419,true,INC-2026-01634
JOB-2026-01155,2026-12-04,2026-12,TECH-057,Joko F.,Denpasar,NOC Core,Site Audit,Closed,Low,193,449,false,INC-2026-01634
JOB-2026-01207,2026-12-04,2026-12,TECH-034,Bima I.,Medan,Field Operations,Corrective Maintenance,Resolved,Medium,117,226,true,
JOB-2026-01330,2026-12-04,2026-12,TECH-039,Indra N.,Jakarta,NOC Core,Installation,Resolved,Medium,112,266,true,
JOB-2026-01369,2026-12-04,2026-12,TECH-023,Fajar X.,Medan,Field Operations,Installation,Closed,Medium,114,371,true,INC-2026-00566
JOB-2026-00473,2026-12-05,2026-12,TECH-013,Lukman N.,Yogyakarta,Enterprise Support,Corrective Maintenance,Closed,Medium,112,327,true,INC-2026-00463
JOB-2026-01010,2026-12-05,2026-12,TECH-010,Dewi K.,Bandung,Customer Assurance,Site Audit,Closed,Critical,29,221,true,INC-2026-01082
JOB-2026-01509,2026-12-05,2026-12,TECH-021,Eka V.,Surabaya,Enterprise Support,Site Audit,Resolved,Low,175,436,true,
JOB-2026-00262,2026-12-06,2026-12,TECH-027,Indra B.,Semarang,NOC Core,Corrective Maintenance,Closed,Medium,109,217,true,INC-2026-02137
JOB-2026-01003,2026-12-06,2026-12,TECH-052,Joko A.,Bandung,NOC Core,Installation,Closed,Medium,99,308,true,
JOB-2026-01109,2026-12-06,2026-12,TECH-027,Adit B.,Yogyakarta,Fiber Maintenance,Corrective Maintenance,Open,Medium,88,,true,
JOB-2026-01238,2026-12-06,2026-12,TECH-047,Hana V.,Semarang,Enterprise Support,Installation,Closed,Low,206,388,true,INC-2026-00834
JOB-2026-00264,2026-12-07,2026-12,TECH-034,Indra I.,Bandung,Fiber Maintenance,Site Audit,Resolved,Low,198,374,true,
JOB-2026-00579,2026-12-07,2026-12,TECH-055,Dewi D.,Surabaya,Enterprise Support,Preventive Maintenance,Resolved,Medium,86,302,false,INC-2026-01256
JOB-2026-00584,2026-12-07,2026-12,TECH-029,Bima D.,Palembang,Field Operations,Site Audit,Resolved,Medium,96,234,true,INC-2026-01142
JOB-2026-00634,2026-12-07,2026-12,TECH-047,Hana V.,Palembang,Customer Assurance,Corrective Maintenance,Open,Medium,85,,true,INC-2026-01142
JOB-2026-00713,2026-12-07,2026-12,TECH-022,Hana W.,Yogyakarta,Fiber Maintenance,Site Audit,Resolved,Low,203,416,true,
JOB-2026-00726,2026-12-07,2026-12,TECH-034,Lukman I.,Jakarta,Customer Assurance,Installation,Resolved,Medium,76,349,true,
JOB-2026-00736,2026-12-07,2026-12,TECH-028,Adit C.,Makassar,Fiber Maintenance,Site Audit,Resolved,High,81,192,false,
JOB-2026-01083,2026-12-07,2026-12,TECH-001,Citra B.,Surabaya,Customer Assurance,Site Audit,Closed,Medium,87,268,false,INC-2026-01256
JOB-2026-01439,2026-12-08,2026-12,TECH-052,Adit A.,Surabaya,Field Operations,Site Audit,Resolved,Medium,100,331,true,INC-2026-01112
JOB-2026-00381,2026-12-09,2026-12,TECH-028,Kirana C.,Medan,NOC Core,Site Audit,Resolved,High,75,155,true,INC-2026-00840
JOB-2026-00599,2026-12-09,2026-12,TECH-003,Kirana D.,Denpasar,Fiber Maintenance,Site Audit,Closed,Critical,5,119,false,INC-2026-01613
JOB-2026-00742,2026-12-09,2026-12,TECH-021,Joko V.,Medan,NOC Core,Preventive Maintenance,Open,High,31,,true,INC-2026-00840
JOB-2026-01128,2026-12-09,2026-12,TECH-032,Adit G.,Makassar,Enterprise Support,Site Audit,Closed,Low,178,389,true,INC-2026-00195
JOB-2026-00013,2026-12-10,2026-12,TECH-044,Bima S.,Denpasar,NOC Core,Preventive Maintenance,Open,Medium,82,,true,INC-2026-02014
JOB-2026-00507,2026-12-10,2026-12,TECH-010,Lukman K.,Yogyakarta,Customer Assurance,Installation,In Progress,Medium,123,,true,
JOB-2026-00826,2026-12-10,2026-12,TECH-031,Eka F.,Medan,Field Operations,Corrective Maintenance,Closed,Medium,124,262,false,INC-2026-01828
JOB-2026-00855,2026-12-10,2026-12,TECH-033,Dewi H.,Medan,Field Operations,Installation,In Progress,Medium,115,,true,INC-2026-00641
JOB-2026-01103,2026-12-10,2026-12,TECH-023,Fajar X.,Makassar,Field Operations,Site Audit,In Progress,Medium,101,,true,
JOB-2026-01260,2026-12-10,2026-12,TECH-032,Hana G.,Medan,NOC Core,Installation,In Progress,Medium,66,,true,INC-2026-01828
JOB-2026-00092,2026-12-11,2026-12,TECH-012,Dewi M.,Yogyakarta,Field Operations,Installation,Closed,Medium,115,292,true,
JOB-2026-00250,2026-12-11,2026-12,TECH-011,Gita L.,Palembang,Field Operations,Installation,Resolved,Low,203,383,true,
JOB-2026-00374,2026-12-11,2026-12,TECH-048,Citra W.,Makassar,Field Operations,Site Audit,Closed,Low,172,382,true,INC-2026-00403
JOB-2026-00591,2026-12-11,2026-12,TECH-049,Hana X.,Jakarta,Customer Assurance,Corrective Maintenance,Closed,Medium,87,274,true,INC-2026-01129
JOB-2026-00792,2026-12-11,2026-12,TECH-028,Gita C.,Balikpapan,NOC Core,Installation,Closed,Low,162,465,false,INC-2026-00597
JOB-2026-01348,2026-12-11,2026-12,TECH-021,Bima V.,Jakarta,Enterprise Support,Installation,Resolved,Medium,141,395,true,INC-2026-01592
JOB-2026-01361,2026-12-11,2026-12,TECH-052,Eka A.,Medan,NOC Core,Corrective Maintenance,Resolved,Medium,80,328,true,INC-2026-01556
JOB-2026-00164,2026-12-12,2026-12,TECH-039,Dewi N.,Surabaya,Customer Assurance,Corrective Maintenance,Closed,Low,183,429,true,INC-2026-01046
JOB-2026-00630,2026-12-12,2026-12,TECH-057,Kirana F.,Denpasar,Fiber Maintenance,Preventive Maintenance,Closed,Low,176,432,false,INC-2026-00923
JOB-2026-00756,2026-12-12,2026-12,TECH-037,Eka L.,Denpasar,Field Operations,Preventive Maintenance,In Progress,Medium,97,,true,INC-2026-00483
JOB-2026-01016,2026-12-12,2026-12,TECH-039,Joko N.,Denpasar,NOC Core,Installation,Open,Low,184,,false,INC-2026-00923
JOB-2026-01176,2026-12-12,2026-12,TECH-034,Dewi I.,Makassar,Customer Assurance,Site Audit,Resolved,Medium,87,276,true,INC-2026-00691
JOB-2026-01245,2026-12-12,2026-12,TECH-017,Hana R.,Bandung,Fiber Maintenance,Site Audit,Closed,Low,176,473,true,INC-2026-01342
JOB-2026-01568,2026-12-12,2026-12,TECH-037,Gita L.,Denpasar,NOC Core,Preventive Maintenance,Resolved,Low,170,447,true,INC-2026-00923
JOB-2026-01594,2026-12-12,2026-12,TECH-046,Adit U.,Yogyakarta,NOC Core,Site Audit,Resolved,High,60,295,true,
JOB-2026-00233,2026-12-13,2026-12,TECH-025,Dewi Z.,Bandung,Fiber Maintenance,Preventive Maintenance,In Progress,High,40,,true,INC-2026-01978
JOB-2026-00576,2026-12-14,2026-12,TECH-045,Bima T.,Surabaya,Customer Assurance,Site Audit,Resolved,Low,201,433,false,INC-2026-00990
JOB-2026-01146,2026-12-14,2026-12,TECH-029,Gita D.,Medan,Customer Assurance,Preventive Maintenance,Closed,Medium,98,328,true,INC-2026-01497
JOB-2026-01164,2026-12-14,2026-12,TECH-004,Bima E.,Jakarta,Fiber Maintenance,Corrective Maintenance,In Progress,Low,210,,true,INC-2026-01534
JOB-2026-01225,2026-12-14,2026-12,TECH-050,Eka Y.,Yogyakarta,NOC Core,Site Audit,Resolved,Low,198,386,true,
JOB-2026-01407,2026-12-14,2026-12,TECH-044,Citra S.,Makassar,NOC Core,Preventive Maintenance,In Progress,Medium,100,,true,
JOB-2026-01422,2026-12-14,2026-12,TECH-027,Fajar B.,Bandung,Field Operations,Installation,Resolved,Medium,97,355,false,INC-2026-00491
JOB-2026-00702,2026-12-15,2026-12,TECH-017,Gita R.,Surabaya,Enterprise Support,Preventive Maintenance,Closed,Low,187,430,true,INC-2026-00745
JOB-2026-00710,2026-12-15,2026-12,TECH-059,Lukman H.,Balikpapan,NOC Core,Installation,Closed,Low,156,462,true,INC-2026-02185
JOB-2026-00820,2026-12-15,2026-12,TECH-048,Indra W.,Makassar,Customer Assurance,Installation,In Progress,Medium,76,,true,
JOB-2026-01154,2026-12-15,2026-12,TECH-030,Lukman E.,Balikpapan,Enterprise Support,Installation,In Progress,Low,188,,false,
JOB-2026-01202,2026-12-15,2026-12,TECH-013,Joko N.,Semarang,Customer Assurance,Site Audit,In Progress,Medium,79,,true,INC-2026-01804
JOB-2026-01531,2026-12-15,2026-12,TECH-054,Indra C.,Medan,NOC Core,Preventive Maintenance,Closed,Low,200,367,false,INC-2026-01102
JOB-2026-01562,2026-12-15,2026-12,TECH-038,Lukman M.,Medan,Customer Assurance,Installation,Resolved,Low,156,435,true,INC-2026-01102
JOB-2026-00196,2026-12-16,2026-12,TECH-043,Hana R.,Surabaya,NOC Core,Site Audit,Closed,Medium,125,238,true,INC-2026-01943
JOB-2026-00315,2026-12-16,2026-12,TECH-026,Indra A.,Palembang,NOC Core,Preventive Maintenance,Open,Low,137,,true,
JOB-2026-00514,2026-12-16,2026-12,TECH-048,Fajar W.,Balikpapan,Fiber Maintenance,Corrective Maintenance,Closed,Low,170,476,false,
JOB-2026-00540,2026-12-16,2026-12,TECH-013,Citra N.,Palembang,Field Operations,Preventive Maintenance,In Progress,High,48,,true,INC-2026-01243
JOB-2026-00614,2026-12-16,2026-12,TECH-033,Lukman H.,Palembang,Customer Assurance,Corrective Maintenance,Closed,High,69,168,true,INC-2026-01243
JOB-2026-00624,2026-12-16,2026-12,TECH-015,Eka P.,Yogyakarta,NOC Core,Preventive Maintenance,In Progress,Low,171,,false,INC-2026-01157
JOB-2026-00721,2026-12-16,2026-12,TECH-015,Citra P.,Medan,Fiber Maintenance,Corrective Maintenance,Resolved,Medium,111,257,true,INC-2026-00941
JOB-2026-00791,2026-12-16,2026-12,TECH-050,Hana Y.,Surabaya,Fiber Maintenance,Installation,Resolved,Low,188,514,true,INC-2026-01695
JOB-2026-00879,2026-12-16,2026-12,TECH-028,Citra C.,Yogyakarta,Fiber Maintenance,Installation,Closed,Low,148,441,true,INC-2026-01157
JOB-2026-01414,2026-12-16,2026-12,TECH-028,Gita C.,Jakarta,Field Operations,Preventive Maintenance,Closed,Critical,5,93,true,
JOB-2026-00274,2026-12-17,2026-12,TECH-034,Gita I.,Medan,Customer Assurance,Installation,Closed,Low,168,379,false,INC-2026-01132
JOB-2026-00291,2026-12-17,2026-12,TECH-031,Fajar F.,Denpasar,Enterprise Support,Corrective Maintenance,Closed,Critical,53,94,true,
JOB-2026-01195,2026-12-17,2026-12,TECH-039,Joko N.,Medan,NOC Core,Corrective Maintenance,Resolved,Low,187,376,true,INC-2026-01132
JOB-2026-00269,2026-12-18,2026-12,TECH-022,Fajar W.,Surabaya,Enterprise Support,Site Audit,Resolved,Low,195,486,true,INC-2026-01164
JOB-2026-00419,2026-12-18,2026-12,TECH-008,Citra I.,Surabaya,Enterprise Support,Corrective Maintenance,Closed,Low,163,407,true,INC-2026-01697
JOB-2026-00457,2026-12-18,2026-12,TECH-056,Fajar E.,Surabaya,NOC Core,Installation,Closed,Low,165,320,true,INC-2026-01697
JOB-2026-00554,2026-12-18,2026-12,TECH-004,Fajar E.,Medan,Enterprise Support,Site Audit,Closed,Medium,87,310,true,
JOB-2026-00616,2026-12-18,2026-12,TECH-044,Lukman S.,Bandung,Customer Assurance,Preventive Maintenance,Closed,Low,144,335,true,INC-2026-01761
JOB-2026-00733,2026-12-18,2026-12,TECH-059,Eka H.,Semarang,Customer Assurance,Site Audit,Closed,Medium,110,267,true,
JOB-2026-01199,2026-12-18,2026-12,TECH-048,Bima W.,Surabaya,Field Operations,Installation,Open,Low,177,,true,INC-2026-01697
JOB-2026-01477,2026-12-18,2026-12,TECH-008,Lukman I.,Denpasar,Customer Assurance,Preventive Maintenance,Resolved,Low,207,422,true,
JOB-2026-01540,2026-12-18,2026-12,TECH-030,Lukman E.,Bandung,Fiber Maintenance,Preventive Maintenance,In Progress,Low,123,,true,INC-2026-01761
JOB-2026-01701,2026-12-18,2026-12,TECH-014,Citra O.,Bandung,Field Operations,Preventive Maintenance,Closed,Low,193,430,true,INC-2026-01761
JOB-2026-00100,2026-12-19,2026-12,TECH-034,Lukman I.,Surabaya,NOC Core,Corrective Maintenance,Closed,Medium,104,320,true,INC-2026-00749
JOB-2026-00135,2026-12-19,2026-12,TECH-028,Hana C.,Balikpapan,Fiber Maintenance,Installation,Closed,High,30,277,false,INC-2026-01375
JOB-2026-00235,2026-12-19,2026-12,TECH-041,Kirana P.,Yogyakarta,Fiber Maintenance,Preventive Maintenance,Resolved,Medium,129,277,false,INC-2026-01276
JOB-2026-00628,2026-12-19,2026-12,TECH-034,Joko I.,Medan,Customer Assurance,Installation,Resolved,Medium,115,278,true,INC-2026-00402
JOB-2026-00996,2026-12-19,2026-12,TECH-053,Joko B.,Denpasar,Fiber Maintenance,Site Audit,Closed,Medium,107,217,true,
JOB-2026-01002,2026-12-19,2026-12,TECH-040,Joko O.,Surabaya,NOC Core,Preventive Maintenance,In Progress,Medium,125,,true,INC-2026-00749
JOB-2026-01008,2026-12-19,2026-12,TECH-048,Gita W.,Semarang,Enterprise Support,Site Audit,Closed,Medium,99,306,true,INC-2026-01273
JOB-2026-01087,2026-12-19,2026-12,TECH-034,Citra I.,Surabaya,Enterprise Support,Installation,Resolved,Medium,107,380,true,INC-2026-00554
JOB-2026-01104,2026-12-19,2026-12,TECH-011,Joko L.,Makassar,Customer Assurance,Corrective Maintenance,Resolved,Medium,85,369,false,INC-2026-01838
JOB-2026-01157,2026-12-19,2026-12,TECH-047,Fajar V.,Palembang,NOC Core,Preventive Maintenance,Closed,Low,143,350,true,
JOB-2026-01339,2026-12-19,2026-12,TECH-007,Fajar H.,Balikpapan,Fiber Maintenance,Site Audit,Resolved,High,42,206,true,INC-2026-01375
JOB-2026-01318,2026-12-20,2026-12,TECH-012,Citra M.,Bandung,Field Operations,Installation,Closed,Low,161,475,true,
JOB-2026-01376,2026-12-20,2026-12,TECH-035,Dewi J.,Jakarta,Fiber Maintenance,Installation,Closed,Medium,110,280,true,INC-2026-00855
JOB-2026-00440,2026-12-21,2026-12,TECH-041,Indra P.,Makassar,Fiber Maintenance,Preventive Maintenance,Resolved,Low,202,509,true,INC-2026-01717
JOB-2026-00593,2026-12-21,2026-12,TECH-039,Eka N.,Makassar,Customer Assurance,Corrective Maintenance,Resolved,Low,159,327,true,INC-2026-01717
JOB-2026-00837,2026-12-21,2026-12,TECH-046,Hana U.,Bandung,Enterprise Support,Site Audit,Resolved,High,47,186,true,
JOB-2026-00984,2026-12-21,2026-12,TECH-048,Adit W.,Makassar,Enterprise Support,Site Audit,Resolved,Low,149,342,true,
JOB-2026-01273,2026-12-21,2026-12,TECH-020,Lukman U.,Semarang,Field Operations,Preventive Maintenance,In Progress,Low,198,,true,
JOB-2026-01615,2026-12-21,2026-12,TECH-001,Adit B.,Denpasar,Enterprise Support,Site Audit,Resolved,Medium,114,307,false,INC-2026-01155
JOB-2026-00072,2026-12-22,2026-12,TECH-028,Eka C.,Semarang,Enterprise Support,Installation,Resolved,High,39,350,true,INC-2026-01324
JOB-2026-00313,2026-12-22,2026-12,TECH-009,Kirana J.,Balikpapan,NOC Core,Installation,Resolved,Low,200,408,false,INC-2026-01965
JOB-2026-01072,2026-12-22,2026-12,TECH-010,Indra K.,Makassar,Field Operations,Corrective Maintenance,Closed,Low,207,430,true,
JOB-2026-01648,2026-12-22,2026-12,TECH-026,Fajar A.,Bandung,NOC Core,Site Audit,Open,Medium,93,,false,INC-2026-00417
JOB-2026-00086,2026-12-23,2026-12,TECH-033,Lukman H.,Denpasar,Customer Assurance,Site Audit,Resolved,Low,214,435,true,INC-2026-00915
JOB-2026-00534,2026-12-23,2026-12,TECH-060,Kirana I.,Semarang,Fiber Maintenance,Corrective Maintenance,Open,Low,164,,true,INC-2026-00233
JOB-2026-00661,2026-12-23,2026-12,TECH-004,Dewi E.,Palembang,Fiber Maintenance,Preventive Maintenance,Closed,High,49,151,true,INC-2026-01222
JOB-2026-00759,2026-12-23,2026-12,TECH-016,Indra Q.,Balikpapan,Field Operations,Installation,Closed,Medium,81,366,false,
JOB-2026-00830,2026-12-23,2026-12,TECH-022,Lukman W.,Balikpapan,Field Operations,Corrective Maintenance,Resolved,Low,209,432,true,INC-2026-00074
JOB-2026-00859,2026-12-23,2026-12,TECH-022,Fajar W.,Semarang,Field Operations,Site Audit,Resolved,Low,173,457,false,INC-2026-00233
JOB-2026-01316,2026-12-23,2026-12,TECH-053,Eka B.,Semarang,Field Operations,Installation,Resolved,Medium,85,390,true,INC-2026-01621
JOB-2026-01645,2026-12-23,2026-12,TECH-008,Lukman I.,Semarang,NOC Core,Corrective Maintenance,Open,Medium,109,,true,INC-2026-01621
JOB-2026-01655,2026-12-23,2026-12,TECH-027,Bima B.,Denpasar,Fiber Maintenance,Corrective Maintenance,Resolved,Medium,104,394,true,INC-2026-01547
JOB-2026-01674,2026-12-23,2026-12,TECH-034,Dewi I.,Medan,NOC Core,Preventive Maintenance,Closed,Critical,5,207,false,INC-2026-01149
JOB-2026-00175,2026-12-24,2026-12,TECH-002,Kirana C.,Palembang,Customer Assurance,Preventive Maintenance,Resolved,Critical,39,141,true,
JOB-2026-00483,2026-12-24,2026-12,TECH-007,Hana H.,Palembang,Customer Assurance,Site Audit,Closed,Low,189,395,false,
JOB-2026-00991,2026-12-24,2026-12,TECH-016,Adit Q.,Surabaya,Field Operations,Site Audit,Open,Critical,10,,false,
JOB-2026-01592,2026-12-24,2026-12,TECH-045,Hana T.,Surabaya,NOC Core,Corrective Maintenance,Closed,Medium,101,337,true,
JOB-2026-01618,2026-12-24,2026-12,TECH-042,Dewi Q.,Yogyakarta,Fiber Maintenance,Corrective Maintenance,Closed,Low,201,515,true,INC-2026-01249
JOB-2026-01791,2026-12-24,2026-12,TECH-037,Indra L.,Palembang,Field Operations,Installation,Resolved,Low,186,390,false,
JOB-2026-00168,2026-12-25,2026-12,TECH-048,Eka W.,Bandung,Fiber Maintenance,Site Audit,In Progress,Critical,50,,true,INC-2026-00503
JOB-2026-00945,2026-12-25,2026-12,TECH-016,Gita Q.,Yogyakarta,Enterprise Support,Site Audit,Closed,High,72,210,false,
JOB-2026-00980,2026-12-25,2026-12,TECH-049,Kirana X.,Bandung,Field Operations,Preventive Maintenance,Closed,Low,204,384,true,INC-2026-00318
JOB-2026-01363,2026-12-25,2026-12,TECH-045,Citra T.,Jakarta,Fiber Maintenance,Corrective Maintenance,Closed,Medium,94,322,true,
JOB-2026-01410,2026-12-25,2026-12,TECH-053,Fajar B.,Jakarta,Field Operations,Installation,Closed,Low,177,424,false,
JOB-2026-01548,2026-12-25,2026-12,TECH-041,Hana P.,Balikpapan,Fiber Maintenance,Corrective Maintenance,Open,Low,210,,false,INC-2026-01388
JOB-2026-00022,2026-12-26,2026-12,TECH-049,Bima X.,Bandung,Field Operations,Installation,Closed,High,86,215,false,INC-2026-01714
JOB-2026-00241,2026-12-26,2026-12,TECH-015,Kirana P.,Palembang,Enterprise Support,Site Audit,Resolved,Medium,99,371,true,
JOB-2026-00933,2026-12-26,2026-12,TECH-010,Bima K.,Jakarta,Fiber Maintenance,Preventive Maintenance,Closed,High,71,249,true,
JOB-2026-01630,2026-12-26,2026-12,TECH-023,Eka X.,Denpasar,Fiber Maintenance,Site Audit,Closed,Low,197,338,true,
JOB-2026-00391,2026-12-27,2026-12,TECH-030,Fajar E.,Makassar,Fiber Maintenance,Corrective Maintenance,In Progress,Medium,97,,true,
JOB-2026-00717,2026-12-27,2026-12,TECH-030,Citra E.,Jakarta,Customer Assurance,Installation,In Progress,Medium,71,,true,
JOB-2026-00942,2026-12-27,2026-12,TECH-046,Adit U.,Semarang,Field Operations,Installation,Closed,Critical,23,143,false,INC-2026-00127
JOB-2026-01209,2026-12-27,2026-12,TECH-026,Bima A.,Palembang,Customer Assurance,Site Audit,Resolved,Medium,106,373,true,INC-2026-00692
JOB-2026-00004,2026-12-28,2026-12,TECH-027,Dewi B.,Bandung,Enterprise Support,Site Audit,Closed,High,57,233,true,
JOB-2026-00015,2026-12-28,2026-12,TECH-042,Dewi Q.,Balikpapan,Enterprise Support,Installation,Resolved,Medium,81,319,true,INC-2026-01726
JOB-2026-00968,2026-12-28,2026-12,TECH-005,Bima F.,Denpasar,Fiber Maintenance,Installation,Closed,High,88,224,true,
JOB-2026-01055,2026-12-28,2026-12,TECH-003,Kirana D.,Denpasar,NOC Core,Corrective Maintenance,Resolved,Low,170,391,true,
JOB-2026-01082,2026-12-28,2026-12,TECH-004,Kirana E.,Yogyakarta,Enterprise Support,Installation,Open,Medium,99,,true,
JOB-2026-00005,2026-12-29,2026-12,TECH-050,Joko Y.,Surabaya,Fiber Maintenance,Corrective Maintenance,Closed,Medium,92,237,true,INC-2026-01919
JOB-2026-00132,2026-12-29,2026-12,TECH-056,Lukman E.,Denpasar,Enterprise Support,Preventive Maintenance,Closed,Low,160,435,true,
JOB-2026-00327,2026-12-29,2026-12,TECH-013,Dewi N.,Balikpapan,Enterprise Support,Site Audit,Closed,Medium,76,283,true,INC-2026-00771
JOB-2026-00329,2026-12-29,2026-12,TECH-011,Dewi L.,Palembang,Customer Assurance,Installation,In Progress,Medium,103,,true,INC-2026-00522
JOB-2026-00760,2026-12-29,2026-12,TECH-032,Bima G.,Balikpapan,Enterprise Support,Corrective Maintenance,Closed,Medium,61,321,true,INC-2026-00771
JOB-2026-00776,2026-12-29,2026-12,TECH-025,Adit Z.,Palembang,Enterprise Support,Preventive Maintenance,Open,Medium,75,,true,INC-2026-01839
JOB-2026-01307,2026-12-29,2026-12,TECH-005,Hana F.,Surabaya,Fiber Maintenance,Site Audit,Resolved,Medium,109,304,true,INC-2026-01919
JOB-2026-00191,2026-12-30,2026-12,TECH-056,Bima E.,Balikpapan,Field Operations,Installation,Resolved,Low,227,444,false,INC-2026-01831
JOB-2026-00252,2026-12-30,2026-12,TECH-038,Lukman M.,Balikpapan,Field Operations,Site Audit,In Progress,Low,176,,false,INC-2026-01831
JOB-2026-00892,2026-12-30,2026-12,TECH-022,Eka W.,Makassar,Enterprise Support,Site Audit,Resolved,Low,204,472,true,
JOB-2026-01574,2026-12-30,2026-12,TECH-015,Fajar P.,Balikpapan,NOC Core,Corrective Maintenance,In Progress,Low,168,,false,INC-2026-01831
JOB-2026-01658,2026-12-30,2026-12,TECH-035,Hana J.,Yogyakarta,NOC Core,Preventive Maintenance,In Progress,High,41,,true,INC-2026-01777
JOB-2026-00080,2026-12-31,2026-12,TECH-038,Hana M.,Jakarta,Field Operations,Installation,Closed,Critical,31,59,true,
JOB-2026-00564,2026-12-31,2026-12,TECH-051,Kirana Z.,Makassar,Enterprise Support,Installation,Resolved,Medium,126,275,true,
JOB-2026-01079,2026-12-31,2026-12,TECH-016,Citra Q.,Bandung,Enterprise Support,Preventive Maintenance,Resolved,Low,204,467,false,INC-2026-00767
JOB-2026-01434,2026-12-31,2026-12,TECH-021,Fajar V.,Bandung,Enterprise Support,Site Audit,Closed,Low,205,367,true,INC-2026-00767
