incident_id,date,month,site_id,region,service_type,severity,status,start_time,resolved_time,duration_minutes,affected_customers,root_cause,assigned_team,escalation_level,recommended_action
INC-2026-00283,2026-01-01,2026-01,SITE-0187,Yogyakarta,Voice,Medium,Resolved,2026-01-01T03:34:00,2026-01-01T05:46:00,132,77,Fiber cut,NOC Core,1,Assign service assurance follow-up
INC-2026-00479,2026-01-01,2026-01,SITE-0035,Makassar,Mobile Broadband,Low,Closed,2026-01-01T17:05:00,2026-01-01T17:56:00,51,17,Access node congestion,Customer Assurance,1,Monitor and resolve in standard queue
INC-2026-00493,2026-01-01,2026-01,SITE-0244,Medan,Enterprise VPN,Critical,Resolved,2026-01-01T18:23:00,2026-01-02T05:07:00,644,251,Core router instability,Enterprise Support,3,Open command bridge and dispatch field team
INC-2026-01241,2026-01-01,2026-01,SITE-0097,Yogyakarta,IPTV,High,Resolved,2026-01-01T17:07:00,2026-01-01T22:25:00,318,519,Core router instability,Field Operations,2,Escalate to regional operations lead
INC-2026-00109,2026-01-02,2026-01,SITE-0230,Balikpapan,IPTV,Low,Closed,2026-01-02T16:44:00,2026-01-02T17:31:00,47,78,Power outage,Fiber Maintenance,1,Monitor and resolve in standard queue
INC-2026-00210,2026-01-02,2026-01,SITE-0235,Makassar,Voice,Medium,Resolved,2026-01-02T19:33:00,2026-01-02T21:49:00,136,139,Backhaul packet loss,Customer Assurance,1,Assign service assurance follow-up
INC-2026-00221,2026-01-02,2026-01,SITE-0221,Jakarta,Cloud Connectivity,High,Closed,2026-01-02T13:06:00,2026-01-02T18:31:00,325,226,Access node congestion,Enterprise Support,2,Escalate to regional operations lead
INC-2026-00282,2026-01-02,2026-01,SITE-0161,Jakarta,Fiber Internet,Critical,Resolved,2026-01-02T06:01:00,2026-01-02T14:33:00,512,351,Backhaul packet loss,Enterprise Support,3,Open command bridge and dispatch field team
INC-2026-00579,2026-01-03,2026-01,SITE-0086,Semarang,IPTV,Low,Resolved,2026-01-03T05:02:00,2026-01-03T06:07:00,65,22,Configuration drift,Customer Assurance,1,Monitor and resolve in standard queue
INC-2026-00914,2026-01-03,2026-01,SITE-0084,Medan,Mobile Broadband,High,Closed,2026-01-03T14:22:00,2026-01-03T17:34:00,192,202,Configuration drift,Fiber Maintenance,2,Escalate to regional operations lead
INC-2026-01624,2026-01-03,2026-01,SITE-0025,Makassar,IPTV,Medium,Resolved,2026-01-03T19:21:00,2026-01-03T20:29:00,68,63,Backhaul packet loss,Fiber Maintenance,1,Assign service assurance follow-up
INC-2026-00615,2026-01-04,2026-01,SITE-0110,Balikpapan,Mobile Broadband,Low,Resolved,2026-01-04T11:57:00,2026-01-04T12:55:00,58,19,Fiber cut,Field Operations,1,Monitor and resolve in standard queue
INC-2026-00763,2026-01-04,2026-01,SITE-0207,Yogyakarta,Cloud Connectivity,Medium,Closed,2026-01-04T10:03:00,2026-01-04T12:13:00,130,168,Backhaul packet loss,Field Operations,1,Assign service assurance follow-up
INC-2026-02016,2026-01-04,2026-01,SITE-0085,Makassar,Enterprise VPN,Medium,Resolved,2026-01-04T06:21:00,2026-01-04T09:01:00,160,27,Core router instability,Customer Assurance,1,Assign service assurance follow-up
INC-2026-00031,2026-01-05,2026-01,SITE-0109,Palembang,Voice,Low,Resolved,2026-01-05T00:38:00,2026-01-05T01:34:00,56,26,Backhaul packet loss,Enterprise Support,1,Monitor and resolve in standard queue
INC-2026-01055,2026-01-05,2026-01,SITE-0013,Surabaya,Mobile Broadband,Low,Resolved,2026-01-05T06:50:00,2026-01-05T07:34:00,44,33,Customer premises equipment,NOC Core,1,Monitor and resolve in standard queue
INC-2026-01506,2026-01-05,2026-01,SITE-0021,Jakarta,Enterprise VPN,Medium,Closed,2026-01-05T22:09:00,2026-01-06T01:30:00,201,120,Backhaul packet loss,Enterprise Support,1,Assign service assurance follow-up
INC-2026-01854,2026-01-05,2026-01,SITE-0183,Surabaya,Fiber Internet,High,Resolved,2026-01-05T10:19:00,2026-01-05T18:57:00,518,69,Planned maintenance overrun,NOC Core,2,Escalate to regional operations lead
INC-2026-02121,2026-01-05,2026-01,SITE-0007,Yogyakarta,IPTV,Medium,Resolved,2026-01-05T09:02:00,2026-01-05T11:44:00,162,142,Access node congestion,NOC Core,1,Assign service assurance follow-up
INC-2026-02197,2026-01-05,2026-01,SITE-0079,Palembang,Enterprise VPN,Medium,Escalated,2026-01-05T05:09:00,,141,39,Backhaul packet loss,NOC Core,1,Assign service assurance follow-up
INC-2026-00573,2026-01-06,2026-01,SITE-0146,Semarang,Mobile Broadband,Low,Closed,2026-01-06T19:28:00,2026-01-06T20:35:00,67,29,Access node congestion,Fiber Maintenance,1,Monitor and resolve in standard queue
INC-2026-00825,2026-01-06,2026-01,SITE-0129,Palembang,Fiber Internet,High,Closed,2026-01-06T22:38:00,2026-01-07T03:19:00,281,327,Core router instability,Fiber Maintenance,2,Escalate to regional operations lead
INC-2026-01719,2026-01-06,2026-01,SITE-0190,Balikpapan,IPTV,High,Closed,2026-01-06T04:03:00,2026-01-06T08:12:00,249,275,Planned maintenance overrun,Field Operations,2,Escalate to regional operations lead
INC-2026-02005,2026-01-06,2026-01,SITE-0203,Surabaya,IPTV,Low,Closed,2026-01-06T08:07:00,2026-01-06T09:11:00,64,39,Access node congestion,Fiber Maintenance,1,Monitor and resolve in standard queue
INC-2026-02022,2026-01-06,2026-01,SITE-0117,Yogyakarta,Mobile Broadband,High,Closed,2026-01-06T16:06:00,2026-01-06T21:24:00,318,408,Planned maintenance overrun,Enterprise Support,2,Escalate to regional operations lead
INC-2026-00390,2026-01-07,2026-01,SITE-0226,Semarang,Mobile Broadband,Low,Open,2026-01-07T11:36:00,,51,23,Fiber cut,Fiber Maintenance,1,Monitor and resolve in standard queue
INC-2026-00443,2026-01-07,2026-01,SITE-0051,Jakarta,IPTV,Medium,Closed,2026-01-07T21:17:00,2026-01-07T23:01:00,104,87,Customer premises equipment,Field Operations,1,Assign service assurance follow-up
INC-2026-01321,2026-01-07,2026-01,SITE-0108,Denpasar,Fiber Internet,Low,Resolved,2026-01-07T04:53:00,2026-01-07T06:09:00,76,70,Configuration drift,Fiber Maintenance,1,Monitor and resolve in standard queue
INC-2026-01853,2026-01-07,2026-01,SITE-0120,Balikpapan,Cloud Connectivity,Medium,Resolved,2026-01-07T18:38:00,2026-01-07T20:40:00,122,139,Fiber cut,Enterprise Support,1,Assign service assurance follow-up
INC-2026-02126,2026-01-07,2026-01,SITE-0045,Makassar,Fiber Internet,Medium,Resolved,2026-01-07T00:57:00,2026-01-07T03:45:00,168,138,Planned maintenance overrun,Field Operations,1,Assign service assurance follow-up
INC-2026-00013,2026-01-08,2026-01,SITE-0032,Bandung,Enterprise VPN,High,Closed,2026-01-08T14:32:00,2026-01-08T19:05:00,273,93,Backhaul packet loss,Customer Assurance,2,Escalate to regional operations lead
INC-2026-00922,2026-01-08,2026-01,SITE-0171,Jakarta,Voice,Low,Closed,2026-01-08T23:02:00,2026-01-08T23:42:00,40,17,Power outage,Customer Assurance,1,Monitor and resolve in standard queue
INC-2026-00952,2026-01-08,2026-01,SITE-0008,Denpasar,Fiber Internet,High,Closed,2026-01-08T16:07:00,2026-01-08T20:38:00,271,329,Fiber cut,Enterprise Support,2,Escalate to regional operations lead
INC-2026-01524,2026-01-08,2026-01,SITE-0125,Makassar,IPTV,Medium,Resolved,2026-01-08T09:26:00,2026-01-08T12:14:00,168,165,Fiber cut,Customer Assurance,1,Assign service assurance follow-up
INC-2026-02124,2026-01-08,2026-01,SITE-0071,Jakarta,Fiber Internet,Low,Resolved,2026-01-08T07:16:00,2026-01-08T08:05:00,49,48,Configuration drift,Field Operations,1,Monitor and resolve in standard queue
INC-2026-00087,2026-01-09,2026-01,SITE-0091,Jakarta,Enterprise VPN,Low,Resolved,2026-01-09T10:35:00,2026-01-09T11:27:00,52,14,Backhaul packet loss,Fiber Maintenance,1,Monitor and resolve in standard queue
INC-2026-00649,2026-01-09,2026-01,SITE-0194,Medan,Fiber Internet,Low,Resolved,2026-01-09T15:40:00,2026-01-09T16:42:00,62,31,Customer premises equipment,Fiber Maintenance,1,Monitor and resolve in standard queue
INC-2026-01453,2026-01-09,2026-01,SITE-0105,Makassar,Fiber Internet,Low,Resolved,2026-01-09T09:41:00,2026-01-09T10:35:00,54,52,Planned maintenance overrun,Customer Assurance,1,Monitor and resolve in standard queue
INC-2026-02151,2026-01-09,2026-01,SITE-0051,Jakarta,IPTV,Low,Resolved,2026-01-09T12:15:00,2026-01-09T13:39:00,84,43,Customer premises equipment,Customer Assurance,1,Monitor and resolve in standard queue
INC-2026-00196,2026-01-10,2026-01,SITE-0104,Medan,Cloud Connectivity,Low,Resolved,2026-01-10T23:52:00,2026-01-11T00:35:00,43,49,Access node congestion,Field Operations,1,Monitor and resolve in standard queue
INC-2026-00732,2026-01-10,2026-01,SITE-0187,Yogyakarta,Voice,Medium,Closed,2026-01-10T09:38:00,2026-01-10T12:33:00,175,101,Planned maintenance overrun,Enterprise Support,1,Assign service assurance follow-up
INC-2026-01705,2026-01-10,2026-01,SITE-0206,Semarang,Voice,Medium,Resolved,2026-01-10T13:59:00,2026-01-10T15:51:00,112,185,Configuration drift,NOC Core,1,Assign service assurance follow-up
INC-2026-00637,2026-01-11,2026-01,SITE-0106,Semarang,IPTV,Low,Resolved,2026-01-11T20:39:00,2026-01-11T21:40:00,61,41,Customer premises equipment,Field Operations,1,Monitor and resolve in standard queue
INC-2026-00991,2026-01-11,2026-01,SITE-0076,Semarang,Voice,Low,Resolved,2026-01-11T05:19:00,2026-01-11T06:01:00,42,39,Customer premises equipment,Enterprise Support,1,Monitor and resolve in standard queue
INC-2026-01221,2026-01-11,2026-01,SITE-0110,Balikpapan,Mobile Broadband,Low,Closed,2026-01-11T15:44:00,2026-01-11T16:59:00,75,43,Planned maintenance overrun,Field Operations,1,Monitor and resolve in standard queue
INC-2026-01227,2026-01-11,2026-01,SITE-0094,Medan,Voice,Low,Resolved,2026-01-11T00:23:00,2026-01-11T01:23:00,60,25,Access node congestion,Customer Assurance,1,Monitor and resolve in standard queue
INC-2026-01326,2026-01-11,2026-01,SITE-0066,Semarang,Mobile Broadband,Low,Resolved,2026-01-11T11:37:00,2026-01-11T12:17:00,40,26,Core router instability,Fiber Maintenance,1,Monitor and resolve in standard queue
INC-2026-01563,2026-01-11,2026-01,SITE-0042,Bandung,Voice,Low,Resolved,2026-01-11T10:20:00,2026-01-11T11:03:00,43,16,Customer premises equipment,NOC Core,1,Monitor and resolve in standard queue
INC-2026-01951,2026-01-11,2026-01,SITE-0222,Bandung,Mobile Broadband,Low,Closed,2026-01-11T04:12:00,2026-01-11T05:09:00,57,46,Power outage,Customer Assurance,1,Monitor and resolve in standard queue
INC-2026-00406,2026-01-12,2026-01,SITE-0130,Balikpapan,Enterprise VPN,Low,Closed,2026-01-12T04:48:00,2026-01-12T05:56:00,68,25,Fiber cut,Field Operations,1,Monitor and resolve in standard queue
INC-2026-00432,2026-01-12,2026-01,SITE-0057,Yogyakarta,IPTV,Medium,Closed,2026-01-12T13:12:00,2026-01-12T16:41:00,209,153,Power outage,Customer Assurance,1,Assign service assurance follow-up
INC-2026-00514,2026-01-12,2026-01,SITE-0024,Medan,Voice,Critical,Open,2026-01-12T01:53:00,,803,717,Power outage,Customer Assurance,3,Open command bridge and dispatch field team
INC-2026-00627,2026-01-12,2026-01,SITE-0020,Balikpapan,Mobile Broadband,Medium,Closed,2026-01-12T06:56:00,2026-01-12T08:55:00,119,185,Access node congestion,Field Operations,1,Assign service assurance follow-up
INC-2026-00881,2026-01-12,2026-01,SITE-0023,Surabaya,Cloud Connectivity,Medium,Resolved,2026-01-12T17:58:00,2026-01-12T20:26:00,148,82,Planned maintenance overrun,Enterprise Support,1,Assign service assurance follow-up
INC-2026-01651,2026-01-12,2026-01,SITE-0157,Yogyakarta,Mobile Broadband,Low,Resolved,2026-01-12T12:30:00,2026-01-12T13:28:00,58,27,Customer premises equipment,NOC Core,1,Monitor and resolve in standard queue
INC-2026-00238,2026-01-13,2026-01,SITE-0141,Jakarta,Fiber Internet,Critical,Closed,2026-01-13T05:09:00,2026-01-13T16:08:00,659,572,Customer premises equipment,NOC Core,3,Open command bridge and dispatch field team
INC-2026-00321,2026-01-13,2026-01,SITE-0091,Jakarta,Enterprise VPN,Low,Resolved,2026-01-13T10:19:00,2026-01-13T11:24:00,65,32,Power outage,NOC Core,1,Monitor and resolve in standard queue
INC-2026-00424,2026-01-13,2026-01,SITE-0173,Surabaya,Voice,High,Resolved,2026-01-13T22:23:00,2026-01-14T03:25:00,302,282,Core router instability,Field Operations,2,Escalate to regional operations lead
INC-2026-00965,2026-01-13,2026-01,SITE-0030,Balikpapan,Enterprise VPN,Low,Resolved,2026-01-13T17:21:00,2026-01-13T18:29:00,68,3,Configuration drift,Customer Assurance,1,Monitor and resolve in standard queue
INC-2026-01457,2026-01-13,2026-01,SITE-0014,Medan,Voice,Low,Resolved,2026-01-13T04:08:00,2026-01-13T05:25:00,77,33,Power outage,Fiber Maintenance,1,Monitor and resolve in standard queue
INC-2026-01569,2026-01-13,2026-01,SITE-0147,Yogyakarta,Fiber Internet,High,Resolved,2026-01-13T15:46:00,2026-01-13T19:52:00,246,385,Customer premises equipment,Fiber Maintenance,2,Escalate to regional operations lead
INC-2026-01716,2026-01-13,2026-01,SITE-0198,Denpasar,Fiber Internet,Medium,Resolved,2026-01-13T21:19:00,2026-01-14T00:29:00,190,166,Planned maintenance overrun,Enterprise Support,1,Assign service assurance follow-up
INC-2026-01962,2026-01-13,2026-01,SITE-0092,Bandung,Voice,Medium,Closed,2026-01-13T09:12:00,2026-01-13T11:59:00,167,178,Access node congestion,Customer Assurance,1,Assign service assurance follow-up
INC-2026-00430,2026-01-14,2026-01,SITE-0022,Bandung,Mobile Broadband,Low,Closed,2026-01-14T11:16:00,2026-01-14T12:11:00,55,61,Planned maintenance overrun,NOC Core,1,Monitor and resolve in standard queue
INC-2026-01496,2026-01-14,2026-01,SITE-0170,Balikpapan,Voice,Medium,Resolved,2026-01-14T01:48:00,2026-01-14T03:23:00,95,119,Core router instability,Enterprise Support,1,Assign service assurance follow-up
INC-2026-01541,2026-01-14,2026-01,SITE-0006,Semarang,Cloud Connectivity,Medium,Resolved,2026-01-14T23:06:00,2026-01-15T02:11:00,185,44,Planned maintenance overrun,Enterprise Support,1,Assign service assurance follow-up
INC-2026-01757,2026-01-14,2026-01,SITE-0105,Makassar,Fiber Internet,Medium,Resolved,2026-01-14T08:18:00,2026-01-14T11:31:00,193,130,Customer premises equipment,NOC Core,1,Assign service assurance follow-up
INC-2026-02044,2026-01-14,2026-01,SITE-0240,Balikpapan,Mobile Broadband,Medium,Closed,2026-01-14T10:02:00,2026-01-14T12:29:00,147,85,Fiber cut,Customer Assurance,1,Assign service assurance follow-up
INC-2026-02098,2026-01-14,2026-01,SITE-0090,Balikpapan,IPTV,Low,Resolved,2026-01-14T00:19:00,2026-01-14T01:21:00,62,40,Power outage,Fiber Maintenance,1,Monitor and resolve in standard queue
INC-2026-00244,2026-01-15,2026-01,SITE-0044,Medan,Cloud Connectivity,Low,Closed,2026-01-15T01:35:00,2026-01-15T02:09:00,34,17,Customer premises equipment,Enterprise Support,1,Monitor and resolve in standard queue
INC-2026-00419,2026-01-15,2026-01,SITE-0152,Bandung,Fiber Internet,Critical,Closed,2026-01-15T10:41:00,2026-01-16T00:02:00,801,1166,Core router instability,Field Operations,3,Open command bridge and dispatch field team
INC-2026-00824,2026-01-15,2026-01,SITE-0161,Jakarta,Fiber Internet,Critical,Closed,2026-01-15T04:58:00,2026-01-15T12:24:00,446,620,Power outage,Fiber Maintenance,3,Open command bridge and dispatch field team
INC-2026-00082,2026-01-16,2026-01,SITE-0240,Balikpapan,Mobile Broadband,Low,Resolved,2026-01-16T16:09:00,2026-01-16T17:22:00,73,15,Core router instability,Customer Assurance,1,Monitor and resolve in standard queue
INC-2026-00942,2026-01-16,2026-01,SITE-0071,Jakarta,Fiber Internet,High,Resolved,2026-01-16T15:46:00,2026-01-16T19:55:00,249,496,Core router instability,Fiber Maintenance,2,Escalate to regional operations lead
INC-2026-01639,2026-01-16,2026-01,SITE-0130,Balikpapan,Enterprise VPN,Low,Resolved,2026-01-16T20:44:00,2026-01-16T21:17:00,33,27,Power outage,Field Operations,1,Monitor and resolve in standard queue
INC-2026-01835,2026-01-16,2026-01,SITE-0233,Surabaya,Voice,Low,Closed,2026-01-16T12:39:00,2026-01-16T13:27:00,48,52,Power outage,Enterprise Support,1,Monitor and resolve in standard queue
INC-2026-01896,2026-01-16,2026-01,SITE-0018,Denpasar,Cloud Connectivity,Medium,Closed,2026-01-16T06:25:00,2026-01-16T08:18:00,113,69,Configuration drift,Field Operations,1,Assign service assurance follow-up
INC-2026-01900,2026-01-16,2026-01,SITE-0004,Medan,IPTV,Low,Resolved,2026-01-16T06:40:00,2026-01-16T07:31:00,51,51,Core router instability,Enterprise Support,1,Monitor and resolve in standard queue
INC-2026-00059,2026-01-17,2026-01,SITE-0061,Jakarta,Cloud Connectivity,Medium,Resolved,2026-01-17T18:51:00,2026-01-17T21:37:00,166,43,Configuration drift,Customer Assurance,1,Assign service assurance follow-up
INC-2026-00161,2026-01-17,2026-01,SITE-0138,Denpasar,Enterprise VPN,High,Closed,2026-01-17T22:26:00,2026-01-18T02:13:00,227,60,Fiber cut,Customer Assurance,2,Escalate to regional operations lead
INC-2026-00429,2026-01-17,2026-01,SITE-0115,Makassar,Mobile Broadband,Low,Resolved,2026-01-17T10:34:00,2026-01-17T11:37:00,63,21,Configuration drift,Customer Assurance,1,Monitor and resolve in standard queue
INC-2026-00658,2026-01-17,2026-01,SITE-0083,Surabaya,Mobile Broadband,Medium,Resolved,2026-01-17T19:26:00,2026-01-17T21:59:00,153,121,Planned maintenance overrun,NOC Core,1,Assign service assurance follow-up
INC-2026-01395,2026-01-17,2026-01,SITE-0046,Semarang,Cloud Connectivity,Critical,Closed,2026-01-17T16:38:00,2026-01-18T03:15:00,637,401,Access node congestion,Enterprise Support,3,Open command bridge and dispatch field team
INC-2026-01398,2026-01-17,2026-01,SITE-0133,Surabaya,Cloud Connectivity,Medium,Closed,2026-01-17T05:06:00,2026-01-17T07:01:00,115,134,Planned maintenance overrun,Fiber Maintenance,1,Assign service assurance follow-up
INC-2026-01685,2026-01-17,2026-01,SITE-0144,Medan,Enterprise VPN,Low,Closed,2026-01-17T12:17:00,2026-01-17T13:12:00,55,5,Access node congestion,Enterprise Support,1,Monitor and resolve in standard queue
INC-2026-01994,2026-01-17,2026-01,SITE-0117,Yogyakarta,Mobile Broadband,Low,Resolved,2026-01-17T03:31:00,2026-01-17T04:31:00,60,43,Backhaul packet loss,Customer Assurance,1,Monitor and resolve in standard queue
INC-2026-02108,2026-01-17,2026-01,SITE-0179,Palembang,IPTV,Medium,Resolved,2026-01-17T10:30:00,2026-01-17T12:13:00,103,110,Access node congestion,NOC Core,1,Assign service assurance follow-up
INC-2026-00259,2026-01-18,2026-01,SITE-0130,Balikpapan,Enterprise VPN,Critical,Resolved,2026-01-18T12:46:00,2026-01-18T22:46:00,600,320,Power outage,Enterprise Support,3,Open command bridge and dispatch field team
INC-2026-00260,2026-01-18,2026-01,SITE-0062,Bandung,Voice,Low,Resolved,2026-01-18T18:14:00,2026-01-18T19:11:00,57,24,Fiber cut,Customer Assurance,1,Monitor and resolve in standard queue
INC-2026-00524,2026-01-18,2026-01,SITE-0184,Medan,Enterprise VPN,Medium,Closed,2026-01-18T14:29:00,2026-01-18T17:14:00,165,29,Fiber cut,Fiber Maintenance,1,Assign service assurance follow-up
INC-2026-01190,2026-01-18,2026-01,SITE-0227,Yogyakarta,Cloud Connectivity,High,Escalated,2026-01-18T10:55:00,,314,167,Fiber cut,Field Operations,2,Escalate to regional operations lead
INC-2026-01462,2026-01-18,2026-01,SITE-0001,Jakarta,IPTV,Low,Resolved,2026-01-18T15:32:00,2026-01-18T16:53:00,81,30,Configuration drift,NOC Core,1,Monitor and resolve in standard queue
INC-2026-01579,2026-01-18,2026-01,SITE-0091,Jakarta,Enterprise VPN,Medium,Resolved,2026-01-18T16:06:00,2026-01-18T19:57:00,231,58,Access node congestion,Customer Assurance,1,Assign service assurance follow-up
INC-2026-01690,2026-01-18,2026-01,SITE-0232,Bandung,Enterprise VPN,High,Closed,2026-01-18T08:48:00,2026-01-18T13:50:00,302,36,Core router instability,Fiber Maintenance,2,Escalate to regional operations lead
INC-2026-00053,2026-01-19,2026-01,SITE-0095,Makassar,IPTV,Low,Resolved,2026-01-19T11:06:00,2026-01-19T12:17:00,71,17,Backhaul packet loss,Fiber Maintenance,1,Monitor and resolve in standard queue
INC-2026-00070,2026-01-19,2026-01,SITE-0107,Yogyakarta,Enterprise VPN,High,Resolved,2026-01-19T11:55:00,2026-01-19T18:54:00,419,21,Configuration drift,Fiber Maintenance,2,Escalate to regional operations lead
INC-2026-00083,2026-01-19,2026-01,SITE-0036,Semarang,Enterprise VPN,Medium,Closed,2026-01-19T10:33:00,2026-01-19T14:01:00,208,72,Power outage,Enterprise Support,1,Assign service assurance follow-up
INC-2026-00436,2026-01-19,2026-01,SITE-0170,Balikpapan,Voice,High,Resolved,2026-01-19T14:13:00,2026-01-19T18:42:00,269,460,Backhaul packet loss,Fiber Maintenance,2,Escalate to regional operations lead
INC-2026-00598,2026-01-19,2026-01,SITE-0035,Makassar,Mobile Broadband,Medium,Closed,2026-01-19T20:34:00,2026-01-19T22:47:00,133,94,Fiber cut,Customer Assurance,1,Assign service assurance follow-up
INC-2026-00717,2026-01-19,2026-01,SITE-0038,Denpasar,Enterprise VPN,Low,Resolved,2026-01-19T23:25:00,2026-01-20T00:26:00,61,14,Core router instability,NOC Core,1,Monitor and resolve in standard queue
INC-2026-00755,2026-01-19,2026-01,SITE-0207,Yogyakarta,Cloud Connectivity,Critical,Resolved,2026-01-19T14:08:00,2026-01-20T03:27:00,799,642,Fiber cut,Field Operations,3,Open command bridge and dispatch field team
INC-2026-01035,2026-01-19,2026-01,SITE-0191,Jakarta,Mobile Broadband,Medium,Resolved,2026-01-19T15:51:00,2026-01-19T17:47:00,116,246,Core router instability,NOC Core,1,Assign service assurance follow-up
INC-2026-01040,2026-01-19,2026-01,SITE-0238,Denpasar,Mobile Broadband,Medium,Resolved,2026-01-19T17:56:00,2026-01-19T21:13:00,197,82,Planned maintenance overrun,Customer Assurance,1,Assign service assurance follow-up
INC-2026-01188,2026-01-19,2026-01,SITE-0038,Denpasar,Enterprise VPN,Low,Closed,2026-01-19T13:42:00,2026-01-19T14:39:00,57,11,Planned maintenance overrun,Enterprise Support,1,Monitor and resolve in standard queue
INC-2026-01318,2026-01-19,2026-01,SITE-0016,Semarang,Enterprise VPN,Medium,Closed,2026-01-19T21:44:00,2026-01-19T23:06:00,82,48,Fiber cut,Enterprise Support,1,Assign service assurance follow-up
INC-2026-01354,2026-01-19,2026-01,SITE-0108,Denpasar,Fiber Internet,Medium,Investigating,2026-01-19T14:21:00,,123,119,Core router instability,Fiber Maintenance,1,Assign service assurance follow-up
INC-2026-01899,2026-01-19,2026-01,SITE-0173,Surabaya,Voice,High,Escalated,2026-01-19T12:04:00,,338,344,Power outage,Fiber Maintenance,2,Escalate to regional operations lead
INC-2026-02115,2026-01-19,2026-01,SITE-0162,Bandung,IPTV,Medium,Resolved,2026-01-19T12:33:00,2026-01-19T15:07:00,154,211,Access node congestion,Enterprise Support,1,Assign service assurance follow-up
INC-2026-00926,2026-01-20,2026-01,SITE-0028,Denpasar,Voice,Low,Resolved,2026-01-20T19:28:00,2026-01-20T20:09:00,41,51,Customer premises equipment,Customer Assurance,1,Monitor and resolve in standard queue
INC-2026-00964,2026-01-20,2026-01,SITE-0122,Bandung,Enterprise VPN,Low,Resolved,2026-01-20T03:56:00,2026-01-20T04:36:00,40,18,Customer premises equipment,NOC Core,1,Monitor and resolve in standard queue
INC-2026-01224,2026-01-20,2026-01,SITE-0164,Medan,Voice,Low,Closed,2026-01-20T10:12:00,2026-01-20T11:05:00,53,41,Customer premises equipment,Field Operations,1,Monitor and resolve in standard queue
INC-2026-01955,2026-01-20,2026-01,SITE-0095,Makassar,IPTV,Medium,Closed,2026-01-20T20:00:00,2026-01-20T22:22:00,142,95,Core router instability,Customer Assurance,1,Assign service assurance follow-up
INC-2026-00216,2026-01-21,2026-01,SITE-0083,Surabaya,Mobile Broadband,High,Resolved,2026-01-21T08:50:00,2026-01-21T16:42:00,472,429,Configuration drift,Field Operations,2,Escalate to regional operations lead
INC-2026-00254,2026-01-21,2026-01,SITE-0203,Surabaya,IPTV,Medium,Closed,2026-01-21T22:30:00,2026-01-22T00:27:00,117,74,Access node congestion,Fiber Maintenance,1,Assign service assurance follow-up
INC-2026-00959,2026-01-21,2026-01,SITE-0232,Bandung,Enterprise VPN,High,Closed,2026-01-21T03:40:00,2026-01-21T09:12:00,332,40,Power outage,Enterprise Support,2,Escalate to regional operations lead
INC-2026-01456,2026-01-21,2026-01,SITE-0009,Palembang,IPTV,Critical,Closed,2026-01-21T21:42:00,2026-01-22T05:17:00,455,964,Backhaul packet loss,Fiber Maintenance,3,Open command bridge and dispatch field team
INC-2026-01594,2026-01-21,2026-01,SITE-0226,Semarang,Mobile Broadband,Medium,Resolved,2026-01-21T06:17:00,2026-01-21T08:48:00,151,119,Power outage,Enterprise Support,1,Assign service assurance follow-up
INC-2026-01597,2026-01-21,2026-01,SITE-0169,Palembang,IPTV,Low,Resolved,2026-01-21T20:18:00,2026-01-21T21:23:00,65,26,Configuration drift,NOC Core,1,Monitor and resolve in standard queue
INC-2026-01855,2026-01-21,2026-01,SITE-0160,Balikpapan,Fiber Internet,Low,Resolved,2026-01-21T11:16:00,2026-01-21T12:14:00,58,66,Backhaul packet loss,NOC Core,1,Monitor and resolve in standard queue
INC-2026-02166,2026-01-21,2026-01,SITE-0073,Surabaya,Cloud Connectivity,High,Closed,2026-01-21T03:47:00,2026-01-21T10:47:00,420,356,Fiber cut,Customer Assurance,2,Escalate to regional operations lead
INC-2026-00680,2026-01-22,2026-01,SITE-0217,Yogyakarta,Cloud Connectivity,Critical,Resolved,2026-01-22T20:46:00,2026-01-23T01:06:00,260,1234,Configuration drift,Customer Assurance,3,Open command bridge and dispatch field team
INC-2026-01022,2026-01-22,2026-01,SITE-0075,Makassar,IPTV,Low,Resolved,2026-01-22T17:28:00,2026-01-22T18:02:00,34,25,Access node congestion,Customer Assurance,1,Monitor and resolve in standard queue
INC-2026-01245,2026-01-22,2026-01,SITE-0137,Yogyakarta,Enterprise VPN,High,Closed,2026-01-22T03:44:00,2026-01-22T07:22:00,218,267,Backhaul packet loss,Enterprise Support,2,Escalate to regional operations lead
INC-2026-01673,2026-01-22,2026-01,SITE-0062,Bandung,Voice,Medium,Resolved,2026-01-22T01:31:00,2026-01-22T04:27:00,176,50,Customer premises equipment,NOC Core,1,Assign service assurance follow-up
INC-2026-01824,2026-01-22,2026-01,SITE-0116,Semarang,Voice,Low,Resolved,2026-01-22T14:14:00,2026-01-22T15:05:00,51,27,Core router instability,Enterprise Support,1,Monitor and resolve in standard queue
INC-2026-01973,2026-01-22,2026-01,SITE-0102,Bandung,Enterprise VPN,Low,Resolved,2026-01-22T18:44:00,2026-01-22T19:25:00,41,21,Core router instability,Field Operations,1,Monitor and resolve in standard queue
INC-2026-02112,2026-01-22,2026-01,SITE-0039,Palembang,IPTV,Medium,Investigating,2026-01-22T10:05:00,,101,79,Configuration drift,Enterprise Support,1,Assign service assurance follow-up
INC-2026-00632,2026-01-23,2026-01,SITE-0237,Yogyakarta,Voice,Medium,Resolved,2026-01-23T01:49:00,2026-01-23T03:50:00,121,131,Fiber cut,Field Operations,1,Assign service assurance follow-up
INC-2026-00697,2026-01-23,2026-01,SITE-0249,Palembang,Enterprise VPN,Medium,Resolved,2026-01-23T23:46:00,2026-01-24T03:11:00,205,85,Core router instability,Field Operations,1,Assign service assurance follow-up
INC-2026-01333,2026-01-23,2026-01,SITE-0210,Balikpapan,IPTV,Low,Closed,2026-01-23T00:25:00,2026-01-23T01:06:00,41,51,Core router instability,Field Operations,1,Monitor and resolve in standard queue
INC-2026-01564,2026-01-23,2026-01,SITE-0090,Balikpapan,IPTV,High,Resolved,2026-01-23T23:11:00,2026-01-24T04:43:00,332,406,Fiber cut,Fiber Maintenance,2,Escalate to regional operations lead
INC-2026-02067,2026-01-23,2026-01,SITE-0201,Jakarta,Voice,High,Resolved,2026-01-23T16:28:00,2026-01-23T22:06:00,338,333,Access node congestion,NOC Core,2,Escalate to regional operations lead
INC-2026-02175,2026-01-23,2026-01,SITE-0236,Semarang,Cloud Connectivity,Medium,Resolved,2026-01-23T20:49:00,2026-01-23T23:06:00,137,275,Access node congestion,Field Operations,1,Assign service assurance follow-up
INC-2026-00020,2026-01-24,2026-01,SITE-0187,Yogyakarta,Voice,Low,Closed,2026-01-24T00:28:00,2026-01-24T00:58:00,30,23,Backhaul packet loss,NOC Core,1,Monitor and resolve in standard queue
INC-2026-00253,2026-01-24,2026-01,SITE-0243,Surabaya,Voice,Medium,Resolved,2026-01-24T12:53:00,2026-01-24T14:49:00,116,207,Configuration drift,Enterprise Support,1,Assign service assurance follow-up
INC-2026-00472,2026-01-24,2026-01,SITE-0017,Yogyakarta,IPTV,Low,Open,2026-01-24T17:39:00,,37,32,Configuration drift,Fiber Maintenance,1,Monitor and resolve in standard queue
INC-2026-01431,2026-01-24,2026-01,SITE-0210,Balikpapan,IPTV,Medium,Resolved,2026-01-24T10:25:00,2026-01-24T13:45:00,200,166,Power outage,NOC Core,1,Assign service assurance follow-up
INC-2026-01622,2026-01-24,2026-01,SITE-0016,Semarang,Enterprise VPN,High,Closed,2026-01-24T04:02:00,2026-01-24T10:15:00,373,98,Core router instability,Field Operations,2,Escalate to regional operations lead
INC-2026-01758,2026-01-24,2026-01,SITE-0163,Surabaya,Cloud Connectivity,Low,Closed,2026-01-24T04:05:00,2026-01-24T05:19:00,74,57,Core router instability,NOC Core,1,Monitor and resolve in standard queue
INC-2026-01782,2026-01-24,2026-01,SITE-0212,Bandung,Cloud Connectivity,Low,Resolved,2026-01-24T13:35:00,2026-01-24T14:35:00,60,41,Fiber cut,Customer Assurance,1,Monitor and resolve in standard queue
INC-2026-00089,2026-01-25,2026-01,SITE-0001,Jakarta,IPTV,Low,Resolved,2026-01-25T02:20:00,2026-01-25T02:55:00,35,62,Core router instability,Field Operations,1,Monitor and resolve in standard queue
INC-2026-00165,2026-01-25,2026-01,SITE-0108,Denpasar,Fiber Internet,Low,Resolved,2026-01-25T20:10:00,2026-01-25T21:11:00,61,37,Planned maintenance overrun,Customer Assurance,1,Monitor and resolve in standard queue
INC-2026-00301,2026-01-25,2026-01,SITE-0089,Palembang,IPTV,Low,Closed,2026-01-25T03:57:00,2026-01-25T04:53:00,56,37,Power outage,Customer Assurance,1,Monitor and resolve in standard queue
INC-2026-00827,2026-01-25,2026-01,SITE-0132,Bandung,Fiber Internet,Medium,Closed,2026-01-25T03:06:00,2026-01-25T05:12:00,126,46,Power outage,NOC Core,1,Assign service assurance follow-up
INC-2026-00846,2026-01-25,2026-01,SITE-0014,Medan,Voice,High,Resolved,2026-01-25T20:47:00,2026-01-26T01:35:00,288,233,Power outage,Fiber Maintenance,2,Escalate to regional operations lead
INC-2026-01026,2026-01-25,2026-01,SITE-0005,Makassar,Fiber Internet,Medium,Resolved,2026-01-25T22:27:00,2026-01-26T00:14:00,107,124,Planned maintenance overrun,Fiber Maintenance,1,Assign service assurance follow-up
INC-2026-01078,2026-01-25,2026-01,SITE-0249,Palembang,Enterprise VPN,Medium,Closed,2026-01-25T11:12:00,2026-01-25T13:38:00,146,34,Access node congestion,Customer Assurance,1,Assign service assurance follow-up
INC-2026-01484,2026-01-25,2026-01,SITE-0105,Makassar,Fiber Internet,Low,Resolved,2026-01-25T05:36:00,2026-01-25T06:33:00,57,48,Power outage,Customer Assurance,1,Monitor and resolve in standard queue
INC-2026-01948,2026-01-25,2026-01,SITE-0073,Surabaya,Cloud Connectivity,Medium,Resolved,2026-01-25T15:56:00,2026-01-25T18:43:00,167,101,Customer premises equipment,Enterprise Support,1,Assign service assurance follow-up
INC-2026-02010,2026-01-25,2026-01,SITE-0164,Medan,Voice,Medium,Open,2026-01-25T14:04:00,,159,123,Customer premises equipment,Fiber Maintenance,1,Assign service assurance follow-up
INC-2026-00226,2026-01-26,2026-01,SITE-0084,Medan,Mobile Broadband,Medium,Resolved,2026-01-26T18:01:00,2026-01-26T20:43:00,162,144,Power outage,Field Operations,1,Assign service assurance follow-up
INC-2026-00392,2026-01-26,2026-01,SITE-0232,Bandung,Enterprise VPN,Low,Resolved,2026-01-26T23:08:00,2026-01-27T00:11:00,63,2,Customer premises equipment,Fiber Maintenance,1,Monitor and resolve in standard queue
INC-2026-00660,2026-01-26,2026-01,SITE-0136,Semarang,Cloud Connectivity,Medium,Closed,2026-01-26T12:45:00,2026-01-26T15:19:00,154,80,Fiber cut,NOC Core,1,Assign service assurance follow-up
INC-2026-00802,2026-01-26,2026-01,SITE-0018,Denpasar,Cloud Connectivity,Low,Closed,2026-01-26T06:50:00,2026-01-26T07:50:00,60,17,Customer premises equipment,Fiber Maintenance,1,Monitor and resolve in standard queue
INC-2026-00866,2026-01-26,2026-01,SITE-0079,Palembang,Enterprise VPN,Low,Resolved,2026-01-26T16:31:00,2026-01-26T17:25:00,54,17,Access node congestion,Field Operations,1,Monitor and resolve in standard queue
INC-2026-00944,2026-01-26,2026-01,SITE-0104,Medan,Cloud Connectivity,Medium,Resolved,2026-01-26T08:57:00,2026-01-26T10:55:00,118,82,Fiber cut,Field Operations,1,Assign service assurance follow-up
INC-2026-01062,2026-01-26,2026-01,SITE-0002,Bandung,Mobile Broadband,Low,Resolved,2026-01-26T04:27:00,2026-01-26T04:50:00,23,32,Power outage,Customer Assurance,1,Monitor and resolve in standard queue
INC-2026-01312,2026-01-26,2026-01,SITE-0054,Medan,Enterprise VPN,Low,Closed,2026-01-26T11:43:00,2026-01-26T12:50:00,67,16,Configuration drift,Field Operations,1,Monitor and resolve in standard queue
INC-2026-01482,2026-01-26,2026-01,SITE-0220,Balikpapan,Fiber Internet,Low,Closed,2026-01-26T21:57:00,2026-01-26T22:52:00,55,37,Planned maintenance overrun,Enterprise Support,1,Monitor and resolve in standard queue
INC-2026-00708,2026-01-27,2026-01,SITE-0019,Palembang,Enterprise VPN,Medium,Closed,2026-01-27T14:07:00,2026-01-27T16:19:00,132,102,Planned maintenance overrun,Customer Assurance,1,Assign service assurance follow-up
INC-2026-01819,2026-01-27,2026-01,SITE-0204,Medan,Cloud Connectivity,High,Closed,2026-01-27T16:25:00,2026-01-27T23:35:00,430,560,Access node congestion,Customer Assurance,2,Escalate to regional operations lead
INC-2026-00085,2026-01-28,2026-01,SITE-0102,Bandung,Enterprise VPN,High,Closed,2026-01-28T10:38:00,2026-01-28T15:36:00,298,308,Planned maintenance overrun,Fiber Maintenance,2,Escalate to regional operations lead
INC-2026-00139,2026-01-28,2026-01,SITE-0196,Semarang,Fiber Internet,Low,Resolved,2026-01-28T02:30:00,2026-01-28T03:16:00,46,33,Core router instability,Fiber Maintenance,1,Monitor and resolve in standard queue
INC-2026-00247,2026-01-28,2026-01,SITE-0237,Yogyakarta,Voice,Medium,Closed,2026-01-28T14:34:00,2026-01-28T17:38:00,184,88,Power outage,Field Operations,1,Assign service assurance follow-up
INC-2026-00393,2026-01-28,2026-01,SITE-0173,Surabaya,Voice,Medium,Resolved,2026-01-28T08:55:00,2026-01-28T10:50:00,115,123,Customer premises equipment,NOC Core,1,Assign service assurance follow-up
INC-2026-00461,2026-01-28,2026-01,SITE-0168,Denpasar,Cloud Connectivity,Low,Resolved,2026-01-28T07:48:00,2026-01-28T09:03:00,75,18,Fiber cut,Field Operations,1,Monitor and resolve in standard queue
INC-2026-00490,2026-01-28,2026-01,SITE-0090,Balikpapan,IPTV,Low,Resolved,2026-01-28T05:59:00,2026-01-28T06:52:00,53,35,Planned maintenance overrun,Customer Assurance,1,Monitor and resolve in standard queue
INC-2026-00789,2026-01-28,2026-01,SITE-0159,Palembang,Mobile Broadband,Medium,Resolved,2026-01-28T06:30:00,2026-01-28T09:01:00,151,111,Fiber cut,Customer Assurance,1,Assign service assurance follow-up
INC-2026-01057,2026-01-28,2026-01,SITE-0010,Balikpapan,Cloud Connectivity,Medium,Closed,2026-01-28T02:24:00,2026-01-28T05:36:00,192,79,Fiber cut,Customer Assurance,1,Assign service assurance follow-up
INC-2026-00063,2026-01-29,2026-01,SITE-0112,Bandung,Voice,Medium,Resolved,2026-01-29T18:25:00,2026-01-29T19:48:00,83,117,Core router instability,Enterprise Support,1,Assign service assurance follow-up
INC-2026-00320,2026-01-29,2026-01,SITE-0061,Jakarta,Cloud Connectivity,Medium,Resolved,2026-01-29T23:12:00,2026-01-30T02:29:00,197,70,Planned maintenance overrun,Enterprise Support,1,Assign service assurance follow-up
INC-2026-00411,2026-01-29,2026-01,SITE-0174,Medan,Mobile Broadband,Low,Resolved,2026-01-29T02:17:00,2026-01-29T03:17:00,60,17,Access node congestion,Field Operations,1,Monitor and resolve in standard queue
INC-2026-00543,2026-01-29,2026-01,SITE-0047,Yogyakarta,Mobile Broadband,Medium,Resolved,2026-01-29T14:51:00,2026-01-29T17:22:00,151,180,Backhaul packet loss,Field Operations,1,Assign service assurance follow-up
INC-2026-00604,2026-01-29,2026-01,SITE-0094,Medan,Voice,Medium,Resolved,2026-01-29T11:58:00,2026-01-29T13:18:00,80,124,Fiber cut,Enterprise Support,1,Assign service assurance follow-up
INC-2026-01670,2026-01-29,2026-01,SITE-0047,Yogyakarta,Mobile Broadband,High,Resolved,2026-01-29T05:48:00,2026-01-29T12:36:00,408,492,Planned maintenance overrun,Customer Assurance,2,Escalate to regional operations lead
INC-2026-00167,2026-01-30,2026-01,SITE-0095,Makassar,IPTV,Medium,Resolved,2026-01-30T15:30:00,2026-01-30T18:46:00,196,90,Customer premises equipment,NOC Core,1,Assign service assurance follow-up
INC-2026-00546,2026-01-30,2026-01,SITE-0031,Jakarta,Cloud Connectivity,Low,Closed,2026-01-30T13:30:00,2026-01-30T14:14:00,44,59,Access node congestion,NOC Core,1,Monitor and resolve in standard queue
INC-2026-00607,2026-01-30,2026-01,SITE-0091,Jakarta,Enterprise VPN,Low,Resolved,2026-01-30T07:54:00,2026-01-30T08:48:00,54,25,Planned maintenance overrun,Fiber Maintenance,1,Monitor and resolve in standard queue
INC-2026-00736,2026-01-30,2026-01,SITE-0245,Makassar,Voice,Critical,Resolved,2026-01-30T01:03:00,2026-01-30T08:12:00,429,778,Backhaul packet loss,Customer Assurance,3,Open command bridge and dispatch field team
INC-2026-00815,2026-01-30,2026-01,SITE-0013,Surabaya,Mobile Broadband,Medium,Resolved,2026-01-30T15:43:00,2026-01-30T17:56:00,133,72,Core router instability,Enterprise Support,1,Assign service assurance follow-up
INC-2026-01033,2026-01-30,2026-01,SITE-0127,Yogyakarta,Mobile Broadband,Low,Resolved,2026-01-30T18:18:00,2026-01-30T19:13:00,55,52,Backhaul packet loss,Fiber Maintenance,1,Monitor and resolve in standard queue
INC-2026-00223,2026-01-31,2026-01,SITE-0148,Denpasar,Mobile Broadband,Low,Resolved,2026-01-31T17:49:00,2026-01-31T18:22:00,33,29,Planned maintenance overrun,NOC Core,1,Monitor and resolve in standard queue
INC-2026-00605,2026-01-31,2026-01,SITE-0180,Balikpapan,Voice,Low,Resolved,2026-01-31T23:18:00,2026-02-01T00:12:00,54,48,Configuration drift,NOC Core,1,Monitor and resolve in standard queue
INC-2026-00622,2026-01-31,2026-01,SITE-0235,Makassar,Voice,Low,Closed,2026-01-31T22:32:00,2026-01-31T23:34:00,62,27,Access node congestion,Field Operations,1,Monitor and resolve in standard queue
INC-2026-00677,2026-01-31,2026-01,SITE-0122,Bandung,Enterprise VPN,Medium,Closed,2026-01-31T14:52:00,2026-01-31T16:42:00,110,44,Backhaul packet loss,NOC Core,1,Assign service assurance follow-up
INC-2026-00698,2026-01-31,2026-01,SITE-0047,Yogyakarta,Mobile Broadband,Low,Resolved,2026-01-31T18:11:00,2026-01-31T18:58:00,47,41,Configuration drift,Fiber Maintenance,1,Monitor and resolve in standard queue
INC-2026-00860,2026-01-31,2026-01,SITE-0143,Surabaya,Mobile Broadband,Medium,Resolved,2026-01-31T03:03:00,2026-01-31T05:54:00,171,148,Power outage,Customer Assurance,1,Assign service assurance follow-up
INC-2026-01228,2026-01-31,2026-01,SITE-0243,Surabaya,Voice,Medium,Resolved,2026-01-31T18:01:00,2026-01-31T20:33:00,152,120,Customer premises equipment,Customer Assurance,1,Assign service assurance follow-up
INC-2026-01486,2026-01-31,2026-01,SITE-0190,Balikpapan,IPTV,Low,Resolved,2026-01-31T10:09:00,2026-01-31T11:10:00,61,43,Planned maintenance overrun,Enterprise Support,1,Monitor and resolve in standard queue
INC-2026-01520,2026-01-31,2026-01,SITE-0121,Jakarta,Voice,Medium,Resolved,2026-01-31T02:08:00,2026-01-31T04:17:00,129,108,Access node congestion,Customer Assurance,1,Assign service assurance follow-up
INC-2026-00626,2026-02-01,2026-02,SITE-0193,Surabaya,IPTV,Medium,Resolved,2026-02-01T06:56:00,2026-02-01T09:42:00,166,106,Backhaul packet loss,Customer Assurance,1,Assign service assurance follow-up
INC-2026-01137,2026-02-01,2026-02,SITE-0151,Jakarta,Voice,Low,Resolved,2026-02-01T22:10:00,2026-02-01T23:19:00,69,41,Planned maintenance overrun,Enterprise Support,1,Monitor and resolve in standard queue
INC-2026-00123,2026-02-02,2026-02,SITE-0145,Makassar,Mobile Broadband,Medium,Resolved,2026-02-02T05:07:00,2026-02-02T06:58:00,111,157,Planned maintenance overrun,Enterprise Support,1,Assign service assurance follow-up
INC-2026-00674,2026-02-02,2026-02,SITE-0194,Medan,Fiber Internet,Medium,Closed,2026-02-02T17:21:00,2026-02-02T18:48:00,87,222,Fiber cut,Customer Assurance,1,Assign service assurance follow-up
INC-2026-00716,2026-02-02,2026-02,SITE-0033,Surabaya,Voice,Medium,Closed,2026-02-02T17:39:00,2026-02-02T19:42:00,123,132,Backhaul packet loss,NOC Core,1,Assign service assurance follow-up
INC-2026-00899,2026-02-02,2026-02,SITE-0035,Makassar,Mobile Broadband,Low,Resolved,2026-02-02T08:52:00,2026-02-02T09:54:00,62,32,Backhaul packet loss,NOC Core,1,Monitor and resolve in standard queue
INC-2026-00987,2026-02-02,2026-02,SITE-0045,Makassar,Fiber Internet,Medium,Closed,2026-02-02T09:43:00,2026-02-02T11:17:00,94,175,Power outage,Customer Assurance,1,Assign service assurance follow-up
INC-2026-01996,2026-02-02,2026-02,SITE-0010,Balikpapan,Cloud Connectivity,Low,Resolved,2026-02-02T12:13:00,2026-02-02T13:01:00,48,32,Access node congestion,Fiber Maintenance,1,Monitor and resolve in standard queue
INC-2026-02157,2026-02-02,2026-02,SITE-0041,Jakarta,Cloud Connectivity,High,Resolved,2026-02-02T15:30:00,2026-02-02T22:00:00,390,671,Power outage,Field Operations,2,Escalate to regional operations lead
INC-2026-00204,2026-02-03,2026-02,SITE-0164,Medan,Voice,High,Closed,2026-02-03T21:53:00,2026-02-04T02:20:00,267,298,Customer premises equipment,NOC Core,2,Escalate to regional operations lead
INC-2026-00332,2026-02-03,2026-02,SITE-0046,Semarang,Cloud Connectivity,High,Resolved,2026-02-03T16:09:00,2026-02-03T22:40:00,391,183,Power outage,Fiber Maintenance,2,Escalate to regional operations lead
INC-2026-00455,2026-02-03,2026-02,SITE-0136,Semarang,Cloud Connectivity,Low,Escalated,2026-02-03T07:20:00,,50,40,Power outage,Fiber Maintenance,1,Monitor and resolve in standard queue
INC-2026-01045,2026-02-03,2026-02,SITE-0113,Surabaya,Fiber Internet,Critical,Resolved,2026-02-03T20:19:00,2026-02-04T04:17:00,478,873,Access node congestion,NOC Core,3,Open command bridge and dispatch field team
INC-2026-01072,2026-02-03,2026-02,SITE-0169,Palembang,IPTV,Medium,Resolved,2026-02-03T14:12:00,2026-02-03T15:32:00,80,68,Planned maintenance overrun,Customer Assurance,1,Assign service assurance follow-up
INC-2026-01952,2026-02-03,2026-02,SITE-0147,Yogyakarta,Fiber Internet,Medium,Resolved,2026-02-03T14:07:00,2026-02-03T16:08:00,121,98,Power outage,NOC Core,1,Assign service assurance follow-up
INC-2026-00078,2026-02-04,2026-02,SITE-0242,Bandung,Enterprise VPN,Low,Resolved,2026-02-04T01:13:00,2026-02-04T02:25:00,72,14,Backhaul packet loss,Field Operations,1,Monitor and resolve in standard queue
INC-2026-00354,2026-02-04,2026-02,SITE-0111,Jakarta,Fiber Internet,Critical,Closed,2026-02-04T14:40:00,2026-02-04T21:07:00,387,671,Access node congestion,Customer Assurance,3,Open command bridge and dispatch field team
INC-2026-00822,2026-02-04,2026-02,SITE-0161,Jakarta,Fiber Internet,Low,Closed,2026-02-04T14:26:00,2026-02-04T15:16:00,50,31,Planned maintenance overrun,Customer Assurance,1,Monitor and resolve in standard queue
INC-2026-00940,2026-02-04,2026-02,SITE-0040,Balikpapan,Voice,Medium,Closed,2026-02-04T04:27:00,2026-02-04T07:36:00,189,129,Backhaul packet loss,Enterprise Support,1,Assign service assurance follow-up
INC-2026-00968,2026-02-04,2026-02,SITE-0214,Medan,Cloud Connectivity,High,Resolved,2026-02-04T05:01:00,2026-02-04T10:15:00,314,529,Power outage,Enterprise Support,2,Escalate to regional operations lead
INC-2026-01513,2026-02-04,2026-02,SITE-0233,Surabaya,Voice,High,Closed,2026-02-04T22:53:00,2026-02-05T04:04:00,311,426,Customer premises equipment,Fiber Maintenance,2,Escalate to regional operations lead
INC-2026-00023,2026-02-05,2026-02,SITE-0001,Jakarta,IPTV,Medium,Resolved,2026-02-05T14:44:00,2026-02-05T16:20:00,96,212,Planned maintenance overrun,Field Operations,1,Assign service assurance follow-up
INC-2026-01103,2026-02-05,2026-02,SITE-0036,Semarang,Enterprise VPN,High,Resolved,2026-02-05T16:42:00,2026-02-06T02:23:00,581,248,Backhaul packet loss,Enterprise Support,2,Escalate to regional operations lead
INC-2026-01117,2026-02-05,2026-02,SITE-0214,Medan,Cloud Connectivity,High,Resolved,2026-02-05T19:55:00,2026-02-06T01:41:00,346,509,Configuration drift,Customer Assurance,2,Escalate to regional operations lead
INC-2026-01177,2026-02-05,2026-02,SITE-0029,Palembang,Voice,Medium,Closed,2026-02-05T13:27:00,2026-02-05T16:34:00,187,107,Configuration drift,Fiber Maintenance,1,Assign service assurance follow-up
INC-2026-01632,2026-02-05,2026-02,SITE-0014,Medan,Voice,High,Resolved,2026-02-05T17:46:00,2026-02-05T23:56:00,370,256,Power outage,Customer Assurance,2,Escalate to regional operations lead
INC-2026-02012,2026-02-05,2026-02,SITE-0145,Makassar,Mobile Broadband,Low,Closed,2026-02-05T18:12:00,2026-02-05T19:05:00,53,54,Configuration drift,Fiber Maintenance,1,Monitor and resolve in standard queue
INC-2026-02161,2026-02-05,2026-02,SITE-0210,Balikpapan,IPTV,Medium,Closed,2026-02-05T14:12:00,2026-02-05T16:41:00,149,164,Customer premises equipment,NOC Core,1,Assign service assurance follow-up
INC-2026-00194,2026-02-06,2026-02,SITE-0221,Jakarta,Cloud Connectivity,Medium,Resolved,2026-02-06T18:08:00,2026-02-06T20:01:00,113,112,Fiber cut,NOC Core,1,Assign service assurance follow-up
INC-2026-00792,2026-02-06,2026-02,SITE-0222,Bandung,Mobile Broadband,Medium,Resolved,2026-02-06T02:38:00,2026-02-06T05:49:00,191,82,Configuration drift,NOC Core,1,Assign service assurance follow-up
INC-2026-00870,2026-02-06,2026-02,SITE-0246,Semarang,Mobile Broadband,Medium,Resolved,2026-02-06T05:45:00,2026-02-06T08:31:00,166,101,Backhaul packet loss,Field Operations,1,Assign service assurance follow-up
INC-2026-01987,2026-02-06,2026-02,SITE-0109,Palembang,Voice,Low,Resolved,2026-02-06T19:41:00,2026-02-06T20:38:00,57,30,Configuration drift,NOC Core,1,Monitor and resolve in standard queue
INC-2026-01180,2026-02-07,2026-02,SITE-0220,Balikpapan,Fiber Internet,High,Closed,2026-02-07T12:33:00,2026-02-07T19:20:00,407,648,Customer premises equipment,Enterprise Support,2,Escalate to regional operations lead
INC-2026-01448,2026-02-07,2026-02,SITE-0197,Yogyakarta,Enterprise VPN,High,Investigating,2026-02-07T07:40:00,,448,175,Fiber cut,Enterprise Support,2,Escalate to regional operations lead
INC-2026-00963,2026-02-08,2026-02,SITE-0032,Bandung,Enterprise VPN,Low,Closed,2026-02-08T03:24:00,2026-02-08T03:42:00,18,13,Backhaul packet loss,Customer Assurance,1,Monitor and resolve in standard queue
INC-2026-01549,2026-02-08,2026-02,SITE-0198,Denpasar,Fiber Internet,Low,Resolved,2026-02-08T07:28:00,2026-02-08T08:15:00,47,30,Customer premises equipment,Field Operations,1,Monitor and resolve in standard queue
INC-2026-01692,2026-02-08,2026-02,SITE-0058,Denpasar,Mobile Broadband,High,Resolved,2026-02-08T15:09:00,2026-02-08T22:31:00,442,393,Configuration drift,NOC Core,2,Escalate to regional operations lead
INC-2026-01808,2026-02-08,2026-02,SITE-0231,Jakarta,IPTV,Medium,Escalated,2026-02-08T18:46:00,,146,210,Access node congestion,Field Operations,1,Assign service assurance follow-up
INC-2026-01989,2026-02-08,2026-02,SITE-0236,Semarang,Cloud Connectivity,Low,Resolved,2026-02-08T02:41:00,2026-02-08T03:43:00,62,46,Core router instability,Field Operations,1,Monitor and resolve in standard queue
INC-2026-02023,2026-02-08,2026-02,SITE-0211,Jakarta,Mobile Broadband,Low,Closed,2026-02-08T04:57:00,2026-02-08T05:51:00,54,61,Configuration drift,Field Operations,1,Monitor and resolve in standard queue
INC-2026-02123,2026-02-08,2026-02,SITE-0248,Denpasar,Cloud Connectivity,Low,Closed,2026-02-08T21:08:00,2026-02-08T22:14:00,66,33,Planned maintenance overrun,Customer Assurance,1,Monitor and resolve in standard queue
INC-2026-00925,2026-02-09,2026-02,SITE-0004,Medan,IPTV,Medium,Resolved,2026-02-09T14:16:00,2026-02-09T16:00:00,104,108,Backhaul packet loss,Fiber Maintenance,1,Assign service assurance follow-up
INC-2026-00939,2026-02-09,2026-02,SITE-0057,Yogyakarta,IPTV,Low,Resolved,2026-02-09T15:04:00,2026-02-09T16:36:00,92,50,Fiber cut,Customer Assurance,1,Monitor and resolve in standard queue
INC-2026-00960,2026-02-09,2026-02,SITE-0144,Medan,Enterprise VPN,Low,Closed,2026-02-09T00:49:00,2026-02-09T01:38:00,49,3,Fiber cut,Enterprise Support,1,Monitor and resolve in standard queue
INC-2026-01727,2026-02-09,2026-02,SITE-0097,Yogyakarta,IPTV,Medium,Resolved,2026-02-09T20:54:00,2026-02-09T23:44:00,170,172,Core router instability,Customer Assurance,1,Assign service assurance follow-up
INC-2026-01864,2026-02-09,2026-02,SITE-0076,Semarang,Voice,Medium,Resolved,2026-02-09T12:33:00,2026-02-09T14:24:00,111,98,Configuration drift,NOC Core,1,Assign service assurance follow-up
INC-2026-00049,2026-02-10,2026-02,SITE-0224,Medan,Mobile Broadband,Low,Resolved,2026-02-10T23:44:00,2026-02-11T00:40:00,56,89,Fiber cut,Fiber Maintenance,1,Monitor and resolve in standard queue
INC-2026-01323,2026-02-10,2026-02,SITE-0228,Denpasar,Cloud Connectivity,Medium,Resolved,2026-02-10T21:35:00,2026-02-10T23:54:00,139,138,Core router instability,Fiber Maintenance,1,Assign service assurance follow-up
INC-2026-01643,2026-02-10,2026-02,SITE-0001,Jakarta,IPTV,High,Open,2026-02-10T23:11:00,,276,456,Configuration drift,NOC Core,2,Escalate to regional operations lead
INC-2026-00700,2026-02-11,2026-02,SITE-0248,Denpasar,Cloud Connectivity,Medium,Closed,2026-02-11T14:30:00,2026-02-11T16:41:00,131,62,Planned maintenance overrun,NOC Core,1,Assign service assurance follow-up
INC-2026-00869,2026-02-11,2026-02,SITE-0188,Denpasar,Cloud Connectivity,Medium,Resolved,2026-02-11T22:54:00,2026-02-12T01:13:00,139,193,Planned maintenance overrun,Fiber Maintenance,1,Assign service assurance follow-up
INC-2026-01111,2026-02-11,2026-02,SITE-0194,Medan,Fiber Internet,Low,Resolved,2026-02-11T05:17:00,2026-02-11T05:57:00,40,64,Power outage,Fiber Maintenance,1,Monitor and resolve in standard queue
INC-2026-01128,2026-02-11,2026-02,SITE-0079,Palembang,Enterprise VPN,Medium,Escalated,2026-02-11T19:28:00,,123,76,Backhaul packet loss,Field Operations,1,Assign service assurance follow-up
INC-2026-01141,2026-02-11,2026-02,SITE-0223,Surabaya,Enterprise VPN,Low,Resolved,2026-02-11T23:40:00,2026-02-12T00:35:00,55,17,Fiber cut,NOC Core,1,Monitor and resolve in standard queue
INC-2026-01382,2026-02-11,2026-02,SITE-0048,Denpasar,Voice,Medium,Resolved,2026-02-11T00:52:00,2026-02-11T03:37:00,165,185,Backhaul packet loss,Fiber Maintenance,1,Assign service assurance follow-up
INC-2026-02000,2026-02-11,2026-02,SITE-0016,Semarang,Enterprise VPN,Medium,Resolved,2026-02-11T07:49:00,2026-02-11T10:32:00,163,30,Customer premises equipment,Field Operations,1,Assign service assurance follow-up
INC-2026-00182,2026-02-12,2026-02,SITE-0040,Balikpapan,Voice,Low,Resolved,2026-02-12T23:49:00,2026-02-13T00:37:00,48,32,Configuration drift,Enterprise Support,1,Monitor and resolve in standard queue
INC-2026-00606,2026-02-12,2026-02,SITE-0090,Balikpapan,IPTV,Medium,Closed,2026-02-12T13:04:00,2026-02-12T15:01:00,117,122,Backhaul packet loss,Fiber Maintenance,1,Assign service assurance follow-up
INC-2026-00786,2026-02-12,2026-02,SITE-0113,Surabaya,Fiber Internet,Low,Resolved,2026-02-12T00:28:00,2026-02-12T01:25:00,57,35,Access node congestion,NOC Core,1,Monitor and resolve in standard queue
INC-2026-00876,2026-02-12,2026-02,SITE-0240,Balikpapan,Mobile Broadband,Medium,Resolved,2026-02-12T13:22:00,2026-02-12T15:50:00,148,99,Backhaul packet loss,Customer Assurance,1,Assign service assurance follow-up
INC-2026-01187,2026-02-12,2026-02,SITE-0050,Balikpapan,Cloud Connectivity,Low,Closed,2026-02-12T12:33:00,2026-02-12T13:38:00,65,23,Planned maintenance overrun,Customer Assurance,1,Monitor and resolve in standard queue
INC-2026-00992,2026-02-13,2026-02,SITE-0184,Medan,Enterprise VPN,Medium,Resolved,2026-02-13T13:44:00,2026-02-13T15:36:00,112,28,Backhaul packet loss,Customer Assurance,1,Assign service assurance follow-up
INC-2026-01023,2026-02-13,2026-02,SITE-0075,Makassar,IPTV,Low,Closed,2026-02-13T07:34:00,2026-02-13T08:11:00,37,20,Core router instability,Field Operations,1,Monitor and resolve in standard queue
INC-2026-01499,2026-02-13,2026-02,SITE-0206,Semarang,Voice,Critical,Resolved,2026-02-13T21:00:00,2026-02-14T05:05:00,485,678,Planned maintenance overrun,Customer Assurance,3,Open command bridge and dispatch field team
INC-2026-01633,2026-02-13,2026-02,SITE-0062,Bandung,Voice,Critical,Resolved,2026-02-13T00:28:00,2026-02-13T08:35:00,487,558,Power outage,NOC Core,3,Open command bridge and dispatch field team
INC-2026-00335,2026-02-14,2026-02,SITE-0073,Surabaya,Cloud Connectivity,Low,Resolved,2026-02-14T16:51:00,2026-02-14T17:42:00,51,40,Fiber cut,Enterprise Support,1,Monitor and resolve in standard queue
INC-2026-00549,2026-02-14,2026-02,SITE-0212,Bandung,Cloud Connectivity,Low,Resolved,2026-02-14T15:42:00,2026-02-14T16:24:00,42,40,Customer premises equipment,Customer Assurance,1,Monitor and resolve in standard queue
INC-2026-00651,2026-02-14,2026-02,SITE-0002,Bandung,Mobile Broadband,Low,Closed,2026-02-14T20:34:00,2026-02-14T21:14:00,40,64,Core router instability,NOC Core,1,Monitor and resolve in standard queue
INC-2026-00713,2026-02-14,2026-02,SITE-0002,Bandung,Mobile Broadband,Critical,Resolved,2026-02-14T19:00:00,2026-02-15T07:21:00,741,602,Configuration drift,Customer Assurance,3,Open command bridge and dispatch field team
INC-2026-00972,2026-02-14,2026-02,SITE-0037,Yogyakarta,Cloud Connectivity,High,Resolved,2026-02-14T18:33:00,2026-02-15T00:58:00,385,331,Access node congestion,Customer Assurance,2,Escalate to regional operations lead
INC-2026-01233,2026-02-14,2026-02,SITE-0250,Balikpapan,Mobile Broadband,Low,Closed,2026-02-14T04:51:00,2026-02-14T05:53:00,62,30,Access node congestion,NOC Core,1,Monitor and resolve in standard queue
INC-2026-01471,2026-02-14,2026-02,SITE-0100,Balikpapan,Cloud Connectivity,Critical,Escalated,2026-02-14T13:07:00,,607,1071,Planned maintenance overrun,Enterprise Support,3,Open command bridge and dispatch field team
INC-2026-01522,2026-02-14,2026-02,SITE-0076,Semarang,Voice,High,Resolved,2026-02-14T20:36:00,2026-02-15T02:19:00,343,307,Access node congestion,Enterprise Support,2,Escalate to regional operations lead
INC-2026-00526,2026-02-15,2026-02,SITE-0169,Palembang,IPTV,Medium,Resolved,2026-02-15T23:01:00,2026-02-16T01:37:00,156,63,Core router instability,Enterprise Support,1,Assign service assurance follow-up
INC-2026-01016,2026-02-15,2026-02,SITE-0067,Yogyakarta,Voice,Low,Resolved,2026-02-15T18:01:00,2026-02-15T19:10:00,69,41,Core router instability,Fiber Maintenance,1,Monitor and resolve in standard queue
INC-2026-01064,2026-02-15,2026-02,SITE-0002,Bandung,Mobile Broadband,Low,Closed,2026-02-15T17:33:00,2026-02-15T18:15:00,42,36,Planned maintenance overrun,Fiber Maintenance,1,Monitor and resolve in standard queue
INC-2026-01265,2026-02-15,2026-02,SITE-0144,Medan,Enterprise VPN,Low,Resolved,2026-02-15T08:57:00,2026-02-15T10:14:00,77,4,Planned maintenance overrun,NOC Core,1,Monitor and resolve in standard queue
INC-2026-01669,2026-02-15,2026-02,SITE-0003,Surabaya,Fiber Internet,Medium,Closed,2026-02-15T18:18:00,2026-02-15T19:09:00,51,187,Power outage,Fiber Maintenance,1,Assign service assurance follow-up
INC-2026-00010,2026-02-16,2026-02,SITE-0103,Surabaya,Fiber Internet,High,Resolved,2026-02-16T22:43:00,2026-02-17T03:06:00,263,429,Access node congestion,Fiber Maintenance,2,Escalate to regional operations lead
INC-2026-00273,2026-02-16,2026-02,SITE-0101,Jakarta,Enterprise VPN,Low,Closed,2026-02-16T19:25:00,2026-02-16T20:01:00,36,9,Power outage,Fiber Maintenance,1,Monitor and resolve in standard queue
INC-2026-00858,2026-02-16,2026-02,SITE-0246,Semarang,Mobile Broadband,Medium,Resolved,2026-02-16T00:04:00,2026-02-16T02:33:00,149,201,Core router instability,Enterprise Support,1,Assign service assurance follow-up
INC-2026-01198,2026-02-16,2026-02,SITE-0170,Balikpapan,Voice,Medium,Escalated,2026-02-16T15:50:00,,220,82,Core router instability,Customer Assurance,1,Assign service assurance follow-up
INC-2026-01253,2026-02-16,2026-02,SITE-0029,Palembang,Voice,Medium,Resolved,2026-02-16T23:20:00,2026-02-17T02:28:00,188,135,Access node congestion,Enterprise Support,1,Assign service assurance follow-up
INC-2026-01696,2026-02-16,2026-02,SITE-0142,Bandung,Mobile Broadband,Low,Escalated,2026-02-16T05:02:00,,49,32,Access node congestion,NOC Core,1,Monitor and resolve in standard queue
INC-2026-01698,2026-02-16,2026-02,SITE-0168,Denpasar,Cloud Connectivity,High,Closed,2026-02-16T10:35:00,2026-02-16T16:28:00,353,214,Core router instability,NOC Core,2,Escalate to regional operations lead
INC-2026-01732,2026-02-16,2026-02,SITE-0143,Surabaya,Mobile Broadband,Medium,Resolved,2026-02-16T15:19:00,2026-02-16T17:59:00,160,148,Backhaul packet loss,NOC Core,1,Assign service assurance follow-up
INC-2026-02088,2026-02-16,2026-02,SITE-0168,Denpasar,Cloud Connectivity,Critical,Investigating,2026-02-16T17:32:00,,652,689,Backhaul packet loss,Fiber Maintenance,3,Open command bridge and dispatch field team
INC-2026-02096,2026-02-16,2026-02,SITE-0190,Balikpapan,IPTV,Low,Closed,2026-02-16T22:42:00,2026-02-16T23:39:00,57,40,Backhaul packet loss,Fiber Maintenance,1,Monitor and resolve in standard queue
INC-2026-00324,2026-02-17,2026-02,SITE-0040,Balikpapan,Voice,Low,Resolved,2026-02-17T10:53:00,2026-02-17T11:37:00,44,35,Backhaul packet loss,Fiber Maintenance,1,Monitor and resolve in standard queue
INC-2026-00561,2026-02-17,2026-02,SITE-0227,Yogyakarta,Cloud Connectivity,High,Resolved,2026-02-17T10:25:00,2026-02-17T14:43:00,258,171,Access node congestion,Enterprise Support,2,Escalate to regional operations lead
INC-2026-00694,2026-02-17,2026-02,SITE-0146,Semarang,Mobile Broadband,Low,Closed,2026-02-17T20:54:00,2026-02-17T21:36:00,42,37,Core router instability,Field Operations,1,Monitor and resolve in standard queue
INC-2026-01063,2026-02-17,2026-02,SITE-0038,Denpasar,Enterprise VPN,Medium,Resolved,2026-02-17T12:39:00,2026-02-17T13:55:00,76,28,Planned maintenance overrun,NOC Core,1,Assign service assurance follow-up
INC-2026-01868,2026-02-17,2026-02,SITE-0160,Balikpapan,Fiber Internet,Medium,Closed,2026-02-17T03:24:00,2026-02-17T06:07:00,163,238,Access node congestion,NOC Core,1,Assign service assurance follow-up
INC-2026-02039,2026-02-17,2026-02,SITE-0006,Semarang,Cloud Connectivity,High,Resolved,2026-02-17T05:22:00,2026-02-17T11:44:00,382,226,Power outage,NOC Core,2,Escalate to regional operations lead
INC-2026-00948,2026-02-18,2026-02,SITE-0200,Balikpapan,Fiber Internet,Medium,Resolved,2026-02-18T03:47:00,2026-02-18T06:58:00,191,150,Fiber cut,Field Operations,1,Assign service assurance follow-up
INC-2026-01689,2026-02-18,2026-02,SITE-0215,Makassar,Voice,Low,Closed,2026-02-18T02:22:00,2026-02-18T03:19:00,57,68,Access node congestion,NOC Core,1,Monitor and resolve in standard queue
INC-2026-01181,2026-02-19,2026-02,SITE-0036,Semarang,Enterprise VPN,Medium,Closed,2026-02-19T16:55:00,2026-02-19T20:04:00,189,123,Fiber cut,Customer Assurance,1,Assign service assurance follow-up
INC-2026-01500,2026-02-19,2026-02,SITE-0199,Palembang,Mobile Broadband,Critical,Resolved,2026-02-19T00:34:00,2026-02-19T08:16:00,462,812,Access node congestion,Field Operations,3,Open command bridge and dispatch field team
INC-2026-02036,2026-02-19,2026-02,SITE-0037,Yogyakarta,Cloud Connectivity,High,Resolved,2026-02-19T16:27:00,2026-02-19T22:08:00,341,511,Fiber cut,Customer Assurance,2,Escalate to regional operations lead
INC-2026-00208,2026-02-20,2026-02,SITE-0159,Palembang,Mobile Broadband,High,Resolved,2026-02-20T13:06:00,2026-02-20T16:40:00,214,274,Power outage,Fiber Maintenance,2,Escalate to regional operations lead
INC-2026-00812,2026-02-20,2026-02,SITE-0219,Palembang,IPTV,Low,Closed,2026-02-20T21:28:00,2026-02-20T22:16:00,48,13,Planned maintenance overrun,NOC Core,1,Monitor and resolve in standard queue
INC-2026-02169,2026-02-20,2026-02,SITE-0133,Surabaya,Cloud Connectivity,Low,Closed,2026-02-20T08:20:00,2026-02-20T09:19:00,59,30,Customer premises equipment,Customer Assurance,1,Monitor and resolve in standard queue
INC-2026-00515,2026-02-21,2026-02,SITE-0029,Palembang,Voice,Low,Resolved,2026-02-21T16:49:00,2026-02-21T17:34:00,45,32,Fiber cut,NOC Core,1,Monitor and resolve in standard queue
INC-2026-00642,2026-02-21,2026-02,SITE-0130,Balikpapan,Enterprise VPN,Medium,Closed,2026-02-21T10:55:00,2026-02-21T12:02:00,67,44,Backhaul packet loss,Field Operations,1,Assign service assurance follow-up
INC-2026-01202,2026-02-21,2026-02,SITE-0145,Makassar,Mobile Broadband,Low,Escalated,2026-02-21T22:07:00,,73,51,Backhaul packet loss,Customer Assurance,1,Monitor and resolve in standard queue
INC-2026-00720,2026-02-22,2026-02,SITE-0195,Makassar,Fiber Internet,High,Resolved,2026-02-22T14:20:00,2026-02-22T21:42:00,442,297,Planned maintenance overrun,NOC Core,2,Escalate to regional operations lead
INC-2026-00728,2026-02-22,2026-02,SITE-0074,Medan,Cloud Connectivity,Medium,Resolved,2026-02-22T22:16:00,2026-02-23T01:12:00,176,140,Power outage,Fiber Maintenance,1,Assign service assurance follow-up
INC-2026-00796,2026-02-22,2026-02,SITE-0198,Denpasar,Fiber Internet,High,Escalated,2026-02-22T07:29:00,,298,328,Customer premises equipment,Fiber Maintenance,2,Escalate to regional operations lead
INC-2026-01770,2026-02-22,2026-02,SITE-0050,Balikpapan,Cloud Connectivity,Low,Closed,2026-02-22T16:39:00,2026-02-22T17:34:00,55,51,Planned maintenance overrun,Fiber Maintenance,1,Monitor and resolve in standard queue
INC-2026-01884,2026-02-22,2026-02,SITE-0193,Surabaya,IPTV,High,Resolved,2026-02-22T05:37:00,2026-02-22T12:25:00,408,180,Power outage,Field Operations,2,Escalate to regional operations lead
INC-2026-00071,2026-02-23,2026-02,SITE-0201,Jakarta,Voice,High,Resolved,2026-02-23T23:39:00,2026-02-24T04:38:00,299,339,Backhaul packet loss,Fiber Maintenance,2,Escalate to regional operations lead
INC-2026-00091,2026-02-23,2026-02,SITE-0114,Medan,Enterprise VPN,Low,Resolved,2026-02-23T16:31:00,2026-02-23T17:29:00,58,19,Power outage,Fiber Maintenance,1,Monitor and resolve in standard queue
INC-2026-00170,2026-02-23,2026-02,SITE-0082,Bandung,Enterprise VPN,Low,Resolved,2026-02-23T14:51:00,2026-02-23T15:29:00,38,15,Configuration drift,Field Operations,1,Monitor and resolve in standard queue
INC-2026-00286,2026-02-23,2026-02,SITE-0011,Jakarta,Cloud Connectivity,Low,Resolved,2026-02-23T08:09:00,2026-02-23T09:14:00,65,26,Core router instability,Field Operations,1,Monitor and resolve in standard queue
INC-2026-00288,2026-02-23,2026-02,SITE-0007,Yogyakarta,IPTV,Low,Closed,2026-02-23T09:39:00,2026-02-23T11:00:00,81,52,Power outage,Customer Assurance,1,Monitor and resolve in standard queue
INC-2026-01380,2026-02-23,2026-02,SITE-0006,Semarang,Cloud Connectivity,Low,Closed,2026-02-23T01:57:00,2026-02-23T03:03:00,66,17,Planned maintenance overrun,Field Operations,1,Monitor and resolve in standard queue
INC-2026-01635,2026-02-23,2026-02,SITE-0070,Balikpapan,Mobile Broadband,Low,Resolved,2026-02-23T17:42:00,2026-02-23T18:46:00,64,35,Core router instability,Field Operations,1,Monitor and resolve in standard queue
INC-2026-02030,2026-02-23,2026-02,SITE-0015,Makassar,Mobile Broadband,Low,Resolved,2026-02-23T23:29:00,2026-02-24T00:40:00,71,46,Planned maintenance overrun,Enterprise Support,1,Monitor and resolve in standard queue
INC-2026-02049,2026-02-23,2026-02,SITE-0087,Yogyakarta,Enterprise VPN,Low,Resolved,2026-02-23T04:33:00,2026-02-23T05:21:00,48,17,Access node congestion,NOC Core,1,Monitor and resolve in standard queue
INC-2026-00121,2026-02-24,2026-02,SITE-0169,Palembang,IPTV,Low,Closed,2026-02-24T16:33:00,2026-02-24T17:29:00,56,32,Access node congestion,Customer Assurance,1,Monitor and resolve in standard queue
INC-2026-00370,2026-02-24,2026-02,SITE-0046,Semarang,Cloud Connectivity,Medium,Resolved,2026-02-24T13:46:00,2026-02-24T17:36:00,230,40,Configuration drift,Field Operations,1,Assign service assurance follow-up
INC-2026-00882,2026-02-24,2026-02,SITE-0231,Jakarta,IPTV,Low,Resolved,2026-02-24T09:52:00,2026-02-24T10:45:00,53,42,Customer premises equipment,Customer Assurance,1,Monitor and resolve in standard queue
INC-2026-01532,2026-02-24,2026-02,SITE-0054,Medan,Enterprise VPN,Medium,Resolved,2026-02-24T13:14:00,2026-02-24T15:21:00,127,81,Backhaul packet loss,Fiber Maintenance,1,Assign service assurance follow-up
INC-2026-01665,2026-02-24,2026-02,SITE-0127,Yogyakarta,Mobile Broadband,High,Resolved,2026-02-24T08:11:00,2026-02-24T14:46:00,395,459,Power outage,Customer Assurance,2,Escalate to regional operations lead
INC-2026-00556,2026-02-25,2026-02,SITE-0031,Jakarta,Cloud Connectivity,Medium,Closed,2026-02-25T07:26:00,2026-02-25T10:20:00,174,79,Configuration drift,NOC Core,1,Assign service assurance follow-up
INC-2026-00681,2026-02-25,2026-02,SITE-0026,Semarang,Enterprise VPN,Low,Closed,2026-02-25T19:49:00,2026-02-25T20:49:00,60,5,Customer premises equipment,NOC Core,1,Monitor and resolve in standard queue
INC-2026-00715,2026-02-25,2026-02,SITE-0065,Makassar,Fiber Internet,Low,Closed,2026-02-25T08:07:00,2026-02-25T09:05:00,58,34,Access node congestion,Field Operations,1,Monitor and resolve in standard queue
INC-2026-00733,2026-02-25,2026-02,SITE-0131,Jakarta,Cloud Connectivity,Low,Closed,2026-02-25T01:06:00,2026-02-25T02:23:00,77,46,Access node congestion,Fiber Maintenance,1,Monitor and resolve in standard queue
INC-2026-00833,2026-02-25,2026-02,SITE-0206,Semarang,Voice,High,Resolved,2026-02-25T12:13:00,2026-02-25T18:06:00,353,413,Power outage,Fiber Maintenance,2,Escalate to regional operations lead
INC-2026-01439,2026-02-25,2026-02,SITE-0086,Semarang,IPTV,Low,Resolved,2026-02-25T01:17:00,2026-02-25T02:42:00,85,22,Core router instability,Customer Assurance,1,Monitor and resolve in standard queue
INC-2026-01586,2026-02-25,2026-02,SITE-0205,Makassar,Cloud Connectivity,Low,Closed,2026-02-25T14:01:00,2026-02-25T15:00:00,59,18,Core router instability,Field Operations,1,Monitor and resolve in standard queue
INC-2026-02139,2026-02-25,2026-02,SITE-0106,Semarang,IPTV,Medium,Resolved,2026-02-25T15:32:00,2026-02-25T17:48:00,136,107,Backhaul packet loss,Customer Assurance,1,Assign service assurance follow-up
INC-2026-00518,2026-02-26,2026-02,SITE-0121,Jakarta,Voice,Medium,Resolved,2026-02-26T19:00:00,2026-02-26T20:54:00,114,132,Customer premises equipment,Fiber Maintenance,1,Assign service assurance follow-up
INC-2026-00738,2026-02-26,2026-02,SITE-0218,Denpasar,Enterprise VPN,Low,Closed,2026-02-26T23:05:00,2026-02-26T23:36:00,31,31,Core router instability,Field Operations,1,Monitor and resolve in standard queue
INC-2026-01365,2026-02-26,2026-02,SITE-0029,Palembang,Voice,Medium,Resolved,2026-02-26T00:50:00,2026-02-26T03:07:00,137,147,Planned maintenance overrun,Field Operations,1,Assign service assurance follow-up
INC-2026-01401,2026-02-26,2026-02,SITE-0080,Balikpapan,Voice,Low,Closed,2026-02-26T13:31:00,2026-02-26T14:51:00,80,28,Planned maintenance overrun,NOC Core,1,Monitor and resolve in standard queue
INC-2026-02037,2026-02-26,2026-02,SITE-0083,Surabaya,Mobile Broadband,Low,Closed,2026-02-26T03:23:00,2026-02-26T04:35:00,72,56,Fiber cut,NOC Core,1,Monitor and resolve in standard queue
INC-2026-00099,2026-02-27,2026-02,SITE-0113,Surabaya,Fiber Internet,Low,Resolved,2026-02-27T01:52:00,2026-02-27T02:56:00,64,27,Backhaul packet loss,Field Operations,1,Monitor and resolve in standard queue
INC-2026-00256,2026-02-27,2026-02,SITE-0060,Balikpapan,Fiber Internet,Medium,Resolved,2026-02-27T14:15:00,2026-02-27T17:00:00,165,122,Power outage,NOC Core,1,Assign service assurance follow-up
INC-2026-00304,2026-02-27,2026-02,SITE-0029,Palembang,Voice,Medium,Escalated,2026-02-27T21:59:00,,173,135,Core router instability,Field Operations,1,Assign service assurance follow-up
INC-2026-00564,2026-02-27,2026-02,SITE-0111,Jakarta,Fiber Internet,Low,Closed,2026-02-27T21:21:00,2026-02-27T22:44:00,83,36,Fiber cut,Fiber Maintenance,1,Monitor and resolve in standard queue
INC-2026-00623,2026-02-27,2026-02,SITE-0043,Surabaya,Cloud Connectivity,Low,Resolved,2026-02-27T20:43:00,2026-02-27T21:52:00,69,31,Planned maintenance overrun,Customer Assurance,1,Monitor and resolve in standard queue
INC-2026-01156,2026-02-27,2026-02,SITE-0191,Jakarta,Mobile Broadband,Medium,Closed,2026-02-27T10:55:00,2026-02-27T13:17:00,142,165,Fiber cut,NOC Core,1,Assign service assurance follow-up
INC-2026-01377,2026-02-27,2026-02,SITE-0076,Semarang,Voice,High,Escalated,2026-02-27T20:00:00,,189,391,Planned maintenance overrun,Field Operations,2,Escalate to regional operations lead
INC-2026-01465,2026-02-27,2026-02,SITE-0068,Denpasar,Fiber Internet,High,Investigating,2026-02-27T18:58:00,,388,238,Power outage,Field Operations,2,Escalate to regional operations lead
INC-2026-01679,2026-02-27,2026-02,SITE-0070,Balikpapan,Mobile Broadband,Medium,Closed,2026-02-27T11:15:00,2026-02-27T14:23:00,188,208,Configuration drift,Field Operations,1,Assign service assurance follow-up
INC-2026-01849,2026-02-27,2026-02,SITE-0228,Denpasar,Cloud Connectivity,Low,Resolved,2026-02-27T16:16:00,2026-02-27T17:26:00,70,16,Core router instability,Enterprise Support,1,Monitor and resolve in standard queue
INC-2026-00094,2026-02-28,2026-02,SITE-0072,Bandung,Enterprise VPN,High,Closed,2026-02-28T01:01:00,2026-02-28T06:47:00,346,296,Access node congestion,NOC Core,2,Escalate to regional operations lead
INC-2026-01516,2026-02-28,2026-02,SITE-0224,Medan,Mobile Broadband,Low,Resolved,2026-02-28T23:37:00,2026-03-01T00:24:00,47,83,Planned maintenance overrun,NOC Core,1,Monitor and resolve in standard queue
INC-2026-01691,2026-02-28,2026-02,SITE-0047,Yogyakarta,Mobile Broadband,Medium,Resolved,2026-02-28T15:28:00,2026-02-28T18:37:00,189,183,Power outage,Enterprise Support,1,Assign service assurance follow-up
INC-2026-00169,2026-03-01,2026-03,SITE-0202,Bandung,Voice,Low,Resolved,2026-03-01T00:45:00,2026-03-01T01:42:00,57,2,Planned maintenance overrun,Field Operations,1,Monitor and resolve in standard queue
INC-2026-00380,2026-03-01,2026-03,SITE-0241,Jakarta,Mobile Broadband,Low,Resolved,2026-03-01T10:48:00,2026-03-01T11:44:00,56,18,Fiber cut,Fiber Maintenance,1,Monitor and resolve in standard queue
INC-2026-00586,2026-03-01,2026-03,SITE-0022,Bandung,Mobile Broadband,Medium,Resolved,2026-03-01T04:02:00,2026-03-01T05:37:00,95,105,Core router instability,Fiber Maintenance,1,Assign service assurance follow-up
INC-2026-00928,2026-03-01,2026-03,SITE-0028,Denpasar,Voice,High,Closed,2026-03-01T00:10:00,2026-03-01T03:06:00,176,444,Backhaul packet loss,Fiber Maintenance,2,Escalate to regional operations lead
INC-2026-01998,2026-03-01,2026-03,SITE-0013,Surabaya,Mobile Broadband,Medium,Closed,2026-03-01T21:55:00,2026-03-01T23:41:00,106,103,Configuration drift,Fiber Maintenance,1,Assign service assurance follow-up
INC-2026-00999,2026-03-02,2026-03,SITE-0082,Bandung,Enterprise VPN,Low,Resolved,2026-03-02T15:29:00,2026-03-02T16:40:00,71,10,Backhaul packet loss,Customer Assurance,1,Monitor and resolve in standard queue
INC-2026-01031,2026-03-02,2026-03,SITE-0082,Bandung,Enterprise VPN,Low,Resolved,2026-03-02T11:34:00,2026-03-02T12:41:00,67,12,Customer premises equipment,NOC Core,1,Monitor and resolve in standard queue
INC-2026-01210,2026-03-02,2026-03,SITE-0015,Makassar,Mobile Broadband,Medium,Closed,2026-03-02T16:41:00,2026-03-02T18:46:00,125,91,Fiber cut,Enterprise Support,1,Assign service assurance follow-up
INC-2026-01409,2026-03-02,2026-03,SITE-0108,Denpasar,Fiber Internet,Medium,Resolved,2026-03-02T17:30:00,2026-03-02T20:03:00,153,146,Core router instability,Fiber Maintenance,1,Assign service assurance follow-up
INC-2026-01741,2026-03-02,2026-03,SITE-0025,Makassar,IPTV,Medium,Resolved,2026-03-02T13:40:00,2026-03-02T15:35:00,115,100,Fiber cut,Enterprise Support,1,Assign service assurance follow-up
INC-2026-01991,2026-03-02,2026-03,SITE-0141,Jakarta,Fiber Internet,Low,Resolved,2026-03-02T09:44:00,2026-03-02T10:33:00,49,50,Configuration drift,Customer Assurance,1,Monitor and resolve in standard queue
INC-2026-00375,2026-03-03,2026-03,SITE-0172,Bandung,Enterprise VPN,High,Resolved,2026-03-03T06:28:00,2026-03-03T11:10:00,282,97,Configuration drift,Field Operations,2,Escalate to regional operations lead
INC-2026-00464,2026-03-03,2026-03,SITE-0126,Semarang,Mobile Broadband,Medium,Resolved,2026-03-03T14:51:00,2026-03-03T16:49:00,118,133,Customer premises equipment,Fiber Maintenance,1,Assign service assurance follow-up
INC-2026-01487,2026-03-03,2026-03,SITE-0125,Makassar,IPTV,Low,Resolved,2026-03-03T06:31:00,2026-03-03T06:48:00,17,42,Planned maintenance overrun,NOC Core,1,Monitor and resolve in standard queue
INC-2026-01660,2026-03-03,2026-03,SITE-0108,Denpasar,Fiber Internet,Low,Resolved,2026-03-03T08:37:00,2026-03-03T09:17:00,40,70,Customer premises equipment,Fiber Maintenance,1,Monitor and resolve in standard queue
INC-2026-01826,2026-03-03,2026-03,SITE-0175,Makassar,Mobile Broadband,High,Closed,2026-03-03T02:17:00,2026-03-03T07:07:00,290,341,Customer premises equipment,Enterprise Support,2,Escalate to regional operations lead
INC-2026-00064,2026-03-04,2026-03,SITE-0211,Jakarta,Mobile Broadband,Low,Resolved,2026-03-04T10:00:00,2026-03-04T11:00:00,60,28,Customer premises equipment,NOC Core,1,Monitor and resolve in standard queue
INC-2026-00574,2026-03-04,2026-03,SITE-0172,Bandung,Enterprise VPN,Low,Closed,2026-03-04T03:36:00,2026-03-04T04:22:00,46,13,Core router instability,NOC Core,1,Monitor and resolve in standard queue
INC-2026-00722,2026-03-04,2026-03,SITE-0118,Denpasar,Enterprise VPN,High,Closed,2026-03-04T14:19:00,2026-03-04T18:30:00,251,30,Customer premises equipment,NOC Core,2,Escalate to regional operations lead
INC-2026-01929,2026-03-04,2026-03,SITE-0033,Surabaya,Voice,High,Escalated,2026-03-04T04:41:00,,272,260,Access node congestion,Enterprise Support,2,Escalate to regional operations lead
INC-2026-00563,2026-03-05,2026-03,SITE-0190,Balikpapan,IPTV,Low,Escalated,2026-03-05T18:12:00,,65,25,Planned maintenance overrun,Customer Assurance,1,Monitor and resolve in standard queue
INC-2026-00886,2026-03-05,2026-03,SITE-0228,Denpasar,Cloud Connectivity,High,Resolved,2026-03-05T06:12:00,2026-03-05T10:35:00,263,330,Customer premises equipment,Customer Assurance,2,Escalate to regional operations lead
INC-2026-01048,2026-03-05,2026-03,SITE-0018,Denpasar,Cloud Connectivity,High,Resolved,2026-03-05T12:33:00,2026-03-05T20:12:00,459,257,Power outage,Fiber Maintenance,2,Escalate to regional operations lead
INC-2026-01642,2026-03-05,2026-03,SITE-0038,Denpasar,Enterprise VPN,Medium,Resolved,2026-03-05T04:46:00,2026-03-05T05:35:00,49,29,Customer premises equipment,Customer Assurance,1,Assign service assurance follow-up
INC-2026-00002,2026-03-06,2026-03,SITE-0231,Jakarta,IPTV,Medium,Resolved,2026-03-06T15:05:00,2026-03-06T17:53:00,168,81,Fiber cut,Customer Assurance,1,Assign service assurance follow-up
INC-2026-00302,2026-03-06,2026-03,SITE-0043,Surabaya,Cloud Connectivity,Medium,Resolved,2026-03-06T15:48:00,2026-03-06T18:18:00,150,104,Access node congestion,Customer Assurance,1,Assign service assurance follow-up
INC-2026-00340,2026-03-06,2026-03,SITE-0173,Surabaya,Voice,Low,Resolved,2026-03-06T07:40:00,2026-03-06T08:18:00,38,15,Backhaul packet loss,NOC Core,1,Monitor and resolve in standard queue
INC-2026-00650,2026-03-06,2026-03,SITE-0083,Surabaya,Mobile Broadband,High,Escalated,2026-03-06T05:09:00,,302,334,Access node congestion,Field Operations,2,Escalate to regional operations lead
INC-2026-01004,2026-03-06,2026-03,SITE-0036,Semarang,Enterprise VPN,Low,Open,2026-03-06T17:32:00,,32,31,Power outage,NOC Core,1,Monitor and resolve in standard queue
INC-2026-01447,2026-03-06,2026-03,SITE-0051,Jakarta,IPTV,Medium,Resolved,2026-03-06T16:25:00,2026-03-06T17:57:00,92,88,Power outage,NOC Core,1,Assign service assurance follow-up
INC-2026-01646,2026-03-06,2026-03,SITE-0242,Bandung,Enterprise VPN,High,Resolved,2026-03-06T15:00:00,2026-03-06T20:14:00,314,73,Fiber cut,Fiber Maintenance,2,Escalate to regional operations lead
INC-2026-02011,2026-03-06,2026-03,SITE-0201,Jakarta,Voice,Low,Closed,2026-03-06T16:36:00,2026-03-06T17:48:00,72,22,Core router instability,Enterprise Support,1,Monitor and resolve in standard queue
INC-2026-02045,2026-03-06,2026-03,SITE-0230,Balikpapan,IPTV,Low,Resolved,2026-03-06T07:34:00,2026-03-06T08:46:00,72,50,Configuration drift,Field Operations,1,Monitor and resolve in standard queue
INC-2026-02095,2026-03-06,2026-03,SITE-0160,Balikpapan,Fiber Internet,High,Closed,2026-03-06T22:51:00,2026-03-07T04:06:00,315,435,Configuration drift,Customer Assurance,2,Escalate to regional operations lead
INC-2026-00421,2026-03-07,2026-03,SITE-0210,Balikpapan,IPTV,Low,Resolved,2026-03-07T14:30:00,2026-03-07T15:35:00,65,50,Core router instability,Customer Assurance,1,Monitor and resolve in standard queue
INC-2026-00506,2026-03-07,2026-03,SITE-0203,Surabaya,IPTV,High,Resolved,2026-03-07T14:17:00,2026-03-07T21:38:00,441,282,Access node congestion,Enterprise Support,2,Escalate to regional operations lead
INC-2026-00568,2026-03-07,2026-03,SITE-0162,Bandung,IPTV,Low,Resolved,2026-03-07T03:48:00,2026-03-07T04:51:00,63,26,Fiber cut,NOC Core,1,Monitor and resolve in standard queue
INC-2026-00849,2026-03-07,2026-03,SITE-0229,Palembang,IPTV,Critical,Closed,2026-03-07T16:05:00,2026-03-08T04:16:00,731,875,Customer premises equipment,NOC Core,3,Open command bridge and dispatch field team
INC-2026-01802,2026-03-07,2026-03,SITE-0033,Surabaya,Voice,High,Resolved,2026-03-07T06:21:00,2026-03-07T10:24:00,243,507,Planned maintenance overrun,NOC Core,2,Escalate to regional operations lead
INC-2026-00100,2026-03-08,2026-03,SITE-0118,Denpasar,Enterprise VPN,Low,Resolved,2026-03-08T13:04:00,2026-03-08T13:42:00,38,1,Customer premises equipment,Fiber Maintenance,1,Monitor and resolve in standard queue
INC-2026-00810,2026-03-08,2026-03,SITE-0055,Makassar,Mobile Broadband,Low,Resolved,2026-03-08T23:48:00,2026-03-09T00:33:00,45,56,Core router instability,NOC Core,1,Monitor and resolve in standard queue
INC-2026-00949,2026-03-08,2026-03,SITE-0047,Yogyakarta,Mobile Broadband,Medium,Closed,2026-03-08T20:55:00,2026-03-08T23:27:00,152,124,Core router instability,Fiber Maintenance,1,Assign service assurance follow-up
INC-2026-00041,2026-03-09,2026-03,SITE-0080,Balikpapan,Voice,High,Closed,2026-03-09T08:12:00,2026-03-09T14:28:00,376,219,Customer premises equipment,Customer Assurance,2,Escalate to regional operations lead
INC-2026-00709,2026-03-09,2026-03,SITE-0231,Jakarta,IPTV,Medium,Resolved,2026-03-09T12:19:00,2026-03-09T14:15:00,116,190,Customer premises equipment,Field Operations,1,Assign service assurance follow-up
INC-2026-01038,2026-03-09,2026-03,SITE-0058,Denpasar,Mobile Broadband,Low,Closed,2026-03-09T11:34:00,2026-03-09T12:17:00,43,42,Backhaul packet loss,Fiber Maintenance,1,Monitor and resolve in standard queue
INC-2026-01546,2026-03-09,2026-03,SITE-0239,Palembang,Voice,Low,Closed,2026-03-09T18:54:00,2026-03-09T20:02:00,68,25,Power outage,Customer Assurance,1,Monitor and resolve in standard queue
INC-2026-00143,2026-03-10,2026-03,SITE-0082,Bandung,Enterprise VPN,Low,Closed,2026-03-10T22:41:00,2026-03-10T23:25:00,44,11,Configuration drift,Fiber Maintenance,1,Monitor and resolve in standard queue
INC-2026-00552,2026-03-10,2026-03,SITE-0073,Surabaya,Cloud Connectivity,Low,Resolved,2026-03-10T18:00:00,2026-03-10T19:07:00,67,29,Power outage,Fiber Maintenance,1,Monitor and resolve in standard queue
INC-2026-00675,2026-03-10,2026-03,SITE-0200,Balikpapan,Fiber Internet,Medium,Resolved,2026-03-10T14:14:00,2026-03-10T16:09:00,115,134,Fiber cut,Enterprise Support,1,Assign service assurance follow-up
INC-2026-00777,2026-03-10,2026-03,SITE-0006,Semarang,Cloud Connectivity,Medium,Closed,2026-03-10T05:34:00,2026-03-10T08:39:00,185,67,Access node congestion,Enterprise Support,1,Assign service assurance follow-up
INC-2026-01653,2026-03-10,2026-03,SITE-0249,Palembang,Enterprise VPN,Medium,Resolved,2026-03-10T20:30:00,2026-03-10T22:21:00,111,79,Fiber cut,Enterprise Support,1,Assign service assurance follow-up
INC-2026-01811,2026-03-10,2026-03,SITE-0103,Surabaya,Fiber Internet,High,Resolved,2026-03-10T01:20:00,2026-03-10T05:55:00,275,318,Fiber cut,NOC Core,2,Escalate to regional operations lead
INC-2026-01851,2026-03-10,2026-03,SITE-0129,Palembang,Fiber Internet,Medium,Resolved,2026-03-10T20:56:00,2026-03-10T23:00:00,124,106,Planned maintenance overrun,Fiber Maintenance,1,Assign service assurance follow-up
INC-2026-02102,2026-03-10,2026-03,SITE-0073,Surabaya,Cloud Connectivity,High,Resolved,2026-03-10T07:40:00,2026-03-10T14:26:00,406,295,Backhaul packet loss,Fiber Maintenance,2,Escalate to regional operations lead
INC-2026-00051,2026-03-11,2026-03,SITE-0140,Balikpapan,Voice,High,Resolved,2026-03-11T12:38:00,2026-03-11T18:47:00,369,230,Power outage,Customer Assurance,2,Escalate to regional operations lead
INC-2026-00666,2026-03-11,2026-03,SITE-0215,Makassar,Voice,Medium,Resolved,2026-03-11T00:00:00,2026-03-11T02:28:00,148,234,Configuration drift,NOC Core,1,Assign service assurance follow-up
INC-2026-00730,2026-03-11,2026-03,SITE-0196,Semarang,Fiber Internet,Low,Closed,2026-03-11T01:11:00,2026-03-11T01:56:00,45,24,Customer premises equipment,Field Operations,1,Monitor and resolve in standard queue
INC-2026-01379,2026-03-11,2026-03,SITE-0139,Palembang,Voice,Critical,Closed,2026-03-11T03:55:00,2026-03-11T13:10:00,555,659,Fiber cut,Field Operations,3,Open command bridge and dispatch field team
INC-2026-01615,2026-03-11,2026-03,SITE-0165,Makassar,IPTV,Low,Resolved,2026-03-11T09:26:00,2026-03-11T09:53:00,27,15,Core router instability,NOC Core,1,Monitor and resolve in standard queue
INC-2026-01762,2026-03-11,2026-03,SITE-0060,Balikpapan,Fiber Internet,Low,Investigating,2026-03-11T09:06:00,,50,25,Customer premises equipment,Customer Assurance,1,Monitor and resolve in standard queue
INC-2026-00696,2026-03-12,2026-03,SITE-0157,Yogyakarta,Mobile Broadband,High,Resolved,2026-03-12T02:47:00,2026-03-12T07:08:00,261,221,Backhaul packet loss,Enterprise Support,2,Escalate to regional operations lead
INC-2026-00878,2026-03-12,2026-03,SITE-0053,Surabaya,Enterprise VPN,Low,Closed,2026-03-12T17:15:00,2026-03-12T17:52:00,37,20,Core router instability,Enterprise Support,1,Monitor and resolve in standard queue
INC-2026-01143,2026-03-12,2026-03,SITE-0046,Semarang,Cloud Connectivity,Medium,Resolved,2026-03-12T04:54:00,2026-03-12T06:19:00,85,56,Backhaul packet loss,Field Operations,1,Assign service assurance follow-up
INC-2026-01264,2026-03-12,2026-03,SITE-0030,Balikpapan,Enterprise VPN,High,Closed,2026-03-12T20:04:00,2026-03-13T03:17:00,433,32,Power outage,Field Operations,2,Escalate to regional operations lead
INC-2026-01392,2026-03-12,2026-03,SITE-0084,Medan,Mobile Broadband,Medium,Closed,2026-03-12T04:17:00,2026-03-12T06:45:00,148,72,Customer premises equipment,Customer Assurance,1,Assign service assurance follow-up
INC-2026-01631,2026-03-12,2026-03,SITE-0137,Yogyakarta,Enterprise VPN,Critical,Investigating,2026-03-12T13:26:00,,605,344,Core router instability,Field Operations,3,Open command bridge and dispatch field team
INC-2026-02179,2026-03-12,2026-03,SITE-0145,Makassar,Mobile Broadband,Low,Resolved,2026-03-12T01:28:00,2026-03-12T02:20:00,52,33,Fiber cut,NOC Core,1,Monitor and resolve in standard queue
INC-2026-00045,2026-03-13,2026-03,SITE-0079,Palembang,Enterprise VPN,Low,Closed,2026-03-13T14:21:00,2026-03-13T15:31:00,70,18,Fiber cut,Enterprise Support,1,Monitor and resolve in standard queue
INC-2026-00107,2026-03-13,2026-03,SITE-0146,Semarang,Mobile Broadband,Medium,Closed,2026-03-13T00:21:00,2026-03-13T02:27:00,126,100,Power outage,Customer Assurance,1,Assign service assurance follow-up
INC-2026-00231,2026-03-13,2026-03,SITE-0156,Semarang,Cloud Connectivity,Low,Resolved,2026-03-13T10:23:00,2026-03-13T11:16:00,53,23,Planned maintenance overrun,Field Operations,1,Monitor and resolve in standard queue
INC-2026-00363,2026-03-13,2026-03,SITE-0075,Makassar,IPTV,Medium,Resolved,2026-03-13T06:18:00,2026-03-13T07:48:00,90,72,Access node congestion,NOC Core,1,Assign service assurance follow-up
INC-2026-00438,2026-03-13,2026-03,SITE-0207,Yogyakarta,Cloud Connectivity,Low,Resolved,2026-03-13T05:00:00,2026-03-13T06:13:00,73,27,Backhaul packet loss,Fiber Maintenance,1,Monitor and resolve in standard queue
INC-2026-01306,2026-03-13,2026-03,SITE-0209,Palembang,Mobile Broadband,Low,Resolved,2026-03-13T06:59:00,2026-03-13T07:45:00,46,23,Customer premises equipment,Fiber Maintenance,1,Monitor and resolve in standard queue
INC-2026-01396,2026-03-13,2026-03,SITE-0067,Yogyakarta,Voice,High,Closed,2026-03-13T08:13:00,2026-03-13T12:34:00,261,277,Fiber cut,Enterprise Support,2,Escalate to regional operations lead
INC-2026-01800,2026-03-13,2026-03,SITE-0071,Jakarta,Fiber Internet,Medium,Open,2026-03-13T22:52:00,,211,166,Access node congestion,Field Operations,1,Assign service assurance follow-up
INC-2026-01883,2026-03-13,2026-03,SITE-0193,Surabaya,IPTV,Medium,Escalated,2026-03-13T22:48:00,,21,117,Customer premises equipment,NOC Core,1,Assign service assurance follow-up
INC-2026-01914,2026-03-13,2026-03,SITE-0012,Bandung,Fiber Internet,Medium,Resolved,2026-03-13T12:10:00,2026-03-13T15:32:00,202,126,Customer premises equipment,Customer Assurance,1,Assign service assurance follow-up
INC-2026-00351,2026-03-14,2026-03,SITE-0034,Medan,Mobile Broadband,High,Resolved,2026-03-14T16:49:00,2026-03-14T23:21:00,392,374,Access node congestion,NOC Core,2,Escalate to regional operations lead
INC-2026-00570,2026-03-14,2026-03,SITE-0198,Denpasar,Fiber Internet,Low,Resolved,2026-03-14T06:58:00,2026-03-14T07:33:00,35,30,Power outage,Fiber Maintenance,1,Monitor and resolve in standard queue
INC-2026-00723,2026-03-14,2026-03,SITE-0200,Balikpapan,Fiber Internet,Low,Resolved,2026-03-14T04:41:00,2026-03-14T05:20:00,39,52,Planned maintenance overrun,Enterprise Support,1,Monitor and resolve in standard queue
INC-2026-01009,2026-03-14,2026-03,SITE-0004,Medan,IPTV,Low,Resolved,2026-03-14T17:50:00,2026-03-14T18:33:00,43,23,Core router instability,Field Operations,1,Monitor and resolve in standard queue
INC-2026-01053,2026-03-14,2026-03,SITE-0238,Denpasar,Mobile Broadband,Critical,Escalated,2026-03-14T18:40:00,,550,574,Customer premises equipment,Customer Assurance,3,Open command bridge and dispatch field team
INC-2026-01094,2026-03-14,2026-03,SITE-0016,Semarang,Enterprise VPN,Medium,Resolved,2026-03-14T14:19:00,2026-03-14T16:36:00,137,53,Core router instability,Field Operations,1,Assign service assurance follow-up
INC-2026-01606,2026-03-14,2026-03,SITE-0141,Jakarta,Fiber Internet,Low,Closed,2026-03-14T08:05:00,2026-03-14T09:18:00,73,46,Planned maintenance overrun,NOC Core,1,Monitor and resolve in standard queue
INC-2026-02090,2026-03-14,2026-03,SITE-0088,Denpasar,Fiber Internet,High,Resolved,2026-03-14T08:58:00,2026-03-14T13:23:00,265,321,Fiber cut,Fiber Maintenance,2,Escalate to regional operations lead
INC-2026-00028,2026-03-15,2026-03,SITE-0098,Denpasar,Voice,Low,Closed,2026-03-15T10:48:00,2026-03-15T11:49:00,61,32,Planned maintenance overrun,Fiber Maintenance,1,Monitor and resolve in standard queue
INC-2026-00166,2026-03-15,2026-03,SITE-0209,Palembang,Mobile Broadband,Low,Resolved,2026-03-15T03:09:00,2026-03-15T04:08:00,59,42,Fiber cut,Fiber Maintenance,1,Monitor and resolve in standard queue
INC-2026-00202,2026-03-15,2026-03,SITE-0229,Palembang,IPTV,Low,Resolved,2026-03-15T21:23:00,2026-03-15T22:09:00,46,37,Access node congestion,Field Operations,1,Monitor and resolve in standard queue
INC-2026-00408,2026-03-15,2026-03,SITE-0096,Semarang,Mobile Broadband,Low,Resolved,2026-03-15T18:39:00,2026-03-15T19:42:00,63,57,Fiber cut,Field Operations,1,Monitor and resolve in standard queue
INC-2026-00558,2026-03-15,2026-03,SITE-0126,Semarang,Mobile Broadband,Low,Investigating,2026-03-15T08:19:00,,53,43,Configuration drift,Enterprise Support,1,Monitor and resolve in standard queue
INC-2026-00859,2026-03-15,2026-03,SITE-0062,Bandung,Voice,Low,Resolved,2026-03-15T12:46:00,2026-03-15T13:35:00,49,30,Backhaul packet loss,NOC Core,1,Monitor and resolve in standard queue
INC-2026-01266,2026-03-15,2026-03,SITE-0198,Denpasar,Fiber Internet,High,Resolved,2026-03-15T02:54:00,2026-03-15T06:57:00,243,238,Configuration drift,Enterprise Support,2,Escalate to regional operations lead
INC-2026-01290,2026-03-15,2026-03,SITE-0042,Bandung,Voice,High,Resolved,2026-03-15T06:29:00,2026-03-15T14:07:00,458,229,Fiber cut,NOC Core,2,Escalate to regional operations lead
INC-2026-01376,2026-03-15,2026-03,SITE-0149,Palembang,Fiber Internet,Low,Closed,2026-03-15T16:23:00,2026-03-15T17:02:00,39,53,Planned maintenance overrun,Enterprise Support,1,Monitor and resolve in standard queue
INC-2026-01681,2026-03-15,2026-03,SITE-0179,Palembang,IPTV,Low,Closed,2026-03-15T14:32:00,2026-03-15T15:17:00,45,35,Power outage,Fiber Maintenance,1,Monitor and resolve in standard queue
INC-2026-00214,2026-03-16,2026-03,SITE-0001,Jakarta,IPTV,Low,Resolved,2026-03-16T20:41:00,2026-03-16T22:00:00,79,39,Customer premises equipment,Customer Assurance,1,Monitor and resolve in standard queue
INC-2026-00346,2026-03-16,2026-03,SITE-0033,Surabaya,Voice,Low,Resolved,2026-03-16T09:04:00,2026-03-16T10:08:00,64,40,Planned maintenance overrun,Fiber Maintenance,1,Monitor and resolve in standard queue
INC-2026-01101,2026-03-16,2026-03,SITE-0238,Denpasar,Mobile Broadband,Medium,Resolved,2026-03-16T03:24:00,2026-03-16T05:41:00,137,139,Customer premises equipment,Fiber Maintenance,1,Assign service assurance follow-up
INC-2026-00022,2026-03-17,2026-03,SITE-0108,Denpasar,Fiber Internet,Medium,Resolved,2026-03-17T10:29:00,2026-03-17T13:10:00,161,180,Core router instability,NOC Core,1,Assign service assurance follow-up
INC-2026-00164,2026-03-17,2026-03,SITE-0009,Palembang,IPTV,Medium,Resolved,2026-03-17T19:04:00,2026-03-17T21:38:00,154,185,Power outage,Enterprise Support,1,Assign service assurance follow-up
INC-2026-00527,2026-03-17,2026-03,SITE-0173,Surabaya,Voice,Low,Resolved,2026-03-17T13:34:00,2026-03-17T14:58:00,84,24,Power outage,Field Operations,1,Monitor and resolve in standard queue
INC-2026-00843,2026-03-17,2026-03,SITE-0113,Surabaya,Fiber Internet,High,Resolved,2026-03-17T19:50:00,2026-03-18T00:40:00,290,500,Core router instability,Enterprise Support,2,Escalate to regional operations lead
INC-2026-01261,2026-03-17,2026-03,SITE-0009,Palembang,IPTV,Low,Resolved,2026-03-17T17:35:00,2026-03-17T18:27:00,52,24,Planned maintenance overrun,NOC Core,1,Monitor and resolve in standard queue
INC-2026-01567,2026-03-17,2026-03,SITE-0217,Yogyakarta,Cloud Connectivity,Medium,Resolved,2026-03-17T22:45:00,2026-03-18T00:39:00,114,249,Customer premises equipment,Customer Assurance,1,Assign service assurance follow-up
INC-2026-01574,2026-03-17,2026-03,SITE-0207,Yogyakarta,Cloud Connectivity,Low,Resolved,2026-03-17T04:33:00,2026-03-17T05:28:00,55,55,Customer premises equipment,NOC Core,1,Monitor and resolve in standard queue
INC-2026-01654,2026-03-17,2026-03,SITE-0147,Yogyakarta,Fiber Internet,Medium,Resolved,2026-03-17T00:37:00,2026-03-17T02:44:00,127,244,Planned maintenance overrun,Enterprise Support,1,Assign service assurance follow-up
INC-2026-01747,2026-03-17,2026-03,SITE-0041,Jakarta,Cloud Connectivity,High,Escalated,2026-03-17T07:11:00,,556,337,Access node congestion,NOC Core,2,Escalate to regional operations lead
INC-2026-02085,2026-03-17,2026-03,SITE-0238,Denpasar,Mobile Broadband,High,Resolved,2026-03-17T02:13:00,2026-03-17T08:04:00,351,321,Configuration drift,Field Operations,2,Escalate to regional operations lead
INC-2026-01320,2026-03-18,2026-03,SITE-0097,Yogyakarta,IPTV,Medium,Resolved,2026-03-18T15:46:00,2026-03-18T18:08:00,142,169,Fiber cut,Fiber Maintenance,1,Assign service assurance follow-up
INC-2026-01360,2026-03-18,2026-03,SITE-0245,Makassar,Voice,High,Resolved,2026-03-18T09:18:00,2026-03-18T14:35:00,317,446,Core router instability,NOC Core,2,Escalate to regional operations lead
INC-2026-01893,2026-03-18,2026-03,SITE-0111,Jakarta,Fiber Internet,Medium,Resolved,2026-03-18T14:19:00,2026-03-18T16:49:00,150,107,Power outage,NOC Core,1,Assign service assurance follow-up
INC-2026-02053,2026-03-18,2026-03,SITE-0155,Makassar,Cloud Connectivity,High,Resolved,2026-03-18T17:14:00,2026-03-18T21:47:00,273,226,Configuration drift,Customer Assurance,2,Escalate to regional operations lead
INC-2026-00545,2026-03-19,2026-03,SITE-0230,Balikpapan,IPTV,Low,Resolved,2026-03-19T21:27:00,2026-03-19T22:03:00,36,79,Planned maintenance overrun,Fiber Maintenance,1,Monitor and resolve in standard queue
INC-2026-00841,2026-03-19,2026-03,SITE-0098,Denpasar,Voice,High,Resolved,2026-03-19T12:11:00,2026-03-19T18:37:00,386,328,Planned maintenance overrun,Fiber Maintenance,2,Escalate to regional operations lead
INC-2026-01066,2026-03-19,2026-03,SITE-0148,Denpasar,Mobile Broadband,Medium,Resolved,2026-03-19T08:35:00,2026-03-19T11:06:00,151,107,Backhaul packet loss,Field Operations,1,Assign service assurance follow-up
INC-2026-01441,2026-03-19,2026-03,SITE-0063,Surabaya,Voice,High,Resolved,2026-03-19T00:57:00,2026-03-19T07:56:00,419,160,Configuration drift,Fiber Maintenance,2,Escalate to regional operations lead
INC-2026-01443,2026-03-19,2026-03,SITE-0144,Medan,Enterprise VPN,High,Closed,2026-03-19T07:31:00,2026-03-19T12:43:00,312,68,Backhaul packet loss,Enterprise Support,2,Escalate to regional operations lead
INC-2026-01711,2026-03-19,2026-03,SITE-0204,Medan,Cloud Connectivity,Low,Resolved,2026-03-19T13:30:00,2026-03-19T14:31:00,61,63,Configuration drift,Field Operations,1,Monitor and resolve in standard queue
INC-2026-00416,2026-03-20,2026-03,SITE-0075,Makassar,IPTV,Low,Closed,2026-03-20T04:00:00,2026-03-20T04:54:00,54,19,Power outage,NOC Core,1,Monitor and resolve in standard queue
INC-2026-00790,2026-03-20,2026-03,SITE-0086,Semarang,IPTV,Medium,Resolved,2026-03-20T05:33:00,2026-03-20T08:19:00,166,100,Planned maintenance overrun,NOC Core,1,Assign service assurance follow-up
INC-2026-01171,2026-03-20,2026-03,SITE-0075,Makassar,IPTV,Low,Resolved,2026-03-20T01:26:00,2026-03-20T02:13:00,47,20,Planned maintenance overrun,Fiber Maintenance,1,Monitor and resolve in standard queue
INC-2026-01309,2026-03-20,2026-03,SITE-0233,Surabaya,Voice,Medium,Closed,2026-03-20T11:16:00,2026-03-20T12:44:00,88,87,Backhaul packet loss,Field Operations,1,Assign service assurance follow-up
INC-2026-01614,2026-03-20,2026-03,SITE-0168,Denpasar,Cloud Connectivity,Critical,Closed,2026-03-20T22:17:00,2026-03-21T06:15:00,478,301,Backhaul packet loss,Enterprise Support,3,Open command bridge and dispatch field team
INC-2026-01708,2026-03-20,2026-03,SITE-0156,Semarang,Cloud Connectivity,High,Resolved,2026-03-20T11:27:00,2026-03-20T17:00:00,333,300,Backhaul packet loss,Field Operations,2,Escalate to regional operations lead
INC-2026-01725,2026-03-20,2026-03,SITE-0102,Bandung,Enterprise VPN,Low,Resolved,2026-03-20T22:06:00,2026-03-20T22:43:00,37,16,Planned maintenance overrun,Fiber Maintenance,1,Monitor and resolve in standard queue
INC-2026-02040,2026-03-20,2026-03,SITE-0009,Palembang,IPTV,Low,Investigating,2026-03-20T06:45:00,,42,25,Core router instability,Field Operations,1,Monitor and resolve in standard queue
INC-2026-00388,2026-03-21,2026-03,SITE-0090,Balikpapan,IPTV,Low,Investigating,2026-03-21T00:20:00,,89,39,Planned maintenance overrun,Customer Assurance,1,Monitor and resolve in standard queue
INC-2026-00679,2026-03-21,2026-03,SITE-0074,Medan,Cloud Connectivity,Medium,Resolved,2026-03-21T02:18:00,2026-03-21T04:03:00,105,146,Customer premises equipment,NOC Core,1,Assign service assurance follow-up
INC-2026-00897,2026-03-21,2026-03,SITE-0168,Denpasar,Cloud Connectivity,Low,Resolved,2026-03-21T18:27:00,2026-03-21T19:07:00,40,30,Power outage,Customer Assurance,1,Monitor and resolve in standard queue
INC-2026-01307,2026-03-21,2026-03,SITE-0036,Semarang,Enterprise VPN,High,Resolved,2026-03-21T03:07:00,2026-03-21T04:49:00,102,254,Access node congestion,Field Operations,2,Escalate to regional operations lead
INC-2026-01455,2026-03-21,2026-03,SITE-0194,Medan,Fiber Internet,Low,Closed,2026-03-21T13:18:00,2026-03-21T14:26:00,68,59,Planned maintenance overrun,Field Operations,1,Monitor and resolve in standard queue
INC-2026-00129,2026-03-22,2026-03,SITE-0058,Denpasar,Mobile Broadband,Low,Resolved,2026-03-22T20:29:00,2026-03-22T21:40:00,71,34,Fiber cut,Customer Assurance,1,Monitor and resolve in standard queue
INC-2026-00399,2026-03-22,2026-03,SITE-0246,Semarang,Mobile Broadband,Medium,Resolved,2026-03-22T08:05:00,2026-03-22T10:01:00,116,239,Power outage,Field Operations,1,Assign service assurance follow-up
INC-2026-01060,2026-03-22,2026-03,SITE-0073,Surabaya,Cloud Connectivity,Low,Closed,2026-03-22T22:37:00,2026-03-22T23:43:00,66,47,Backhaul packet loss,Customer Assurance,1,Monitor and resolve in standard queue
INC-2026-01195,2026-03-22,2026-03,SITE-0190,Balikpapan,IPTV,Medium,Resolved,2026-03-22T14:16:00,2026-03-22T16:07:00,111,94,Fiber cut,Customer Assurance,1,Assign service assurance follow-up
INC-2026-01315,2026-03-22,2026-03,SITE-0100,Balikpapan,Cloud Connectivity,Low,Resolved,2026-03-22T14:24:00,2026-03-22T15:17:00,53,41,Core router instability,Customer Assurance,1,Monitor and resolve in standard queue
INC-2026-01847,2026-03-22,2026-03,SITE-0134,Medan,IPTV,High,Resolved,2026-03-22T09:50:00,2026-03-22T16:32:00,402,614,Fiber cut,Field Operations,2,Escalate to regional operations lead
INC-2026-01874,2026-03-22,2026-03,SITE-0180,Balikpapan,Voice,Medium,Resolved,2026-03-22T12:32:00,2026-03-22T15:08:00,156,84,Configuration drift,NOC Core,1,Assign service assurance follow-up
INC-2026-02163,2026-03-22,2026-03,SITE-0105,Makassar,Fiber Internet,Medium,Resolved,2026-03-22T20:31:00,2026-03-22T22:27:00,116,133,Planned maintenance overrun,Field Operations,1,Assign service assurance follow-up
INC-2026-02174,2026-03-22,2026-03,SITE-0048,Denpasar,Voice,High,Open,2026-03-22T11:47:00,,265,473,Configuration drift,Customer Assurance,2,Escalate to regional operations lead
INC-2026-00057,2026-03-23,2026-03,SITE-0114,Medan,Enterprise VPN,Low,Resolved,2026-03-23T03:41:00,2026-03-23T04:40:00,59,11,Access node congestion,NOC Core,1,Monitor and resolve in standard queue
INC-2026-00377,2026-03-23,2026-03,SITE-0089,Palembang,IPTV,Medium,Resolved,2026-03-23T08:58:00,2026-03-23T11:10:00,132,214,Backhaul packet loss,Field Operations,1,Assign service assurance follow-up
INC-2026-00794,2026-03-23,2026-03,SITE-0035,Makassar,Mobile Broadband,Low,Resolved,2026-03-23T23:19:00,2026-03-24T00:30:00,71,14,Access node congestion,Enterprise Support,1,Monitor and resolve in standard queue
INC-2026-00847,2026-03-23,2026-03,SITE-0091,Jakarta,Enterprise VPN,High,Closed,2026-03-23T21:57:00,2026-03-24T05:55:00,478,256,Backhaul packet loss,NOC Core,2,Escalate to regional operations lead
INC-2026-00887,2026-03-23,2026-03,SITE-0033,Surabaya,Voice,Low,Resolved,2026-03-23T13:07:00,2026-03-23T14:09:00,62,52,Planned maintenance overrun,Field Operations,1,Monitor and resolve in standard queue
INC-2026-01970,2026-03-23,2026-03,SITE-0013,Surabaya,Mobile Broadband,Low,Resolved,2026-03-23T21:39:00,2026-03-23T22:30:00,51,28,Backhaul packet loss,NOC Core,1,Monitor and resolve in standard queue
INC-2026-02168,2026-03-23,2026-03,SITE-0010,Balikpapan,Cloud Connectivity,Low,Resolved,2026-03-23T10:32:00,2026-03-23T11:32:00,60,29,Access node congestion,Customer Assurance,1,Monitor and resolve in standard queue
INC-2026-00599,2026-03-24,2026-03,SITE-0216,Semarang,Enterprise VPN,Critical,Resolved,2026-03-24T20:53:00,2026-03-25T12:27:00,934,55,Access node congestion,Customer Assurance,3,Open command bridge and dispatch field team
INC-2026-00774,2026-03-24,2026-03,SITE-0061,Jakarta,Cloud Connectivity,Medium,Resolved,2026-03-24T12:37:00,2026-03-24T16:14:00,217,91,Fiber cut,Fiber Maintenance,1,Assign service assurance follow-up
INC-2026-01229,2026-03-24,2026-03,SITE-0122,Bandung,Enterprise VPN,Medium,Resolved,2026-03-24T15:10:00,2026-03-24T17:21:00,131,42,Access node congestion,Enterprise Support,1,Assign service assurance follow-up
INC-2026-01752,2026-03-24,2026-03,SITE-0024,Medan,Voice,Low,Resolved,2026-03-24T22:29:00,2026-03-24T23:15:00,46,33,Planned maintenance overrun,Enterprise Support,1,Monitor and resolve in standard queue
INC-2026-00009,2026-03-25,2026-03,SITE-0184,Medan,Enterprise VPN,Low,Resolved,2026-03-25T00:09:00,2026-03-25T01:00:00,51,5,Backhaul packet loss,Enterprise Support,1,Monitor and resolve in standard queue
INC-2026-00582,2026-03-25,2026-03,SITE-0137,Yogyakarta,Enterprise VPN,High,Closed,2026-03-25T17:43:00,2026-03-25T23:22:00,339,193,Customer premises equipment,Enterprise Support,2,Escalate to regional operations lead
INC-2026-01296,2026-03-25,2026-03,SITE-0167,Yogyakarta,IPTV,Medium,Closed,2026-03-25T05:42:00,2026-03-25T07:48:00,126,116,Core router instability,Field Operations,1,Assign service assurance follow-up
INC-2026-01505,2026-03-25,2026-03,SITE-0069,Palembang,Voice,Medium,Closed,2026-03-25T13:59:00,2026-03-25T16:01:00,122,164,Configuration drift,Enterprise Support,1,Assign service assurance follow-up
INC-2026-01983,2026-03-25,2026-03,SITE-0002,Bandung,Mobile Broadband,Medium,Resolved,2026-03-25T13:56:00,2026-03-25T17:22:00,206,166,Planned maintenance overrun,Enterprise Support,1,Assign service assurance follow-up
INC-2026-02080,2026-03-25,2026-03,SITE-0212,Bandung,Cloud Connectivity,Low,Resolved,2026-03-25T08:25:00,2026-03-25T09:22:00,57,54,Configuration drift,Fiber Maintenance,1,Monitor and resolve in standard queue
INC-2026-02105,2026-03-25,2026-03,SITE-0176,Semarang,Fiber Internet,Low,Closed,2026-03-25T23:10:00,2026-03-25T23:56:00,46,18,Core router instability,NOC Core,1,Monitor and resolve in standard queue
INC-2026-02107,2026-03-25,2026-03,SITE-0075,Makassar,IPTV,Low,Resolved,2026-03-25T06:35:00,2026-03-25T07:26:00,51,14,Fiber cut,Enterprise Support,1,Monitor and resolve in standard queue
INC-2026-02191,2026-03-25,2026-03,SITE-0164,Medan,Voice,Critical,Resolved,2026-03-25T08:39:00,2026-03-26T02:21:00,1062,499,Fiber cut,Fiber Maintenance,3,Open command bridge and dispatch field team
INC-2026-00426,2026-03-26,2026-03,SITE-0135,Makassar,Voice,Medium,Closed,2026-03-26T04:07:00,2026-03-26T06:35:00,148,101,Fiber cut,Customer Assurance,1,Assign service assurance follow-up
INC-2026-00752,2026-03-26,2026-03,SITE-0054,Medan,Enterprise VPN,Low,Resolved,2026-03-26T17:01:00,2026-03-26T17:48:00,47,17,Fiber cut,NOC Core,1,Monitor and resolve in standard queue
INC-2026-01415,2026-03-26,2026-03,SITE-0111,Jakarta,Fiber Internet,Low,Resolved,2026-03-26T07:52:00,2026-03-26T09:28:00,96,51,Access node congestion,Fiber Maintenance,1,Monitor and resolve in standard queue
INC-2026-01544,2026-03-26,2026-03,SITE-0020,Balikpapan,Mobile Broadband,Medium,Resolved,2026-03-26T18:59:00,2026-03-26T21:16:00,137,167,Planned maintenance overrun,Field Operations,1,Assign service assurance follow-up
INC-2026-02140,2026-03-26,2026-03,SITE-0003,Surabaya,Fiber Internet,High,Resolved,2026-03-26T11:40:00,2026-03-26T21:04:00,564,522,Planned maintenance overrun,Customer Assurance,2,Escalate to regional operations lead
INC-2026-02160,2026-03-26,2026-03,SITE-0007,Yogyakarta,IPTV,High,Closed,2026-03-26T07:23:00,2026-03-26T09:09:00,106,455,Customer premises equipment,Fiber Maintenance,2,Escalate to regional operations lead
INC-2026-00035,2026-03-27,2026-03,SITE-0028,Denpasar,Voice,High,Closed,2026-03-27T08:18:00,2026-03-27T12:20:00,242,448,Configuration drift,Fiber Maintenance,2,Escalate to regional operations lead
INC-2026-00449,2026-03-27,2026-03,SITE-0081,Jakarta,Voice,Medium,Closed,2026-03-27T07:15:00,2026-03-27T10:02:00,167,123,Power outage,NOC Core,1,Assign service assurance follow-up
INC-2026-01553,2026-03-27,2026-03,SITE-0010,Balikpapan,Cloud Connectivity,Medium,Resolved,2026-03-27T02:03:00,2026-03-27T03:53:00,110,183,Backhaul packet loss,Field Operations,1,Assign service assurance follow-up
INC-2026-01993,2026-03-27,2026-03,SITE-0206,Semarang,Voice,High,Resolved,2026-03-27T09:25:00,2026-03-27T13:46:00,261,216,Power outage,Customer Assurance,2,Escalate to regional operations lead
INC-2026-02199,2026-03-27,2026-03,SITE-0138,Denpasar,Enterprise VPN,Medium,Resolved,2026-03-27T13:12:00,2026-03-27T15:25:00,133,23,Fiber cut,Field Operations,1,Assign service assurance follow-up
INC-2026-00040,2026-03-28,2026-03,SITE-0146,Semarang,Mobile Broadband,Medium,Resolved,2026-03-28T19:24:00,2026-03-28T20:11:00,47,137,Fiber cut,Fiber Maintenance,1,Assign service assurance follow-up
INC-2026-00274,2026-03-28,2026-03,SITE-0165,Makassar,IPTV,Low,Resolved,2026-03-28T11:42:00,2026-03-28T12:40:00,58,24,Backhaul packet loss,NOC Core,1,Monitor and resolve in standard queue
INC-2026-00471,2026-03-28,2026-03,SITE-0089,Palembang,IPTV,Low,Closed,2026-03-28T00:02:00,2026-03-28T00:34:00,32,31,Customer premises equipment,Customer Assurance,1,Monitor and resolve in standard queue
INC-2026-00662,2026-03-28,2026-03,SITE-0118,Denpasar,Enterprise VPN,High,Investigating,2026-03-28T09:31:00,,459,17,Fiber cut,Field Operations,2,Escalate to regional operations lead
INC-2026-01329,2026-03-28,2026-03,SITE-0142,Bandung,Mobile Broadband,Medium,Resolved,2026-03-28T13:21:00,2026-03-28T16:43:00,202,130,Access node congestion,Customer Assurance,1,Assign service assurance follow-up
INC-2026-01796,2026-03-28,2026-03,SITE-0128,Denpasar,Cloud Connectivity,Medium,Closed,2026-03-28T03:51:00,2026-03-28T05:58:00,127,93,Planned maintenance overrun,NOC Core,1,Assign service assurance follow-up
INC-2026-01927,2026-03-28,2026-03,SITE-0068,Denpasar,Fiber Internet,Critical,Resolved,2026-03-28T17:14:00,2026-03-29T03:39:00,625,443,Fiber cut,Field Operations,3,Open command bridge and dispatch field team
INC-2026-01291,2026-03-29,2026-03,SITE-0041,Jakarta,Cloud Connectivity,Medium,Closed,2026-03-29T06:23:00,2026-03-29T09:20:00,177,183,Planned maintenance overrun,NOC Core,1,Assign service assurance follow-up
INC-2026-01361,2026-03-29,2026-03,SITE-0065,Makassar,Fiber Internet,Medium,Resolved,2026-03-29T00:30:00,2026-03-29T02:25:00,115,176,Planned maintenance overrun,Fiber Maintenance,1,Assign service assurance follow-up
INC-2026-01419,2026-03-29,2026-03,SITE-0081,Jakarta,Voice,Medium,Resolved,2026-03-29T12:59:00,2026-03-29T14:47:00,108,153,Core router instability,Customer Assurance,1,Assign service assurance follow-up
INC-2026-02019,2026-03-29,2026-03,SITE-0056,Semarang,Cloud Connectivity,High,Closed,2026-03-29T13:22:00,2026-03-29T17:35:00,253,264,Access node congestion,NOC Core,2,Escalate to regional operations lead
INC-2026-00509,2026-03-30,2026-03,SITE-0089,Palembang,IPTV,Critical,Investigating,2026-03-30T17:59:00,,572,668,Planned maintenance overrun,Fiber Maintenance,3,Open command bridge and dispatch field team
INC-2026-01036,2026-03-30,2026-03,SITE-0230,Balikpapan,IPTV,Medium,Resolved,2026-03-30T14:05:00,2026-03-30T16:34:00,149,193,Fiber cut,Enterprise Support,1,Assign service assurance follow-up
INC-2026-01328,2026-03-30,2026-03,SITE-0095,Makassar,IPTV,Low,Closed,2026-03-30T21:14:00,2026-03-30T22:06:00,52,41,Customer premises equipment,Customer Assurance,1,Monitor and resolve in standard queue
INC-2026-01458,2026-03-30,2026-03,SITE-0080,Balikpapan,Voice,Medium,Resolved,2026-03-30T23:24:00,2026-03-31T01:28:00,124,115,Power outage,NOC Core,1,Assign service assurance follow-up
INC-2026-01975,2026-03-30,2026-03,SITE-0010,Balikpapan,Cloud Connectivity,Low,Resolved,2026-03-30T23:42:00,2026-03-31T00:38:00,56,36,Fiber cut,NOC Core,1,Monitor and resolve in standard queue
INC-2026-02054,2026-03-30,2026-03,SITE-0082,Bandung,Enterprise VPN,Critical,Closed,2026-03-30T22:47:00,2026-03-31T10:55:00,728,173,Backhaul packet loss,NOC Core,3,Open command bridge and dispatch field team
INC-2026-00178,2026-03-31,2026-03,SITE-0140,Balikpapan,Voice,Medium,Resolved,2026-03-31T00:57:00,2026-03-31T03:13:00,136,92,Customer premises equipment,Customer Assurance,1,Assign service assurance follow-up
INC-2026-01367,2026-03-31,2026-03,SITE-0060,Balikpapan,Fiber Internet,High,Closed,2026-03-31T03:34:00,2026-03-31T06:53:00,199,322,Configuration drift,NOC Core,2,Escalate to regional operations lead
INC-2026-01743,2026-03-31,2026-03,SITE-0092,Bandung,Voice,Low,Resolved,2026-03-31T14:14:00,2026-03-31T14:55:00,41,34,Power outage,Field Operations,1,Monitor and resolve in standard queue
INC-2026-01923,2026-03-31,2026-03,SITE-0111,Jakarta,Fiber Internet,High,Resolved,2026-03-31T16:26:00,2026-03-31T21:05:00,279,492,Planned maintenance overrun,Customer Assurance,2,Escalate to regional operations lead
INC-2026-00115,2026-04-01,2026-04,SITE-0204,Medan,Cloud Connectivity,Medium,Resolved,2026-04-01T00:55:00,2026-04-01T03:14:00,139,157,Configuration drift,Enterprise Support,1,Assign service assurance follow-up
INC-2026-00118,2026-04-01,2026-04,SITE-0103,Surabaya,Fiber Internet,Medium,Closed,2026-04-01T03:42:00,2026-04-01T06:25:00,163,122,Core router instability,NOC Core,1,Assign service assurance follow-up
INC-2026-00930,2026-04-01,2026-04,SITE-0069,Palembang,Voice,Low,Closed,2026-04-01T07:41:00,2026-04-01T08:33:00,52,25,Backhaul packet loss,Field Operations,1,Monitor and resolve in standard queue
INC-2026-01494,2026-04-01,2026-04,SITE-0224,Medan,Mobile Broadband,Medium,Resolved,2026-04-01T12:29:00,2026-04-01T15:13:00,164,274,Planned maintenance overrun,Customer Assurance,1,Assign service assurance follow-up
INC-2026-01525,2026-04-01,2026-04,SITE-0101,Jakarta,Enterprise VPN,Low,Resolved,2026-04-01T02:23:00,2026-04-01T03:19:00,56,7,Access node congestion,Customer Assurance,1,Monitor and resolve in standard queue
INC-2026-02074,2026-04-01,2026-04,SITE-0128,Denpasar,Cloud Connectivity,High,Closed,2026-04-01T05:49:00,2026-04-01T11:23:00,334,525,Backhaul packet loss,Fiber Maintenance,2,Escalate to regional operations lead
INC-2026-00187,2026-04-02,2026-04,SITE-0213,Surabaya,Cloud Connectivity,Medium,Resolved,2026-04-02T09:57:00,2026-04-02T11:49:00,112,37,Configuration drift,Enterprise Support,1,Assign service assurance follow-up
INC-2026-00224,2026-04-02,2026-04,SITE-0155,Makassar,Cloud Connectivity,Medium,Closed,2026-04-02T05:55:00,2026-04-02T09:18:00,203,129,Customer premises equipment,Enterprise Support,1,Assign service assurance follow-up
INC-2026-00621,2026-04-02,2026-04,SITE-0121,Jakarta,Voice,Low,Resolved,2026-04-02T00:16:00,2026-04-02T01:17:00,61,26,Fiber cut,Enterprise Support,1,Monitor and resolve in standard queue
INC-2026-00643,2026-04-02,2026-04,SITE-0178,Denpasar,IPTV,Low,Resolved,2026-04-02T13:13:00,2026-04-02T14:03:00,50,32,Customer premises equipment,Enterprise Support,1,Monitor and resolve in standard queue
INC-2026-00848,2026-04-02,2026-04,SITE-0087,Yogyakarta,Enterprise VPN,Medium,Resolved,2026-04-02T12:32:00,2026-04-02T14:38:00,126,66,Access node congestion,Fiber Maintenance,1,Assign service assurance follow-up
INC-2026-01237,2026-04-02,2026-04,SITE-0136,Semarang,Cloud Connectivity,High,Resolved,2026-04-02T08:55:00,2026-04-02T14:12:00,317,482,Configuration drift,Customer Assurance,2,Escalate to regional operations lead
INC-2026-01383,2026-04-02,2026-04,SITE-0141,Jakarta,Fiber Internet,Medium,Resolved,2026-04-02T15:24:00,2026-04-02T17:00:00,96,137,Access node congestion,Fiber Maintenance,1,Assign service assurance follow-up
INC-2026-01748,2026-04-02,2026-04,SITE-0016,Semarang,Enterprise VPN,Low,Resolved,2026-04-02T10:26:00,2026-04-02T11:16:00,50,16,Power outage,NOC Core,1,Monitor and resolve in standard queue
INC-2026-00111,2026-04-03,2026-04,SITE-0220,Balikpapan,Fiber Internet,Low,Resolved,2026-04-03T13:13:00,2026-04-03T13:33:00,20,64,Power outage,Customer Assurance,1,Monitor and resolve in standard queue
INC-2026-00644,2026-04-03,2026-04,SITE-0010,Balikpapan,Cloud Connectivity,Low,Closed,2026-04-03T02:44:00,2026-04-03T03:35:00,51,32,Planned maintenance overrun,Field Operations,1,Monitor and resolve in standard queue
INC-2026-00773,2026-04-03,2026-04,SITE-0239,Palembang,Voice,Low,Resolved,2026-04-03T05:32:00,2026-04-03T06:14:00,42,41,Customer premises equipment,Field Operations,1,Monitor and resolve in standard queue
INC-2026-00980,2026-04-03,2026-04,SITE-0079,Palembang,Enterprise VPN,Low,Closed,2026-04-03T16:59:00,2026-04-03T18:26:00,87,13,Power outage,Fiber Maintenance,1,Monitor and resolve in standard queue
INC-2026-01203,2026-04-03,2026-04,SITE-0221,Jakarta,Cloud Connectivity,Low,Closed,2026-04-03T08:08:00,2026-04-03T08:56:00,48,31,Customer premises equipment,Field Operations,1,Monitor and resolve in standard queue
INC-2026-01313,2026-04-03,2026-04,SITE-0122,Bandung,Enterprise VPN,Low,Resolved,2026-04-03T23:17:00,2026-04-04T00:15:00,58,9,Core router instability,Field Operations,1,Monitor and resolve in standard queue
INC-2026-01374,2026-04-03,2026-04,SITE-0125,Makassar,IPTV,Low,Resolved,2026-04-03T14:53:00,2026-04-03T15:17:00,24,32,Backhaul packet loss,Field Operations,1,Monitor and resolve in standard queue
INC-2026-01386,2026-04-03,2026-04,SITE-0101,Jakarta,Enterprise VPN,Low,Resolved,2026-04-03T10:52:00,2026-04-03T11:50:00,58,6,Power outage,Field Operations,1,Monitor and resolve in standard queue
INC-2026-01566,2026-04-03,2026-04,SITE-0225,Makassar,Mobile Broadband,High,Resolved,2026-04-03T11:19:00,2026-04-03T16:35:00,316,366,Fiber cut,NOC Core,2,Escalate to regional operations lead
INC-2026-00155,2026-04-04,2026-04,SITE-0217,Yogyakarta,Cloud Connectivity,Medium,Closed,2026-04-04T17:32:00,2026-04-04T19:39:00,127,167,Core router instability,Customer Assurance,1,Assign service assurance follow-up
INC-2026-00872,2026-04-04,2026-04,SITE-0226,Semarang,Mobile Broadband,Medium,Resolved,2026-04-04T03:12:00,2026-04-04T05:49:00,157,82,Configuration drift,Field Operations,1,Assign service assurance follow-up
INC-2026-01182,2026-04-04,2026-04,SITE-0214,Medan,Cloud Connectivity,Medium,Closed,2026-04-04T15:54:00,2026-04-04T17:52:00,118,80,Access node congestion,NOC Core,1,Assign service assurance follow-up
INC-2026-01302,2026-04-04,2026-04,SITE-0249,Palembang,Enterprise VPN,Medium,Resolved,2026-04-04T06:26:00,2026-04-04T09:44:00,198,66,Backhaul packet loss,NOC Core,1,Assign service assurance follow-up
INC-2026-01305,2026-04-04,2026-04,SITE-0072,Bandung,Enterprise VPN,Low,Closed,2026-04-04T21:48:00,2026-04-04T22:43:00,55,24,Configuration drift,Fiber Maintenance,1,Monitor and resolve in standard queue
INC-2026-01450,2026-04-04,2026-04,SITE-0043,Surabaya,Cloud Connectivity,Low,Closed,2026-04-04T17:22:00,2026-04-04T18:14:00,52,54,Core router instability,Enterprise Support,1,Monitor and resolve in standard queue
INC-2026-01598,2026-04-04,2026-04,SITE-0066,Semarang,Mobile Broadband,Medium,Closed,2026-04-04T06:45:00,2026-04-04T09:16:00,151,88,Backhaul packet loss,NOC Core,1,Assign service assurance follow-up
INC-2026-01785,2026-04-04,2026-04,SITE-0165,Makassar,IPTV,Critical,Resolved,2026-04-04T13:19:00,2026-04-05T04:08:00,889,390,Fiber cut,Customer Assurance,3,Open command bridge and dispatch field team
INC-2026-00536,2026-04-05,2026-04,SITE-0233,Surabaya,Voice,Low,Resolved,2026-04-05T09:46:00,2026-04-05T10:04:00,18,22,Access node congestion,NOC Core,1,Monitor and resolve in standard queue
INC-2026-00903,2026-04-05,2026-04,SITE-0156,Semarang,Cloud Connectivity,Medium,Closed,2026-04-05T08:53:00,2026-04-05T11:09:00,136,58,Fiber cut,NOC Core,1,Assign service assurance follow-up
INC-2026-01042,2026-04-05,2026-04,SITE-0175,Makassar,Mobile Broadband,Low,Closed,2026-04-05T04:56:00,2026-04-05T05:51:00,55,60,Core router instability,Field Operations,1,Monitor and resolve in standard queue
INC-2026-01217,2026-04-05,2026-04,SITE-0174,Medan,Mobile Broadband,Low,Investigating,2026-04-05T13:10:00,,84,16,Fiber cut,Fiber Maintenance,1,Monitor and resolve in standard queue
INC-2026-01554,2026-04-05,2026-04,SITE-0025,Makassar,IPTV,Low,Closed,2026-04-05T18:05:00,2026-04-05T18:48:00,43,19,Customer premises equipment,Enterprise Support,1,Monitor and resolve in standard queue
INC-2026-01718,2026-04-05,2026-04,SITE-0091,Jakarta,Enterprise VPN,Medium,Resolved,2026-04-05T11:19:00,2026-04-05T13:46:00,147,93,Customer premises equipment,NOC Core,1,Assign service assurance follow-up
INC-2026-02145,2026-04-05,2026-04,SITE-0241,Jakarta,Mobile Broadband,Low,Closed,2026-04-05T11:07:00,2026-04-05T12:02:00,55,37,Access node congestion,NOC Core,1,Monitor and resolve in standard queue
INC-2026-00261,2026-04-06,2026-04,SITE-0071,Jakarta,Fiber Internet,Low,Resolved,2026-04-06T07:22:00,2026-04-06T08:26:00,64,47,Planned maintenance overrun,NOC Core,1,Monitor and resolve in standard queue
INC-2026-00744,2026-04-06,2026-04,SITE-0064,Medan,Voice,Medium,Resolved,2026-04-06T18:13:00,2026-04-06T21:46:00,213,124,Power outage,Enterprise Support,1,Assign service assurance follow-up
INC-2026-01008,2026-04-06,2026-04,SITE-0122,Bandung,Enterprise VPN,Low,Resolved,2026-04-06T06:31:00,2026-04-06T07:24:00,53,19,Customer premises equipment,Field Operations,1,Monitor and resolve in standard queue
INC-2026-01255,2026-04-06,2026-04,SITE-0250,Balikpapan,Mobile Broadband,Medium,Closed,2026-04-06T14:55:00,2026-04-06T18:37:00,222,190,Backhaul packet loss,Customer Assurance,1,Assign service assurance follow-up
INC-2026-01366,2026-04-06,2026-04,SITE-0084,Medan,Mobile Broadband,High,Resolved,2026-04-06T17:58:00,2026-04-07T01:40:00,462,347,Configuration drift,Enterprise Support,2,Escalate to regional operations lead
INC-2026-01452,2026-04-06,2026-04,SITE-0197,Yogyakarta,Enterprise VPN,Medium,Closed,2026-04-06T19:46:00,2026-04-06T21:42:00,116,58,Configuration drift,Enterprise Support,1,Assign service assurance follow-up
INC-2026-01769,2026-04-06,2026-04,SITE-0018,Denpasar,Cloud Connectivity,Low,Resolved,2026-04-06T19:16:00,2026-04-06T19:57:00,41,30,Access node congestion,NOC Core,1,Monitor and resolve in standard queue
INC-2026-01729,2026-04-07,2026-04,SITE-0152,Bandung,Fiber Internet,Critical,Closed,2026-04-07T05:09:00,2026-04-07T10:13:00,304,1276,Configuration drift,Fiber Maintenance,3,Open command bridge and dispatch field team
INC-2026-00398,2026-04-08,2026-04,SITE-0050,Balikpapan,Cloud Connectivity,Medium,Closed,2026-04-08T12:16:00,2026-04-08T14:06:00,110,96,Power outage,Enterprise Support,1,Assign service assurance follow-up
INC-2026-00746,2026-04-08,2026-04,SITE-0127,Yogyakarta,Mobile Broadband,Low,Closed,2026-04-08T20:55:00,2026-04-08T21:41:00,46,28,Core router instability,Customer Assurance,1,Monitor and resolve in standard queue
INC-2026-01021,2026-04-08,2026-04,SITE-0224,Medan,Mobile Broadband,High,Resolved,2026-04-08T18:04:00,2026-04-08T23:04:00,300,787,Planned maintenance overrun,Customer Assurance,2,Escalate to regional operations lead
INC-2026-01204,2026-04-08,2026-04,SITE-0123,Surabaya,Fiber Internet,Low,Resolved,2026-04-08T01:28:00,2026-04-08T02:17:00,49,17,Customer premises equipment,Fiber Maintenance,1,Monitor and resolve in standard queue
INC-2026-01467,2026-04-08,2026-04,SITE-0010,Balikpapan,Cloud Connectivity,Low,Resolved,2026-04-08T14:08:00,2026-04-08T15:32:00,84,32,Configuration drift,Customer Assurance,1,Monitor and resolve in standard queue
INC-2026-01507,2026-04-08,2026-04,SITE-0065,Makassar,Fiber Internet,Medium,Closed,2026-04-08T18:08:00,2026-04-08T20:23:00,135,167,Customer premises equipment,NOC Core,1,Assign service assurance follow-up
INC-2026-01737,2026-04-08,2026-04,SITE-0184,Medan,Enterprise VPN,Low,Closed,2026-04-08T14:44:00,2026-04-08T15:50:00,66,6,Access node congestion,Fiber Maintenance,1,Monitor and resolve in standard queue
INC-2026-00533,2026-04-09,2026-04,SITE-0121,Jakarta,Voice,Medium,Closed,2026-04-09T04:30:00,2026-04-09T06:25:00,115,79,Access node congestion,Field Operations,1,Assign service assurance follow-up
INC-2026-01017,2026-04-09,2026-04,SITE-0073,Surabaya,Cloud Connectivity,Medium,Closed,2026-04-09T04:51:00,2026-04-09T05:37:00,46,192,Planned maintenance overrun,Customer Assurance,1,Assign service assurance follow-up
INC-2026-01050,2026-04-09,2026-04,SITE-0203,Surabaya,IPTV,Low,Resolved,2026-04-09T03:27:00,2026-04-09T04:02:00,35,51,Fiber cut,Fiber Maintenance,1,Monitor and resolve in standard queue
INC-2026-01809,2026-04-09,2026-04,SITE-0150,Balikpapan,IPTV,Medium,Closed,2026-04-09T21:58:00,2026-04-09T23:52:00,114,106,Configuration drift,NOC Core,1,Assign service assurance follow-up
INC-2026-02004,2026-04-09,2026-04,SITE-0168,Denpasar,Cloud Connectivity,Low,Resolved,2026-04-09T13:49:00,2026-04-09T14:42:00,53,30,Configuration drift,Enterprise Support,1,Monitor and resolve in standard queue
INC-2026-02113,2026-04-09,2026-04,SITE-0238,Denpasar,Mobile Broadband,Low,Resolved,2026-04-09T09:57:00,2026-04-09T10:31:00,34,27,Customer premises equipment,NOC Core,1,Monitor and resolve in standard queue
INC-2026-00024,2026-04-10,2026-04,SITE-0060,Balikpapan,Fiber Internet,High,Closed,2026-04-10T21:35:00,2026-04-11T01:32:00,237,178,Backhaul packet loss,NOC Core,2,Escalate to regional operations lead
INC-2026-00114,2026-04-10,2026-04,SITE-0244,Medan,Enterprise VPN,Medium,Resolved,2026-04-10T23:46:00,2026-04-11T02:22:00,156,111,Backhaul packet loss,Fiber Maintenance,1,Assign service assurance follow-up
INC-2026-00638,2026-04-10,2026-04,SITE-0220,Balikpapan,Fiber Internet,Medium,Escalated,2026-04-10T02:54:00,,185,193,Planned maintenance overrun,Field Operations,1,Assign service assurance follow-up
INC-2026-01006,2026-04-10,2026-04,SITE-0215,Makassar,Voice,Medium,Resolved,2026-04-10T08:37:00,2026-04-10T11:45:00,188,208,Access node congestion,Enterprise Support,1,Assign service assurance follow-up
INC-2026-01910,2026-04-10,2026-04,SITE-0159,Palembang,Mobile Broadband,Medium,Resolved,2026-04-10T16:12:00,2026-04-10T18:53:00,161,68,Core router instability,NOC Core,1,Assign service assurance follow-up
INC-2026-00821,2026-04-11,2026-04,SITE-0126,Semarang,Mobile Broadband,High,Investigating,2026-04-11T13:26:00,,298,303,Backhaul packet loss,NOC Core,2,Escalate to regional operations lead
INC-2026-00909,2026-04-11,2026-04,SITE-0224,Medan,Mobile Broadband,Low,Resolved,2026-04-11T05:24:00,2026-04-11T06:20:00,56,87,Power outage,Customer Assurance,1,Monitor and resolve in standard queue
INC-2026-01576,2026-04-11,2026-04,SITE-0197,Yogyakarta,Enterprise VPN,Low,Resolved,2026-04-11T23:56:00,2026-04-12T01:15:00,79,13,Backhaul packet loss,NOC Core,1,Monitor and resolve in standard queue
INC-2026-02076,2026-04-11,2026-04,SITE-0055,Makassar,Mobile Broadband,Low,Closed,2026-04-11T23:16:00,2026-04-12T00:21:00,65,23,Backhaul packet loss,Enterprise Support,1,Monitor and resolve in standard queue
INC-2026-00655,2026-04-12,2026-04,SITE-0063,Surabaya,Voice,Critical,Resolved,2026-04-12T08:19:00,2026-04-12T20:51:00,752,593,Planned maintenance overrun,Field Operations,3,Open command bridge and dispatch field team
INC-2026-00731,2026-04-12,2026-04,SITE-0047,Yogyakarta,Mobile Broadband,Medium,Resolved,2026-04-12T15:57:00,2026-04-12T18:57:00,180,119,Fiber cut,NOC Core,1,Assign service assurance follow-up
INC-2026-01069,2026-04-12,2026-04,SITE-0136,Semarang,Cloud Connectivity,Low,Closed,2026-04-12T11:47:00,2026-04-12T12:29:00,42,29,Planned maintenance overrun,Customer Assurance,1,Monitor and resolve in standard queue
INC-2026-01335,2026-04-12,2026-04,SITE-0126,Semarang,Mobile Broadband,Low,Resolved,2026-04-12T18:16:00,2026-04-12T19:27:00,71,18,Core router instability,Customer Assurance,1,Monitor and resolve in standard queue
INC-2026-01369,2026-04-12,2026-04,SITE-0229,Palembang,IPTV,Medium,Resolved,2026-04-12T12:38:00,2026-04-12T14:56:00,138,104,Configuration drift,NOC Core,1,Assign service assurance follow-up
INC-2026-01434,2026-04-12,2026-04,SITE-0197,Yogyakarta,Enterprise VPN,Low,Resolved,2026-04-12T12:59:00,2026-04-12T14:12:00,73,14,Configuration drift,Fiber Maintenance,1,Monitor and resolve in standard queue
INC-2026-01551,2026-04-12,2026-04,SITE-0105,Makassar,Fiber Internet,Medium,Resolved,2026-04-12T22:13:00,2026-04-13T01:12:00,179,95,Core router instability,Fiber Maintenance,1,Assign service assurance follow-up
INC-2026-01872,2026-04-12,2026-04,SITE-0109,Palembang,Voice,Low,Resolved,2026-04-12T15:44:00,2026-04-12T17:00:00,76,26,Power outage,Field Operations,1,Monitor and resolve in standard queue
INC-2026-01879,2026-04-12,2026-04,SITE-0197,Yogyakarta,Enterprise VPN,Low,Resolved,2026-04-12T22:15:00,2026-04-12T23:15:00,60,21,Customer premises equipment,NOC Core,1,Monitor and resolve in standard queue
INC-2026-02136,2026-04-12,2026-04,SITE-0172,Bandung,Enterprise VPN,Low,Closed,2026-04-12T18:03:00,2026-04-12T19:21:00,78,10,Core router instability,Enterprise Support,1,Monitor and resolve in standard queue
INC-2026-00048,2026-04-13,2026-04,SITE-0030,Balikpapan,Enterprise VPN,Low,Resolved,2026-04-13T05:27:00,2026-04-13T06:21:00,54,3,Power outage,NOC Core,1,Monitor and resolve in standard queue
INC-2026-01475,2026-04-13,2026-04,SITE-0001,Jakarta,IPTV,Low,Closed,2026-04-13T10:23:00,2026-04-13T11:13:00,50,34,Planned maintenance overrun,Field Operations,1,Monitor and resolve in standard queue
INC-2026-01548,2026-04-13,2026-04,SITE-0230,Balikpapan,IPTV,Low,Resolved,2026-04-13T08:30:00,2026-04-13T09:23:00,53,67,Fiber cut,NOC Core,1,Monitor and resolve in standard queue
INC-2026-01604,2026-04-13,2026-04,SITE-0238,Denpasar,Mobile Broadband,Medium,Investigating,2026-04-13T22:02:00,,171,66,Backhaul packet loss,Customer Assurance,1,Assign service assurance follow-up
INC-2026-02189,2026-04-13,2026-04,SITE-0229,Palembang,IPTV,Low,Resolved,2026-04-13T07:57:00,2026-04-13T08:50:00,53,43,Core router instability,NOC Core,1,Monitor and resolve in standard queue
INC-2026-00072,2026-04-14,2026-04,SITE-0229,Palembang,IPTV,High,Closed,2026-04-14T03:23:00,2026-04-14T06:40:00,197,306,Backhaul packet loss,Enterprise Support,2,Escalate to regional operations lead
INC-2026-00090,2026-04-14,2026-04,SITE-0128,Denpasar,Cloud Connectivity,Critical,Resolved,2026-04-14T16:46:00,2026-04-15T01:02:00,496,996,Access node congestion,Fiber Maintenance,3,Open command bridge and dispatch field team
INC-2026-00281,2026-04-14,2026-04,SITE-0241,Jakarta,Mobile Broadband,High,Resolved,2026-04-14T21:17:00,2026-04-15T02:17:00,300,303,Core router instability,Enterprise Support,2,Escalate to regional operations lead
INC-2026-00739,2026-04-14,2026-04,SITE-0246,Semarang,Mobile Broadband,Low,Closed,2026-04-14T15:50:00,2026-04-14T16:59:00,69,39,Configuration drift,NOC Core,1,Monitor and resolve in standard queue
INC-2026-01353,2026-04-14,2026-04,SITE-0238,Denpasar,Mobile Broadband,High,Resolved,2026-04-14T04:04:00,2026-04-14T08:36:00,272,209,Power outage,Field Operations,2,Escalate to regional operations lead
INC-2026-01364,2026-04-14,2026-04,SITE-0171,Jakarta,Voice,Low,Resolved,2026-04-14T23:53:00,2026-04-15T00:49:00,56,41,Fiber cut,Field Operations,1,Monitor and resolve in standard queue
INC-2026-01461,2026-04-14,2026-04,SITE-0018,Denpasar,Cloud Connectivity,Low,Resolved,2026-04-14T23:11:00,2026-04-15T00:19:00,68,37,Access node congestion,Fiber Maintenance,1,Monitor and resolve in standard queue
INC-2026-01655,2026-04-14,2026-04,SITE-0004,Medan,IPTV,Low,Resolved,2026-04-14T12:58:00,2026-04-14T14:12:00,74,27,Backhaul packet loss,NOC Core,1,Monitor and resolve in standard queue
INC-2026-02178,2026-04-14,2026-04,SITE-0025,Makassar,IPTV,High,Resolved,2026-04-14T10:00:00,2026-04-14T15:06:00,306,346,Planned maintenance overrun,Fiber Maintenance,2,Escalate to regional operations lead
INC-2026-00092,2026-04-15,2026-04,SITE-0109,Palembang,Voice,Low,Closed,2026-04-15T08:54:00,2026-04-15T09:56:00,62,27,Core router instability,Fiber Maintenance,1,Monitor and resolve in standard queue
INC-2026-00188,2026-04-15,2026-04,SITE-0034,Medan,Mobile Broadband,Medium,Resolved,2026-04-15T03:24:00,2026-04-15T06:12:00,168,165,Power outage,Field Operations,1,Assign service assurance follow-up
INC-2026-00207,2026-04-15,2026-04,SITE-0063,Surabaya,Voice,Medium,Closed,2026-04-15T15:31:00,2026-04-15T17:55:00,144,67,Planned maintenance overrun,Fiber Maintenance,1,Assign service assurance follow-up
INC-2026-01672,2026-04-15,2026-04,SITE-0184,Medan,Enterprise VPN,Low,Escalated,2026-04-15T06:57:00,,69,8,Core router instability,Fiber Maintenance,1,Monitor and resolve in standard queue
INC-2026-01797,2026-04-15,2026-04,SITE-0243,Surabaya,Voice,High,Closed,2026-04-15T20:46:00,2026-04-16T01:48:00,302,284,Access node congestion,Customer Assurance,2,Escalate to regional operations lead
INC-2026-01912,2026-04-15,2026-04,SITE-0175,Makassar,Mobile Broadband,Low,Resolved,2026-04-15T18:41:00,2026-04-15T19:52:00,71,47,Customer premises equipment,Fiber Maintenance,1,Monitor and resolve in standard queue
INC-2026-00520,2026-04-16,2026-04,SITE-0220,Balikpapan,Fiber Internet,Low,Closed,2026-04-16T00:13:00,2026-04-16T01:15:00,62,35,Access node congestion,Fiber Maintenance,1,Monitor and resolve in standard queue
INC-2026-00593,2026-04-16,2026-04,SITE-0193,Surabaya,IPTV,Medium,Closed,2026-04-16T20:25:00,2026-04-16T22:48:00,143,134,Planned maintenance overrun,Field Operations,1,Assign service assurance follow-up
INC-2026-01054,2026-04-16,2026-04,SITE-0020,Balikpapan,Mobile Broadband,Low,Resolved,2026-04-16T16:54:00,2026-04-16T17:42:00,48,46,Power outage,Fiber Maintenance,1,Monitor and resolve in standard queue
INC-2026-01167,2026-04-16,2026-04,SITE-0216,Semarang,Enterprise VPN,High,Resolved,2026-04-16T14:11:00,2026-04-16T22:32:00,501,20,Power outage,Fiber Maintenance,2,Escalate to regional operations lead
INC-2026-01528,2026-04-16,2026-04,SITE-0162,Bandung,IPTV,Low,Resolved,2026-04-16T15:26:00,2026-04-16T16:36:00,70,63,Planned maintenance overrun,Customer Assurance,1,Monitor and resolve in standard queue
INC-2026-01608,2026-04-16,2026-04,SITE-0071,Jakarta,Fiber Internet,Low,Resolved,2026-04-16T06:48:00,2026-04-16T07:47:00,59,43,Core router instability,Field Operations,1,Monitor and resolve in standard queue
INC-2026-01898,2026-04-16,2026-04,SITE-0198,Denpasar,Fiber Internet,Medium,Closed,2026-04-16T23:09:00,2026-04-17T02:22:00,193,156,Core router instability,NOC Core,1,Assign service assurance follow-up
INC-2026-02006,2026-04-16,2026-04,SITE-0105,Makassar,Fiber Internet,Low,Closed,2026-04-16T23:25:00,2026-04-17T00:14:00,49,41,Planned maintenance overrun,Fiber Maintenance,1,Monitor and resolve in standard queue
INC-2026-00701,2026-04-17,2026-04,SITE-0075,Makassar,IPTV,Low,Investigating,2026-04-17T03:28:00,,46,14,Backhaul packet loss,Customer Assurance,1,Monitor and resolve in standard queue
INC-2026-00901,2026-04-17,2026-04,SITE-0023,Surabaya,Cloud Connectivity,Low,Resolved,2026-04-17T19:00:00,2026-04-17T20:00:00,60,31,Power outage,Fiber Maintenance,1,Monitor and resolve in standard queue
INC-2026-00934,2026-04-17,2026-04,SITE-0142,Bandung,Mobile Broadband,Medium,Resolved,2026-04-17T13:06:00,2026-04-17T14:34:00,88,72,Customer premises equipment,Enterprise Support,1,Assign service assurance follow-up
INC-2026-01087,2026-04-17,2026-04,SITE-0018,Denpasar,Cloud Connectivity,Low,Closed,2026-04-17T02:05:00,2026-04-17T02:55:00,50,40,Customer premises equipment,NOC Core,1,Monitor and resolve in standard queue
INC-2026-01108,2026-04-17,2026-04,SITE-0122,Bandung,Enterprise VPN,Medium,Resolved,2026-04-17T06:35:00,2026-04-17T09:19:00,164,56,Customer premises equipment,Field Operations,1,Assign service assurance follow-up
INC-2026-01468,2026-04-17,2026-04,SITE-0216,Semarang,Enterprise VPN,High,Closed,2026-04-17T09:21:00,2026-04-17T18:37:00,556,11,Access node congestion,Field Operations,2,Escalate to regional operations lead
INC-2026-00025,2026-04-18,2026-04,SITE-0195,Makassar,Fiber Internet,Low,Resolved,2026-04-18T22:39:00,2026-04-19T00:10:00,91,30,Configuration drift,Fiber Maintenance,1,Monitor and resolve in standard queue
INC-2026-00058,2026-04-18,2026-04,SITE-0234,Medan,Mobile Broadband,Low,Closed,2026-04-18T15:12:00,2026-04-18T16:12:00,60,56,Core router instability,Fiber Maintenance,1,Monitor and resolve in standard queue
INC-2026-00251,2026-04-18,2026-04,SITE-0024,Medan,Voice,Medium,Closed,2026-04-18T01:14:00,2026-04-18T02:48:00,94,118,Backhaul packet loss,Field Operations,1,Assign service assurance follow-up
INC-2026-00257,2026-04-18,2026-04,SITE-0005,Makassar,Fiber Internet,Medium,Closed,2026-04-18T00:29:00,2026-04-18T02:54:00,145,80,Configuration drift,Customer Assurance,1,Assign service assurance follow-up
INC-2026-00594,2026-04-18,2026-04,SITE-0155,Makassar,Cloud Connectivity,Low,Closed,2026-04-18T02:45:00,2026-04-18T03:32:00,47,22,Planned maintenance overrun,NOC Core,1,Monitor and resolve in standard queue
INC-2026-00601,2026-04-18,2026-04,SITE-0128,Denpasar,Cloud Connectivity,Medium,Resolved,2026-04-18T18:03:00,2026-04-18T19:34:00,91,154,Configuration drift,Fiber Maintenance,1,Assign service assurance follow-up
INC-2026-00967,2026-04-18,2026-04,SITE-0128,Denpasar,Cloud Connectivity,Low,Closed,2026-04-18T23:30:00,2026-04-18T23:59:00,29,28,Access node congestion,NOC Core,1,Monitor and resolve in standard queue
INC-2026-01219,2026-04-18,2026-04,SITE-0067,Yogyakarta,Voice,Low,Resolved,2026-04-18T22:25:00,2026-04-18T23:02:00,37,60,Core router instability,Field Operations,1,Monitor and resolve in standard queue
INC-2026-01822,2026-04-18,2026-04,SITE-0096,Semarang,Mobile Broadband,Low,Resolved,2026-04-18T10:28:00,2026-04-18T11:24:00,56,33,Power outage,Field Operations,1,Monitor and resolve in standard queue
INC-2026-00634,2026-04-19,2026-04,SITE-0014,Medan,Voice,Low,Resolved,2026-04-19T02:20:00,2026-04-19T03:32:00,72,35,Customer premises equipment,Fiber Maintenance,1,Monitor and resolve in standard queue
INC-2026-01116,2026-04-19,2026-04,SITE-0037,Yogyakarta,Cloud Connectivity,Low,Closed,2026-04-19T23:01:00,2026-04-19T23:43:00,42,38,Configuration drift,Field Operations,1,Monitor and resolve in standard queue
INC-2026-01783,2026-04-19,2026-04,SITE-0024,Medan,Voice,Critical,Closed,2026-04-19T00:34:00,2026-04-19T07:46:00,432,933,Configuration drift,Field Operations,3,Open command bridge and dispatch field team
INC-2026-02048,2026-04-19,2026-04,SITE-0084,Medan,Mobile Broadband,Low,Closed,2026-04-19T07:29:00,2026-04-19T08:14:00,45,44,Power outage,Field Operations,1,Monitor and resolve in standard queue
INC-2026-00764,2026-04-20,2026-04,SITE-0100,Balikpapan,Cloud Connectivity,Low,Resolved,2026-04-20T10:31:00,2026-04-20T11:45:00,74,56,Configuration drift,Enterprise Support,1,Monitor and resolve in standard queue
INC-2026-01293,2026-04-20,2026-04,SITE-0059,Palembang,Mobile Broadband,Low,Resolved,2026-04-20T16:41:00,2026-04-20T18:07:00,86,33,Customer premises equipment,Field Operations,1,Monitor and resolve in standard queue
INC-2026-01517,2026-04-20,2026-04,SITE-0020,Balikpapan,Mobile Broadband,Medium,Closed,2026-04-20T10:50:00,2026-04-20T13:18:00,148,116,Customer premises equipment,Field Operations,1,Assign service assurance follow-up
INC-2026-01591,2026-04-20,2026-04,SITE-0165,Makassar,IPTV,Medium,Resolved,2026-04-20T16:16:00,2026-04-20T18:56:00,160,49,Fiber cut,Fiber Maintenance,1,Assign service assurance follow-up
INC-2026-02050,2026-04-20,2026-04,SITE-0234,Medan,Mobile Broadband,Medium,Resolved,2026-04-20T07:02:00,2026-04-20T09:00:00,118,232,Planned maintenance overrun,Fiber Maintenance,1,Assign service assurance follow-up
INC-2026-00246,2026-04-21,2026-04,SITE-0181,Jakarta,Enterprise VPN,High,Resolved,2026-04-21T15:45:00,2026-04-21T21:27:00,342,91,Planned maintenance overrun,Enterprise Support,2,Escalate to regional operations lead
INC-2026-00478,2026-04-21,2026-04,SITE-0241,Jakarta,Mobile Broadband,Medium,Resolved,2026-04-21T20:31:00,2026-04-21T22:38:00,127,73,Power outage,Customer Assurance,1,Assign service assurance follow-up
INC-2026-01417,2026-04-21,2026-04,SITE-0073,Surabaya,Cloud Connectivity,High,Resolved,2026-04-21T10:05:00,2026-04-21T16:11:00,366,284,Access node congestion,Fiber Maintenance,2,Escalate to regional operations lead
INC-2026-01530,2026-04-21,2026-04,SITE-0021,Jakarta,Enterprise VPN,Low,Resolved,2026-04-21T13:55:00,2026-04-21T14:45:00,50,31,Planned maintenance overrun,Customer Assurance,1,Monitor and resolve in standard queue
INC-2026-01578,2026-04-21,2026-04,SITE-0093,Surabaya,IPTV,High,Resolved,2026-04-21T03:27:00,2026-04-21T10:09:00,402,248,Planned maintenance overrun,Enterprise Support,2,Escalate to regional operations lead
INC-2026-01693,2026-04-21,2026-04,SITE-0249,Palembang,Enterprise VPN,High,Closed,2026-04-21T06:51:00,2026-04-21T13:43:00,412,162,Fiber cut,Customer Assurance,2,Escalate to regional operations lead
INC-2026-01922,2026-04-21,2026-04,SITE-0046,Semarang,Cloud Connectivity,High,Closed,2026-04-21T22:56:00,2026-04-22T03:58:00,302,190,Backhaul packet loss,Field Operations,2,Escalate to regional operations lead
INC-2026-02056,2026-04-21,2026-04,SITE-0216,Semarang,Enterprise VPN,Medium,Resolved,2026-04-21T04:54:00,2026-04-21T07:27:00,153,10,Access node congestion,Customer Assurance,1,Assign service assurance follow-up
INC-2026-02159,2026-04-21,2026-04,SITE-0069,Palembang,Voice,Medium,Closed,2026-04-21T14:17:00,2026-04-21T17:14:00,177,105,Core router instability,Field Operations,1,Assign service assurance follow-up
INC-2026-00759,2026-04-22,2026-04,SITE-0027,Yogyakarta,IPTV,Low,Resolved,2026-04-22T03:45:00,2026-04-22T04:44:00,59,40,Core router instability,Enterprise Support,1,Monitor and resolve in standard queue
INC-2026-01533,2026-04-22,2026-04,SITE-0033,Surabaya,Voice,Low,Closed,2026-04-22T11:41:00,2026-04-22T12:05:00,24,53,Customer premises equipment,NOC Core,1,Monitor and resolve in standard queue
INC-2026-01723,2026-04-22,2026-04,SITE-0001,Jakarta,IPTV,Medium,Open,2026-04-22T19:31:00,,130,211,Configuration drift,NOC Core,1,Assign service assurance follow-up
INC-2026-02182,2026-04-22,2026-04,SITE-0164,Medan,Voice,Low,Closed,2026-04-22T22:29:00,2026-04-22T23:11:00,42,51,Configuration drift,Enterprise Support,1,Monitor and resolve in standard queue
INC-2026-00718,2026-04-23,2026-04,SITE-0144,Medan,Enterprise VPN,High,Resolved,2026-04-23T03:13:00,2026-04-23T09:53:00,400,61,Access node congestion,Customer Assurance,2,Escalate to regional operations lead
INC-2026-00813,2026-04-23,2026-04,SITE-0098,Denpasar,Voice,Medium,Closed,2026-04-23T15:10:00,2026-04-23T17:44:00,154,174,Fiber cut,Field Operations,1,Assign service assurance follow-up
INC-2026-01061,2026-04-23,2026-04,SITE-0174,Medan,Mobile Broadband,Medium,Closed,2026-04-23T04:09:00,2026-04-23T06:11:00,122,105,Planned maintenance overrun,Customer Assurance,1,Assign service assurance follow-up
INC-2026-01184,2026-04-23,2026-04,SITE-0063,Surabaya,Voice,High,Resolved,2026-04-23T21:26:00,2026-04-24T02:31:00,305,211,Access node congestion,NOC Core,2,Escalate to regional operations lead
INC-2026-01251,2026-04-23,2026-04,SITE-0077,Yogyakarta,Voice,Low,Closed,2026-04-23T17:21:00,2026-04-23T17:53:00,32,28,Core router instability,NOC Core,1,Monitor and resolve in standard queue
INC-2026-01492,2026-04-23,2026-04,SITE-0094,Medan,Voice,Medium,Closed,2026-04-23T07:09:00,2026-04-23T08:29:00,80,119,Access node congestion,Fiber Maintenance,1,Assign service assurance follow-up
INC-2026-01648,2026-04-23,2026-04,SITE-0128,Denpasar,Cloud Connectivity,Medium,Closed,2026-04-23T09:24:00,2026-04-23T11:48:00,144,95,Core router instability,NOC Core,1,Assign service assurance follow-up
INC-2026-01813,2026-04-23,2026-04,SITE-0074,Medan,Cloud Connectivity,Medium,Resolved,2026-04-23T15:15:00,2026-04-23T17:03:00,108,120,Fiber cut,Enterprise Support,1,Assign service assurance follow-up
INC-2026-01935,2026-04-23,2026-04,SITE-0048,Denpasar,Voice,Critical,Closed,2026-04-23T18:34:00,2026-04-24T04:54:00,620,1081,Configuration drift,Customer Assurance,3,Open command bridge and dispatch field team
INC-2026-00315,2026-04-24,2026-04,SITE-0040,Balikpapan,Voice,Critical,Resolved,2026-04-24T05:47:00,2026-04-24T17:01:00,674,379,Access node congestion,Field Operations,3,Open command bridge and dispatch field team
INC-2026-00539,2026-04-24,2026-04,SITE-0245,Makassar,Voice,High,Closed,2026-04-24T20:33:00,2026-04-25T02:10:00,337,381,Access node congestion,Field Operations,2,Escalate to regional operations lead
INC-2026-00996,2026-04-24,2026-04,SITE-0121,Jakarta,Voice,Low,Resolved,2026-04-24T19:15:00,2026-04-24T20:09:00,54,35,Fiber cut,NOC Core,1,Monitor and resolve in standard queue
INC-2026-01357,2026-04-24,2026-04,SITE-0128,Denpasar,Cloud Connectivity,Low,Resolved,2026-04-24T19:38:00,2026-04-24T20:38:00,60,40,Configuration drift,NOC Core,1,Monitor and resolve in standard queue
INC-2026-01721,2026-04-24,2026-04,SITE-0091,Jakarta,Enterprise VPN,Medium,Closed,2026-04-24T05:02:00,2026-04-24T08:06:00,184,80,Core router instability,Customer Assurance,1,Assign service assurance follow-up
INC-2026-00103,2026-04-25,2026-04,SITE-0078,Denpasar,Cloud Connectivity,Medium,Closed,2026-04-25T15:05:00,2026-04-25T17:21:00,136,159,Core router instability,NOC Core,1,Assign service assurance follow-up
INC-2026-01446,2026-04-25,2026-04,SITE-0220,Balikpapan,Fiber Internet,Low,Resolved,2026-04-25T07:29:00,2026-04-25T08:31:00,62,43,Core router instability,NOC Core,1,Monitor and resolve in standard queue
INC-2026-02028,2026-04-25,2026-04,SITE-0054,Medan,Enterprise VPN,Low,Resolved,2026-04-25T16:38:00,2026-04-25T17:24:00,46,22,Configuration drift,Fiber Maintenance,1,Monitor and resolve in standard queue
INC-2026-00266,2026-04-26,2026-04,SITE-0116,Semarang,Voice,Low,Resolved,2026-04-26T01:45:00,2026-04-26T02:39:00,54,22,Backhaul packet loss,Enterprise Support,1,Monitor and resolve in standard queue
INC-2026-00512,2026-04-26,2026-04,SITE-0084,Medan,Mobile Broadband,Low,Resolved,2026-04-26T04:43:00,2026-04-26T05:31:00,48,17,Fiber cut,Customer Assurance,1,Monitor and resolve in standard queue
INC-2026-01829,2026-04-26,2026-04,SITE-0024,Medan,Voice,Medium,Resolved,2026-04-26T11:04:00,2026-04-26T14:00:00,176,171,Customer premises equipment,NOC Core,1,Assign service assurance follow-up
INC-2026-00578,2026-04-27,2026-04,SITE-0074,Medan,Cloud Connectivity,High,Resolved,2026-04-27T03:17:00,2026-04-27T07:29:00,252,453,Backhaul packet loss,Fiber Maintenance,2,Escalate to regional operations lead
INC-2026-00592,2026-04-27,2026-04,SITE-0115,Makassar,Mobile Broadband,Medium,Resolved,2026-04-27T06:34:00,2026-04-27T08:46:00,132,103,Core router instability,Customer Assurance,1,Assign service assurance follow-up
INC-2026-00721,2026-04-27,2026-04,SITE-0203,Surabaya,IPTV,Low,Resolved,2026-04-27T23:32:00,2026-04-28T00:40:00,68,56,Core router instability,Enterprise Support,1,Monitor and resolve in standard queue
INC-2026-00540,2026-04-28,2026-04,SITE-0203,Surabaya,IPTV,Low,Resolved,2026-04-28T18:29:00,2026-04-28T19:49:00,80,37,Configuration drift,NOC Core,1,Monitor and resolve in standard queue
INC-2026-00867,2026-04-28,2026-04,SITE-0020,Balikpapan,Mobile Broadband,Medium,Closed,2026-04-28T21:54:00,2026-04-28T23:21:00,87,160,Fiber cut,Fiber Maintenance,1,Assign service assurance follow-up
INC-2026-02072,2026-04-29,2026-04,SITE-0127,Yogyakarta,Mobile Broadband,Low,Resolved,2026-04-29T23:00:00,2026-04-29T23:38:00,38,26,Power outage,Field Operations,1,Monitor and resolve in standard queue
INC-2026-02129,2026-04-29,2026-04,SITE-0160,Balikpapan,Fiber Internet,Medium,Closed,2026-04-29T03:04:00,2026-04-29T05:06:00,122,117,Backhaul packet loss,Enterprise Support,1,Assign service assurance follow-up
INC-2026-00409,2026-04-30,2026-04,SITE-0243,Surabaya,Voice,Critical,Closed,2026-04-30T19:38:00,2026-05-01T08:15:00,757,889,Configuration drift,Field Operations,3,Open command bridge and dispatch field team
INC-2026-00797,2026-04-30,2026-04,SITE-0086,Semarang,IPTV,Medium,Resolved,2026-04-30T20:58:00,2026-04-30T23:59:00,181,64,Planned maintenance overrun,Fiber Maintenance,1,Assign service assurance follow-up
INC-2026-00875,2026-04-30,2026-04,SITE-0128,Denpasar,Cloud Connectivity,Critical,Resolved,2026-04-30T14:16:00,2026-05-01T03:41:00,805,1037,Access node congestion,Fiber Maintenance,3,Open command bridge and dispatch field team
INC-2026-00984,2026-04-30,2026-04,SITE-0094,Medan,Voice,High,Resolved,2026-04-30T09:16:00,2026-04-30T11:07:00,111,306,Power outage,Customer Assurance,2,Escalate to regional operations lead
INC-2026-01974,2026-04-30,2026-04,SITE-0227,Yogyakarta,Cloud Connectivity,High,Resolved,2026-04-30T17:35:00,2026-04-30T21:15:00,220,142,Fiber cut,Enterprise Support,2,Escalate to regional operations lead
INC-2026-00280,2026-05-01,2026-05,SITE-0025,Makassar,IPTV,Medium,Closed,2026-05-01T18:42:00,2026-05-01T21:28:00,166,58,Configuration drift,Field Operations,1,Assign service assurance follow-up
INC-2026-00339,2026-05-01,2026-05,SITE-0142,Bandung,Mobile Broadband,High,Closed,2026-05-01T20:55:00,2026-05-02T02:57:00,362,245,Planned maintenance overrun,Enterprise Support,2,Escalate to regional operations lead
INC-2026-01676,2026-05-01,2026-05,SITE-0168,Denpasar,Cloud Connectivity,Medium,Resolved,2026-05-01T15:55:00,2026-05-01T18:08:00,133,77,Access node congestion,Customer Assurance,1,Assign service assurance follow-up
INC-2026-01999,2026-05-01,2026-05,SITE-0175,Makassar,Mobile Broadband,Low,Resolved,2026-05-01T08:17:00,2026-05-01T09:05:00,48,67,Access node congestion,NOC Core,1,Monitor and resolve in standard queue
INC-2026-00277,2026-05-02,2026-05,SITE-0190,Balikpapan,IPTV,Low,Resolved,2026-05-02T14:44:00,2026-05-02T15:50:00,66,33,Planned maintenance overrun,Field Operations,1,Monitor and resolve in standard queue
INC-2026-00345,2026-05-02,2026-05,SITE-0226,Semarang,Mobile Broadband,Medium,Closed,2026-05-02T18:09:00,2026-05-02T20:40:00,151,71,Backhaul packet loss,NOC Core,1,Assign service assurance follow-up
INC-2026-00814,2026-05-02,2026-05,SITE-0006,Semarang,Cloud Connectivity,Medium,Closed,2026-05-02T04:30:00,2026-05-02T05:39:00,69,74,Core router instability,Field Operations,1,Assign service assurance follow-up
INC-2026-01013,2026-05-02,2026-05,SITE-0198,Denpasar,Fiber Internet,Medium,Resolved,2026-05-02T09:09:00,2026-05-02T11:16:00,127,70,Power outage,Enterprise Support,1,Assign service assurance follow-up
INC-2026-01205,2026-05-02,2026-05,SITE-0208,Denpasar,Cloud Connectivity,Low,Closed,2026-05-02T10:36:00,2026-05-02T11:43:00,67,37,Configuration drift,Customer Assurance,1,Monitor and resolve in standard queue
INC-2026-01433,2026-05-02,2026-05,SITE-0068,Denpasar,Fiber Internet,Low,Resolved,2026-05-02T10:59:00,2026-05-02T11:57:00,58,22,Fiber cut,NOC Core,1,Monitor and resolve in standard queue
INC-2026-01617,2026-05-02,2026-05,SITE-0050,Balikpapan,Cloud Connectivity,High,Escalated,2026-05-02T10:54:00,,199,513,Configuration drift,Enterprise Support,2,Escalate to regional operations lead
INC-2026-02026,2026-05-02,2026-05,SITE-0012,Bandung,Fiber Internet,High,Closed,2026-05-02T01:31:00,2026-05-02T06:37:00,306,309,Core router instability,Field Operations,2,Escalate to regional operations lead
INC-2026-00060,2026-05-03,2026-05,SITE-0133,Surabaya,Cloud Connectivity,Low,Resolved,2026-05-03T15:19:00,2026-05-03T17:10:00,111,27,Power outage,Fiber Maintenance,1,Monitor and resolve in standard queue
INC-2026-00595,2026-05-03,2026-05,SITE-0225,Makassar,Mobile Broadband,Low,Resolved,2026-05-03T16:33:00,2026-05-03T17:29:00,56,27,Power outage,Field Operations,1,Monitor and resolve in standard queue
INC-2026-01140,2026-05-03,2026-05,SITE-0021,Jakarta,Enterprise VPN,Medium,Resolved,2026-05-03T13:41:00,2026-05-03T15:18:00,97,52,Core router instability,Field Operations,1,Assign service assurance follow-up
INC-2026-01168,2026-05-03,2026-05,SITE-0071,Jakarta,Fiber Internet,Low,Closed,2026-05-03T00:47:00,2026-05-03T01:56:00,69,38,Configuration drift,Fiber Maintenance,1,Monitor and resolve in standard queue
INC-2026-01338,2026-05-03,2026-05,SITE-0174,Medan,Mobile Broadband,Low,Closed,2026-05-03T17:45:00,2026-05-03T18:36:00,51,13,Configuration drift,Enterprise Support,1,Monitor and resolve in standard queue
INC-2026-01445,2026-05-03,2026-05,SITE-0193,Surabaya,IPTV,Low,Resolved,2026-05-03T16:30:00,2026-05-03T18:12:00,102,41,Planned maintenance overrun,Fiber Maintenance,1,Monitor and resolve in standard queue
INC-2026-01825,2026-05-03,2026-05,SITE-0230,Balikpapan,IPTV,Low,Closed,2026-05-03T07:44:00,2026-05-03T09:08:00,84,82,Access node congestion,NOC Core,1,Monitor and resolve in standard queue
INC-2026-02181,2026-05-03,2026-05,SITE-0175,Makassar,Mobile Broadband,Low,Resolved,2026-05-03T23:01:00,2026-05-03T23:33:00,32,49,Core router instability,Fiber Maintenance,1,Monitor and resolve in standard queue
INC-2026-00176,2026-05-04,2026-05,SITE-0230,Balikpapan,IPTV,Critical,Resolved,2026-05-04T22:10:00,2026-05-05T08:00:00,590,992,Core router instability,NOC Core,3,Open command bridge and dispatch field team
INC-2026-00185,2026-05-04,2026-05,SITE-0136,Semarang,Cloud Connectivity,High,Resolved,2026-05-04T01:33:00,2026-05-04T07:59:00,386,390,Customer premises equipment,NOC Core,2,Escalate to regional operations lead
INC-2026-00333,2026-05-04,2026-05,SITE-0225,Makassar,Mobile Broadband,Medium,Investigating,2026-05-04T14:43:00,,121,159,Configuration drift,Field Operations,1,Assign service assurance follow-up
INC-2026-00460,2026-05-04,2026-05,SITE-0227,Yogyakarta,Cloud Connectivity,Low,Closed,2026-05-04T02:39:00,2026-05-04T03:39:00,60,8,Configuration drift,Enterprise Support,1,Monitor and resolve in standard queue
INC-2026-00791,2026-05-04,2026-05,SITE-0139,Palembang,Voice,Low,Closed,2026-05-04T21:09:00,2026-05-04T21:48:00,39,15,Access node congestion,Fiber Maintenance,1,Monitor and resolve in standard queue
INC-2026-00850,2026-05-04,2026-05,SITE-0066,Semarang,Mobile Broadband,Medium,Resolved,2026-05-04T15:45:00,2026-05-04T19:02:00,197,98,Access node congestion,Enterprise Support,1,Assign service assurance follow-up
INC-2026-00911,2026-05-04,2026-05,SITE-0059,Palembang,Mobile Broadband,Medium,Closed,2026-05-04T06:46:00,2026-05-04T09:06:00,140,123,Planned maintenance overrun,Enterprise Support,1,Assign service assurance follow-up
INC-2026-00932,2026-05-04,2026-05,SITE-0189,Palembang,Mobile Broadband,Low,Resolved,2026-05-04T10:57:00,2026-05-04T12:15:00,78,35,Power outage,Field Operations,1,Monitor and resolve in standard queue
INC-2026-01240,2026-05-04,2026-05,SITE-0159,Palembang,Mobile Broadband,Low,Resolved,2026-05-04T07:23:00,2026-05-04T08:39:00,76,41,Fiber cut,Customer Assurance,1,Monitor and resolve in standard queue
INC-2026-01322,2026-05-04,2026-05,SITE-0210,Balikpapan,IPTV,Low,Resolved,2026-05-04T23:20:00,2026-05-05T00:07:00,47,29,Configuration drift,Enterprise Support,1,Monitor and resolve in standard queue
INC-2026-00222,2026-05-05,2026-05,SITE-0056,Semarang,Cloud Connectivity,Medium,Resolved,2026-05-05T21:10:00,2026-05-05T23:09:00,119,91,Access node congestion,Customer Assurance,1,Assign service assurance follow-up
INC-2026-01139,2026-05-05,2026-05,SITE-0016,Semarang,Enterprise VPN,Medium,Resolved,2026-05-05T20:19:00,2026-05-05T22:46:00,147,50,Customer premises equipment,NOC Core,1,Assign service assurance follow-up
INC-2026-01596,2026-05-05,2026-05,SITE-0041,Jakarta,Cloud Connectivity,Medium,Resolved,2026-05-05T11:58:00,2026-05-05T14:29:00,151,118,Customer premises equipment,Fiber Maintenance,1,Assign service assurance follow-up
INC-2026-01979,2026-05-05,2026-05,SITE-0228,Denpasar,Cloud Connectivity,Medium,Escalated,2026-05-05T23:30:00,,149,131,Planned maintenance overrun,Enterprise Support,1,Assign service assurance follow-up
INC-2026-00434,2026-05-06,2026-05,SITE-0190,Balikpapan,IPTV,Low,Closed,2026-05-06T09:19:00,2026-05-06T10:18:00,59,27,Access node congestion,NOC Core,1,Monitor and resolve in standard queue
INC-2026-00611,2026-05-06,2026-05,SITE-0229,Palembang,IPTV,Medium,Resolved,2026-05-06T16:02:00,2026-05-06T18:51:00,169,95,Configuration drift,Enterprise Support,1,Assign service assurance follow-up
INC-2026-00729,2026-05-06,2026-05,SITE-0093,Surabaya,IPTV,Low,Resolved,2026-05-06T12:47:00,2026-05-06T13:47:00,60,34,Power outage,Field Operations,1,Monitor and resolve in standard queue
INC-2026-00737,2026-05-06,2026-05,SITE-0077,Yogyakarta,Voice,Medium,Closed,2026-05-06T08:43:00,2026-05-06T11:49:00,186,199,Fiber cut,Enterprise Support,1,Assign service assurance follow-up
INC-2026-01671,2026-05-06,2026-05,SITE-0104,Medan,Cloud Connectivity,Low,Resolved,2026-05-06T03:12:00,2026-05-06T03:52:00,40,28,Power outage,Fiber Maintenance,1,Monitor and resolve in standard queue
INC-2026-01738,2026-05-06,2026-05,SITE-0130,Balikpapan,Enterprise VPN,Low,Resolved,2026-05-06T21:56:00,2026-05-06T22:54:00,58,19,Customer premises equipment,Enterprise Support,1,Monitor and resolve in standard queue
INC-2026-01791,2026-05-06,2026-05,SITE-0048,Denpasar,Voice,Low,Closed,2026-05-06T21:07:00,2026-05-06T22:09:00,62,59,Backhaul packet loss,Customer Assurance,1,Monitor and resolve in standard queue
INC-2026-00159,2026-05-07,2026-05,SITE-0004,Medan,IPTV,High,Closed,2026-05-07T09:15:00,2026-05-07T14:58:00,343,485,Planned maintenance overrun,Enterprise Support,2,Escalate to regional operations lead
INC-2026-00227,2026-05-07,2026-05,SITE-0110,Balikpapan,Mobile Broadband,Medium,Closed,2026-05-07T21:33:00,2026-05-07T23:50:00,137,141,Power outage,Enterprise Support,1,Assign service assurance follow-up
INC-2026-00974,2026-05-07,2026-05,SITE-0071,Jakarta,Fiber Internet,Medium,Resolved,2026-05-07T00:08:00,2026-05-07T01:28:00,80,64,Configuration drift,NOC Core,1,Assign service assurance follow-up
INC-2026-01235,2026-05-07,2026-05,SITE-0236,Semarang,Cloud Connectivity,Medium,Closed,2026-05-07T03:44:00,2026-05-07T06:07:00,143,257,Configuration drift,Field Operations,1,Assign service assurance follow-up
INC-2026-01801,2026-05-07,2026-05,SITE-0205,Makassar,Cloud Connectivity,Low,Closed,2026-05-07T01:34:00,2026-05-07T02:02:00,28,39,Backhaul packet loss,NOC Core,1,Monitor and resolve in standard queue
INC-2026-00125,2026-05-08,2026-05,SITE-0060,Balikpapan,Fiber Internet,Low,Closed,2026-05-08T12:36:00,2026-05-08T13:38:00,62,14,Planned maintenance overrun,Customer Assurance,1,Monitor and resolve in standard queue
INC-2026-00172,2026-05-08,2026-05,SITE-0158,Denpasar,Voice,Low,Closed,2026-05-08T05:06:00,2026-05-08T05:36:00,30,60,Core router instability,Fiber Maintenance,1,Monitor and resolve in standard queue
INC-2026-00276,2026-05-08,2026-05,SITE-0241,Jakarta,Mobile Broadband,Critical,Resolved,2026-05-08T12:54:00,2026-05-09T00:04:00,670,834,Backhaul packet loss,Field Operations,3,Open command bridge and dispatch field team
INC-2026-00347,2026-05-08,2026-05,SITE-0171,Jakarta,Voice,Low,Resolved,2026-05-08T01:37:00,2026-05-08T02:29:00,52,24,Fiber cut,Customer Assurance,1,Monitor and resolve in standard queue
INC-2026-00396,2026-05-08,2026-05,SITE-0094,Medan,Voice,Medium,Resolved,2026-05-08T08:59:00,2026-05-08T11:23:00,144,86,Access node congestion,Fiber Maintenance,1,Assign service assurance follow-up
INC-2026-00541,2026-05-08,2026-05,SITE-0025,Makassar,IPTV,Low,Resolved,2026-05-08T00:45:00,2026-05-08T01:59:00,74,36,Planned maintenance overrun,NOC Core,1,Monitor and resolve in standard queue
INC-2026-00935,2026-05-08,2026-05,SITE-0187,Yogyakarta,Voice,Medium,Resolved,2026-05-08T12:35:00,2026-05-08T15:43:00,188,56,Configuration drift,Customer Assurance,1,Assign service assurance follow-up
INC-2026-01285,2026-05-08,2026-05,SITE-0138,Denpasar,Enterprise VPN,Low,Closed,2026-05-08T22:29:00,2026-05-08T23:25:00,56,8,Fiber cut,Customer Assurance,1,Monitor and resolve in standard queue
INC-2026-01510,2026-05-08,2026-05,SITE-0109,Palembang,Voice,Low,Closed,2026-05-08T12:32:00,2026-05-08T13:14:00,42,50,Planned maintenance overrun,NOC Core,1,Monitor and resolve in standard queue
INC-2026-02150,2026-05-08,2026-05,SITE-0134,Medan,IPTV,Critical,Resolved,2026-05-08T07:13:00,2026-05-08T15:50:00,517,937,Planned maintenance overrun,NOC Core,3,Open command bridge and dispatch field team
INC-2026-02177,2026-05-08,2026-05,SITE-0001,Jakarta,IPTV,High,Resolved,2026-05-08T16:24:00,2026-05-08T22:12:00,348,298,Planned maintenance overrun,Customer Assurance,2,Escalate to regional operations lead
INC-2026-00055,2026-05-09,2026-05,SITE-0037,Yogyakarta,Cloud Connectivity,Low,Closed,2026-05-09T06:11:00,2026-05-09T07:03:00,52,57,Fiber cut,Enterprise Support,1,Monitor and resolve in standard queue
INC-2026-00192,2026-05-09,2026-05,SITE-0159,Palembang,Mobile Broadband,Medium,Resolved,2026-05-09T20:15:00,2026-05-09T21:15:00,60,73,Access node congestion,Field Operations,1,Assign service assurance follow-up
INC-2026-00319,2026-05-09,2026-05,SITE-0011,Jakarta,Cloud Connectivity,Medium,Resolved,2026-05-09T22:02:00,2026-05-10T00:32:00,150,126,Power outage,Enterprise Support,1,Assign service assurance follow-up
INC-2026-00412,2026-05-09,2026-05,SITE-0210,Balikpapan,IPTV,Low,Resolved,2026-05-09T18:48:00,2026-05-09T19:05:00,17,39,Core router instability,Fiber Maintenance,1,Monitor and resolve in standard queue
INC-2026-02046,2026-05-09,2026-05,SITE-0112,Bandung,Voice,Medium,Resolved,2026-05-09T06:18:00,2026-05-09T09:34:00,196,156,Planned maintenance overrun,Customer Assurance,1,Assign service assurance follow-up
INC-2026-01977,2026-05-10,2026-05,SITE-0092,Bandung,Voice,High,Resolved,2026-05-10T20:42:00,2026-05-11T02:03:00,321,298,Fiber cut,NOC Core,2,Escalate to regional operations lead
INC-2026-01858,2026-05-11,2026-05,SITE-0120,Balikpapan,Cloud Connectivity,Low,Resolved,2026-05-11T17:18:00,2026-05-11T18:00:00,42,39,Core router instability,Fiber Maintenance,1,Monitor and resolve in standard queue
INC-2026-01882,2026-05-11,2026-05,SITE-0115,Makassar,Mobile Broadband,Low,Resolved,2026-05-11T14:57:00,2026-05-11T16:08:00,71,30,Configuration drift,Enterprise Support,1,Monitor and resolve in standard queue
INC-2026-01980,2026-05-11,2026-05,SITE-0198,Denpasar,Fiber Internet,Medium,Closed,2026-05-11T15:15:00,2026-05-11T16:52:00,97,134,Fiber cut,Field Operations,1,Assign service assurance follow-up
INC-2026-02058,2026-05-11,2026-05,SITE-0174,Medan,Mobile Broadband,High,Closed,2026-05-11T03:05:00,2026-05-11T06:34:00,209,175,Configuration drift,Customer Assurance,2,Escalate to regional operations lead
INC-2026-00647,2026-05-12,2026-05,SITE-0222,Bandung,Mobile Broadband,High,Resolved,2026-05-12T19:17:00,2026-05-13T01:26:00,369,452,Backhaul packet loss,NOC Core,2,Escalate to regional operations lead
INC-2026-00750,2026-05-12,2026-05,SITE-0050,Balikpapan,Cloud Connectivity,Low,Resolved,2026-05-12T10:45:00,2026-05-12T11:41:00,56,31,Core router instability,Fiber Maintenance,1,Monitor and resolve in standard queue
INC-2026-01095,2026-05-12,2026-05,SITE-0151,Jakarta,Voice,High,Resolved,2026-05-12T12:06:00,2026-05-12T14:32:00,146,569,Fiber cut,Fiber Maintenance,2,Escalate to regional operations lead
INC-2026-01792,2026-05-12,2026-05,SITE-0006,Semarang,Cloud Connectivity,High,Escalated,2026-05-12T09:21:00,,159,148,Configuration drift,Fiber Maintenance,2,Escalate to regional operations lead
INC-2026-01947,2026-05-12,2026-05,SITE-0005,Makassar,Fiber Internet,High,Closed,2026-05-12T00:15:00,2026-05-12T03:33:00,198,164,Fiber cut,Fiber Maintenance,2,Escalate to regional operations lead
INC-2026-00703,2026-05-13,2026-05,SITE-0095,Makassar,IPTV,High,Resolved,2026-05-13T14:22:00,2026-05-13T21:32:00,430,316,Configuration drift,Fiber Maintenance,2,Escalate to regional operations lead
INC-2026-00883,2026-05-13,2026-05,SITE-0039,Palembang,IPTV,Medium,Resolved,2026-05-13T16:29:00,2026-05-13T17:59:00,90,84,Core router instability,Field Operations,1,Assign service assurance follow-up
INC-2026-01041,2026-05-13,2026-05,SITE-0027,Yogyakarta,IPTV,High,Closed,2026-05-13T14:21:00,2026-05-13T19:55:00,334,456,Configuration drift,Customer Assurance,2,Escalate to regional operations lead
INC-2026-01150,2026-05-13,2026-05,SITE-0231,Jakarta,IPTV,Low,Closed,2026-05-13T14:35:00,2026-05-13T15:28:00,53,39,Core router instability,NOC Core,1,Monitor and resolve in standard queue
INC-2026-01214,2026-05-13,2026-05,SITE-0206,Semarang,Voice,High,Resolved,2026-05-13T20:30:00,2026-05-14T02:15:00,345,336,Core router instability,Customer Assurance,2,Escalate to regional operations lead
INC-2026-02089,2026-05-13,2026-05,SITE-0230,Balikpapan,IPTV,High,Resolved,2026-05-13T01:46:00,2026-05-13T07:46:00,360,775,Planned maintenance overrun,Field Operations,2,Escalate to regional operations lead
INC-2026-02125,2026-05-13,2026-05,SITE-0183,Surabaya,Fiber Internet,Low,Resolved,2026-05-13T08:14:00,2026-05-13T09:39:00,85,9,Fiber cut,Field Operations,1,Monitor and resolve in standard queue
INC-2026-02176,2026-05-13,2026-05,SITE-0182,Bandung,Enterprise VPN,High,Resolved,2026-05-13T03:28:00,2026-05-13T10:51:00,443,98,Customer premises equipment,Enterprise Support,2,Escalate to regional operations lead
INC-2026-00331,2026-05-14,2026-05,SITE-0111,Jakarta,Fiber Internet,Low,Resolved,2026-05-14T17:39:00,2026-05-14T18:37:00,58,40,Customer premises equipment,Customer Assurance,1,Monitor and resolve in standard queue
INC-2026-00511,2026-05-14,2026-05,SITE-0046,Semarang,Cloud Connectivity,High,Resolved,2026-05-14T15:54:00,2026-05-14T23:43:00,469,216,Power outage,Enterprise Support,2,Escalate to regional operations lead
INC-2026-00804,2026-05-14,2026-05,SITE-0088,Denpasar,Fiber Internet,Medium,Closed,2026-05-14T02:27:00,2026-05-14T04:13:00,106,182,Planned maintenance overrun,Field Operations,1,Assign service assurance follow-up
INC-2026-01174,2026-05-14,2026-05,SITE-0001,Jakarta,IPTV,Low,Resolved,2026-05-14T15:40:00,2026-05-14T16:53:00,73,64,Customer premises equipment,Enterprise Support,1,Monitor and resolve in standard queue
INC-2026-01531,2026-05-14,2026-05,SITE-0047,Yogyakarta,Mobile Broadband,Medium,Resolved,2026-05-14T23:12:00,2026-05-15T00:59:00,107,121,Fiber cut,Field Operations,1,Assign service assurance follow-up
INC-2026-01848,2026-05-14,2026-05,SITE-0182,Bandung,Enterprise VPN,Low,Resolved,2026-05-14T14:18:00,2026-05-14T15:02:00,44,29,Access node congestion,Field Operations,1,Monitor and resolve in standard queue
INC-2026-01930,2026-05-14,2026-05,SITE-0134,Medan,IPTV,Medium,Closed,2026-05-14T17:51:00,2026-05-14T20:34:00,163,190,Power outage,Enterprise Support,1,Assign service assurance follow-up
INC-2026-01990,2026-05-14,2026-05,SITE-0160,Balikpapan,Fiber Internet,High,Resolved,2026-05-14T22:23:00,2026-05-15T04:54:00,391,589,Planned maintenance overrun,Field Operations,2,Escalate to regional operations lead
INC-2026-00105,2026-05-15,2026-05,SITE-0136,Semarang,Cloud Connectivity,Low,Resolved,2026-05-15T22:19:00,2026-05-15T23:03:00,44,41,Fiber cut,NOC Core,1,Monitor and resolve in standard queue
INC-2026-00116,2026-05-15,2026-05,SITE-0067,Yogyakarta,Voice,High,Closed,2026-05-15T00:34:00,2026-05-15T03:19:00,165,616,Customer premises equipment,Enterprise Support,2,Escalate to regional operations lead
INC-2026-00131,2026-05-15,2026-05,SITE-0058,Denpasar,Mobile Broadband,High,Escalated,2026-05-15T11:32:00,,269,199,Configuration drift,Fiber Maintenance,2,Escalate to regional operations lead
INC-2026-00391,2026-05-15,2026-05,SITE-0181,Jakarta,Enterprise VPN,Medium,Resolved,2026-05-15T04:13:00,2026-05-15T06:56:00,163,19,Backhaul packet loss,Field Operations,1,Assign service assurance follow-up
INC-2026-01275,2026-05-15,2026-05,SITE-0149,Palembang,Fiber Internet,Low,Open,2026-05-15T13:23:00,,67,42,Configuration drift,Fiber Maintenance,1,Monitor and resolve in standard queue
INC-2026-01319,2026-05-15,2026-05,SITE-0080,Balikpapan,Voice,Medium,Resolved,2026-05-15T10:59:00,2026-05-15T13:09:00,130,63,Access node congestion,Customer Assurance,1,Assign service assurance follow-up
INC-2026-01370,2026-05-15,2026-05,SITE-0089,Palembang,IPTV,Low,Resolved,2026-05-15T10:36:00,2026-05-15T11:29:00,53,52,Backhaul packet loss,Fiber Maintenance,1,Monitor and resolve in standard queue
INC-2026-01449,2026-05-15,2026-05,SITE-0014,Medan,Voice,Medium,Resolved,2026-05-15T16:37:00,2026-05-15T19:08:00,151,85,Access node congestion,Customer Assurance,1,Assign service assurance follow-up
INC-2026-01480,2026-05-15,2026-05,SITE-0242,Bandung,Enterprise VPN,Medium,Resolved,2026-05-15T05:22:00,2026-05-15T07:08:00,106,50,Fiber cut,Customer Assurance,1,Assign service assurance follow-up
INC-2026-01570,2026-05-15,2026-05,SITE-0166,Semarang,Voice,Medium,Resolved,2026-05-15T01:18:00,2026-05-15T04:02:00,164,37,Backhaul packet loss,Customer Assurance,1,Assign service assurance follow-up
INC-2026-01915,2026-05-15,2026-05,SITE-0220,Balikpapan,Fiber Internet,Critical,Resolved,2026-05-15T18:41:00,2026-05-16T04:23:00,582,1352,Power outage,Fiber Maintenance,3,Open command bridge and dispatch field team
INC-2026-02047,2026-05-15,2026-05,SITE-0114,Medan,Enterprise VPN,Medium,Resolved,2026-05-15T10:16:00,2026-05-15T13:30:00,194,41,Customer premises equipment,Field Operations,1,Assign service assurance follow-up
INC-2026-00147,2026-05-16,2026-05,SITE-0171,Jakarta,Voice,Medium,Resolved,2026-05-16T17:44:00,2026-05-16T19:35:00,111,136,Fiber cut,NOC Core,1,Assign service assurance follow-up
INC-2026-00772,2026-05-16,2026-05,SITE-0156,Semarang,Cloud Connectivity,Medium,Resolved,2026-05-16T14:48:00,2026-05-16T17:13:00,145,102,Fiber cut,NOC Core,1,Assign service assurance follow-up
INC-2026-00920,2026-05-16,2026-05,SITE-0079,Palembang,Enterprise VPN,High,Closed,2026-05-16T12:08:00,2026-05-16T16:30:00,262,122,Backhaul packet loss,Enterprise Support,2,Escalate to regional operations lead
INC-2026-01355,2026-05-16,2026-05,SITE-0127,Yogyakarta,Mobile Broadband,Medium,Closed,2026-05-16T02:02:00,2026-05-16T04:52:00,170,115,Access node congestion,Customer Assurance,1,Assign service assurance follow-up
INC-2026-01636,2026-05-16,2026-05,SITE-0180,Balikpapan,Voice,Low,Closed,2026-05-16T16:26:00,2026-05-16T17:11:00,45,47,Fiber cut,Enterprise Support,1,Monitor and resolve in standard queue
INC-2026-01667,2026-05-16,2026-05,SITE-0244,Medan,Enterprise VPN,Medium,Resolved,2026-05-16T00:41:00,2026-05-16T02:22:00,101,75,Backhaul packet loss,Field Operations,1,Assign service assurance follow-up
INC-2026-01775,2026-05-16,2026-05,SITE-0036,Semarang,Enterprise VPN,Medium,Closed,2026-05-16T17:14:00,2026-05-16T20:09:00,175,78,Configuration drift,Enterprise Support,1,Assign service assurance follow-up
INC-2026-01931,2026-05-16,2026-05,SITE-0003,Surabaya,Fiber Internet,Medium,Closed,2026-05-16T11:13:00,2026-05-16T14:28:00,195,216,Core router instability,Fiber Maintenance,1,Assign service assurance follow-up
INC-2026-00152,2026-05-17,2026-05,SITE-0116,Semarang,Voice,Low,Closed,2026-05-17T07:56:00,2026-05-17T08:52:00,56,34,Configuration drift,Fiber Maintenance,1,Monitor and resolve in standard queue
INC-2026-00819,2026-05-17,2026-05,SITE-0235,Makassar,Voice,Medium,Resolved,2026-05-17T13:11:00,2026-05-17T16:35:00,204,123,Customer premises equipment,Field Operations,1,Assign service assurance follow-up
INC-2026-00880,2026-05-17,2026-05,SITE-0119,Palembang,Voice,Low,Resolved,2026-05-17T06:35:00,2026-05-17T07:37:00,62,42,Planned maintenance overrun,NOC Core,1,Monitor and resolve in standard queue
INC-2026-01110,2026-05-17,2026-05,SITE-0135,Makassar,Voice,Medium,Resolved,2026-05-17T03:10:00,2026-05-17T05:50:00,160,113,Customer premises equipment,Field Operations,1,Assign service assurance follow-up
INC-2026-01118,2026-05-17,2026-05,SITE-0174,Medan,Mobile Broadband,Low,Resolved,2026-05-17T09:10:00,2026-05-17T09:53:00,43,23,Customer premises equipment,NOC Core,1,Monitor and resolve in standard queue
INC-2026-01652,2026-05-17,2026-05,SITE-0169,Palembang,IPTV,Low,Closed,2026-05-17T04:12:00,2026-05-17T05:30:00,78,28,Planned maintenance overrun,Enterprise Support,1,Monitor and resolve in standard queue
INC-2026-02130,2026-05-17,2026-05,SITE-0082,Bandung,Enterprise VPN,Medium,Closed,2026-05-17T22:54:00,2026-05-18T00:54:00,120,51,Backhaul packet loss,Customer Assurance,1,Assign service assurance follow-up
INC-2026-00418,2026-05-18,2026-05,SITE-0014,Medan,Voice,Medium,Resolved,2026-05-18T14:13:00,2026-05-18T16:30:00,137,78,Power outage,Fiber Maintenance,1,Assign service assurance follow-up
INC-2026-00439,2026-05-18,2026-05,SITE-0136,Semarang,Cloud Connectivity,Medium,Closed,2026-05-18T00:17:00,2026-05-18T03:29:00,192,76,Configuration drift,Customer Assurance,1,Assign service assurance follow-up
INC-2026-00440,2026-05-18,2026-05,SITE-0096,Semarang,Mobile Broadband,Low,Closed,2026-05-18T04:03:00,2026-05-18T04:41:00,38,38,Planned maintenance overrun,Field Operations,1,Monitor and resolve in standard queue
INC-2026-00457,2026-05-18,2026-05,SITE-0245,Makassar,Voice,Medium,Resolved,2026-05-18T03:50:00,2026-05-18T06:02:00,132,113,Configuration drift,Enterprise Support,1,Assign service assurance follow-up
INC-2026-00766,2026-05-18,2026-05,SITE-0048,Denpasar,Voice,Medium,Resolved,2026-05-18T10:00:00,2026-05-18T11:40:00,100,152,Power outage,Field Operations,1,Assign service assurance follow-up
INC-2026-01105,2026-05-18,2026-05,SITE-0084,Medan,Mobile Broadband,Medium,Resolved,2026-05-18T18:50:00,2026-05-18T20:01:00,71,85,Access node congestion,NOC Core,1,Assign service assurance follow-up
INC-2026-01166,2026-05-18,2026-05,SITE-0092,Bandung,Voice,Critical,Resolved,2026-05-18T02:36:00,2026-05-18T12:51:00,615,516,Power outage,Fiber Maintenance,3,Open command bridge and dispatch field team
INC-2026-01514,2026-05-18,2026-05,SITE-0214,Medan,Cloud Connectivity,Low,Closed,2026-05-18T04:43:00,2026-05-18T05:16:00,33,58,Core router instability,Fiber Maintenance,1,Monitor and resolve in standard queue
INC-2026-01886,2026-05-18,2026-05,SITE-0113,Surabaya,Fiber Internet,Critical,Closed,2026-05-18T05:48:00,2026-05-18T19:16:00,808,701,Backhaul packet loss,NOC Core,3,Open command bridge and dispatch field team
INC-2026-02109,2026-05-18,2026-05,SITE-0108,Denpasar,Fiber Internet,Medium,Closed,2026-05-18T11:44:00,2026-05-18T14:00:00,136,200,Planned maintenance overrun,Customer Assurance,1,Assign service assurance follow-up
INC-2026-00168,2026-05-19,2026-05,SITE-0035,Makassar,Mobile Broadband,High,Investigating,2026-05-19T19:44:00,,375,216,Backhaul packet loss,Field Operations,2,Escalate to regional operations lead
INC-2026-00485,2026-05-19,2026-05,SITE-0204,Medan,Cloud Connectivity,Low,Resolved,2026-05-19T16:52:00,2026-05-19T17:41:00,49,24,Configuration drift,Customer Assurance,1,Monitor and resolve in standard queue
INC-2026-00808,2026-05-19,2026-05,SITE-0190,Balikpapan,IPTV,Medium,Resolved,2026-05-19T19:46:00,2026-05-19T22:29:00,163,124,Backhaul packet loss,Field Operations,1,Assign service assurance follow-up
INC-2026-01565,2026-05-19,2026-05,SITE-0045,Makassar,Fiber Internet,High,Investigating,2026-05-19T18:47:00,,412,449,Planned maintenance overrun,Field Operations,2,Escalate to regional operations lead
INC-2026-01640,2026-05-19,2026-05,SITE-0152,Bandung,Fiber Internet,Low,Resolved,2026-05-19T23:33:00,2026-05-20T00:43:00,70,54,Backhaul packet loss,Customer Assurance,1,Monitor and resolve in standard queue
INC-2026-00061,2026-05-20,2026-05,SITE-0159,Palembang,Mobile Broadband,Low,Closed,2026-05-20T21:33:00,2026-05-20T22:31:00,58,21,Fiber cut,Fiber Maintenance,1,Monitor and resolve in standard queue
INC-2026-00140,2026-05-20,2026-05,SITE-0086,Semarang,IPTV,Low,Resolved,2026-05-20T04:44:00,2026-05-20T05:28:00,44,18,Backhaul packet loss,Enterprise Support,1,Monitor and resolve in standard queue
INC-2026-00892,2026-05-20,2026-05,SITE-0235,Makassar,Voice,Low,Open,2026-05-20T15:54:00,,32,33,Planned maintenance overrun,Enterprise Support,1,Monitor and resolve in standard queue
INC-2026-00924,2026-05-20,2026-05,SITE-0049,Palembang,IPTV,Low,Closed,2026-05-20T00:07:00,2026-05-20T01:14:00,67,51,Power outage,Customer Assurance,1,Monitor and resolve in standard queue
INC-2026-01311,2026-05-20,2026-05,SITE-0090,Balikpapan,IPTV,Medium,Closed,2026-05-20T16:00:00,2026-05-20T18:58:00,178,144,Configuration drift,Field Operations,1,Assign service assurance follow-up
INC-2026-01753,2026-05-20,2026-05,SITE-0056,Semarang,Cloud Connectivity,Low,Closed,2026-05-20T21:30:00,2026-05-20T22:08:00,38,65,Backhaul packet loss,NOC Core,1,Monitor and resolve in standard queue
INC-2026-00056,2026-05-21,2026-05,SITE-0210,Balikpapan,IPTV,High,Resolved,2026-05-21T20:44:00,2026-05-22T04:45:00,481,392,Customer premises equipment,Customer Assurance,2,Escalate to regional operations lead
INC-2026-00768,2026-05-21,2026-05,SITE-0126,Semarang,Mobile Broadband,High,Resolved,2026-05-21T05:51:00,2026-05-21T11:43:00,352,405,Access node congestion,NOC Core,2,Escalate to regional operations lead
INC-2026-00898,2026-05-21,2026-05,SITE-0198,Denpasar,Fiber Internet,High,Closed,2026-05-21T18:03:00,2026-05-21T22:26:00,263,368,Core router instability,Customer Assurance,2,Escalate to regional operations lead
INC-2026-01421,2026-05-21,2026-05,SITE-0050,Balikpapan,Cloud Connectivity,Low,Resolved,2026-05-21T23:18:00,2026-05-22T00:08:00,50,49,Planned maintenance overrun,Field Operations,1,Monitor and resolve in standard queue
INC-2026-01519,2026-05-21,2026-05,SITE-0198,Denpasar,Fiber Internet,High,Closed,2026-05-21T14:20:00,2026-05-21T21:16:00,416,421,Customer premises equipment,Fiber Maintenance,2,Escalate to regional operations lead
INC-2026-01779,2026-05-21,2026-05,SITE-0095,Makassar,IPTV,Medium,Resolved,2026-05-21T21:36:00,2026-05-21T22:35:00,59,130,Configuration drift,Enterprise Support,1,Assign service assurance follow-up
INC-2026-02092,2026-05-21,2026-05,SITE-0245,Makassar,Voice,Low,Resolved,2026-05-21T17:03:00,2026-05-21T18:11:00,68,27,Configuration drift,Fiber Maintenance,1,Monitor and resolve in standard queue
INC-2026-00102,2026-05-22,2026-05,SITE-0141,Jakarta,Fiber Internet,High,Resolved,2026-05-22T19:22:00,2026-05-23T02:10:00,408,604,Backhaul packet loss,Enterprise Support,2,Escalate to regional operations lead
INC-2026-02097,2026-05-22,2026-05,SITE-0021,Jakarta,Enterprise VPN,High,Resolved,2026-05-22T06:15:00,2026-05-22T07:33:00,78,313,Backhaul packet loss,Field Operations,2,Escalate to regional operations lead
INC-2026-00068,2026-05-23,2026-05,SITE-0156,Semarang,Cloud Connectivity,Critical,Resolved,2026-05-23T23:02:00,2026-05-24T08:20:00,558,431,Power outage,Customer Assurance,3,Open command bridge and dispatch field team
INC-2026-00306,2026-05-23,2026-05,SITE-0096,Semarang,Mobile Broadband,Low,Resolved,2026-05-23T06:08:00,2026-05-23T07:25:00,77,54,Core router instability,Enterprise Support,1,Monitor and resolve in standard queue
INC-2026-00614,2026-05-23,2026-05,SITE-0066,Semarang,Mobile Broadband,Critical,Escalated,2026-05-23T18:29:00,,873,595,Customer premises equipment,Enterprise Support,3,Open command bridge and dispatch field team
INC-2026-01236,2026-05-23,2026-05,SITE-0239,Palembang,Voice,Low,Resolved,2026-05-23T18:59:00,2026-05-23T20:05:00,66,33,Power outage,Enterprise Support,1,Monitor and resolve in standard queue
INC-2026-02082,2026-05-23,2026-05,SITE-0077,Yogyakarta,Voice,Low,Closed,2026-05-23T18:27:00,2026-05-23T19:12:00,45,24,Backhaul packet loss,Customer Assurance,1,Monitor and resolve in standard queue
INC-2026-00328,2026-05-24,2026-05,SITE-0176,Semarang,Fiber Internet,Low,Resolved,2026-05-24T21:54:00,2026-05-24T23:15:00,81,24,Core router instability,Field Operations,1,Monitor and resolve in standard queue
INC-2026-00353,2026-05-24,2026-05,SITE-0003,Surabaya,Fiber Internet,Low,Resolved,2026-05-24T03:10:00,2026-05-24T04:02:00,52,51,Backhaul packet loss,NOC Core,1,Monitor and resolve in standard queue
INC-2026-02101,2026-05-24,2026-05,SITE-0071,Jakarta,Fiber Internet,High,Closed,2026-05-24T08:54:00,2026-05-24T14:25:00,331,254,Planned maintenance overrun,NOC Core,2,Escalate to regional operations lead
INC-2026-00480,2026-05-25,2026-05,SITE-0078,Denpasar,Cloud Connectivity,Critical,Investigating,2026-05-25T03:34:00,,729,1012,Configuration drift,Fiber Maintenance,3,Open command bridge and dispatch field team
INC-2026-00629,2026-05-25,2026-05,SITE-0142,Bandung,Mobile Broadband,High,Closed,2026-05-25T00:42:00,2026-05-25T07:47:00,425,320,Core router instability,Enterprise Support,2,Escalate to regional operations lead
INC-2026-01778,2026-05-25,2026-05,SITE-0229,Palembang,IPTV,Medium,Closed,2026-05-25T23:07:00,2026-05-26T01:43:00,156,165,Customer premises equipment,Field Operations,1,Assign service assurance follow-up
INC-2026-01986,2026-05-25,2026-05,SITE-0178,Denpasar,IPTV,Low,Resolved,2026-05-25T18:58:00,2026-05-25T19:45:00,47,46,Access node congestion,Field Operations,1,Monitor and resolve in standard queue
INC-2026-00937,2026-05-26,2026-05,SITE-0201,Jakarta,Voice,Low,Closed,2026-05-26T10:16:00,2026-05-26T11:03:00,47,49,Core router instability,Customer Assurance,1,Monitor and resolve in standard queue
INC-2026-01724,2026-05-26,2026-05,SITE-0077,Yogyakarta,Voice,Low,Closed,2026-05-26T14:08:00,2026-05-26T15:16:00,68,67,Access node congestion,NOC Core,1,Monitor and resolve in standard queue
INC-2026-00653,2026-05-27,2026-05,SITE-0022,Bandung,Mobile Broadband,Low,Closed,2026-05-27T08:08:00,2026-05-27T09:00:00,52,50,Configuration drift,Fiber Maintenance,1,Monitor and resolve in standard queue
INC-2026-00856,2026-05-27,2026-05,SITE-0011,Jakarta,Cloud Connectivity,Medium,Closed,2026-05-27T06:40:00,2026-05-27T09:13:00,153,75,Fiber cut,NOC Core,1,Assign service assurance follow-up
INC-2026-01114,2026-05-27,2026-05,SITE-0119,Palembang,Voice,Low,Resolved,2026-05-27T15:14:00,2026-05-27T16:02:00,48,29,Core router instability,Fiber Maintenance,1,Monitor and resolve in standard queue
INC-2026-01220,2026-05-27,2026-05,SITE-0167,Yogyakarta,IPTV,Medium,Resolved,2026-05-27T13:49:00,2026-05-27T15:53:00,124,108,Core router instability,Field Operations,1,Assign service assurance follow-up
INC-2026-01766,2026-05-27,2026-05,SITE-0080,Balikpapan,Voice,Low,Closed,2026-05-27T20:39:00,2026-05-27T21:25:00,46,18,Customer premises equipment,Enterprise Support,1,Monitor and resolve in standard queue
INC-2026-02064,2026-05-27,2026-05,SITE-0237,Yogyakarta,Voice,Medium,Closed,2026-05-27T17:30:00,2026-05-27T19:50:00,140,86,Planned maintenance overrun,Enterprise Support,1,Assign service assurance follow-up
INC-2026-02116,2026-05-27,2026-05,SITE-0037,Yogyakarta,Cloud Connectivity,Low,Resolved,2026-05-27T16:30:00,2026-05-27T17:08:00,38,54,Backhaul packet loss,NOC Core,1,Monitor and resolve in standard queue
INC-2026-00163,2026-05-28,2026-05,SITE-0111,Jakarta,Fiber Internet,Low,Resolved,2026-05-28T08:35:00,2026-05-28T09:26:00,51,24,Backhaul packet loss,Field Operations,1,Monitor and resolve in standard queue
INC-2026-00311,2026-05-28,2026-05,SITE-0006,Semarang,Cloud Connectivity,Low,Resolved,2026-05-28T07:40:00,2026-05-28T08:11:00,31,18,Configuration drift,Customer Assurance,1,Monitor and resolve in standard queue
INC-2026-00600,2026-05-28,2026-05,SITE-0101,Jakarta,Enterprise VPN,Low,Closed,2026-05-28T18:29:00,2026-05-28T19:33:00,64,5,Backhaul packet loss,Customer Assurance,1,Monitor and resolve in standard queue
INC-2026-00707,2026-05-28,2026-05,SITE-0165,Makassar,IPTV,Medium,Resolved,2026-05-28T00:03:00,2026-05-28T02:42:00,159,77,Power outage,Field Operations,1,Assign service assurance follow-up
INC-2026-01248,2026-05-28,2026-05,SITE-0188,Denpasar,Cloud Connectivity,Medium,Resolved,2026-05-28T12:53:00,2026-05-28T15:35:00,162,182,Core router instability,NOC Core,1,Assign service assurance follow-up
INC-2026-01493,2026-05-28,2026-05,SITE-0181,Jakarta,Enterprise VPN,Low,Resolved,2026-05-28T13:26:00,2026-05-28T14:19:00,53,10,Planned maintenance overrun,NOC Core,1,Monitor and resolve in standard queue
INC-2026-01644,2026-05-28,2026-05,SITE-0008,Denpasar,Fiber Internet,Low,Resolved,2026-05-28T03:23:00,2026-05-28T04:05:00,42,17,Backhaul packet loss,NOC Core,1,Monitor and resolve in standard queue
INC-2026-01823,2026-05-28,2026-05,SITE-0040,Balikpapan,Voice,Low,Closed,2026-05-28T18:04:00,2026-05-28T19:00:00,56,44,Core router instability,Enterprise Support,1,Monitor and resolve in standard queue
INC-2026-01830,2026-05-28,2026-05,SITE-0067,Yogyakarta,Voice,Medium,Closed,2026-05-28T14:49:00,2026-05-28T17:30:00,161,195,Access node congestion,Fiber Maintenance,1,Assign service assurance follow-up
INC-2026-01889,2026-05-28,2026-05,SITE-0088,Denpasar,Fiber Internet,High,Closed,2026-05-28T08:19:00,2026-05-28T12:16:00,237,709,Planned maintenance overrun,Field Operations,2,Escalate to regional operations lead
INC-2026-01940,2026-05-28,2026-05,SITE-0143,Surabaya,Mobile Broadband,High,Resolved,2026-05-28T20:22:00,2026-05-29T02:45:00,383,301,Backhaul packet loss,Fiber Maintenance,2,Escalate to regional operations lead
INC-2026-00423,2026-05-29,2026-05,SITE-0211,Jakarta,Mobile Broadband,Medium,Resolved,2026-05-29T21:28:00,2026-05-29T23:53:00,145,189,Configuration drift,NOC Core,1,Assign service assurance follow-up
INC-2026-00874,2026-05-29,2026-05,SITE-0015,Makassar,Mobile Broadband,Medium,Open,2026-05-29T06:49:00,,198,167,Fiber cut,Fiber Maintenance,1,Assign service assurance follow-up
INC-2026-00976,2026-05-29,2026-05,SITE-0184,Medan,Enterprise VPN,Low,Resolved,2026-05-29T07:52:00,2026-05-29T09:07:00,75,7,Backhaul packet loss,Enterprise Support,1,Monitor and resolve in standard queue
INC-2026-01508,2026-05-29,2026-05,SITE-0045,Makassar,Fiber Internet,Medium,Resolved,2026-05-29T18:15:00,2026-05-29T20:24:00,129,179,Core router instability,NOC Core,1,Assign service assurance follow-up
INC-2026-01616,2026-05-29,2026-05,SITE-0029,Palembang,Voice,Low,Resolved,2026-05-29T22:01:00,2026-05-29T23:02:00,61,41,Access node congestion,Customer Assurance,1,Monitor and resolve in standard queue
INC-2026-01776,2026-05-29,2026-05,SITE-0117,Yogyakarta,Mobile Broadband,Medium,Escalated,2026-05-29T18:59:00,,193,75,Customer premises equipment,NOC Core,1,Assign service assurance follow-up
INC-2026-00376,2026-05-30,2026-05,SITE-0114,Medan,Enterprise VPN,Low,Investigating,2026-05-30T12:31:00,,50,10,Power outage,Fiber Maintenance,1,Monitor and resolve in standard queue
INC-2026-01012,2026-05-30,2026-05,SITE-0106,Semarang,IPTV,Medium,Resolved,2026-05-30T16:09:00,2026-05-30T18:39:00,150,66,Power outage,Fiber Maintenance,1,Assign service assurance follow-up
INC-2026-01145,2026-05-30,2026-05,SITE-0136,Semarang,Cloud Connectivity,Medium,Closed,2026-05-30T05:30:00,2026-05-30T08:23:00,173,90,Planned maintenance overrun,Fiber Maintenance,1,Assign service assurance follow-up
INC-2026-01247,2026-05-30,2026-05,SITE-0223,Surabaya,Enterprise VPN,Low,Closed,2026-05-30T19:54:00,2026-05-30T20:59:00,65,10,Fiber cut,Field Operations,1,Monitor and resolve in standard queue
INC-2026-02131,2026-05-30,2026-05,SITE-0131,Jakarta,Cloud Connectivity,Medium,Closed,2026-05-30T18:49:00,2026-05-30T22:02:00,193,161,Customer premises equipment,Field Operations,1,Assign service assurance follow-up
INC-2026-00344,2026-05-31,2026-05,SITE-0232,Bandung,Enterprise VPN,Low,Resolved,2026-05-31T02:53:00,2026-05-31T04:01:00,68,3,Planned maintenance overrun,Customer Assurance,1,Monitor and resolve in standard queue
INC-2026-00829,2026-05-31,2026-05,SITE-0146,Semarang,Mobile Broadband,Low,Resolved,2026-05-31T18:46:00,2026-05-31T19:34:00,48,20,Fiber cut,Enterprise Support,1,Monitor and resolve in standard queue
INC-2026-01070,2026-05-31,2026-05,SITE-0053,Surabaya,Enterprise VPN,Medium,Closed,2026-05-31T16:02:00,2026-05-31T18:28:00,146,51,Configuration drift,NOC Core,1,Assign service assurance follow-up
INC-2026-01106,2026-05-31,2026-05,SITE-0219,Palembang,IPTV,Critical,Closed,2026-05-31T11:50:00,2026-05-31T19:00:00,430,290,Backhaul packet loss,Fiber Maintenance,3,Open command bridge and dispatch field team
INC-2026-01334,2026-05-31,2026-05,SITE-0086,Semarang,IPTV,Low,Closed,2026-05-31T05:23:00,2026-05-31T06:44:00,81,33,Configuration drift,Enterprise Support,1,Monitor and resolve in standard queue
INC-2026-01926,2026-05-31,2026-05,SITE-0071,Jakarta,Fiber Internet,Medium,Resolved,2026-05-31T11:07:00,2026-05-31T14:03:00,176,106,Planned maintenance overrun,Customer Assurance,1,Assign service assurance follow-up
INC-2026-00189,2026-06-01,2026-06,SITE-0010,Balikpapan,Cloud Connectivity,Medium,Closed,2026-06-01T05:27:00,2026-06-01T07:42:00,135,200,Backhaul packet loss,NOC Core,1,Assign service assurance follow-up
INC-2026-00337,2026-06-01,2026-06,SITE-0014,Medan,Voice,High,Resolved,2026-06-01T11:50:00,2026-06-01T18:50:00,420,349,Fiber cut,NOC Core,2,Escalate to regional operations lead
INC-2026-00659,2026-06-01,2026-06,SITE-0134,Medan,IPTV,Medium,Closed,2026-06-01T19:46:00,2026-06-01T22:27:00,161,229,Fiber cut,Field Operations,1,Assign service assurance follow-up
INC-2026-00806,2026-06-01,2026-06,SITE-0160,Balikpapan,Fiber Internet,Medium,Closed,2026-06-01T08:55:00,2026-06-01T11:17:00,142,201,Power outage,Customer Assurance,1,Assign service assurance follow-up
INC-2026-01577,2026-06-01,2026-06,SITE-0104,Medan,Cloud Connectivity,Low,Resolved,2026-06-01T00:50:00,2026-06-01T01:53:00,63,25,Backhaul packet loss,Customer Assurance,1,Monitor and resolve in standard queue
INC-2026-01744,2026-06-01,2026-06,SITE-0239,Palembang,Voice,Low,Resolved,2026-06-01T03:24:00,2026-06-01T04:24:00,60,55,Planned maintenance overrun,Customer Assurance,1,Monitor and resolve in standard queue
INC-2026-01784,2026-06-01,2026-06,SITE-0118,Denpasar,Enterprise VPN,Low,Closed,2026-06-01T21:35:00,2026-06-01T22:25:00,50,2,Access node congestion,NOC Core,1,Monitor and resolve in standard queue
INC-2026-02061,2026-06-01,2026-06,SITE-0234,Medan,Mobile Broadband,Low,Closed,2026-06-01T08:37:00,2026-06-01T09:34:00,57,35,Core router instability,Fiber Maintenance,1,Monitor and resolve in standard queue
INC-2026-00820,2026-06-02,2026-06,SITE-0228,Denpasar,Cloud Connectivity,Low,Resolved,2026-06-02T21:34:00,2026-06-02T22:21:00,47,37,Backhaul packet loss,Field Operations,1,Monitor and resolve in standard queue
INC-2026-01332,2026-06-02,2026-06,SITE-0027,Yogyakarta,IPTV,Medium,Resolved,2026-06-02T03:01:00,2026-06-02T06:03:00,182,136,Backhaul packet loss,Fiber Maintenance,1,Assign service assurance follow-up
INC-2026-01529,2026-06-02,2026-06,SITE-0092,Bandung,Voice,High,Resolved,2026-06-02T00:52:00,2026-06-02T05:50:00,298,437,Backhaul packet loss,Field Operations,2,Escalate to regional operations lead
INC-2026-02007,2026-06-02,2026-06,SITE-0156,Semarang,Cloud Connectivity,Medium,Resolved,2026-06-02T18:47:00,2026-06-02T21:19:00,152,63,Backhaul packet loss,Enterprise Support,1,Assign service assurance follow-up
INC-2026-00447,2026-06-03,2026-06,SITE-0183,Surabaya,Fiber Internet,Medium,Resolved,2026-06-03T23:31:00,2026-06-04T01:27:00,116,60,Backhaul packet loss,Customer Assurance,1,Assign service assurance follow-up
INC-2026-00459,2026-06-03,2026-06,SITE-0167,Yogyakarta,IPTV,Low,Resolved,2026-06-03T09:54:00,2026-06-03T11:11:00,77,38,Core router instability,NOC Core,1,Monitor and resolve in standard queue
INC-2026-01972,2026-06-03,2026-06,SITE-0006,Semarang,Cloud Connectivity,Low,Closed,2026-06-03T00:44:00,2026-06-03T01:56:00,72,28,Backhaul packet loss,Customer Assurance,1,Monitor and resolve in standard queue
INC-2026-00220,2026-06-04,2026-06,SITE-0222,Bandung,Mobile Broadband,Medium,Resolved,2026-06-04T08:13:00,2026-06-04T10:39:00,146,78,Power outage,Field Operations,1,Assign service assurance follow-up
INC-2026-00308,2026-06-04,2026-06,SITE-0118,Denpasar,Enterprise VPN,High,Closed,2026-06-04T21:33:00,2026-06-05T02:57:00,324,18,Planned maintenance overrun,Field Operations,2,Escalate to regional operations lead
INC-2026-00584,2026-06-04,2026-06,SITE-0139,Palembang,Voice,Medium,Closed,2026-06-04T17:27:00,2026-06-04T18:39:00,72,80,Planned maintenance overrun,Fiber Maintenance,1,Assign service assurance follow-up
INC-2026-00625,2026-06-04,2026-06,SITE-0117,Yogyakarta,Mobile Broadband,Low,Resolved,2026-06-04T16:03:00,2026-06-04T16:52:00,49,42,Power outage,Enterprise Support,1,Monitor and resolve in standard queue
INC-2026-01098,2026-06-04,2026-06,SITE-0030,Balikpapan,Enterprise VPN,Medium,Closed,2026-06-04T22:46:00,2026-06-05T01:30:00,164,11,Core router instability,Enterprise Support,1,Assign service assurance follow-up
INC-2026-01207,2026-06-04,2026-06,SITE-0187,Yogyakarta,Voice,Low,Closed,2026-06-04T08:32:00,2026-06-04T09:34:00,62,19,Configuration drift,Enterprise Support,1,Monitor and resolve in standard queue
INC-2026-01340,2026-06-04,2026-06,SITE-0040,Balikpapan,Voice,Medium,Closed,2026-06-04T03:15:00,2026-06-04T06:30:00,195,61,Access node congestion,Field Operations,1,Assign service assurance follow-up
INC-2026-01573,2026-06-04,2026-06,SITE-0042,Bandung,Voice,Low,Resolved,2026-06-04T04:00:00,2026-06-04T05:04:00,64,28,Configuration drift,NOC Core,1,Monitor and resolve in standard queue
INC-2026-01780,2026-06-04,2026-06,SITE-0017,Yogyakarta,IPTV,Medium,Resolved,2026-06-04T04:04:00,2026-06-04T05:24:00,80,90,Fiber cut,Fiber Maintenance,1,Assign service assurance follow-up
INC-2026-01988,2026-06-04,2026-06,SITE-0115,Makassar,Mobile Broadband,Low,Resolved,2026-06-04T14:30:00,2026-06-04T15:35:00,65,22,Fiber cut,Enterprise Support,1,Monitor and resolve in standard queue
INC-2026-00088,2026-06-05,2026-06,SITE-0113,Surabaya,Fiber Internet,Medium,Resolved,2026-06-05T13:04:00,2026-06-05T16:25:00,201,148,Configuration drift,Enterprise Support,1,Assign service assurance follow-up
INC-2026-00389,2026-06-05,2026-06,SITE-0171,Jakarta,Voice,Low,Resolved,2026-06-05T05:18:00,2026-06-05T06:16:00,58,43,Power outage,Enterprise Support,1,Monitor and resolve in standard queue
INC-2026-00631,2026-06-05,2026-06,SITE-0071,Jakarta,Fiber Internet,Low,Open,2026-06-05T08:40:00,,52,52,Access node congestion,Field Operations,1,Monitor and resolve in standard queue
INC-2026-01426,2026-06-05,2026-06,SITE-0112,Bandung,Voice,Medium,Closed,2026-06-05T14:00:00,2026-06-05T16:40:00,160,109,Configuration drift,NOC Core,1,Assign service assurance follow-up
INC-2026-01437,2026-06-05,2026-06,SITE-0132,Bandung,Fiber Internet,Low,Resolved,2026-06-05T06:25:00,2026-06-05T07:15:00,50,11,Configuration drift,Fiber Maintenance,1,Monitor and resolve in standard queue
INC-2026-01478,2026-06-05,2026-06,SITE-0245,Makassar,Voice,Critical,Resolved,2026-06-05T15:14:00,2026-06-05T21:50:00,396,794,Access node congestion,Fiber Maintenance,3,Open command bridge and dispatch field team
INC-2026-01526,2026-06-05,2026-06,SITE-0060,Balikpapan,Fiber Internet,Low,Resolved,2026-06-05T00:49:00,2026-06-05T01:55:00,66,26,Planned maintenance overrun,Field Operations,1,Monitor and resolve in standard queue
INC-2026-00101,2026-06-06,2026-06,SITE-0213,Surabaya,Cloud Connectivity,Medium,Closed,2026-06-06T19:30:00,2026-06-06T21:16:00,106,28,Planned maintenance overrun,Enterprise Support,1,Assign service assurance follow-up
INC-2026-00477,2026-06-06,2026-06,SITE-0062,Bandung,Voice,Low,Resolved,2026-06-06T16:54:00,2026-06-06T17:43:00,49,23,Access node congestion,Fiber Maintenance,1,Monitor and resolve in standard queue
INC-2026-00714,2026-06-06,2026-06,SITE-0072,Bandung,Enterprise VPN,Low,Resolved,2026-06-06T17:42:00,2026-06-06T18:19:00,37,29,Power outage,Enterprise Support,1,Monitor and resolve in standard queue
INC-2026-00726,2026-06-06,2026-06,SITE-0053,Surabaya,Enterprise VPN,Low,Resolved,2026-06-06T16:30:00,2026-06-06T17:39:00,69,10,Power outage,Fiber Maintenance,1,Monitor and resolve in standard queue
INC-2026-00807,2026-06-06,2026-06,SITE-0191,Jakarta,Mobile Broadband,High,Escalated,2026-06-06T22:39:00,,217,417,Fiber cut,Fiber Maintenance,2,Escalate to regional operations lead
INC-2026-00868,2026-06-06,2026-06,SITE-0201,Jakarta,Voice,Critical,Resolved,2026-06-06T10:55:00,2026-06-06T20:03:00,548,992,Customer premises equipment,Fiber Maintenance,3,Open command bridge and dispatch field team
INC-2026-00933,2026-06-06,2026-06,SITE-0117,Yogyakarta,Mobile Broadband,Low,Resolved,2026-06-06T18:22:00,2026-06-06T19:16:00,54,54,Planned maintenance overrun,Field Operations,1,Monitor and resolve in standard queue
INC-2026-01347,2026-06-06,2026-06,SITE-0084,Medan,Mobile Broadband,Low,Closed,2026-06-06T07:33:00,2026-06-06T08:07:00,34,28,Backhaul packet loss,Fiber Maintenance,1,Monitor and resolve in standard queue
INC-2026-02024,2026-06-06,2026-06,SITE-0058,Denpasar,Mobile Broadband,Critical,Resolved,2026-06-06T13:53:00,2026-06-07T01:11:00,678,532,Configuration drift,NOC Core,3,Open command bridge and dispatch field team
INC-2026-02034,2026-06-06,2026-06,SITE-0192,Bandung,Mobile Broadband,Low,Resolved,2026-06-06T20:08:00,2026-06-06T21:26:00,78,32,Customer premises equipment,Customer Assurance,1,Monitor and resolve in standard queue
INC-2026-00044,2026-06-07,2026-06,SITE-0145,Makassar,Mobile Broadband,Low,Closed,2026-06-07T23:50:00,2026-06-08T01:17:00,87,24,Access node congestion,Enterprise Support,1,Monitor and resolve in standard queue
INC-2026-00352,2026-06-07,2026-06,SITE-0064,Medan,Voice,Low,Resolved,2026-06-07T05:33:00,2026-06-07T06:56:00,83,62,Access node congestion,Fiber Maintenance,1,Monitor and resolve in standard queue
INC-2026-00486,2026-06-07,2026-06,SITE-0199,Palembang,Mobile Broadband,Low,Closed,2026-06-07T23:01:00,2026-06-07T23:38:00,37,40,Power outage,Customer Assurance,1,Monitor and resolve in standard queue
INC-2026-00758,2026-06-07,2026-06,SITE-0249,Palembang,Enterprise VPN,Medium,Closed,2026-06-07T10:10:00,2026-06-07T12:50:00,160,57,Planned maintenance overrun,Field Operations,1,Assign service assurance follow-up
INC-2026-00817,2026-06-07,2026-06,SITE-0018,Denpasar,Cloud Connectivity,Critical,Resolved,2026-06-07T12:01:00,2026-06-07T23:29:00,688,377,Fiber cut,Fiber Maintenance,3,Open command bridge and dispatch field team
INC-2026-01363,2026-06-07,2026-06,SITE-0094,Medan,Voice,Low,Resolved,2026-06-07T01:08:00,2026-06-07T02:09:00,61,23,Core router instability,Customer Assurance,1,Monitor and resolve in standard queue
INC-2026-01891,2026-06-07,2026-06,SITE-0159,Palembang,Mobile Broadband,Medium,Resolved,2026-06-07T08:15:00,2026-06-07T11:00:00,165,82,Power outage,Enterprise Support,1,Assign service assurance follow-up
INC-2026-00314,2026-06-08,2026-06,SITE-0031,Jakarta,Cloud Connectivity,Medium,Resolved,2026-06-08T02:39:00,2026-06-08T05:06:00,147,108,Backhaul packet loss,NOC Core,1,Assign service assurance follow-up
INC-2026-00551,2026-06-08,2026-06,SITE-0174,Medan,Mobile Broadband,Low,Closed,2026-06-08T23:27:00,2026-06-09T00:29:00,62,32,Power outage,Enterprise Support,1,Monitor and resolve in standard queue
INC-2026-00603,2026-06-08,2026-06,SITE-0029,Palembang,Voice,Medium,Resolved,2026-06-08T22:13:00,2026-06-09T00:24:00,131,86,Core router instability,Enterprise Support,1,Assign service assurance follow-up
INC-2026-00710,2026-06-08,2026-06,SITE-0091,Jakarta,Enterprise VPN,High,Resolved,2026-06-08T06:03:00,2026-06-08T10:45:00,282,314,Customer premises equipment,Enterprise Support,2,Escalate to regional operations lead
INC-2026-00719,2026-06-08,2026-06,SITE-0056,Semarang,Cloud Connectivity,Medium,Resolved,2026-06-08T21:48:00,2026-06-09T00:17:00,149,137,Configuration drift,Field Operations,1,Assign service assurance follow-up
INC-2026-01044,2026-06-08,2026-06,SITE-0214,Medan,Cloud Connectivity,Medium,Closed,2026-06-08T10:55:00,2026-06-08T13:19:00,144,79,Access node congestion,Enterprise Support,1,Assign service assurance follow-up
INC-2026-01295,2026-06-08,2026-06,SITE-0071,Jakarta,Fiber Internet,High,Resolved,2026-06-08T22:44:00,2026-06-09T04:29:00,345,482,Access node congestion,Fiber Maintenance,2,Escalate to regional operations lead
INC-2026-01817,2026-06-08,2026-06,SITE-0130,Balikpapan,Enterprise VPN,Medium,Resolved,2026-06-08T23:18:00,2026-06-09T01:53:00,155,91,Access node congestion,Enterprise Support,1,Assign service assurance follow-up
INC-2026-00602,2026-06-09,2026-06,SITE-0115,Makassar,Mobile Broadband,Critical,Closed,2026-06-09T23:31:00,2026-06-10T05:46:00,375,267,Configuration drift,Field Operations,3,Open command bridge and dispatch field team
INC-2026-00636,2026-06-09,2026-06,SITE-0156,Semarang,Cloud Connectivity,Low,Resolved,2026-06-09T01:13:00,2026-06-09T02:15:00,62,29,Planned maintenance overrun,NOC Core,1,Monitor and resolve in standard queue
INC-2026-00811,2026-06-09,2026-06,SITE-0160,Balikpapan,Fiber Internet,High,Closed,2026-06-09T17:55:00,2026-06-09T22:08:00,253,667,Customer premises equipment,Customer Assurance,2,Escalate to regional operations lead
INC-2026-01538,2026-06-09,2026-06,SITE-0026,Semarang,Enterprise VPN,High,Closed,2026-06-09T02:23:00,2026-06-09T08:50:00,387,72,Backhaul packet loss,Customer Assurance,2,Escalate to regional operations lead
INC-2026-01720,2026-06-09,2026-06,SITE-0025,Makassar,IPTV,High,Resolved,2026-06-09T18:54:00,2026-06-10T01:21:00,387,209,Core router instability,NOC Core,2,Escalate to regional operations lead
INC-2026-02167,2026-06-09,2026-06,SITE-0194,Medan,Fiber Internet,Low,Resolved,2026-06-09T21:06:00,2026-06-09T21:51:00,45,72,Power outage,Enterprise Support,1,Monitor and resolve in standard queue
INC-2026-01258,2026-06-10,2026-06,SITE-0199,Palembang,Mobile Broadband,Critical,Resolved,2026-06-10T20:48:00,2026-06-11T07:41:00,653,1133,Customer premises equipment,Customer Assurance,3,Open command bridge and dispatch field team
INC-2026-01274,2026-06-10,2026-06,SITE-0104,Medan,Cloud Connectivity,Low,Closed,2026-06-10T12:27:00,2026-06-10T13:19:00,52,54,Power outage,NOC Core,1,Monitor and resolve in standard queue
INC-2026-01432,2026-06-10,2026-06,SITE-0167,Yogyakarta,IPTV,High,Resolved,2026-06-10T13:32:00,2026-06-10T18:27:00,295,504,Power outage,NOC Core,2,Escalate to regional operations lead
INC-2026-01485,2026-06-10,2026-06,SITE-0009,Palembang,IPTV,High,Resolved,2026-06-10T21:06:00,2026-06-11T02:23:00,317,327,Backhaul packet loss,NOC Core,2,Escalate to regional operations lead
INC-2026-01623,2026-06-10,2026-06,SITE-0086,Semarang,IPTV,Critical,Escalated,2026-06-10T13:50:00,,716,511,Customer premises equipment,Field Operations,3,Open command bridge and dispatch field team
INC-2026-00029,2026-06-11,2026-06,SITE-0036,Semarang,Enterprise VPN,Medium,Closed,2026-06-11T08:51:00,2026-06-11T10:54:00,123,47,Customer premises equipment,Enterprise Support,1,Assign service assurance follow-up
INC-2026-00462,2026-06-11,2026-06,SITE-0059,Palembang,Mobile Broadband,High,Resolved,2026-06-11T03:28:00,2026-06-11T08:43:00,315,366,Core router instability,Customer Assurance,2,Escalate to regional operations lead
INC-2026-01878,2026-06-11,2026-06,SITE-0023,Surabaya,Cloud Connectivity,Low,Resolved,2026-06-11T00:05:00,2026-06-11T01:22:00,77,32,Backhaul packet loss,Fiber Maintenance,1,Monitor and resolve in standard queue
INC-2026-02111,2026-06-11,2026-06,SITE-0069,Palembang,Voice,Medium,Closed,2026-06-11T18:16:00,2026-06-11T21:06:00,170,200,Configuration drift,NOC Core,1,Assign service assurance follow-up
INC-2026-00367,2026-06-12,2026-06,SITE-0226,Semarang,Mobile Broadband,Low,Closed,2026-06-12T00:03:00,2026-06-12T00:38:00,35,23,Power outage,Fiber Maintenance,1,Monitor and resolve in standard queue
INC-2026-00839,2026-06-12,2026-06,SITE-0239,Palembang,Voice,Medium,Resolved,2026-06-12T18:11:00,2026-06-12T21:25:00,194,187,Fiber cut,NOC Core,1,Assign service assurance follow-up
INC-2026-00865,2026-06-12,2026-06,SITE-0034,Medan,Mobile Broadband,Low,Closed,2026-06-12T14:32:00,2026-06-12T14:56:00,24,34,Planned maintenance overrun,Fiber Maintenance,1,Monitor and resolve in standard queue
INC-2026-01429,2026-06-12,2026-06,SITE-0051,Jakarta,IPTV,Low,Closed,2026-06-12T22:52:00,2026-06-12T23:34:00,42,32,Configuration drift,NOC Core,1,Monitor and resolve in standard queue
INC-2026-00211,2026-06-14,2026-06,SITE-0048,Denpasar,Voice,Low,Closed,2026-06-14T01:51:00,2026-06-14T02:43:00,52,27,Backhaul packet loss,Enterprise Support,1,Monitor and resolve in standard queue
INC-2026-00884,2026-06-14,2026-06,SITE-0204,Medan,Cloud Connectivity,Low,Resolved,2026-06-14T11:37:00,2026-06-14T12:30:00,53,62,Backhaul packet loss,Fiber Maintenance,1,Monitor and resolve in standard queue
INC-2026-02013,2026-06-14,2026-06,SITE-0021,Jakarta,Enterprise VPN,Low,Resolved,2026-06-14T18:30:00,2026-06-14T19:21:00,51,36,Customer premises equipment,NOC Core,1,Monitor and resolve in standard queue
INC-2026-02062,2026-06-14,2026-06,SITE-0091,Jakarta,Enterprise VPN,Low,Escalated,2026-06-14T12:43:00,,23,13,Fiber cut,Customer Assurance,1,Monitor and resolve in standard queue
INC-2026-00799,2026-06-15,2026-06,SITE-0203,Surabaya,IPTV,Low,Resolved,2026-06-15T19:58:00,2026-06-15T21:02:00,64,48,Configuration drift,Field Operations,1,Monitor and resolve in standard queue
INC-2026-01216,2026-06-15,2026-06,SITE-0234,Medan,Mobile Broadband,High,Resolved,2026-06-15T18:19:00,2026-06-15T22:44:00,265,308,Power outage,NOC Core,2,Escalate to regional operations lead
INC-2026-01810,2026-06-15,2026-06,SITE-0132,Bandung,Fiber Internet,High,Resolved,2026-06-15T04:16:00,2026-06-15T12:22:00,486,196,Access node congestion,Fiber Maintenance,2,Escalate to regional operations lead
INC-2026-01945,2026-06-15,2026-06,SITE-0219,Palembang,IPTV,Medium,Resolved,2026-06-15T14:35:00,2026-06-15T17:26:00,171,80,Fiber cut,Enterprise Support,1,Assign service assurance follow-up
INC-2026-02002,2026-06-15,2026-06,SITE-0133,Surabaya,Cloud Connectivity,Low,Open,2026-06-15T23:12:00,,38,36,Fiber cut,Field Operations,1,Monitor and resolve in standard queue
INC-2026-00519,2026-06-16,2026-06,SITE-0173,Surabaya,Voice,Low,Resolved,2026-06-16T08:51:00,2026-06-16T09:34:00,43,33,Planned maintenance overrun,Fiber Maintenance,1,Monitor and resolve in standard queue
INC-2026-00581,2026-06-16,2026-06,SITE-0189,Palembang,Mobile Broadband,Low,Resolved,2026-06-16T23:01:00,2026-06-17T00:00:00,59,25,Fiber cut,Field Operations,1,Monitor and resolve in standard queue
INC-2026-01119,2026-06-16,2026-06,SITE-0167,Yogyakarta,IPTV,Low,Resolved,2026-06-16T17:45:00,2026-06-16T18:06:00,21,50,Access node congestion,Enterprise Support,1,Monitor and resolve in standard queue
INC-2026-01558,2026-06-16,2026-06,SITE-0047,Yogyakarta,Mobile Broadband,High,Closed,2026-06-16T06:12:00,2026-06-16T10:10:00,238,425,Configuration drift,Fiber Maintenance,2,Escalate to regional operations lead
INC-2026-02060,2026-06-16,2026-06,SITE-0173,Surabaya,Voice,Low,Resolved,2026-06-16T15:50:00,2026-06-16T16:57:00,67,28,Backhaul packet loss,Fiber Maintenance,1,Monitor and resolve in standard queue
INC-2026-00065,2026-06-17,2026-06,SITE-0235,Makassar,Voice,Medium,Resolved,2026-06-17T16:35:00,2026-06-17T17:56:00,81,102,Fiber cut,Customer Assurance,1,Assign service assurance follow-up
INC-2026-00267,2026-06-17,2026-06,SITE-0034,Medan,Mobile Broadband,Low,Resolved,2026-06-17T10:40:00,2026-06-17T11:44:00,64,29,Configuration drift,Customer Assurance,1,Monitor and resolve in standard queue
INC-2026-00289,2026-06-17,2026-06,SITE-0033,Surabaya,Voice,Low,Open,2026-06-17T17:04:00,,81,42,Configuration drift,Fiber Maintenance,1,Monitor and resolve in standard queue
INC-2026-00516,2026-06-17,2026-06,SITE-0002,Bandung,Mobile Broadband,Low,Resolved,2026-06-17T08:12:00,2026-06-17T08:50:00,38,36,Customer premises equipment,Fiber Maintenance,1,Monitor and resolve in standard queue
INC-2026-00620,2026-06-17,2026-06,SITE-0099,Palembang,IPTV,Critical,Resolved,2026-06-17T17:55:00,2026-06-18T06:02:00,727,590,Power outage,Customer Assurance,3,Open command bridge and dispatch field team
INC-2026-01163,2026-06-17,2026-06,SITE-0193,Surabaya,IPTV,Medium,Closed,2026-06-17T00:48:00,2026-06-17T04:07:00,199,89,Customer premises equipment,NOC Core,1,Assign service assurance follow-up
INC-2026-01196,2026-06-17,2026-06,SITE-0126,Semarang,Mobile Broadband,Medium,Resolved,2026-06-17T17:10:00,2026-06-17T19:08:00,118,113,Fiber cut,Enterprise Support,1,Assign service assurance follow-up
INC-2026-01262,2026-06-17,2026-06,SITE-0150,Balikpapan,IPTV,Medium,Resolved,2026-06-17T16:48:00,2026-06-17T19:12:00,144,67,Customer premises equipment,Enterprise Support,1,Assign service assurance follow-up
INC-2026-01440,2026-06-17,2026-06,SITE-0013,Surabaya,Mobile Broadband,Low,Resolved,2026-06-17T18:53:00,2026-06-17T19:38:00,45,36,Power outage,Fiber Maintenance,1,Monitor and resolve in standard queue
INC-2026-01668,2026-06-17,2026-06,SITE-0221,Jakarta,Cloud Connectivity,Medium,Resolved,2026-06-17T21:03:00,2026-06-18T00:10:00,187,78,Configuration drift,Enterprise Support,1,Assign service assurance follow-up
INC-2026-01686,2026-06-17,2026-06,SITE-0135,Makassar,Voice,Low,Resolved,2026-06-17T09:08:00,2026-06-17T10:02:00,54,37,Fiber cut,Enterprise Support,1,Monitor and resolve in standard queue
INC-2026-01925,2026-06-17,2026-06,SITE-0111,Jakarta,Fiber Internet,High,Resolved,2026-06-17T05:08:00,2026-06-17T10:30:00,322,438,Access node congestion,Customer Assurance,2,Escalate to regional operations lead
INC-2026-00957,2026-06-18,2026-06,SITE-0112,Bandung,Voice,Low,Resolved,2026-06-18T01:14:00,2026-06-18T02:13:00,59,32,Access node congestion,Field Operations,1,Monitor and resolve in standard queue
INC-2026-01148,2026-06-18,2026-06,SITE-0222,Bandung,Mobile Broadband,Low,Resolved,2026-06-18T16:29:00,2026-06-18T17:36:00,67,61,Power outage,Customer Assurance,1,Monitor and resolve in standard queue
INC-2026-00343,2026-06-19,2026-06,SITE-0222,Bandung,Mobile Broadband,Low,Resolved,2026-06-19T13:22:00,2026-06-19T14:33:00,71,36,Configuration drift,Fiber Maintenance,1,Monitor and resolve in standard queue
INC-2026-01348,2026-06-19,2026-06,SITE-0012,Bandung,Fiber Internet,Critical,Closed,2026-06-19T16:36:00,2026-06-20T04:02:00,686,811,Access node congestion,Customer Assurance,3,Open command bridge and dispatch field team
INC-2026-01649,2026-06-19,2026-06,SITE-0186,Semarang,Fiber Internet,Low,Resolved,2026-06-19T13:51:00,2026-06-19T14:59:00,68,40,Access node congestion,Field Operations,1,Monitor and resolve in standard queue
INC-2026-00271,2026-06-20,2026-06,SITE-0225,Makassar,Mobile Broadband,Medium,Closed,2026-06-20T16:30:00,2026-06-20T19:33:00,183,148,Planned maintenance overrun,Fiber Maintenance,1,Assign service assurance follow-up
INC-2026-00505,2026-06-20,2026-06,SITE-0009,Palembang,IPTV,Low,Closed,2026-06-20T16:10:00,2026-06-20T16:55:00,45,46,Power outage,NOC Core,1,Monitor and resolve in standard queue
INC-2026-01451,2026-06-20,2026-06,SITE-0034,Medan,Mobile Broadband,Medium,Resolved,2026-06-20T00:12:00,2026-06-20T02:49:00,157,72,Power outage,Field Operations,1,Assign service assurance follow-up
INC-2026-01709,2026-06-20,2026-06,SITE-0233,Surabaya,Voice,Low,Closed,2026-06-20T14:38:00,2026-06-20T15:27:00,49,35,Configuration drift,Fiber Maintenance,1,Monitor and resolve in standard queue
INC-2026-01734,2026-06-20,2026-06,SITE-0122,Bandung,Enterprise VPN,Low,Resolved,2026-06-20T06:04:00,2026-06-20T06:45:00,41,12,Planned maintenance overrun,Enterprise Support,1,Monitor and resolve in standard queue
INC-2026-00373,2026-06-21,2026-06,SITE-0228,Denpasar,Cloud Connectivity,Low,Resolved,2026-06-21T11:10:00,2026-06-21T12:12:00,62,22,Backhaul packet loss,Field Operations,1,Monitor and resolve in standard queue
INC-2026-00453,2026-06-21,2026-06,SITE-0228,Denpasar,Cloud Connectivity,High,Resolved,2026-06-21T04:47:00,2026-06-21T09:37:00,290,253,Power outage,Fiber Maintenance,2,Escalate to regional operations lead
INC-2026-00609,2026-06-21,2026-06,SITE-0014,Medan,Voice,Low,Resolved,2026-06-21T11:51:00,2026-06-21T12:42:00,51,33,Fiber cut,Customer Assurance,1,Monitor and resolve in standard queue
INC-2026-00954,2026-06-21,2026-06,SITE-0169,Palembang,IPTV,High,Closed,2026-06-21T11:00:00,2026-06-21T15:28:00,268,322,Core router instability,Customer Assurance,2,Escalate to regional operations lead
INC-2026-01213,2026-06-21,2026-06,SITE-0229,Palembang,IPTV,Low,Closed,2026-06-21T06:42:00,2026-06-21T07:54:00,72,19,Configuration drift,NOC Core,1,Monitor and resolve in standard queue
INC-2026-01895,2026-06-21,2026-06,SITE-0011,Jakarta,Cloud Connectivity,Low,Resolved,2026-06-21T07:48:00,2026-06-21T08:48:00,60,27,Access node congestion,Customer Assurance,1,Monitor and resolve in standard queue
INC-2026-00488,2026-06-22,2026-06,SITE-0174,Medan,Mobile Broadband,High,Closed,2026-06-22T17:19:00,2026-06-22T21:26:00,247,263,Customer premises equipment,Fiber Maintenance,2,Escalate to regional operations lead
INC-2026-00784,2026-06-22,2026-06,SITE-0222,Bandung,Mobile Broadband,Medium,Resolved,2026-06-22T19:54:00,2026-06-22T22:48:00,174,166,Backhaul packet loss,Enterprise Support,1,Assign service assurance follow-up
INC-2026-01068,2026-06-22,2026-06,SITE-0156,Semarang,Cloud Connectivity,Low,Resolved,2026-06-22T18:29:00,2026-06-22T18:53:00,24,17,Planned maintenance overrun,NOC Core,1,Monitor and resolve in standard queue
INC-2026-01330,2026-06-22,2026-06,SITE-0178,Denpasar,IPTV,Critical,Resolved,2026-06-22T04:02:00,2026-06-22T13:27:00,565,654,Configuration drift,Fiber Maintenance,3,Open command bridge and dispatch field team
INC-2026-01909,2026-06-22,2026-06,SITE-0248,Denpasar,Cloud Connectivity,Low,Resolved,2026-06-22T12:33:00,2026-06-22T14:13:00,100,17,Core router instability,Enterprise Support,1,Monitor and resolve in standard queue
INC-2026-02198,2026-06-22,2026-06,SITE-0057,Yogyakarta,IPTV,Low,Resolved,2026-06-22T08:10:00,2026-06-22T08:56:00,46,57,Customer premises equipment,Field Operations,1,Monitor and resolve in standard queue
INC-2026-00016,2026-06-23,2026-06,SITE-0141,Jakarta,Fiber Internet,Medium,Resolved,2026-06-23T11:11:00,2026-06-23T12:56:00,105,118,Fiber cut,Enterprise Support,1,Assign service assurance follow-up
INC-2026-00364,2026-06-23,2026-06,SITE-0128,Denpasar,Cloud Connectivity,Low,Resolved,2026-06-23T10:39:00,2026-06-23T11:30:00,51,34,Backhaul packet loss,Enterprise Support,1,Monitor and resolve in standard queue
INC-2026-00456,2026-06-23,2026-06,SITE-0059,Palembang,Mobile Broadband,Low,Resolved,2026-06-23T23:58:00,2026-06-24T00:46:00,48,31,Customer premises equipment,Fiber Maintenance,1,Monitor and resolve in standard queue
INC-2026-00458,2026-06-23,2026-06,SITE-0045,Makassar,Fiber Internet,Medium,Resolved,2026-06-23T00:24:00,2026-06-23T03:08:00,164,129,Fiber cut,Field Operations,1,Assign service assurance follow-up
INC-2026-00492,2026-06-23,2026-06,SITE-0162,Bandung,IPTV,Low,Resolved,2026-06-23T17:40:00,2026-06-23T18:26:00,46,25,Customer premises equipment,Enterprise Support,1,Monitor and resolve in standard queue
INC-2026-00853,2026-06-23,2026-06,SITE-0149,Palembang,Fiber Internet,Medium,Closed,2026-06-23T01:35:00,2026-06-23T04:07:00,152,175,Customer premises equipment,NOC Core,1,Assign service assurance follow-up
INC-2026-01051,2026-06-23,2026-06,SITE-0055,Makassar,Mobile Broadband,Medium,Closed,2026-06-23T08:52:00,2026-06-23T10:39:00,107,158,Planned maintenance overrun,Field Operations,1,Assign service assurance follow-up
INC-2026-01225,2026-06-23,2026-06,SITE-0178,Denpasar,IPTV,High,Resolved,2026-06-23T12:07:00,2026-06-23T15:13:00,186,434,Backhaul packet loss,NOC Core,2,Escalate to regional operations lead
INC-2026-01460,2026-06-23,2026-06,SITE-0046,Semarang,Cloud Connectivity,Low,Resolved,2026-06-23T05:51:00,2026-06-23T07:07:00,76,20,Configuration drift,Customer Assurance,1,Monitor and resolve in standard queue
INC-2026-01763,2026-06-23,2026-06,SITE-0156,Semarang,Cloud Connectivity,Low,Resolved,2026-06-23T07:35:00,2026-06-23T08:21:00,46,25,Fiber cut,Field Operations,1,Monitor and resolve in standard queue
INC-2026-01921,2026-06-23,2026-06,SITE-0094,Medan,Voice,Low,Closed,2026-06-23T06:28:00,2026-06-23T07:12:00,44,21,Customer premises equipment,NOC Core,1,Monitor and resolve in standard queue
INC-2026-00190,2026-06-24,2026-06,SITE-0065,Makassar,Fiber Internet,Critical,Investigating,2026-06-24T11:57:00,,895,723,Core router instability,Fiber Maintenance,3,Open command bridge and dispatch field team
INC-2026-00826,2026-06-24,2026-06,SITE-0195,Makassar,Fiber Internet,High,Resolved,2026-06-24T18:19:00,2026-06-25T01:48:00,449,173,Backhaul packet loss,Enterprise Support,2,Escalate to regional operations lead
INC-2026-01080,2026-06-24,2026-06,SITE-0198,Denpasar,Fiber Internet,Low,Resolved,2026-06-24T03:18:00,2026-06-24T04:42:00,84,48,Configuration drift,Customer Assurance,1,Monitor and resolve in standard queue
INC-2026-01090,2026-06-24,2026-06,SITE-0039,Palembang,IPTV,Low,Open,2026-06-24T08:15:00,,64,20,Access node congestion,Fiber Maintenance,1,Monitor and resolve in standard queue
INC-2026-01459,2026-06-24,2026-06,SITE-0216,Semarang,Enterprise VPN,Medium,Resolved,2026-06-24T17:19:00,2026-06-24T19:06:00,107,6,Backhaul packet loss,Fiber Maintenance,1,Assign service assurance follow-up
INC-2026-00365,2026-06-25,2026-06,SITE-0050,Balikpapan,Cloud Connectivity,High,Resolved,2026-06-25T04:29:00,2026-06-25T07:23:00,174,426,Backhaul packet loss,NOC Core,2,Escalate to regional operations lead
INC-2026-00617,2026-06-25,2026-06,SITE-0211,Jakarta,Mobile Broadband,Critical,Resolved,2026-06-25T15:48:00,2026-06-26T03:24:00,696,924,Access node congestion,NOC Core,3,Open command bridge and dispatch field team
INC-2026-00838,2026-06-25,2026-06,SITE-0069,Palembang,Voice,High,Resolved,2026-06-25T09:25:00,2026-06-25T14:39:00,314,320,Configuration drift,Field Operations,2,Escalate to regional operations lead
INC-2026-00871,2026-06-25,2026-06,SITE-0202,Bandung,Voice,Medium,Closed,2026-06-25T07:54:00,2026-06-25T09:58:00,124,6,Backhaul packet loss,Customer Assurance,1,Assign service assurance follow-up
INC-2026-01941,2026-06-25,2026-06,SITE-0055,Makassar,Mobile Broadband,High,Closed,2026-06-25T08:56:00,2026-06-25T14:21:00,325,423,Power outage,Field Operations,2,Escalate to regional operations lead
INC-2026-02148,2026-06-25,2026-06,SITE-0027,Yogyakarta,IPTV,Critical,Resolved,2026-06-25T23:04:00,2026-06-26T06:32:00,448,912,Core router instability,Fiber Maintenance,3,Open command bridge and dispatch field team
INC-2026-02184,2026-06-25,2026-06,SITE-0225,Makassar,Mobile Broadband,Medium,Resolved,2026-06-25T22:07:00,2026-06-26T00:09:00,122,138,Planned maintenance overrun,NOC Core,1,Assign service assurance follow-up
INC-2026-00075,2026-06-26,2026-06,SITE-0194,Medan,Fiber Internet,Low,Resolved,2026-06-26T23:48:00,2026-06-27T00:45:00,57,51,Customer premises equipment,NOC Core,1,Monitor and resolve in standard queue
INC-2026-00378,2026-06-26,2026-06,SITE-0002,Bandung,Mobile Broadband,Medium,Resolved,2026-06-26T02:23:00,2026-06-26T05:04:00,161,133,Fiber cut,Customer Assurance,1,Assign service assurance follow-up
INC-2026-00404,2026-06-26,2026-06,SITE-0164,Medan,Voice,Low,Resolved,2026-06-26T10:24:00,2026-06-26T10:59:00,35,24,Customer premises equipment,Fiber Maintenance,1,Monitor and resolve in standard queue
INC-2026-00446,2026-06-26,2026-06,SITE-0129,Palembang,Fiber Internet,High,Closed,2026-06-26T20:46:00,2026-06-27T04:41:00,475,272,Planned maintenance overrun,Customer Assurance,2,Escalate to regional operations lead
INC-2026-00489,2026-06-26,2026-06,SITE-0108,Denpasar,Fiber Internet,High,Closed,2026-06-26T08:57:00,2026-06-26T16:40:00,463,619,Backhaul packet loss,Enterprise Support,2,Escalate to regional operations lead
INC-2026-00907,2026-06-26,2026-06,SITE-0244,Medan,Enterprise VPN,Low,Resolved,2026-06-26T22:41:00,2026-06-26T23:36:00,55,21,Configuration drift,Fiber Maintenance,1,Monitor and resolve in standard queue
INC-2026-00995,2026-06-26,2026-06,SITE-0133,Surabaya,Cloud Connectivity,High,Closed,2026-06-26T19:17:00,2026-06-27T03:42:00,505,302,Backhaul packet loss,Customer Assurance,2,Escalate to regional operations lead
INC-2026-01349,2026-06-26,2026-06,SITE-0221,Jakarta,Cloud Connectivity,Critical,Resolved,2026-06-26T23:46:00,2026-06-27T12:19:00,753,416,Customer premises equipment,Fiber Maintenance,3,Open command bridge and dispatch field team
INC-2026-01618,2026-06-26,2026-06,SITE-0185,Makassar,Mobile Broadband,Low,Resolved,2026-06-26T23:18:00,2026-06-27T00:14:00,56,23,Access node congestion,Fiber Maintenance,1,Monitor and resolve in standard queue
INC-2026-01731,2026-06-26,2026-06,SITE-0056,Semarang,Cloud Connectivity,Medium,Closed,2026-06-26T00:03:00,2026-06-26T02:19:00,136,86,Fiber cut,Customer Assurance,1,Assign service assurance follow-up
INC-2026-00741,2026-06-27,2026-06,SITE-0234,Medan,Mobile Broadband,Medium,Resolved,2026-06-27T10:04:00,2026-06-27T13:12:00,188,209,Configuration drift,Customer Assurance,1,Assign service assurance follow-up
INC-2026-00781,2026-06-27,2026-06,SITE-0050,Balikpapan,Cloud Connectivity,Low,Resolved,2026-06-27T21:36:00,2026-06-27T22:29:00,53,56,Core router instability,NOC Core,1,Monitor and resolve in standard queue
INC-2026-00894,2026-06-27,2026-06,SITE-0099,Palembang,IPTV,High,Resolved,2026-06-27T17:58:00,2026-06-27T23:19:00,321,520,Backhaul packet loss,Field Operations,2,Escalate to regional operations lead
INC-2026-00936,2026-06-27,2026-06,SITE-0041,Jakarta,Cloud Connectivity,High,Resolved,2026-06-27T18:14:00,2026-06-28T01:30:00,436,502,Configuration drift,Field Operations,2,Escalate to regional operations lead
INC-2026-02017,2026-06-27,2026-06,SITE-0203,Surabaya,IPTV,Low,Resolved,2026-06-27T18:07:00,2026-06-27T18:58:00,51,51,Access node congestion,Fiber Maintenance,1,Monitor and resolve in standard queue
INC-2026-02114,2026-06-27,2026-06,SITE-0024,Medan,Voice,Medium,Resolved,2026-06-27T03:48:00,2026-06-27T06:06:00,138,168,Power outage,NOC Core,1,Assign service assurance follow-up
INC-2026-00122,2026-06-28,2026-06,SITE-0205,Makassar,Cloud Connectivity,Medium,Resolved,2026-06-28T02:20:00,2026-06-28T04:49:00,149,71,Backhaul packet loss,Enterprise Support,1,Assign service assurance follow-up
INC-2026-00325,2026-06-28,2026-06,SITE-0159,Palembang,Mobile Broadband,Low,Resolved,2026-06-28T16:14:00,2026-06-28T17:20:00,66,42,Access node congestion,Customer Assurance,1,Monitor and resolve in standard queue
INC-2026-01411,2026-06-28,2026-06,SITE-0238,Denpasar,Mobile Broadband,Low,Resolved,2026-06-28T07:49:00,2026-06-28T08:23:00,34,37,Fiber cut,Field Operations,1,Monitor and resolve in standard queue
INC-2026-01470,2026-06-28,2026-06,SITE-0017,Yogyakarta,IPTV,Medium,Resolved,2026-06-28T03:44:00,2026-06-28T04:45:00,61,114,Configuration drift,Fiber Maintenance,1,Assign service assurance follow-up
INC-2026-01867,2026-06-28,2026-06,SITE-0050,Balikpapan,Cloud Connectivity,Critical,Resolved,2026-06-28T12:41:00,2026-06-29T02:38:00,837,691,Customer premises equipment,Customer Assurance,3,Open command bridge and dispatch field team
INC-2026-01995,2026-06-28,2026-06,SITE-0172,Bandung,Enterprise VPN,Low,Resolved,2026-06-28T04:10:00,2026-06-28T05:03:00,53,17,Customer premises equipment,Enterprise Support,1,Monitor and resolve in standard queue
INC-2026-02087,2026-06-28,2026-06,SITE-0107,Yogyakarta,Enterprise VPN,Low,Closed,2026-06-28T14:20:00,2026-06-28T15:06:00,46,3,Customer premises equipment,Customer Assurance,1,Monitor and resolve in standard queue
INC-2026-00011,2026-06-29,2026-06,SITE-0204,Medan,Cloud Connectivity,Medium,Resolved,2026-06-29T12:42:00,2026-06-29T13:51:00,69,201,Backhaul packet loss,Customer Assurance,1,Assign service assurance follow-up
INC-2026-00240,2026-06-29,2026-06,SITE-0131,Jakarta,Cloud Connectivity,Medium,Resolved,2026-06-29T11:15:00,2026-06-29T13:06:00,111,86,Fiber cut,Field Operations,1,Assign service assurance follow-up
INC-2026-01495,2026-06-29,2026-06,SITE-0010,Balikpapan,Cloud Connectivity,Medium,Resolved,2026-06-29T06:15:00,2026-06-29T08:35:00,140,186,Core router instability,Field Operations,1,Assign service assurance follow-up
INC-2026-01790,2026-06-29,2026-06,SITE-0169,Palembang,IPTV,Low,Resolved,2026-06-29T12:42:00,2026-06-29T13:31:00,49,28,Power outage,Field Operations,1,Monitor and resolve in standard queue
INC-2026-02001,2026-06-29,2026-06,SITE-0165,Makassar,IPTV,Medium,Escalated,2026-06-29T07:18:00,,138,37,Power outage,Enterprise Support,1,Assign service assurance follow-up
INC-2026-02147,2026-06-29,2026-06,SITE-0214,Medan,Cloud Connectivity,Medium,Resolved,2026-06-29T10:51:00,2026-06-29T13:01:00,130,94,Power outage,Enterprise Support,1,Assign service assurance follow-up
INC-2026-00452,2026-06-30,2026-06,SITE-0013,Surabaya,Mobile Broadband,Medium,Resolved,2026-06-30T12:33:00,2026-06-30T14:09:00,96,63,Access node congestion,Fiber Maintenance,1,Assign service assurance follow-up
INC-2026-00981,2026-06-30,2026-06,SITE-0135,Makassar,Voice,Low,Resolved,2026-06-30T17:42:00,2026-06-30T18:40:00,58,36,Planned maintenance overrun,NOC Core,1,Monitor and resolve in standard queue
INC-2026-01413,2026-06-30,2026-06,SITE-0244,Medan,Enterprise VPN,Low,Resolved,2026-06-30T05:55:00,2026-06-30T06:56:00,61,27,Core router instability,Field Operations,1,Monitor and resolve in standard queue
INC-2026-01967,2026-06-30,2026-06,SITE-0096,Semarang,Mobile Broadband,Low,Resolved,2026-06-30T17:40:00,2026-06-30T18:34:00,54,39,Backhaul packet loss,Fiber Maintenance,1,Monitor and resolve in standard queue
INC-2026-00030,2026-07-01,2026-07,SITE-0013,Surabaya,Mobile Broadband,Medium,Resolved,2026-07-01T21:22:00,2026-07-01T23:56:00,154,97,Fiber cut,Enterprise Support,1,Assign service assurance follow-up
INC-2026-00397,2026-07-01,2026-07,SITE-0033,Surabaya,Voice,Medium,Resolved,2026-07-01T04:12:00,2026-07-01T06:38:00,146,164,Power outage,Enterprise Support,1,Assign service assurance follow-up
INC-2026-00947,2026-07-01,2026-07,SITE-0124,Medan,Mobile Broadband,Low,Resolved,2026-07-01T13:15:00,2026-07-01T14:09:00,54,26,Customer premises equipment,Fiber Maintenance,1,Monitor and resolve in standard queue
INC-2026-01209,2026-07-01,2026-07,SITE-0090,Balikpapan,IPTV,Low,Resolved,2026-07-01T15:01:00,2026-07-01T16:03:00,62,32,Fiber cut,Customer Assurance,1,Monitor and resolve in standard queue
INC-2026-01833,2026-07-01,2026-07,SITE-0003,Surabaya,Fiber Internet,Low,Closed,2026-07-01T13:52:00,2026-07-01T14:18:00,26,59,Customer premises equipment,Enterprise Support,1,Monitor and resolve in standard queue
INC-2026-01875,2026-07-01,2026-07,SITE-0165,Makassar,IPTV,Critical,Resolved,2026-07-01T13:10:00,2026-07-02T00:59:00,709,460,Power outage,NOC Core,3,Open command bridge and dispatch field team
INC-2026-00425,2026-07-02,2026-07,SITE-0107,Yogyakarta,Enterprise VPN,Low,Resolved,2026-07-02T12:48:00,2026-07-02T13:58:00,70,2,Planned maintenance overrun,NOC Core,1,Monitor and resolve in standard queue
INC-2026-00475,2026-07-02,2026-07,SITE-0059,Palembang,Mobile Broadband,Low,Resolved,2026-07-02T06:20:00,2026-07-02T07:10:00,50,43,Access node congestion,Customer Assurance,1,Monitor and resolve in standard queue
INC-2026-00863,2026-07-02,2026-07,SITE-0049,Palembang,IPTV,Medium,Closed,2026-07-02T23:49:00,2026-07-03T01:07:00,78,150,Customer premises equipment,Field Operations,1,Assign service assurance follow-up
INC-2026-00918,2026-07-02,2026-07,SITE-0133,Surabaya,Cloud Connectivity,Medium,Closed,2026-07-02T05:59:00,2026-07-02T07:45:00,106,94,Backhaul packet loss,NOC Core,1,Assign service assurance follow-up
INC-2026-01560,2026-07-02,2026-07,SITE-0064,Medan,Voice,High,Resolved,2026-07-02T08:16:00,2026-07-02T16:47:00,511,497,Core router instability,Enterprise Support,2,Escalate to regional operations lead
INC-2026-02015,2026-07-02,2026-07,SITE-0074,Medan,Cloud Connectivity,High,Resolved,2026-07-02T08:54:00,2026-07-02T13:48:00,294,449,Backhaul packet loss,NOC Core,2,Escalate to regional operations lead
INC-2026-00145,2026-07-03,2026-07,SITE-0061,Jakarta,Cloud Connectivity,Medium,Closed,2026-07-03T15:28:00,2026-07-03T17:24:00,116,85,Access node congestion,Fiber Maintenance,1,Assign service assurance follow-up
INC-2026-00162,2026-07-03,2026-07,SITE-0221,Jakarta,Cloud Connectivity,High,Resolved,2026-07-03T05:45:00,2026-07-03T11:49:00,364,401,Planned maintenance overrun,Customer Assurance,2,Escalate to regional operations lead
INC-2026-00236,2026-07-03,2026-07,SITE-0233,Surabaya,Voice,Low,Investigating,2026-07-03T04:43:00,,77,57,Planned maintenance overrun,Field Operations,1,Monitor and resolve in standard queue
INC-2026-00862,2026-07-03,2026-07,SITE-0186,Semarang,Fiber Internet,Low,Closed,2026-07-03T02:02:00,2026-07-03T02:39:00,37,42,Fiber cut,NOC Core,1,Monitor and resolve in standard queue
INC-2026-00904,2026-07-03,2026-07,SITE-0036,Semarang,Enterprise VPN,Low,Closed,2026-07-03T15:08:00,2026-07-03T16:02:00,54,27,Customer premises equipment,NOC Core,1,Monitor and resolve in standard queue
INC-2026-01287,2026-07-03,2026-07,SITE-0143,Surabaya,Mobile Broadband,Low,Resolved,2026-07-03T18:03:00,2026-07-03T19:13:00,70,56,Core router instability,Field Operations,1,Monitor and resolve in standard queue
INC-2026-01394,2026-07-03,2026-07,SITE-0101,Jakarta,Enterprise VPN,Low,Resolved,2026-07-03T18:41:00,2026-07-03T19:42:00,61,7,Configuration drift,Fiber Maintenance,1,Monitor and resolve in standard queue
INC-2026-01543,2026-07-03,2026-07,SITE-0244,Medan,Enterprise VPN,Medium,Resolved,2026-07-03T10:24:00,2026-07-03T13:09:00,165,72,Core router instability,NOC Core,1,Assign service assurance follow-up
INC-2026-01799,2026-07-03,2026-07,SITE-0188,Denpasar,Cloud Connectivity,Low,Closed,2026-07-03T04:43:00,2026-07-03T05:17:00,34,57,Backhaul packet loss,Enterprise Support,1,Monitor and resolve in standard queue
INC-2026-00183,2026-07-04,2026-07,SITE-0027,Yogyakarta,IPTV,Critical,Closed,2026-07-04T01:22:00,2026-07-04T07:24:00,362,1056,Configuration drift,NOC Core,3,Open command bridge and dispatch field team
INC-2026-01089,2026-07-04,2026-07,SITE-0116,Semarang,Voice,Low,Closed,2026-07-04T11:29:00,2026-07-04T12:29:00,60,39,Configuration drift,Fiber Maintenance,1,Monitor and resolve in standard queue
INC-2026-01950,2026-07-04,2026-07,SITE-0028,Denpasar,Voice,Low,Closed,2026-07-04T19:05:00,2026-07-04T19:52:00,47,36,Backhaul packet loss,Fiber Maintenance,1,Monitor and resolve in standard queue
INC-2026-02086,2026-07-04,2026-07,SITE-0187,Yogyakarta,Voice,Low,Resolved,2026-07-04T15:43:00,2026-07-04T16:18:00,35,30,Power outage,NOC Core,1,Monitor and resolve in standard queue
INC-2026-00175,2026-07-05,2026-07,SITE-0178,Denpasar,IPTV,Medium,Resolved,2026-07-05T12:06:00,2026-07-05T14:05:00,119,154,Fiber cut,Field Operations,1,Assign service assurance follow-up
INC-2026-00348,2026-07-05,2026-07,SITE-0086,Semarang,IPTV,High,Resolved,2026-07-05T18:21:00,2026-07-05T23:49:00,328,437,Backhaul packet loss,Customer Assurance,2,Escalate to regional operations lead
INC-2026-00383,2026-07-05,2026-07,SITE-0143,Surabaya,Mobile Broadband,Low,Resolved,2026-07-05T09:20:00,2026-07-05T10:14:00,54,42,Customer premises equipment,Enterprise Support,1,Monitor and resolve in standard queue
INC-2026-01193,2026-07-05,2026-07,SITE-0144,Medan,Enterprise VPN,Medium,Closed,2026-07-05T10:48:00,2026-07-05T13:43:00,175,17,Planned maintenance overrun,Field Operations,1,Assign service assurance follow-up
INC-2026-01488,2026-07-05,2026-07,SITE-0027,Yogyakarta,IPTV,Medium,Resolved,2026-07-05T21:30:00,2026-07-05T23:57:00,147,82,Planned maintenance overrun,Enterprise Support,1,Assign service assurance follow-up
INC-2026-00303,2026-07-06,2026-07,SITE-0170,Balikpapan,Voice,Low,Resolved,2026-07-06T08:09:00,2026-07-06T09:11:00,62,44,Access node congestion,Field Operations,1,Monitor and resolve in standard queue
INC-2026-00569,2026-07-06,2026-07,SITE-0068,Denpasar,Fiber Internet,Medium,Resolved,2026-07-06T22:12:00,2026-07-06T23:53:00,101,173,Power outage,Enterprise Support,1,Assign service assurance follow-up
INC-2026-01238,2026-07-06,2026-07,SITE-0236,Semarang,Cloud Connectivity,Medium,Closed,2026-07-06T01:17:00,2026-07-06T03:11:00,114,152,Fiber cut,Customer Assurance,1,Assign service assurance follow-up
INC-2026-00084,2026-07-07,2026-07,SITE-0051,Jakarta,IPTV,Low,Resolved,2026-07-07T00:48:00,2026-07-07T01:58:00,70,23,Customer premises equipment,Fiber Maintenance,1,Monitor and resolve in standard queue
INC-2026-00845,2026-07-07,2026-07,SITE-0064,Medan,Voice,Medium,Closed,2026-07-07T01:37:00,2026-07-07T04:09:00,152,158,Power outage,Customer Assurance,1,Assign service assurance follow-up
INC-2026-00985,2026-07-07,2026-07,SITE-0197,Yogyakarta,Enterprise VPN,Medium,Closed,2026-07-07T05:08:00,2026-07-07T07:40:00,152,64,Customer premises equipment,NOC Core,1,Assign service assurance follow-up
INC-2026-01280,2026-07-07,2026-07,SITE-0163,Surabaya,Cloud Connectivity,Medium,Resolved,2026-07-07T05:01:00,2026-07-07T07:31:00,150,107,Core router instability,Customer Assurance,1,Assign service assurance follow-up
INC-2026-00124,2026-07-08,2026-07,SITE-0154,Medan,IPTV,High,Closed,2026-07-08T11:24:00,2026-07-08T20:34:00,550,524,Power outage,Customer Assurance,2,Escalate to regional operations lead
INC-2026-00945,2026-07-08,2026-07,SITE-0107,Yogyakarta,Enterprise VPN,Low,Closed,2026-07-08T17:54:00,2026-07-08T18:59:00,65,2,Core router instability,Enterprise Support,1,Monitor and resolve in standard queue
INC-2026-00986,2026-07-08,2026-07,SITE-0138,Denpasar,Enterprise VPN,Low,Resolved,2026-07-08T14:25:00,2026-07-08T15:20:00,55,8,Core router instability,Customer Assurance,1,Monitor and resolve in standard queue
INC-2026-01215,2026-07-08,2026-07,SITE-0012,Bandung,Fiber Internet,Medium,Resolved,2026-07-08T11:07:00,2026-07-08T13:35:00,148,124,Customer premises equipment,Field Operations,1,Assign service assurance follow-up
INC-2026-01430,2026-07-08,2026-07,SITE-0042,Bandung,Voice,High,Investigating,2026-07-08T21:47:00,,256,254,Configuration drift,Fiber Maintenance,2,Escalate to regional operations lead
INC-2026-01706,2026-07-08,2026-07,SITE-0249,Palembang,Enterprise VPN,Medium,Closed,2026-07-08T08:26:00,2026-07-08T10:48:00,142,49,Fiber cut,Enterprise Support,1,Assign service assurance follow-up
INC-2026-01885,2026-07-08,2026-07,SITE-0104,Medan,Cloud Connectivity,High,Resolved,2026-07-08T03:14:00,2026-07-08T10:21:00,427,498,Fiber cut,NOC Core,2,Escalate to regional operations lead
INC-2026-00727,2026-07-09,2026-07,SITE-0186,Semarang,Fiber Internet,Medium,Closed,2026-07-09T09:08:00,2026-07-09T10:59:00,111,149,Fiber cut,Fiber Maintenance,1,Assign service assurance follow-up
INC-2026-01218,2026-07-09,2026-07,SITE-0024,Medan,Voice,High,Closed,2026-07-09T11:30:00,2026-07-09T18:45:00,435,470,Backhaul packet loss,Enterprise Support,2,Escalate to regional operations lead
INC-2026-01397,2026-07-09,2026-07,SITE-0076,Semarang,Voice,Low,Resolved,2026-07-09T21:21:00,2026-07-09T21:33:00,12,30,Planned maintenance overrun,Enterprise Support,1,Monitor and resolve in standard queue
INC-2026-01694,2026-07-09,2026-07,SITE-0153,Surabaya,Enterprise VPN,High,Escalated,2026-07-09T06:16:00,,373,98,Planned maintenance overrun,Customer Assurance,2,Escalate to regional operations lead
INC-2026-01730,2026-07-09,2026-07,SITE-0051,Jakarta,IPTV,High,Resolved,2026-07-09T14:48:00,2026-07-09T18:58:00,250,230,Fiber cut,Customer Assurance,2,Escalate to regional operations lead
INC-2026-01788,2026-07-09,2026-07,SITE-0249,Palembang,Enterprise VPN,Medium,Resolved,2026-07-09T15:36:00,2026-07-09T17:10:00,94,85,Power outage,NOC Core,1,Assign service assurance follow-up
INC-2026-01197,2026-07-10,2026-07,SITE-0135,Makassar,Voice,High,Resolved,2026-07-10T18:19:00,2026-07-11T00:35:00,376,275,Core router instability,NOC Core,2,Escalate to regional operations lead
INC-2026-01609,2026-07-10,2026-07,SITE-0168,Denpasar,Cloud Connectivity,Critical,Escalated,2026-07-10T01:01:00,,647,409,Configuration drift,Enterprise Support,3,Open command bridge and dispatch field team
INC-2026-01712,2026-07-10,2026-07,SITE-0242,Bandung,Enterprise VPN,Low,Resolved,2026-07-10T06:24:00,2026-07-10T07:18:00,54,12,Access node congestion,Enterprise Support,1,Monitor and resolve in standard queue
INC-2026-01846,2026-07-10,2026-07,SITE-0158,Denpasar,Voice,Critical,Resolved,2026-07-10T09:18:00,2026-07-10T21:50:00,752,1013,Backhaul packet loss,Enterprise Support,3,Open command bridge and dispatch field team
INC-2026-02003,2026-07-10,2026-07,SITE-0148,Denpasar,Mobile Broadband,Low,Closed,2026-07-10T00:54:00,2026-07-10T02:12:00,78,49,Fiber cut,Fiber Maintenance,1,Monitor and resolve in standard queue
INC-2026-00689,2026-07-11,2026-07,SITE-0160,Balikpapan,Fiber Internet,High,Closed,2026-07-11T08:00:00,2026-07-11T10:48:00,168,535,Planned maintenance overrun,Field Operations,2,Escalate to regional operations lead
INC-2026-01271,2026-07-11,2026-07,SITE-0160,Balikpapan,Fiber Internet,Low,Closed,2026-07-11T22:49:00,2026-07-12T00:10:00,81,67,Fiber cut,Fiber Maintenance,1,Monitor and resolve in standard queue
INC-2026-01628,2026-07-11,2026-07,SITE-0067,Yogyakarta,Voice,High,Resolved,2026-07-11T11:29:00,2026-07-11T16:22:00,293,272,Customer premises equipment,Fiber Maintenance,2,Escalate to regional operations lead
INC-2026-00978,2026-07-12,2026-07,SITE-0033,Surabaya,Voice,Low,Closed,2026-07-12T08:12:00,2026-07-12T09:07:00,55,25,Core router instability,Fiber Maintenance,1,Monitor and resolve in standard queue
INC-2026-01700,2026-07-12,2026-07,SITE-0051,Jakarta,IPTV,Medium,Closed,2026-07-12T03:14:00,2026-07-12T05:09:00,115,92,Customer premises equipment,Fiber Maintenance,1,Assign service assurance follow-up
INC-2026-01742,2026-07-12,2026-07,SITE-0049,Palembang,IPTV,Low,Resolved,2026-07-12T13:33:00,2026-07-12T14:28:00,55,40,Configuration drift,NOC Core,1,Monitor and resolve in standard queue
INC-2026-00317,2026-07-13,2026-07,SITE-0060,Balikpapan,Fiber Internet,Low,Resolved,2026-07-13T13:13:00,2026-07-13T14:28:00,75,14,Configuration drift,Enterprise Support,1,Monitor and resolve in standard queue
INC-2026-00785,2026-07-13,2026-07,SITE-0165,Makassar,IPTV,Medium,Resolved,2026-07-13T07:47:00,2026-07-13T10:59:00,192,90,Customer premises equipment,Enterprise Support,1,Assign service assurance follow-up
INC-2026-00912,2026-07-13,2026-07,SITE-0048,Denpasar,Voice,Medium,Resolved,2026-07-13T05:01:00,2026-07-13T07:04:00,123,79,Backhaul packet loss,NOC Core,1,Assign service assurance follow-up
INC-2026-01641,2026-07-13,2026-07,SITE-0023,Surabaya,Cloud Connectivity,High,Resolved,2026-07-13T21:26:00,2026-07-14T02:17:00,291,265,Power outage,Customer Assurance,2,Escalate to regional operations lead
INC-2026-00591,2026-07-14,2026-07,SITE-0012,Bandung,Fiber Internet,Medium,Closed,2026-07-14T22:36:00,2026-07-15T01:11:00,155,99,Core router instability,Field Operations,1,Assign service assurance follow-up
INC-2026-00910,2026-07-14,2026-07,SITE-0174,Medan,Mobile Broadband,High,Resolved,2026-07-14T04:26:00,2026-07-14T13:30:00,544,324,Backhaul packet loss,Field Operations,2,Escalate to regional operations lead
INC-2026-01244,2026-07-14,2026-07,SITE-0192,Bandung,Mobile Broadband,Low,Resolved,2026-07-14T07:45:00,2026-07-14T08:48:00,63,32,Planned maintenance overrun,Enterprise Support,1,Monitor and resolve in standard queue
INC-2026-01385,2026-07-14,2026-07,SITE-0081,Jakarta,Voice,High,Resolved,2026-07-14T06:48:00,2026-07-14T14:28:00,460,578,Fiber cut,Fiber Maintenance,2,Escalate to regional operations lead
INC-2026-01407,2026-07-14,2026-07,SITE-0007,Yogyakarta,IPTV,Low,Closed,2026-07-14T05:36:00,2026-07-14T06:19:00,43,40,Core router instability,Fiber Maintenance,1,Monitor and resolve in standard queue
INC-2026-00613,2026-07-15,2026-07,SITE-0007,Yogyakarta,IPTV,Low,Resolved,2026-07-15T20:30:00,2026-07-15T21:38:00,68,42,Backhaul packet loss,Field Operations,1,Monitor and resolve in standard queue
INC-2026-01003,2026-07-15,2026-07,SITE-0242,Bandung,Enterprise VPN,High,Resolved,2026-07-15T23:21:00,2026-07-16T03:27:00,246,67,Planned maintenance overrun,Field Operations,2,Escalate to regional operations lead
INC-2026-01575,2026-07-15,2026-07,SITE-0202,Bandung,Voice,High,Closed,2026-07-15T15:42:00,2026-07-15T20:47:00,305,18,Customer premises equipment,NOC Core,2,Escalate to regional operations lead
INC-2026-02042,2026-07-15,2026-07,SITE-0063,Surabaya,Voice,Low,Resolved,2026-07-15T03:32:00,2026-07-15T04:41:00,69,23,Configuration drift,Fiber Maintenance,1,Monitor and resolve in standard queue
INC-2026-02091,2026-07-15,2026-07,SITE-0145,Makassar,Mobile Broadband,Critical,Closed,2026-07-15T07:57:00,2026-07-15T17:09:00,552,1050,Fiber cut,Enterprise Support,3,Open command bridge and dispatch field team
INC-2026-02110,2026-07-15,2026-07,SITE-0171,Jakarta,Voice,Low,Resolved,2026-07-15T02:56:00,2026-07-15T03:35:00,39,32,Core router instability,Field Operations,1,Monitor and resolve in standard queue
INC-2026-02172,2026-07-15,2026-07,SITE-0014,Medan,Voice,Critical,Closed,2026-07-15T00:28:00,2026-07-15T16:50:00,982,560,Customer premises equipment,Fiber Maintenance,3,Open command bridge and dispatch field team
INC-2026-01176,2026-07-16,2026-07,SITE-0150,Balikpapan,IPTV,High,Resolved,2026-07-16T00:53:00,2026-07-16T06:37:00,344,390,Power outage,Enterprise Support,2,Escalate to regional operations lead
INC-2026-00069,2026-07-17,2026-07,SITE-0060,Balikpapan,Fiber Internet,Medium,Resolved,2026-07-17T05:18:00,2026-07-17T07:14:00,116,51,Power outage,Fiber Maintenance,1,Assign service assurance follow-up
INC-2026-00387,2026-07-17,2026-07,SITE-0184,Medan,Enterprise VPN,High,Resolved,2026-07-17T13:27:00,2026-07-17T21:34:00,487,70,Customer premises equipment,Customer Assurance,2,Escalate to regional operations lead
INC-2026-00500,2026-07-17,2026-07,SITE-0116,Semarang,Voice,High,Resolved,2026-07-17T04:43:00,2026-07-17T09:34:00,291,248,Core router instability,Field Operations,2,Escalate to regional operations lead
INC-2026-00690,2026-07-17,2026-07,SITE-0052,Bandung,Voice,Low,Closed,2026-07-17T22:07:00,2026-07-17T23:32:00,85,20,Customer premises equipment,NOC Core,1,Monitor and resolve in standard queue
INC-2026-00795,2026-07-17,2026-07,SITE-0180,Balikpapan,Voice,High,Resolved,2026-07-17T23:16:00,2026-07-18T02:28:00,192,195,Power outage,Customer Assurance,2,Escalate to regional operations lead
INC-2026-01160,2026-07-17,2026-07,SITE-0205,Makassar,Cloud Connectivity,High,Resolved,2026-07-17T21:41:00,2026-07-18T03:11:00,330,284,Power outage,Customer Assurance,2,Escalate to regional operations lead
INC-2026-01389,2026-07-17,2026-07,SITE-0147,Yogyakarta,Fiber Internet,Medium,Resolved,2026-07-17T23:49:00,2026-07-18T01:58:00,129,244,Access node congestion,Fiber Maintenance,1,Assign service assurance follow-up
INC-2026-01479,2026-07-17,2026-07,SITE-0017,Yogyakarta,IPTV,Medium,Closed,2026-07-17T04:36:00,2026-07-17T07:04:00,148,154,Backhaul packet loss,Field Operations,1,Assign service assurance follow-up
INC-2026-01745,2026-07-17,2026-07,SITE-0123,Surabaya,Fiber Internet,Medium,Closed,2026-07-17T01:19:00,2026-07-17T03:21:00,122,121,Planned maintenance overrun,NOC Core,1,Assign service assurance follow-up
INC-2026-01836,2026-07-17,2026-07,SITE-0132,Bandung,Fiber Internet,Medium,Resolved,2026-07-17T01:24:00,2026-07-17T03:17:00,113,57,Fiber cut,Enterprise Support,1,Assign service assurance follow-up
INC-2026-01840,2026-07-17,2026-07,SITE-0188,Denpasar,Cloud Connectivity,Medium,Resolved,2026-07-17T20:44:00,2026-07-17T23:30:00,166,203,Power outage,Field Operations,1,Assign service assurance follow-up
INC-2026-01956,2026-07-17,2026-07,SITE-0112,Bandung,Voice,Medium,Closed,2026-07-17T08:03:00,2026-07-17T10:44:00,161,145,Fiber cut,Fiber Maintenance,1,Assign service assurance follow-up
INC-2026-00212,2026-07-18,2026-07,SITE-0030,Balikpapan,Enterprise VPN,Low,Resolved,2026-07-18T15:06:00,2026-07-18T16:04:00,58,3,Power outage,Enterprise Support,1,Monitor and resolve in standard queue
INC-2026-00494,2026-07-18,2026-07,SITE-0035,Makassar,Mobile Broadband,Medium,Resolved,2026-07-18T07:28:00,2026-07-18T10:40:00,192,57,Backhaul packet loss,Field Operations,1,Assign service assurance follow-up
INC-2026-01206,2026-07-18,2026-07,SITE-0009,Palembang,IPTV,Low,Closed,2026-07-18T00:00:00,2026-07-18T00:40:00,40,43,Core router instability,Fiber Maintenance,1,Monitor and resolve in standard queue
INC-2026-01246,2026-07-18,2026-07,SITE-0231,Jakarta,IPTV,Medium,Resolved,2026-07-18T19:23:00,2026-07-18T21:27:00,124,131,Configuration drift,Customer Assurance,1,Assign service assurance follow-up
INC-2026-01603,2026-07-18,2026-07,SITE-0126,Semarang,Mobile Broadband,Low,Resolved,2026-07-18T18:55:00,2026-07-18T19:41:00,46,25,Access node congestion,Customer Assurance,1,Monitor and resolve in standard queue
INC-2026-01754,2026-07-18,2026-07,SITE-0170,Balikpapan,Voice,Medium,Resolved,2026-07-18T17:07:00,2026-07-18T19:45:00,158,117,Core router instability,NOC Core,1,Assign service assurance follow-up
INC-2026-02162,2026-07-18,2026-07,SITE-0001,Jakarta,IPTV,Low,Resolved,2026-07-18T19:02:00,2026-07-18T19:50:00,48,43,Planned maintenance overrun,Fiber Maintenance,1,Monitor and resolve in standard queue
INC-2026-00414,2026-07-19,2026-07,SITE-0215,Makassar,Voice,High,Closed,2026-07-19T22:19:00,2026-07-20T03:42:00,323,350,Backhaul packet loss,Field Operations,2,Escalate to regional operations lead
INC-2026-01186,2026-07-19,2026-07,SITE-0179,Palembang,IPTV,Low,Closed,2026-07-19T01:02:00,2026-07-19T02:20:00,78,46,Configuration drift,Enterprise Support,1,Monitor and resolve in standard queue
INC-2026-01252,2026-07-19,2026-07,SITE-0049,Palembang,IPTV,Medium,Resolved,2026-07-19T00:16:00,2026-07-19T02:54:00,158,81,Power outage,Fiber Maintenance,1,Assign service assurance follow-up
INC-2026-01405,2026-07-19,2026-07,SITE-0152,Bandung,Fiber Internet,Low,Resolved,2026-07-19T08:27:00,2026-07-19T09:14:00,47,30,Configuration drift,NOC Core,1,Monitor and resolve in standard queue
INC-2026-01602,2026-07-19,2026-07,SITE-0224,Medan,Mobile Broadband,Low,Closed,2026-07-19T20:00:00,2026-07-19T21:27:00,87,58,Configuration drift,NOC Core,1,Monitor and resolve in standard queue
INC-2026-00466,2026-07-20,2026-07,SITE-0134,Medan,IPTV,Critical,Closed,2026-07-20T11:28:00,2026-07-21T02:01:00,873,811,Planned maintenance overrun,Customer Assurance,3,Open command bridge and dispatch field team
INC-2026-01178,2026-07-20,2026-07,SITE-0071,Jakarta,Fiber Internet,Low,Closed,2026-07-20T19:51:00,2026-07-20T20:40:00,49,28,Backhaul packet loss,Enterprise Support,1,Monitor and resolve in standard queue
INC-2026-01971,2026-07-20,2026-07,SITE-0048,Denpasar,Voice,Medium,Resolved,2026-07-20T21:40:00,2026-07-21T00:27:00,167,137,Access node congestion,Field Operations,1,Assign service assurance follow-up
INC-2026-02069,2026-07-20,2026-07,SITE-0120,Balikpapan,Cloud Connectivity,Low,Resolved,2026-07-20T15:37:00,2026-07-20T16:36:00,59,25,Configuration drift,Fiber Maintenance,1,Monitor and resolve in standard queue
INC-2026-00548,2026-07-21,2026-07,SITE-0125,Makassar,IPTV,Low,Resolved,2026-07-21T16:41:00,2026-07-21T17:45:00,64,46,Configuration drift,Customer Assurance,1,Monitor and resolve in standard queue
INC-2026-01032,2026-07-21,2026-07,SITE-0027,Yogyakarta,IPTV,Medium,Resolved,2026-07-21T23:56:00,2026-07-22T02:04:00,128,160,Fiber cut,NOC Core,1,Assign service assurance follow-up
INC-2026-01308,2026-07-21,2026-07,SITE-0036,Semarang,Enterprise VPN,Medium,Resolved,2026-07-21T01:36:00,2026-07-21T02:58:00,82,123,Planned maintenance overrun,Fiber Maintenance,1,Assign service assurance follow-up
INC-2026-01341,2026-07-21,2026-07,SITE-0128,Denpasar,Cloud Connectivity,Low,Closed,2026-07-21T00:51:00,2026-07-21T01:32:00,41,39,Configuration drift,Enterprise Support,1,Monitor and resolve in standard queue
INC-2026-01583,2026-07-21,2026-07,SITE-0106,Semarang,IPTV,Critical,Resolved,2026-07-21T19:37:00,2026-07-22T04:44:00,547,776,Fiber cut,Field Operations,3,Open command bridge and dispatch field team
INC-2026-01715,2026-07-21,2026-07,SITE-0005,Makassar,Fiber Internet,Medium,Resolved,2026-07-21T02:55:00,2026-07-21T03:49:00,54,61,Configuration drift,Customer Assurance,1,Assign service assurance follow-up
INC-2026-01928,2026-07-21,2026-07,SITE-0203,Surabaya,IPTV,Medium,Closed,2026-07-21T06:01:00,2026-07-21T09:09:00,188,181,Core router instability,Field Operations,1,Assign service assurance follow-up
INC-2026-00382,2026-07-22,2026-07,SITE-0005,Makassar,Fiber Internet,Low,Resolved,2026-07-22T01:42:00,2026-07-22T03:01:00,79,30,Power outage,Enterprise Support,1,Monitor and resolve in standard queue
INC-2026-00851,2026-07-22,2026-07,SITE-0208,Denpasar,Cloud Connectivity,High,Resolved,2026-07-22T09:34:00,2026-07-22T14:23:00,289,262,Backhaul packet loss,Fiber Maintenance,2,Escalate to regional operations lead
INC-2026-01121,2026-07-22,2026-07,SITE-0182,Bandung,Enterprise VPN,Medium,Resolved,2026-07-22T19:54:00,2026-07-22T22:02:00,128,46,Core router instability,Fiber Maintenance,1,Assign service assurance follow-up
INC-2026-01283,2026-07-22,2026-07,SITE-0142,Bandung,Mobile Broadband,Medium,Closed,2026-07-22T19:03:00,2026-07-22T20:51:00,108,138,Backhaul packet loss,Fiber Maintenance,1,Assign service assurance follow-up
INC-2026-01387,2026-07-22,2026-07,SITE-0017,Yogyakarta,IPTV,Medium,Closed,2026-07-22T13:59:00,2026-07-22T15:59:00,120,88,Access node congestion,Customer Assurance,1,Assign service assurance follow-up
INC-2026-01610,2026-07-22,2026-07,SITE-0093,Surabaya,IPTV,Low,Resolved,2026-07-22T16:47:00,2026-07-22T17:56:00,69,23,Customer premises equipment,Customer Assurance,1,Monitor and resolve in standard queue
INC-2026-00203,2026-07-23,2026-07,SITE-0217,Yogyakarta,Cloud Connectivity,Medium,Resolved,2026-07-23T04:05:00,2026-07-23T06:18:00,133,167,Power outage,Field Operations,1,Assign service assurance follow-up
INC-2026-00929,2026-07-23,2026-07,SITE-0164,Medan,Voice,Critical,Closed,2026-07-23T11:23:00,2026-07-24T01:45:00,862,825,Planned maintenance overrun,Customer Assurance,3,Open command bridge and dispatch field team
INC-2026-01002,2026-07-23,2026-07,SITE-0202,Bandung,Voice,Low,Resolved,2026-07-23T11:41:00,2026-07-23T12:28:00,47,2,Access node congestion,Fiber Maintenance,1,Monitor and resolve in standard queue
INC-2026-01124,2026-07-23,2026-07,SITE-0051,Jakarta,IPTV,Low,Closed,2026-07-23T23:07:00,2026-07-23T23:42:00,35,22,Core router instability,NOC Core,1,Monitor and resolve in standard queue
INC-2026-01239,2026-07-23,2026-07,SITE-0187,Yogyakarta,Voice,Low,Closed,2026-07-23T13:06:00,2026-07-23T14:03:00,57,43,Fiber cut,Enterprise Support,1,Monitor and resolve in standard queue
INC-2026-02008,2026-07-23,2026-07,SITE-0248,Denpasar,Cloud Connectivity,Low,Closed,2026-07-23T07:14:00,2026-07-23T08:16:00,62,13,Fiber cut,NOC Core,1,Monitor and resolve in standard queue
INC-2026-00081,2026-07-24,2026-07,SITE-0216,Semarang,Enterprise VPN,Low,Resolved,2026-07-24T08:04:00,2026-07-24T09:00:00,56,2,Fiber cut,Enterprise Support,1,Monitor and resolve in standard queue
INC-2026-00229,2026-07-24,2026-07,SITE-0062,Bandung,Voice,Critical,Resolved,2026-07-24T08:01:00,2026-07-24T15:17:00,436,577,Configuration drift,Field Operations,3,Open command bridge and dispatch field team
INC-2026-01288,2026-07-24,2026-07,SITE-0118,Denpasar,Enterprise VPN,Low,Resolved,2026-07-24T09:24:00,2026-07-24T10:28:00,64,1,Power outage,NOC Core,1,Monitor and resolve in standard queue
INC-2026-01327,2026-07-24,2026-07,SITE-0080,Balikpapan,Voice,Medium,Resolved,2026-07-24T09:38:00,2026-07-24T11:52:00,134,92,Planned maintenance overrun,Customer Assurance,1,Assign service assurance follow-up
INC-2026-00154,2026-07-25,2026-07,SITE-0239,Palembang,Voice,Low,Closed,2026-07-25T03:57:00,2026-07-25T04:58:00,61,59,Configuration drift,Enterprise Support,1,Monitor and resolve in standard queue
INC-2026-00360,2026-07-25,2026-07,SITE-0038,Denpasar,Enterprise VPN,High,Closed,2026-07-25T11:31:00,2026-07-25T20:04:00,513,132,Planned maintenance overrun,Enterprise Support,2,Escalate to regional operations lead
INC-2026-00454,2026-07-25,2026-07,SITE-0036,Semarang,Enterprise VPN,Low,Resolved,2026-07-25T01:09:00,2026-07-25T01:49:00,40,24,Planned maintenance overrun,Fiber Maintenance,1,Monitor and resolve in standard queue
INC-2026-01096,2026-07-25,2026-07,SITE-0241,Jakarta,Mobile Broadband,Medium,Closed,2026-07-25T00:29:00,2026-07-25T03:04:00,155,96,Access node congestion,Customer Assurance,1,Assign service assurance follow-up
INC-2026-01109,2026-07-25,2026-07,SITE-0093,Surabaya,IPTV,Medium,Resolved,2026-07-25T13:52:00,2026-07-25T16:10:00,138,47,Customer premises equipment,Enterprise Support,1,Assign service assurance follow-up
INC-2026-01161,2026-07-25,2026-07,SITE-0157,Yogyakarta,Mobile Broadband,Medium,Closed,2026-07-25T10:05:00,2026-07-25T12:11:00,126,94,Fiber cut,Field Operations,1,Assign service assurance follow-up
INC-2026-01194,2026-07-25,2026-07,SITE-0247,Yogyakarta,Cloud Connectivity,Medium,Investigating,2026-07-25T04:22:00,,71,154,Access node congestion,Enterprise Support,1,Assign service assurance follow-up
INC-2026-01968,2026-07-25,2026-07,SITE-0193,Surabaya,IPTV,Medium,Closed,2026-07-25T02:41:00,2026-07-25T04:41:00,120,56,Power outage,Fiber Maintenance,1,Assign service assurance follow-up
INC-2026-01976,2026-07-25,2026-07,SITE-0018,Denpasar,Cloud Connectivity,High,Resolved,2026-07-25T01:34:00,2026-07-25T08:15:00,401,294,Fiber cut,Fiber Maintenance,2,Escalate to regional operations lead
INC-2026-00560,2026-07-26,2026-07,SITE-0090,Balikpapan,IPTV,Low,Resolved,2026-07-26T17:41:00,2026-07-26T18:34:00,53,29,Planned maintenance overrun,Fiber Maintenance,1,Monitor and resolve in standard queue
INC-2026-00742,2026-07-26,2026-07,SITE-0021,Jakarta,Enterprise VPN,High,Resolved,2026-07-26T11:54:00,2026-07-26T17:57:00,363,214,Configuration drift,NOC Core,2,Escalate to regional operations lead
INC-2026-01189,2026-07-26,2026-07,SITE-0009,Palembang,IPTV,High,Closed,2026-07-26T00:49:00,2026-07-26T08:22:00,453,412,Configuration drift,Enterprise Support,2,Escalate to regional operations lead
INC-2026-01545,2026-07-26,2026-07,SITE-0156,Semarang,Cloud Connectivity,Medium,Resolved,2026-07-26T21:06:00,2026-07-26T23:32:00,146,111,Power outage,Field Operations,1,Assign service assurance follow-up
INC-2026-00043,2026-07-27,2026-07,SITE-0193,Surabaya,IPTV,High,Resolved,2026-07-27T00:38:00,2026-07-27T05:27:00,289,183,Core router instability,Fiber Maintenance,2,Escalate to regional operations lead
INC-2026-00067,2026-07-27,2026-07,SITE-0250,Balikpapan,Mobile Broadband,Critical,Resolved,2026-07-27T12:21:00,2026-07-27T18:31:00,370,907,Fiber cut,NOC Core,3,Open command bridge and dispatch field team
INC-2026-00239,2026-07-27,2026-07,SITE-0249,Palembang,Enterprise VPN,Medium,Resolved,2026-07-27T04:28:00,2026-07-27T07:43:00,195,40,Fiber cut,NOC Core,1,Assign service assurance follow-up
INC-2026-00272,2026-07-27,2026-07,SITE-0071,Jakarta,Fiber Internet,Medium,Resolved,2026-07-27T01:44:00,2026-07-27T02:37:00,53,83,Power outage,Enterprise Support,1,Assign service assurance follow-up
INC-2026-00513,2026-07-27,2026-07,SITE-0169,Palembang,IPTV,Low,Resolved,2026-07-27T07:09:00,2026-07-27T07:53:00,44,13,Planned maintenance overrun,Customer Assurance,1,Monitor and resolve in standard queue
INC-2026-00754,2026-07-27,2026-07,SITE-0024,Medan,Voice,Critical,Resolved,2026-07-27T00:23:00,2026-07-27T10:20:00,597,660,Customer premises equipment,Enterprise Support,3,Open command bridge and dispatch field team
INC-2026-00765,2026-07-27,2026-07,SITE-0237,Yogyakarta,Voice,High,Closed,2026-07-27T05:29:00,2026-07-27T12:01:00,392,364,Access node congestion,Enterprise Support,2,Escalate to regional operations lead
INC-2026-01880,2026-07-27,2026-07,SITE-0250,Balikpapan,Mobile Broadband,High,Resolved,2026-07-27T09:08:00,2026-07-27T13:41:00,273,539,Planned maintenance overrun,Enterprise Support,2,Escalate to regional operations lead
INC-2026-00263,2026-07-28,2026-07,SITE-0082,Bandung,Enterprise VPN,High,Resolved,2026-07-28T05:34:00,2026-07-28T10:21:00,287,105,Power outage,Customer Assurance,2,Escalate to regional operations lead
INC-2026-00330,2026-07-28,2026-07,SITE-0214,Medan,Cloud Connectivity,Low,Closed,2026-07-28T20:43:00,2026-07-28T21:56:00,73,60,Planned maintenance overrun,NOC Core,1,Monitor and resolve in standard queue
INC-2026-01030,2026-07-28,2026-07,SITE-0219,Palembang,IPTV,Critical,Resolved,2026-07-28T02:19:00,2026-07-28T13:49:00,690,331,Core router instability,Customer Assurance,3,Open command bridge and dispatch field team
INC-2026-01765,2026-07-28,2026-07,SITE-0126,Semarang,Mobile Broadband,Low,Resolved,2026-07-28T15:41:00,2026-07-28T16:16:00,35,24,Core router instability,Enterprise Support,1,Monitor and resolve in standard queue
INC-2026-00431,2026-07-29,2026-07,SITE-0153,Surabaya,Enterprise VPN,High,Closed,2026-07-29T17:28:00,2026-07-30T00:17:00,409,69,Customer premises equipment,Customer Assurance,2,Escalate to regional operations lead
INC-2026-00046,2026-07-30,2026-07,SITE-0015,Makassar,Mobile Broadband,High,Resolved,2026-07-30T10:32:00,2026-07-30T17:16:00,404,520,Core router instability,Customer Assurance,2,Escalate to regional operations lead
INC-2026-00205,2026-07-30,2026-07,SITE-0224,Medan,Mobile Broadband,Low,Resolved,2026-07-30T15:28:00,2026-07-30T16:10:00,42,75,Power outage,Fiber Maintenance,1,Monitor and resolve in standard queue
INC-2026-00793,2026-07-30,2026-07,SITE-0208,Denpasar,Cloud Connectivity,High,Closed,2026-07-30T05:40:00,2026-07-30T13:56:00,496,339,Planned maintenance overrun,Customer Assurance,2,Escalate to regional operations lead
INC-2026-00953,2026-07-30,2026-07,SITE-0024,Medan,Voice,Medium,Resolved,2026-07-30T03:55:00,2026-07-30T05:39:00,104,121,Fiber cut,Fiber Maintenance,1,Assign service assurance follow-up
INC-2026-01294,2026-07-30,2026-07,SITE-0004,Medan,IPTV,Medium,Resolved,2026-07-30T16:52:00,2026-07-30T18:44:00,112,107,Customer premises equipment,NOC Core,1,Assign service assurance follow-up
INC-2026-02103,2026-07-30,2026-07,SITE-0087,Yogyakarta,Enterprise VPN,Medium,Closed,2026-07-30T08:38:00,2026-07-30T11:34:00,176,109,Access node congestion,Enterprise Support,1,Assign service assurance follow-up
INC-2026-00386,2026-07-31,2026-07,SITE-0067,Yogyakarta,Voice,Low,Resolved,2026-07-31T17:26:00,2026-07-31T18:03:00,37,38,Fiber cut,Enterprise Support,1,Monitor and resolve in standard queue
INC-2026-00523,2026-07-31,2026-07,SITE-0194,Medan,Fiber Internet,Critical,Closed,2026-07-31T15:26:00,2026-08-01T02:30:00,664,679,Backhaul packet loss,NOC Core,3,Open command bridge and dispatch field team
INC-2026-00743,2026-07-31,2026-07,SITE-0146,Semarang,Mobile Broadband,Medium,Escalated,2026-07-31T03:11:00,,171,51,Planned maintenance overrun,Field Operations,1,Assign service assurance follow-up
INC-2026-00921,2026-07-31,2026-07,SITE-0053,Surabaya,Enterprise VPN,Medium,Resolved,2026-07-31T01:25:00,2026-07-31T04:07:00,162,68,Fiber cut,Customer Assurance,1,Assign service assurance follow-up
INC-2026-01183,2026-07-31,2026-07,SITE-0170,Balikpapan,Voice,Medium,Resolved,2026-07-31T16:29:00,2026-07-31T19:01:00,152,168,Backhaul packet loss,Field Operations,1,Assign service assurance follow-up
INC-2026-01425,2026-07-31,2026-07,SITE-0043,Surabaya,Cloud Connectivity,Low,Resolved,2026-07-31T08:14:00,2026-07-31T09:28:00,74,41,Core router instability,NOC Core,1,Monitor and resolve in standard queue
INC-2026-01687,2026-07-31,2026-07,SITE-0111,Jakarta,Fiber Internet,Low,Investigating,2026-07-31T07:19:00,,45,28,Access node congestion,Enterprise Support,1,Monitor and resolve in standard queue
INC-2026-00287,2026-08-01,2026-08,SITE-0164,Medan,Voice,Medium,Closed,2026-08-01T03:51:00,2026-08-01T06:53:00,182,84,Fiber cut,Customer Assurance,1,Assign service assurance follow-up
INC-2026-01125,2026-08-01,2026-08,SITE-0244,Medan,Enterprise VPN,Critical,Escalated,2026-08-01T03:06:00,,764,330,Fiber cut,Customer Assurance,3,Open command bridge and dispatch field team
INC-2026-01126,2026-08-01,2026-08,SITE-0053,Surabaya,Enterprise VPN,Low,Resolved,2026-08-01T20:03:00,2026-08-01T21:07:00,64,10,Core router instability,Enterprise Support,1,Monitor and resolve in standard queue
INC-2026-02135,2026-08-01,2026-08,SITE-0199,Palembang,Mobile Broadband,Medium,Resolved,2026-08-01T02:20:00,2026-08-01T04:13:00,113,160,Core router instability,Enterprise Support,1,Assign service assurance follow-up
INC-2026-02170,2026-08-01,2026-08,SITE-0170,Balikpapan,Voice,Medium,Escalated,2026-08-01T07:45:00,,143,80,Power outage,Customer Assurance,1,Assign service assurance follow-up
INC-2026-00467,2026-08-02,2026-08,SITE-0024,Medan,Voice,Low,Resolved,2026-08-02T17:18:00,2026-08-02T18:17:00,59,39,Core router instability,Customer Assurance,1,Monitor and resolve in standard queue
INC-2026-00927,2026-08-02,2026-08,SITE-0002,Bandung,Mobile Broadband,High,Closed,2026-08-02T13:47:00,2026-08-02T20:23:00,396,307,Customer premises equipment,Fiber Maintenance,2,Escalate to regional operations lead
INC-2026-01191,2026-08-02,2026-08,SITE-0231,Jakarta,IPTV,Low,Resolved,2026-08-02T10:49:00,2026-08-02T11:29:00,40,64,Power outage,Customer Assurance,1,Monitor and resolve in standard queue
INC-2026-01961,2026-08-02,2026-08,SITE-0215,Makassar,Voice,Low,Resolved,2026-08-02T15:16:00,2026-08-02T16:08:00,52,51,Access node congestion,NOC Core,1,Monitor and resolve in standard queue
INC-2026-00097,2026-08-03,2026-08,SITE-0086,Semarang,IPTV,Medium,Closed,2026-08-03T11:23:00,2026-08-03T13:19:00,116,94,Power outage,Fiber Maintenance,1,Assign service assurance follow-up
INC-2026-00141,2026-08-03,2026-08,SITE-0127,Yogyakarta,Mobile Broadband,Low,Investigating,2026-08-03T13:34:00,,29,28,Customer premises equipment,NOC Core,1,Monitor and resolve in standard queue
INC-2026-00379,2026-08-03,2026-08,SITE-0105,Makassar,Fiber Internet,High,Resolved,2026-08-03T19:31:00,2026-08-03T22:38:00,187,386,Configuration drift,Field Operations,2,Escalate to regional operations lead
INC-2026-00712,2026-08-03,2026-08,SITE-0105,Makassar,Fiber Internet,Low,Closed,2026-08-03T19:51:00,2026-08-03T21:31:00,100,49,Planned maintenance overrun,Enterprise Support,1,Monitor and resolve in standard queue
INC-2026-01371,2026-08-03,2026-08,SITE-0143,Surabaya,Mobile Broadband,Low,Resolved,2026-08-03T20:49:00,2026-08-03T21:24:00,35,53,Configuration drift,Field Operations,1,Monitor and resolve in standard queue
INC-2026-01561,2026-08-03,2026-08,SITE-0002,Bandung,Mobile Broadband,Low,Resolved,2026-08-03T16:44:00,2026-08-03T17:28:00,44,30,Fiber cut,Field Operations,1,Monitor and resolve in standard queue
INC-2026-01920,2026-08-03,2026-08,SITE-0148,Denpasar,Mobile Broadband,High,Closed,2026-08-03T00:11:00,2026-08-03T04:28:00,257,444,Fiber cut,Enterprise Support,2,Escalate to regional operations lead
INC-2026-00225,2026-08-04,2026-08,SITE-0052,Bandung,Voice,Low,Resolved,2026-08-04T10:29:00,2026-08-04T11:43:00,74,32,Backhaul packet loss,Enterprise Support,1,Monitor and resolve in standard queue
INC-2026-00525,2026-08-04,2026-08,SITE-0147,Yogyakarta,Fiber Internet,Low,Resolved,2026-08-04T14:03:00,2026-08-04T14:52:00,49,50,Fiber cut,Fiber Maintenance,1,Monitor and resolve in standard queue
INC-2026-00630,2026-08-04,2026-08,SITE-0123,Surabaya,Fiber Internet,Low,Closed,2026-08-04T16:58:00,2026-08-04T18:19:00,81,20,Configuration drift,Fiber Maintenance,1,Monitor and resolve in standard queue
INC-2026-00695,2026-08-04,2026-08,SITE-0159,Palembang,Mobile Broadband,High,Investigating,2026-08-04T04:56:00,,295,304,Customer premises equipment,Enterprise Support,2,Escalate to regional operations lead
INC-2026-01039,2026-08-04,2026-08,SITE-0075,Makassar,IPTV,Medium,Resolved,2026-08-04T16:37:00,2026-08-04T17:54:00,77,82,Core router instability,Enterprise Support,1,Assign service assurance follow-up
INC-2026-01472,2026-08-04,2026-08,SITE-0206,Semarang,Voice,Low,Resolved,2026-08-04T10:39:00,2026-08-04T11:09:00,30,53,Core router instability,Fiber Maintenance,1,Monitor and resolve in standard queue
INC-2026-01503,2026-08-04,2026-08,SITE-0197,Yogyakarta,Enterprise VPN,Medium,Resolved,2026-08-04T09:30:00,2026-08-04T12:12:00,162,75,Planned maintenance overrun,NOC Core,1,Assign service assurance follow-up
INC-2026-01509,2026-08-04,2026-08,SITE-0166,Semarang,Voice,Medium,Closed,2026-08-04T22:22:00,2026-08-04T23:21:00,59,33,Power outage,Fiber Maintenance,1,Assign service assurance follow-up
INC-2026-01904,2026-08-04,2026-08,SITE-0016,Semarang,Enterprise VPN,High,Resolved,2026-08-04T15:36:00,2026-08-04T20:47:00,311,113,Access node congestion,NOC Core,2,Escalate to regional operations lead
INC-2026-02132,2026-08-04,2026-08,SITE-0223,Surabaya,Enterprise VPN,Medium,Resolved,2026-08-04T20:28:00,2026-08-04T22:30:00,122,42,Backhaul packet loss,Enterprise Support,1,Assign service assurance follow-up
INC-2026-00039,2026-08-05,2026-08,SITE-0099,Palembang,IPTV,High,Closed,2026-08-05T13:49:00,2026-08-05T18:43:00,294,527,Core router instability,Customer Assurance,2,Escalate to regional operations lead
INC-2026-00079,2026-08-05,2026-08,SITE-0050,Balikpapan,Cloud Connectivity,Medium,Resolved,2026-08-05T06:47:00,2026-08-05T09:05:00,138,162,Backhaul packet loss,Fiber Maintenance,1,Assign service assurance follow-up
INC-2026-00293,2026-08-05,2026-08,SITE-0170,Balikpapan,Voice,Medium,Closed,2026-08-05T11:32:00,2026-08-05T14:22:00,170,66,Power outage,Enterprise Support,1,Assign service assurance follow-up
INC-2026-00342,2026-08-05,2026-08,SITE-0073,Surabaya,Cloud Connectivity,Medium,Resolved,2026-08-05T00:21:00,2026-08-05T04:18:00,237,181,Power outage,Field Operations,1,Assign service assurance follow-up
INC-2026-01733,2026-08-05,2026-08,SITE-0026,Semarang,Enterprise VPN,Medium,Resolved,2026-08-05T20:28:00,2026-08-05T21:58:00,90,15,Power outage,Field Operations,1,Assign service assurance follow-up
INC-2026-01759,2026-08-05,2026-08,SITE-0098,Denpasar,Voice,Medium,Resolved,2026-08-05T09:03:00,2026-08-05T10:56:00,113,180,Fiber cut,Customer Assurance,1,Assign service assurance follow-up
INC-2026-01985,2026-08-05,2026-08,SITE-0152,Bandung,Fiber Internet,Medium,Closed,2026-08-05T03:52:00,2026-08-05T05:36:00,104,122,Fiber cut,Enterprise Support,1,Assign service assurance follow-up
INC-2026-00979,2026-08-06,2026-08,SITE-0090,Balikpapan,IPTV,High,Closed,2026-08-06T17:39:00,2026-08-07T00:48:00,429,195,Fiber cut,NOC Core,2,Escalate to regional operations lead
INC-2026-01058,2026-08-06,2026-08,SITE-0216,Semarang,Enterprise VPN,Low,Resolved,2026-08-06T22:55:00,2026-08-06T23:48:00,53,2,Fiber cut,Field Operations,1,Monitor and resolve in standard queue
INC-2026-01200,2026-08-06,2026-08,SITE-0143,Surabaya,Mobile Broadband,Low,Closed,2026-08-06T08:57:00,2026-08-06T09:20:00,23,31,Backhaul packet loss,NOC Core,1,Monitor and resolve in standard queue
INC-2026-01278,2026-08-06,2026-08,SITE-0190,Balikpapan,IPTV,Medium,Resolved,2026-08-06T15:16:00,2026-08-06T17:51:00,155,120,Backhaul packet loss,NOC Core,1,Assign service assurance follow-up
INC-2026-01863,2026-08-06,2026-08,SITE-0126,Semarang,Mobile Broadband,Low,Resolved,2026-08-06T22:42:00,2026-08-06T23:28:00,46,33,Fiber cut,NOC Core,1,Monitor and resolve in standard queue
INC-2026-01781,2026-08-07,2026-08,SITE-0230,Balikpapan,IPTV,Low,Resolved,2026-08-07T22:52:00,2026-08-07T23:49:00,57,65,Access node congestion,Customer Assurance,1,Monitor and resolve in standard queue
INC-2026-01992,2026-08-07,2026-08,SITE-0135,Makassar,Voice,Medium,Resolved,2026-08-07T19:43:00,2026-08-07T22:23:00,160,95,Fiber cut,Enterprise Support,1,Assign service assurance follow-up
INC-2026-02059,2026-08-07,2026-08,SITE-0064,Medan,Voice,High,Closed,2026-08-07T10:15:00,2026-08-07T13:47:00,212,281,Fiber cut,Field Operations,2,Escalate to regional operations lead
INC-2026-02187,2026-08-07,2026-08,SITE-0002,Bandung,Mobile Broadband,Critical,Closed,2026-08-07T19:07:00,2026-08-08T04:14:00,547,1074,Core router instability,Enterprise Support,3,Open command bridge and dispatch field team
INC-2026-00230,2026-08-08,2026-08,SITE-0230,Balikpapan,IPTV,High,Resolved,2026-08-08T22:23:00,2026-08-09T02:30:00,247,609,Access node congestion,Customer Assurance,2,Escalate to regional operations lead
INC-2026-00433,2026-08-08,2026-08,SITE-0062,Bandung,Voice,Low,Closed,2026-08-08T18:47:00,2026-08-08T19:27:00,40,31,Fiber cut,Customer Assurance,1,Monitor and resolve in standard queue
INC-2026-00735,2026-08-08,2026-08,SITE-0055,Makassar,Mobile Broadband,High,Resolved,2026-08-08T21:14:00,2026-08-09T04:21:00,427,534,Configuration drift,Enterprise Support,2,Escalate to regional operations lead
INC-2026-00891,2026-08-08,2026-08,SITE-0223,Surabaya,Enterprise VPN,Medium,Resolved,2026-08-08T14:36:00,2026-08-08T16:14:00,98,45,Planned maintenance overrun,Fiber Maintenance,1,Assign service assurance follow-up
INC-2026-01325,2026-08-08,2026-08,SITE-0206,Semarang,Voice,Low,Closed,2026-08-08T00:33:00,2026-08-08T01:38:00,65,42,Power outage,Field Operations,1,Monitor and resolve in standard queue
INC-2026-01418,2026-08-08,2026-08,SITE-0139,Palembang,Voice,High,Resolved,2026-08-08T04:30:00,2026-08-08T11:38:00,428,318,Customer premises equipment,Customer Assurance,2,Escalate to regional operations lead
INC-2026-01794,2026-08-08,2026-08,SITE-0065,Makassar,Fiber Internet,Low,Resolved,2026-08-08T23:52:00,2026-08-09T01:08:00,76,29,Power outage,NOC Core,1,Monitor and resolve in standard queue
INC-2026-00501,2026-08-09,2026-08,SITE-0021,Jakarta,Enterprise VPN,Medium,Resolved,2026-08-09T11:47:00,2026-08-09T14:05:00,138,93,Configuration drift,Customer Assurance,1,Assign service assurance follow-up
INC-2026-00988,2026-08-09,2026-08,SITE-0137,Yogyakarta,Enterprise VPN,Critical,Closed,2026-08-09T03:25:00,2026-08-09T19:50:00,985,195,Core router instability,Field Operations,3,Open command bridge and dispatch field team
INC-2026-01512,2026-08-09,2026-08,SITE-0064,Medan,Voice,Low,Resolved,2026-08-09T05:24:00,2026-08-09T06:11:00,47,50,Core router instability,Enterprise Support,1,Monitor and resolve in standard queue
INC-2026-01739,2026-08-09,2026-08,SITE-0125,Makassar,IPTV,High,Closed,2026-08-09T10:29:00,2026-08-09T19:37:00,548,354,Backhaul packet loss,Fiber Maintenance,2,Escalate to regional operations lead
INC-2026-02128,2026-08-09,2026-08,SITE-0149,Palembang,Fiber Internet,Low,Closed,2026-08-09T02:22:00,2026-08-09T03:09:00,47,53,Backhaul packet loss,NOC Core,1,Monitor and resolve in standard queue
INC-2026-00374,2026-08-10,2026-08,SITE-0237,Yogyakarta,Voice,Low,Resolved,2026-08-10T09:03:00,2026-08-10T09:43:00,40,29,Configuration drift,Fiber Maintenance,1,Monitor and resolve in standard queue
INC-2026-00567,2026-08-10,2026-08,SITE-0038,Denpasar,Enterprise VPN,Low,Closed,2026-08-10T16:21:00,2026-08-10T16:42:00,21,13,Access node congestion,NOC Core,1,Monitor and resolve in standard queue
INC-2026-01938,2026-08-10,2026-08,SITE-0038,Denpasar,Enterprise VPN,Low,Resolved,2026-08-10T20:29:00,2026-08-10T21:19:00,50,21,Backhaul packet loss,Enterprise Support,1,Monitor and resolve in standard queue
INC-2026-02038,2026-08-10,2026-08,SITE-0203,Surabaya,IPTV,High,Resolved,2026-08-10T17:23:00,2026-08-11T00:24:00,421,251,Planned maintenance overrun,Customer Assurance,2,Escalate to regional operations lead
INC-2026-00036,2026-08-11,2026-08,SITE-0128,Denpasar,Cloud Connectivity,Low,Resolved,2026-08-11T13:53:00,2026-08-11T14:58:00,65,59,Power outage,Field Operations,1,Monitor and resolve in standard queue
INC-2026-00077,2026-08-11,2026-08,SITE-0101,Jakarta,Enterprise VPN,Medium,Closed,2026-08-11T15:00:00,2026-08-11T16:41:00,101,14,Planned maintenance overrun,Enterprise Support,1,Assign service assurance follow-up
INC-2026-00177,2026-08-11,2026-08,SITE-0144,Medan,Enterprise VPN,Critical,Resolved,2026-08-11T22:44:00,2026-08-12T07:42:00,538,76,Planned maintenance overrun,Enterprise Support,3,Open command bridge and dispatch field team
INC-2026-00823,2026-08-11,2026-08,SITE-0144,Medan,Enterprise VPN,Low,Investigating,2026-08-11T11:21:00,,51,5,Power outage,NOC Core,1,Monitor and resolve in standard queue
INC-2026-01104,2026-08-11,2026-08,SITE-0180,Balikpapan,Voice,Low,Closed,2026-08-11T00:04:00,2026-08-11T01:14:00,70,40,Planned maintenance overrun,Customer Assurance,1,Monitor and resolve in standard queue
INC-2026-00015,2026-08-12,2026-08,SITE-0210,Balikpapan,IPTV,Low,Closed,2026-08-12T04:32:00,2026-08-12T05:18:00,46,47,Planned maintenance overrun,Enterprise Support,1,Monitor and resolve in standard queue
INC-2026-00133,2026-08-12,2026-08,SITE-0148,Denpasar,Mobile Broadband,Medium,Resolved,2026-08-12T05:29:00,2026-08-12T06:29:00,60,128,Fiber cut,Fiber Maintenance,1,Assign service assurance follow-up
INC-2026-00307,2026-08-12,2026-08,SITE-0155,Makassar,Cloud Connectivity,Low,Closed,2026-08-12T11:28:00,2026-08-12T11:55:00,27,34,Fiber cut,Customer Assurance,1,Monitor and resolve in standard queue
INC-2026-00369,2026-08-12,2026-08,SITE-0055,Makassar,Mobile Broadband,Medium,Resolved,2026-08-12T15:06:00,2026-08-12T17:10:00,124,147,Access node congestion,Field Operations,1,Assign service assurance follow-up
INC-2026-00499,2026-08-12,2026-08,SITE-0144,Medan,Enterprise VPN,Low,Closed,2026-08-12T06:45:00,2026-08-12T07:39:00,54,3,Access node congestion,Enterprise Support,1,Monitor and resolve in standard queue
INC-2026-00816,2026-08-12,2026-08,SITE-0200,Balikpapan,Fiber Internet,Low,Resolved,2026-08-12T10:13:00,2026-08-12T10:46:00,33,44,Customer premises equipment,Fiber Maintenance,1,Monitor and resolve in standard queue
INC-2026-01088,2026-08-12,2026-08,SITE-0125,Makassar,IPTV,Medium,Closed,2026-08-12T18:43:00,2026-08-12T19:43:00,60,83,Configuration drift,Customer Assurance,1,Assign service assurance follow-up
INC-2026-01303,2026-08-12,2026-08,SITE-0031,Jakarta,Cloud Connectivity,Low,Resolved,2026-08-12T15:53:00,2026-08-12T16:29:00,36,29,Backhaul packet loss,Fiber Maintenance,1,Monitor and resolve in standard queue
INC-2026-01834,2026-08-12,2026-08,SITE-0122,Bandung,Enterprise VPN,Medium,Resolved,2026-08-12T06:38:00,2026-08-12T09:32:00,174,34,Customer premises equipment,Fiber Maintenance,1,Assign service assurance follow-up
INC-2026-02154,2026-08-12,2026-08,SITE-0138,Denpasar,Enterprise VPN,Low,Resolved,2026-08-12T10:10:00,2026-08-12T11:10:00,60,8,Configuration drift,Fiber Maintenance,1,Monitor and resolve in standard queue
INC-2026-00017,2026-08-13,2026-08,SITE-0119,Palembang,Voice,Medium,Resolved,2026-08-13T12:54:00,2026-08-13T15:20:00,146,127,Configuration drift,Fiber Maintenance,1,Assign service assurance follow-up
INC-2026-00610,2026-08-13,2026-08,SITE-0076,Semarang,Voice,Medium,Closed,2026-08-13T22:00:00,2026-08-13T23:27:00,87,212,Planned maintenance overrun,Fiber Maintenance,1,Assign service assurance follow-up
INC-2026-00678,2026-08-13,2026-08,SITE-0003,Surabaya,Fiber Internet,Medium,Resolved,2026-08-13T21:56:00,2026-08-13T23:13:00,77,107,Customer premises equipment,Enterprise Support,1,Assign service assurance follow-up
INC-2026-01007,2026-08-13,2026-08,SITE-0004,Medan,IPTV,Low,Resolved,2026-08-13T17:51:00,2026-08-13T19:24:00,93,27,Customer premises equipment,Fiber Maintenance,1,Monitor and resolve in standard queue
INC-2026-01100,2026-08-13,2026-08,SITE-0142,Bandung,Mobile Broadband,Low,Resolved,2026-08-13T11:10:00,2026-08-13T11:53:00,43,33,Power outage,NOC Core,1,Monitor and resolve in standard queue
INC-2026-01179,2026-08-13,2026-08,SITE-0204,Medan,Cloud Connectivity,High,Closed,2026-08-13T16:56:00,2026-08-13T20:42:00,226,383,Power outage,Enterprise Support,2,Escalate to regional operations lead
INC-2026-01226,2026-08-13,2026-08,SITE-0070,Balikpapan,Mobile Broadband,Medium,Resolved,2026-08-13T04:40:00,2026-08-13T06:58:00,138,227,Fiber cut,Customer Assurance,1,Assign service assurance follow-up
INC-2026-01536,2026-08-13,2026-08,SITE-0031,Jakarta,Cloud Connectivity,High,Resolved,2026-08-13T09:29:00,2026-08-13T14:13:00,284,235,Configuration drift,Fiber Maintenance,2,Escalate to regional operations lead
INC-2026-02149,2026-08-13,2026-08,SITE-0166,Semarang,Voice,High,Closed,2026-08-13T01:22:00,2026-08-13T07:14:00,352,188,Access node congestion,NOC Core,2,Escalate to regional operations lead
INC-2026-00537,2026-08-14,2026-08,SITE-0144,Medan,Enterprise VPN,Low,Resolved,2026-08-14T07:36:00,2026-08-14T08:41:00,65,4,Core router instability,Fiber Maintenance,1,Monitor and resolve in standard queue
INC-2026-00734,2026-08-14,2026-08,SITE-0046,Semarang,Cloud Connectivity,Medium,Resolved,2026-08-14T22:24:00,2026-08-15T00:34:00,130,56,Customer premises equipment,Enterprise Support,1,Assign service assurance follow-up
INC-2026-00783,2026-08-14,2026-08,SITE-0123,Surabaya,Fiber Internet,Medium,Resolved,2026-08-14T07:59:00,2026-08-14T09:02:00,63,76,Access node congestion,Fiber Maintenance,1,Assign service assurance follow-up
INC-2026-00908,2026-08-14,2026-08,SITE-0108,Denpasar,Fiber Internet,Low,Closed,2026-08-14T07:39:00,2026-08-14T09:00:00,81,38,Fiber cut,NOC Core,1,Monitor and resolve in standard queue
INC-2026-00969,2026-08-14,2026-08,SITE-0164,Medan,Voice,Medium,Closed,2026-08-14T15:01:00,2026-08-14T17:33:00,152,88,Fiber cut,Enterprise Support,1,Assign service assurance follow-up
INC-2026-00989,2026-08-14,2026-08,SITE-0088,Denpasar,Fiber Internet,High,Resolved,2026-08-14T11:37:00,2026-08-14T17:45:00,368,268,Configuration drift,NOC Core,2,Escalate to regional operations lead
INC-2026-01151,2026-08-14,2026-08,SITE-0033,Surabaya,Voice,Low,Closed,2026-08-14T18:44:00,2026-08-14T19:54:00,70,53,Backhaul packet loss,Customer Assurance,1,Monitor and resolve in standard queue
INC-2026-01257,2026-08-14,2026-08,SITE-0221,Jakarta,Cloud Connectivity,High,Resolved,2026-08-14T15:05:00,2026-08-14T20:46:00,341,222,Access node congestion,Enterprise Support,2,Escalate to regional operations lead
INC-2026-01381,2026-08-14,2026-08,SITE-0211,Jakarta,Mobile Broadband,High,Closed,2026-08-14T16:17:00,2026-08-14T22:30:00,373,622,Core router instability,Enterprise Support,2,Escalate to regional operations lead
INC-2026-01677,2026-08-14,2026-08,SITE-0032,Bandung,Enterprise VPN,Medium,Resolved,2026-08-14T20:49:00,2026-08-14T23:50:00,181,36,Core router instability,NOC Core,1,Assign service assurance follow-up
INC-2026-01728,2026-08-14,2026-08,SITE-0009,Palembang,IPTV,Low,Resolved,2026-08-14T04:45:00,2026-08-14T06:06:00,81,26,Fiber cut,Customer Assurance,1,Monitor and resolve in standard queue
INC-2026-01958,2026-08-14,2026-08,SITE-0217,Yogyakarta,Cloud Connectivity,Medium,Resolved,2026-08-14T11:25:00,2026-08-14T13:05:00,100,186,Backhaul packet loss,Enterprise Support,1,Assign service assurance follow-up
INC-2026-00104,2026-08-15,2026-08,SITE-0178,Denpasar,IPTV,Low,Closed,2026-08-15T09:34:00,2026-08-15T10:46:00,72,18,Fiber cut,Fiber Maintenance,1,Monitor and resolve in standard queue
INC-2026-00312,2026-08-15,2026-08,SITE-0229,Palembang,IPTV,High,Closed,2026-08-15T14:52:00,2026-08-15T22:23:00,451,184,Access node congestion,NOC Core,2,Escalate to regional operations lead
INC-2026-00547,2026-08-15,2026-08,SITE-0150,Balikpapan,IPTV,Low,Closed,2026-08-15T22:51:00,2026-08-15T23:30:00,39,36,Backhaul packet loss,Field Operations,1,Monitor and resolve in standard queue
INC-2026-00565,2026-08-15,2026-08,SITE-0023,Surabaya,Cloud Connectivity,High,Closed,2026-08-15T09:07:00,2026-08-15T14:57:00,350,219,Configuration drift,NOC Core,2,Escalate to regional operations lead
INC-2026-00778,2026-08-15,2026-08,SITE-0181,Jakarta,Enterprise VPN,Low,Open,2026-08-15T11:57:00,,48,13,Customer premises equipment,Field Operations,1,Monitor and resolve in standard queue
INC-2026-01027,2026-08-15,2026-08,SITE-0083,Surabaya,Mobile Broadband,Low,Resolved,2026-08-15T01:00:00,2026-08-15T02:14:00,74,40,Planned maintenance overrun,Field Operations,1,Monitor and resolve in standard queue
INC-2026-01444,2026-08-15,2026-08,SITE-0204,Medan,Cloud Connectivity,Medium,Resolved,2026-08-15T03:51:00,2026-08-15T07:01:00,190,110,Planned maintenance overrun,NOC Core,1,Assign service assurance follow-up
INC-2026-01599,2026-08-15,2026-08,SITE-0050,Balikpapan,Cloud Connectivity,High,Closed,2026-08-15T11:18:00,2026-08-15T15:28:00,250,214,Fiber cut,Fiber Maintenance,2,Escalate to regional operations lead
INC-2026-02093,2026-08-15,2026-08,SITE-0064,Medan,Voice,Low,Resolved,2026-08-15T03:37:00,2026-08-15T04:57:00,80,52,Core router instability,NOC Core,1,Monitor and resolve in standard queue
INC-2026-00284,2026-08-16,2026-08,SITE-0047,Yogyakarta,Mobile Broadband,High,Closed,2026-08-16T00:22:00,2026-08-16T07:28:00,426,512,Access node congestion,Fiber Maintenance,2,Escalate to regional operations lead
INC-2026-00751,2026-08-16,2026-08,SITE-0122,Bandung,Enterprise VPN,Critical,Resolved,2026-08-16T10:09:00,2026-08-16T21:59:00,710,323,Backhaul packet loss,Enterprise Support,3,Open command bridge and dispatch field team
INC-2026-00861,2026-08-16,2026-08,SITE-0229,Palembang,IPTV,Low,Escalated,2026-08-16T17:11:00,,59,51,Backhaul packet loss,Customer Assurance,1,Monitor and resolve in standard queue
INC-2026-01404,2026-08-16,2026-08,SITE-0245,Makassar,Voice,Medium,Resolved,2026-08-16T20:46:00,2026-08-16T23:08:00,142,87,Core router instability,NOC Core,1,Assign service assurance follow-up
INC-2026-01571,2026-08-16,2026-08,SITE-0242,Bandung,Enterprise VPN,Low,Resolved,2026-08-16T03:11:00,2026-08-16T03:55:00,44,15,Access node congestion,Field Operations,1,Monitor and resolve in standard queue
INC-2026-02144,2026-08-16,2026-08,SITE-0244,Medan,Enterprise VPN,Medium,Closed,2026-08-16T23:20:00,2026-08-17T01:04:00,104,67,Core router instability,NOC Core,1,Assign service assurance follow-up
INC-2026-00117,2026-08-17,2026-08,SITE-0072,Bandung,Enterprise VPN,Medium,Resolved,2026-08-17T20:09:00,2026-08-17T23:30:00,201,56,Customer premises equipment,Field Operations,1,Assign service assurance follow-up
INC-2026-00186,2026-08-17,2026-08,SITE-0126,Semarang,Mobile Broadband,Medium,Resolved,2026-08-17T09:32:00,2026-08-17T11:30:00,118,79,Customer premises equipment,NOC Core,1,Assign service assurance follow-up
INC-2026-00760,2026-08-17,2026-08,SITE-0106,Semarang,IPTV,Low,Resolved,2026-08-17T06:15:00,2026-08-17T07:20:00,65,16,Core router instability,NOC Core,1,Monitor and resolve in standard queue
INC-2026-00895,2026-08-17,2026-08,SITE-0006,Semarang,Cloud Connectivity,Low,Resolved,2026-08-17T09:05:00,2026-08-17T10:03:00,58,20,Core router instability,Field Operations,1,Monitor and resolve in standard queue
INC-2026-01185,2026-08-17,2026-08,SITE-0046,Semarang,Cloud Connectivity,Medium,Resolved,2026-08-17T20:37:00,2026-08-17T23:08:00,151,58,Power outage,Field Operations,1,Assign service assurance follow-up
INC-2026-01550,2026-08-17,2026-08,SITE-0131,Jakarta,Cloud Connectivity,Medium,Resolved,2026-08-17T13:48:00,2026-08-17T16:10:00,142,155,Backhaul packet loss,NOC Core,1,Assign service assurance follow-up
INC-2026-01881,2026-08-17,2026-08,SITE-0101,Jakarta,Enterprise VPN,Critical,Resolved,2026-08-17T21:52:00,2026-08-18T06:19:00,507,181,Core router instability,NOC Core,3,Open command bridge and dispatch field team
INC-2026-00120,2026-08-18,2026-08,SITE-0246,Semarang,Mobile Broadband,Critical,Closed,2026-08-18T11:09:00,2026-08-19T00:09:00,780,842,Power outage,Field Operations,3,Open command bridge and dispatch field team
INC-2026-00371,2026-08-18,2026-08,SITE-0162,Bandung,IPTV,High,Closed,2026-08-18T07:39:00,2026-08-18T14:08:00,389,221,Configuration drift,Fiber Maintenance,2,Escalate to regional operations lead
INC-2026-00445,2026-08-18,2026-08,SITE-0025,Makassar,IPTV,Low,Resolved,2026-08-18T02:18:00,2026-08-18T03:41:00,83,34,Fiber cut,Customer Assurance,1,Monitor and resolve in standard queue
INC-2026-01034,2026-08-18,2026-08,SITE-0090,Balikpapan,IPTV,Critical,Escalated,2026-08-18T14:30:00,,505,824,Power outage,NOC Core,3,Open command bridge and dispatch field team
INC-2026-01158,2026-08-18,2026-08,SITE-0111,Jakarta,Fiber Internet,Medium,Resolved,2026-08-18T20:34:00,2026-08-18T22:40:00,126,165,Core router instability,Fiber Maintenance,1,Assign service assurance follow-up
INC-2026-01403,2026-08-18,2026-08,SITE-0137,Yogyakarta,Enterprise VPN,Low,Resolved,2026-08-18T18:47:00,2026-08-18T19:17:00,30,20,Planned maintenance overrun,NOC Core,1,Monitor and resolve in standard queue
INC-2026-00496,2026-08-19,2026-08,SITE-0084,Medan,Mobile Broadband,Critical,Resolved,2026-08-19T20:18:00,2026-08-20T05:24:00,546,567,Core router instability,Field Operations,3,Open command bridge and dispatch field team
INC-2026-00531,2026-08-19,2026-08,SITE-0076,Semarang,Voice,Medium,Closed,2026-08-19T01:53:00,2026-08-19T03:33:00,100,93,Configuration drift,NOC Core,1,Assign service assurance follow-up
INC-2026-00756,2026-08-19,2026-08,SITE-0004,Medan,IPTV,Medium,Resolved,2026-08-19T03:49:00,2026-08-19T06:36:00,167,157,Access node congestion,Enterprise Support,1,Assign service assurance follow-up
INC-2026-00857,2026-08-19,2026-08,SITE-0204,Medan,Cloud Connectivity,Low,Resolved,2026-08-19T15:48:00,2026-08-19T17:05:00,77,52,Fiber cut,NOC Core,1,Monitor and resolve in standard queue
INC-2026-01153,2026-08-19,2026-08,SITE-0051,Jakarta,IPTV,Medium,Resolved,2026-08-19T15:13:00,2026-08-19T16:54:00,101,117,Power outage,Enterprise Support,1,Assign service assurance follow-up
INC-2026-01175,2026-08-19,2026-08,SITE-0067,Yogyakarta,Voice,Low,Resolved,2026-08-19T06:29:00,2026-08-19T07:35:00,66,40,Power outage,Enterprise Support,1,Monitor and resolve in standard queue
INC-2026-01832,2026-08-19,2026-08,SITE-0036,Semarang,Enterprise VPN,Medium,Closed,2026-08-19T12:51:00,2026-08-19T15:26:00,155,116,Planned maintenance overrun,Enterprise Support,1,Assign service assurance follow-up
INC-2026-00130,2026-08-20,2026-08,SITE-0114,Medan,Enterprise VPN,Low,Resolved,2026-08-20T16:24:00,2026-08-20T16:58:00,34,16,Backhaul packet loss,Enterprise Support,1,Monitor and resolve in standard queue
INC-2026-00381,2026-08-20,2026-08,SITE-0114,Medan,Enterprise VPN,Low,Closed,2026-08-20T23:31:00,2026-08-21T00:26:00,55,14,Customer premises equipment,Enterprise Support,1,Monitor and resolve in standard queue
INC-2026-00994,2026-08-20,2026-08,SITE-0235,Makassar,Voice,High,Resolved,2026-08-20T05:29:00,2026-08-20T11:22:00,353,268,Customer premises equipment,NOC Core,2,Escalate to regional operations lead
INC-2026-01637,2026-08-20,2026-08,SITE-0030,Balikpapan,Enterprise VPN,Low,Resolved,2026-08-20T04:56:00,2026-08-20T05:33:00,37,4,Customer premises equipment,NOC Core,1,Monitor and resolve in standard queue
INC-2026-01760,2026-08-20,2026-08,SITE-0169,Palembang,IPTV,Low,Resolved,2026-08-20T23:07:00,2026-08-20T23:52:00,45,19,Power outage,Enterprise Support,1,Monitor and resolve in standard queue
INC-2026-02118,2026-08-20,2026-08,SITE-0092,Bandung,Voice,Low,Resolved,2026-08-20T14:44:00,2026-08-20T15:15:00,31,57,Configuration drift,Fiber Maintenance,1,Monitor and resolve in standard queue
INC-2026-00394,2026-08-21,2026-08,SITE-0054,Medan,Enterprise VPN,Critical,Closed,2026-08-21T20:55:00,2026-08-22T06:04:00,549,398,Customer premises equipment,Customer Assurance,3,Open command bridge and dispatch field team
INC-2026-00538,2026-08-21,2026-08,SITE-0128,Denpasar,Cloud Connectivity,Medium,Resolved,2026-08-21T20:53:00,2026-08-21T22:30:00,97,196,Customer premises equipment,Field Operations,1,Assign service assurance follow-up
INC-2026-00616,2026-08-21,2026-08,SITE-0168,Denpasar,Cloud Connectivity,Low,Resolved,2026-08-21T07:17:00,2026-08-21T08:11:00,54,33,Fiber cut,Customer Assurance,1,Monitor and resolve in standard queue
INC-2026-00770,2026-08-21,2026-08,SITE-0030,Balikpapan,Enterprise VPN,Medium,Closed,2026-08-21T11:56:00,2026-08-21T14:20:00,144,13,Fiber cut,Fiber Maintenance,1,Assign service assurance follow-up
INC-2026-00971,2026-08-21,2026-08,SITE-0046,Semarang,Cloud Connectivity,Low,Closed,2026-08-21T08:44:00,2026-08-21T09:23:00,39,19,Core router instability,Customer Assurance,1,Monitor and resolve in standard queue
INC-2026-01123,2026-08-21,2026-08,SITE-0068,Denpasar,Fiber Internet,Medium,Resolved,2026-08-21T03:07:00,2026-08-21T03:51:00,44,177,Fiber cut,Fiber Maintenance,1,Assign service assurance follow-up
INC-2026-01346,2026-08-21,2026-08,SITE-0171,Jakarta,Voice,Medium,Resolved,2026-08-21T19:42:00,2026-08-21T21:56:00,134,91,Power outage,Fiber Maintenance,1,Assign service assurance follow-up
INC-2026-01562,2026-08-21,2026-08,SITE-0074,Medan,Cloud Connectivity,Medium,Resolved,2026-08-21T17:15:00,2026-08-21T19:38:00,143,98,Configuration drift,Field Operations,1,Assign service assurance follow-up
INC-2026-01756,2026-08-21,2026-08,SITE-0076,Semarang,Voice,Low,Resolved,2026-08-21T03:32:00,2026-08-21T04:43:00,71,67,Power outage,NOC Core,1,Monitor and resolve in standard queue
INC-2026-00577,2026-08-22,2026-08,SITE-0228,Denpasar,Cloud Connectivity,High,Resolved,2026-08-22T08:45:00,2026-08-22T14:10:00,325,265,Configuration drift,NOC Core,2,Escalate to regional operations lead
INC-2026-00612,2026-08-22,2026-08,SITE-0064,Medan,Voice,Medium,Resolved,2026-08-22T02:26:00,2026-08-22T04:27:00,121,197,Fiber cut,Field Operations,1,Assign service assurance follow-up
INC-2026-00916,2026-08-22,2026-08,SITE-0168,Denpasar,Cloud Connectivity,Medium,Resolved,2026-08-22T02:43:00,2026-08-22T04:48:00,125,98,Access node congestion,Fiber Maintenance,1,Assign service assurance follow-up
INC-2026-01589,2026-08-22,2026-08,SITE-0216,Semarang,Enterprise VPN,Medium,Resolved,2026-08-22T09:28:00,2026-08-22T12:07:00,159,5,Power outage,Customer Assurance,1,Assign service assurance follow-up
INC-2026-02083,2026-08-22,2026-08,SITE-0076,Semarang,Voice,Low,Closed,2026-08-22T20:36:00,2026-08-22T21:26:00,50,49,Planned maintenance overrun,Field Operations,1,Monitor and resolve in standard queue
INC-2026-02104,2026-08-22,2026-08,SITE-0180,Balikpapan,Voice,Medium,Closed,2026-08-22T13:18:00,2026-08-22T16:36:00,198,73,Planned maintenance overrun,Customer Assurance,1,Assign service assurance follow-up
INC-2026-01172,2026-08-23,2026-08,SITE-0236,Semarang,Cloud Connectivity,Medium,Resolved,2026-08-23T11:28:00,2026-08-23T13:16:00,108,272,Backhaul packet loss,Customer Assurance,1,Assign service assurance follow-up
INC-2026-01464,2026-08-23,2026-08,SITE-0098,Denpasar,Voice,Medium,Closed,2026-08-23T06:57:00,2026-08-23T09:50:00,173,102,Configuration drift,Customer Assurance,1,Assign service assurance follow-up
INC-2026-01568,2026-08-23,2026-08,SITE-0202,Bandung,Voice,Medium,Resolved,2026-08-23T21:21:00,2026-08-23T23:47:00,146,8,Fiber cut,Customer Assurance,1,Assign service assurance follow-up
INC-2026-01981,2026-08-23,2026-08,SITE-0124,Medan,Mobile Broadband,Low,Closed,2026-08-23T01:47:00,2026-08-23T02:48:00,61,33,Configuration drift,Customer Assurance,1,Monitor and resolve in standard queue
INC-2026-00510,2026-08-24,2026-08,SITE-0181,Jakarta,Enterprise VPN,Low,Resolved,2026-08-24T21:26:00,2026-08-24T22:06:00,40,9,Configuration drift,Fiber Maintenance,1,Monitor and resolve in standard queue
INC-2026-00956,2026-08-24,2026-08,SITE-0071,Jakarta,Fiber Internet,Critical,Closed,2026-08-24T16:08:00,2026-08-25T00:16:00,488,884,Core router instability,NOC Core,3,Open command bridge and dispatch field team
INC-2026-01154,2026-08-24,2026-08,SITE-0024,Medan,Voice,High,Closed,2026-08-24T18:17:00,2026-08-24T22:18:00,241,390,Planned maintenance overrun,Fiber Maintenance,2,Escalate to regional operations lead
INC-2026-01336,2026-08-24,2026-08,SITE-0082,Bandung,Enterprise VPN,Medium,Resolved,2026-08-24T00:10:00,2026-08-24T02:18:00,128,29,Planned maintenance overrun,Fiber Maintenance,1,Assign service assurance follow-up
INC-2026-01850,2026-08-24,2026-08,SITE-0236,Semarang,Cloud Connectivity,High,Closed,2026-08-24T12:22:00,2026-08-24T16:22:00,240,471,Planned maintenance overrun,Fiber Maintenance,2,Escalate to regional operations lead
INC-2026-00285,2026-08-25,2026-08,SITE-0223,Surabaya,Enterprise VPN,High,Escalated,2026-08-25T21:49:00,,400,125,Planned maintenance overrun,Field Operations,2,Escalate to regional operations lead
INC-2026-00362,2026-08-25,2026-08,SITE-0028,Denpasar,Voice,Low,Closed,2026-08-25T22:27:00,2026-08-25T23:25:00,58,55,Customer premises equipment,NOC Core,1,Monitor and resolve in standard queue
INC-2026-00553,2026-08-25,2026-08,SITE-0103,Surabaya,Fiber Internet,Medium,Resolved,2026-08-25T00:42:00,2026-08-25T02:21:00,99,97,Fiber cut,Customer Assurance,1,Assign service assurance follow-up
INC-2026-00702,2026-08-25,2026-08,SITE-0107,Yogyakarta,Enterprise VPN,Medium,Closed,2026-08-25T10:23:00,2026-08-25T13:00:00,157,10,Power outage,Fiber Maintenance,1,Assign service assurance follow-up
INC-2026-01029,2026-08-25,2026-08,SITE-0216,Semarang,Enterprise VPN,High,Resolved,2026-08-25T23:08:00,2026-08-26T05:22:00,374,25,Core router instability,Customer Assurance,2,Escalate to regional operations lead
INC-2026-01435,2026-08-25,2026-08,SITE-0149,Palembang,Fiber Internet,Medium,Resolved,2026-08-25T13:49:00,2026-08-25T16:50:00,181,96,Backhaul packet loss,Customer Assurance,1,Assign service assurance follow-up
INC-2026-01601,2026-08-25,2026-08,SITE-0048,Denpasar,Voice,Medium,Resolved,2026-08-25T20:43:00,2026-08-25T22:59:00,136,183,Access node congestion,NOC Core,1,Assign service assurance follow-up
INC-2026-01702,2026-08-25,2026-08,SITE-0030,Balikpapan,Enterprise VPN,High,Resolved,2026-08-25T12:41:00,2026-08-25T18:42:00,361,56,Backhaul packet loss,Customer Assurance,2,Escalate to regional operations lead
INC-2026-01907,2026-08-25,2026-08,SITE-0188,Denpasar,Cloud Connectivity,High,Closed,2026-08-25T01:41:00,2026-08-25T07:15:00,334,357,Configuration drift,Field Operations,2,Escalate to regional operations lead
INC-2026-02035,2026-08-25,2026-08,SITE-0151,Jakarta,Voice,Low,Resolved,2026-08-25T10:34:00,2026-08-25T11:26:00,52,38,Core router instability,Field Operations,1,Monitor and resolve in standard queue
INC-2026-00149,2026-08-26,2026-08,SITE-0069,Palembang,Voice,Low,Closed,2026-08-26T17:02:00,2026-08-26T18:02:00,60,46,Access node congestion,Field Operations,1,Monitor and resolve in standard queue
INC-2026-00252,2026-08-26,2026-08,SITE-0025,Makassar,IPTV,Medium,Resolved,2026-08-26T23:50:00,2026-08-27T01:49:00,119,79,Customer premises equipment,Field Operations,1,Assign service assurance follow-up
INC-2026-00275,2026-08-26,2026-08,SITE-0035,Makassar,Mobile Broadband,Low,Resolved,2026-08-26T00:54:00,2026-08-26T02:17:00,83,17,Access node congestion,Fiber Maintenance,1,Monitor and resolve in standard queue
INC-2026-00507,2026-08-26,2026-08,SITE-0055,Makassar,Mobile Broadband,Low,Resolved,2026-08-26T00:50:00,2026-08-26T01:41:00,51,44,Customer premises equipment,Customer Assurance,1,Monitor and resolve in standard queue
INC-2026-01173,2026-08-26,2026-08,SITE-0151,Jakarta,Voice,Low,Resolved,2026-08-26T20:05:00,2026-08-26T21:10:00,65,60,Access node congestion,Customer Assurance,1,Monitor and resolve in standard queue
INC-2026-01454,2026-08-26,2026-08,SITE-0241,Jakarta,Mobile Broadband,Low,Resolved,2026-08-26T18:58:00,2026-08-26T19:36:00,38,39,Fiber cut,Fiber Maintenance,1,Monitor and resolve in standard queue
INC-2026-01795,2026-08-26,2026-08,SITE-0002,Bandung,Mobile Broadband,Medium,Closed,2026-08-26T15:34:00,2026-08-26T18:03:00,149,209,Access node congestion,Customer Assurance,1,Assign service assurance follow-up
INC-2026-02057,2026-08-26,2026-08,SITE-0026,Semarang,Enterprise VPN,Low,Closed,2026-08-26T11:56:00,2026-08-26T12:46:00,50,6,Planned maintenance overrun,Fiber Maintenance,1,Monitor and resolve in standard queue
INC-2026-00108,2026-08-27,2026-08,SITE-0082,Bandung,Enterprise VPN,Low,Closed,2026-08-27T12:26:00,2026-08-27T13:12:00,46,8,Customer premises equipment,Field Operations,1,Monitor and resolve in standard queue
INC-2026-00150,2026-08-27,2026-08,SITE-0163,Surabaya,Cloud Connectivity,Low,Resolved,2026-08-27T09:15:00,2026-08-27T10:09:00,54,46,Access node congestion,Enterprise Support,1,Monitor and resolve in standard queue
INC-2026-00292,2026-08-27,2026-08,SITE-0185,Makassar,Mobile Broadband,Low,Resolved,2026-08-27T05:21:00,2026-08-27T06:26:00,65,21,Power outage,Field Operations,1,Monitor and resolve in standard queue
INC-2026-01115,2026-08-27,2026-08,SITE-0076,Semarang,Voice,Critical,Resolved,2026-08-27T12:52:00,2026-08-28T01:10:00,738,599,Fiber cut,Fiber Maintenance,3,Open command bridge and dispatch field team
INC-2026-01666,2026-08-27,2026-08,SITE-0134,Medan,IPTV,Medium,Resolved,2026-08-27T19:37:00,2026-08-27T21:40:00,123,180,Configuration drift,Fiber Maintenance,1,Assign service assurance follow-up
INC-2026-01841,2026-08-27,2026-08,SITE-0178,Denpasar,IPTV,Low,Resolved,2026-08-27T00:37:00,2026-08-27T01:19:00,42,40,Customer premises equipment,Fiber Maintenance,1,Monitor and resolve in standard queue
INC-2026-00171,2026-08-28,2026-08,SITE-0041,Jakarta,Cloud Connectivity,High,Closed,2026-08-28T17:40:00,2026-08-28T23:57:00,377,546,Configuration drift,Enterprise Support,2,Escalate to regional operations lead
INC-2026-00262,2026-08-28,2026-08,SITE-0159,Palembang,Mobile Broadband,Critical,Closed,2026-08-28T14:08:00,2026-08-29T01:52:00,704,472,Customer premises equipment,Field Operations,3,Open command bridge and dispatch field team
INC-2026-00747,2026-08-28,2026-08,SITE-0204,Medan,Cloud Connectivity,High,Closed,2026-08-28T20:43:00,2026-08-29T02:28:00,345,429,Backhaul packet loss,Field Operations,2,Escalate to regional operations lead
INC-2026-01146,2026-08-28,2026-08,SITE-0111,Jakarta,Fiber Internet,Low,Closed,2026-08-28T22:46:00,2026-08-28T23:04:00,18,43,Power outage,Fiber Maintenance,1,Monitor and resolve in standard queue
INC-2026-01286,2026-08-28,2026-08,SITE-0224,Medan,Mobile Broadband,Low,Resolved,2026-08-28T05:39:00,2026-08-28T06:27:00,48,82,Backhaul packet loss,Fiber Maintenance,1,Monitor and resolve in standard queue
INC-2026-01289,2026-08-28,2026-08,SITE-0188,Denpasar,Cloud Connectivity,Medium,Escalated,2026-08-28T19:29:00,,156,145,Configuration drift,NOC Core,1,Assign service assurance follow-up
INC-2026-01314,2026-08-28,2026-08,SITE-0214,Medan,Cloud Connectivity,Low,Closed,2026-08-28T23:18:00,2026-08-29T00:03:00,45,50,Access node congestion,Field Operations,1,Monitor and resolve in standard queue
INC-2026-01368,2026-08-28,2026-08,SITE-0110,Balikpapan,Mobile Broadband,Medium,Resolved,2026-08-28T03:52:00,2026-08-28T06:19:00,147,92,Backhaul packet loss,Customer Assurance,1,Assign service assurance follow-up
INC-2026-00106,2026-08-29,2026-08,SITE-0045,Makassar,Fiber Internet,Critical,Resolved,2026-08-29T09:26:00,2026-08-29T19:26:00,600,620,Power outage,Customer Assurance,3,Open command bridge and dispatch field team
INC-2026-01074,2026-08-29,2026-08,SITE-0031,Jakarta,Cloud Connectivity,Medium,Resolved,2026-08-29T07:03:00,2026-08-29T09:52:00,169,139,Backhaul packet loss,Enterprise Support,1,Assign service assurance follow-up
INC-2026-01647,2026-08-29,2026-08,SITE-0053,Surabaya,Enterprise VPN,Low,Closed,2026-08-29T07:18:00,2026-08-29T08:18:00,60,20,Backhaul packet loss,Enterprise Support,1,Monitor and resolve in standard queue
INC-2026-01997,2026-08-29,2026-08,SITE-0153,Surabaya,Enterprise VPN,Medium,Resolved,2026-08-29T21:59:00,2026-08-30T00:17:00,138,19,Backhaul packet loss,Customer Assurance,1,Assign service assurance follow-up
INC-2026-02171,2026-08-29,2026-08,SITE-0055,Makassar,Mobile Broadband,Low,Resolved,2026-08-29T12:16:00,2026-08-29T13:20:00,64,34,Configuration drift,Customer Assurance,1,Monitor and resolve in standard queue
INC-2026-00179,2026-08-30,2026-08,SITE-0091,Jakarta,Enterprise VPN,Low,Resolved,2026-08-30T09:10:00,2026-08-30T09:58:00,48,22,Access node congestion,Field Operations,1,Monitor and resolve in standard queue
INC-2026-00468,2026-08-30,2026-08,SITE-0200,Balikpapan,Fiber Internet,Medium,Escalated,2026-08-30T01:29:00,,114,163,Fiber cut,Field Operations,1,Assign service assurance follow-up
INC-2026-01043,2026-08-30,2026-08,SITE-0239,Palembang,Voice,Low,Resolved,2026-08-30T10:46:00,2026-08-30T11:55:00,69,58,Customer premises equipment,Customer Assurance,1,Monitor and resolve in standard queue
INC-2026-01212,2026-08-30,2026-08,SITE-0211,Jakarta,Mobile Broadband,Medium,Closed,2026-08-30T22:56:00,2026-08-31T00:55:00,119,230,Configuration drift,Enterprise Support,1,Assign service assurance follow-up
INC-2026-01584,2026-08-30,2026-08,SITE-0160,Balikpapan,Fiber Internet,Critical,Resolved,2026-08-30T19:05:00,2026-08-31T01:18:00,373,960,Fiber cut,NOC Core,3,Open command bridge and dispatch field team
INC-2026-01675,2026-08-30,2026-08,SITE-0158,Denpasar,Voice,Low,Closed,2026-08-30T11:44:00,2026-08-30T12:26:00,42,43,Fiber cut,NOC Core,1,Monitor and resolve in standard queue
INC-2026-01842,2026-08-30,2026-08,SITE-0048,Denpasar,Voice,Low,Closed,2026-08-30T01:20:00,2026-08-30T02:00:00,40,43,Planned maintenance overrun,NOC Core,1,Monitor and resolve in standard queue
INC-2026-02018,2026-08-30,2026-08,SITE-0087,Yogyakarta,Enterprise VPN,Low,Closed,2026-08-30T16:58:00,2026-08-30T18:07:00,69,36,Power outage,Customer Assurance,1,Monitor and resolve in standard queue
INC-2026-02156,2026-08-30,2026-08,SITE-0013,Surabaya,Mobile Broadband,High,Escalated,2026-08-30T21:31:00,,396,300,Backhaul packet loss,Fiber Maintenance,2,Escalate to regional operations lead
INC-2026-00032,2026-08-31,2026-08,SITE-0094,Medan,Voice,Low,Resolved,2026-08-31T15:53:00,2026-08-31T16:31:00,38,51,Backhaul packet loss,Customer Assurance,1,Monitor and resolve in standard queue
INC-2026-00217,2026-08-31,2026-08,SITE-0241,Jakarta,Mobile Broadband,Medium,Resolved,2026-08-31T13:42:00,2026-08-31T16:45:00,183,151,Backhaul packet loss,Fiber Maintenance,1,Assign service assurance follow-up
INC-2026-00585,2026-08-31,2026-08,SITE-0002,Bandung,Mobile Broadband,Medium,Closed,2026-08-31T09:43:00,2026-08-31T13:14:00,211,115,Fiber cut,Fiber Maintenance,1,Assign service assurance follow-up
INC-2026-00619,2026-08-31,2026-08,SITE-0208,Denpasar,Cloud Connectivity,Low,Closed,2026-08-31T19:43:00,2026-08-31T20:11:00,28,52,Customer premises equipment,NOC Core,1,Monitor and resolve in standard queue
INC-2026-00780,2026-08-31,2026-08,SITE-0072,Bandung,Enterprise VPN,Medium,Closed,2026-08-31T10:12:00,2026-08-31T13:14:00,182,64,Customer premises equipment,Fiber Maintenance,1,Assign service assurance follow-up
INC-2026-01345,2026-08-31,2026-08,SITE-0198,Denpasar,Fiber Internet,Low,Closed,2026-08-31T07:01:00,2026-08-31T07:54:00,53,23,Fiber cut,NOC Core,1,Monitor and resolve in standard queue
INC-2026-01501,2026-08-31,2026-08,SITE-0185,Makassar,Mobile Broadband,Low,Closed,2026-08-31T21:55:00,2026-08-31T22:51:00,56,30,Access node congestion,NOC Core,1,Monitor and resolve in standard queue
INC-2026-00356,2026-09-01,2026-09,SITE-0243,Surabaya,Voice,Medium,Resolved,2026-09-01T06:47:00,2026-09-01T09:58:00,191,199,Planned maintenance overrun,Enterprise Support,1,Assign service assurance follow-up
INC-2026-01071,2026-09-01,2026-09,SITE-0155,Makassar,Cloud Connectivity,Low,Resolved,2026-09-01T10:48:00,2026-09-01T11:36:00,48,42,Fiber cut,Enterprise Support,1,Monitor and resolve in standard queue
INC-2026-01131,2026-09-01,2026-09,SITE-0133,Surabaya,Cloud Connectivity,High,Closed,2026-09-01T00:21:00,2026-09-01T06:16:00,355,450,Customer premises equipment,Field Operations,2,Escalate to regional operations lead
INC-2026-01816,2026-09-01,2026-09,SITE-0020,Balikpapan,Mobile Broadband,Medium,Resolved,2026-09-01T12:05:00,2026-09-01T13:54:00,109,131,Customer premises equipment,Enterprise Support,1,Assign service assurance follow-up
INC-2026-01903,2026-09-01,2026-09,SITE-0178,Denpasar,IPTV,Medium,Resolved,2026-09-01T20:46:00,2026-09-01T22:25:00,99,121,Fiber cut,Fiber Maintenance,1,Assign service assurance follow-up
INC-2026-02041,2026-09-01,2026-09,SITE-0072,Bandung,Enterprise VPN,Low,Resolved,2026-09-01T16:24:00,2026-09-01T16:58:00,34,19,Backhaul packet loss,Field Operations,1,Monitor and resolve in standard queue
INC-2026-00270,2026-09-02,2026-09,SITE-0118,Denpasar,Enterprise VPN,Low,Resolved,2026-09-02T19:23:00,2026-09-02T20:27:00,64,2,Planned maintenance overrun,NOC Core,1,Monitor and resolve in standard queue
INC-2026-01052,2026-09-02,2026-09,SITE-0025,Makassar,IPTV,Medium,Resolved,2026-09-02T05:53:00,2026-09-02T07:59:00,126,111,Fiber cut,Enterprise Support,1,Assign service assurance follow-up
INC-2026-01269,2026-09-02,2026-09,SITE-0109,Palembang,Voice,Medium,Resolved,2026-09-02T17:49:00,2026-09-02T20:00:00,131,114,Planned maintenance overrun,Customer Assurance,1,Assign service assurance follow-up
INC-2026-01284,2026-09-02,2026-09,SITE-0196,Semarang,Fiber Internet,Medium,Closed,2026-09-02T18:07:00,2026-09-02T20:49:00,162,110,Configuration drift,Fiber Maintenance,1,Assign service assurance follow-up
INC-2026-01559,2026-09-02,2026-09,SITE-0063,Surabaya,Voice,Medium,Resolved,2026-09-02T11:54:00,2026-09-02T13:28:00,94,78,Configuration drift,Field Operations,1,Assign service assurance follow-up
INC-2026-00441,2026-09-03,2026-09,SITE-0205,Makassar,Cloud Connectivity,Low,Closed,2026-09-03T05:48:00,2026-09-03T06:47:00,59,33,Access node congestion,Customer Assurance,1,Monitor and resolve in standard queue
INC-2026-00470,2026-09-03,2026-09,SITE-0016,Semarang,Enterprise VPN,High,Closed,2026-09-03T03:55:00,2026-09-03T10:21:00,386,152,Fiber cut,Enterprise Support,2,Escalate to regional operations lead
INC-2026-01000,2026-09-03,2026-09,SITE-0032,Bandung,Enterprise VPN,High,Escalated,2026-09-03T00:55:00,,229,126,Power outage,NOC Core,2,Escalate to regional operations lead
INC-2026-01277,2026-09-03,2026-09,SITE-0245,Makassar,Voice,Medium,Resolved,2026-09-03T00:43:00,2026-09-03T03:17:00,154,156,Customer premises equipment,Enterprise Support,1,Assign service assurance follow-up
INC-2026-01722,2026-09-03,2026-09,SITE-0106,Semarang,IPTV,High,Investigating,2026-09-03T14:57:00,,271,422,Backhaul packet loss,Enterprise Support,2,Escalate to regional operations lead
INC-2026-01954,2026-09-03,2026-09,SITE-0198,Denpasar,Fiber Internet,Medium,Resolved,2026-09-03T14:53:00,2026-09-03T17:57:00,184,169,Planned maintenance overrun,Field Operations,1,Assign service assurance follow-up
INC-2026-02164,2026-09-03,2026-09,SITE-0087,Yogyakarta,Enterprise VPN,Medium,Resolved,2026-09-03T00:54:00,2026-09-03T03:47:00,173,127,Configuration drift,NOC Core,1,Assign service assurance follow-up
INC-2026-00012,2026-09-04,2026-09,SITE-0199,Palembang,Mobile Broadband,Medium,Resolved,2026-09-04T14:42:00,2026-09-04T17:27:00,165,116,Planned maintenance overrun,Customer Assurance,1,Assign service assurance follow-up
INC-2026-00487,2026-09-04,2026-09,SITE-0169,Palembang,IPTV,High,Resolved,2026-09-04T22:12:00,2026-09-05T04:32:00,380,305,Planned maintenance overrun,Enterprise Support,2,Escalate to regional operations lead
INC-2026-00572,2026-09-04,2026-09,SITE-0205,Makassar,Cloud Connectivity,Low,Resolved,2026-09-04T17:48:00,2026-09-04T19:08:00,80,39,Power outage,Fiber Maintenance,1,Monitor and resolve in standard queue
INC-2026-00888,2026-09-04,2026-09,SITE-0226,Semarang,Mobile Broadband,Low,Resolved,2026-09-04T14:29:00,2026-09-04T15:32:00,63,42,Planned maintenance overrun,Customer Assurance,1,Monitor and resolve in standard queue
INC-2026-01438,2026-09-04,2026-09,SITE-0202,Bandung,Voice,Medium,Closed,2026-09-04T04:36:00,2026-09-04T07:32:00,176,4,Backhaul packet loss,Enterprise Support,1,Assign service assurance follow-up
INC-2026-01772,2026-09-04,2026-09,SITE-0078,Denpasar,Cloud Connectivity,Critical,Resolved,2026-09-04T03:19:00,2026-09-04T16:56:00,817,426,Power outage,Fiber Maintenance,3,Open command bridge and dispatch field team
INC-2026-01894,2026-09-05,2026-09,SITE-0207,Yogyakarta,Cloud Connectivity,Low,Resolved,2026-09-05T16:46:00,2026-09-05T17:50:00,64,24,Planned maintenance overrun,Field Operations,1,Monitor and resolve in standard queue
INC-2026-02070,2026-09-05,2026-09,SITE-0218,Denpasar,Enterprise VPN,Critical,Closed,2026-09-05T23:10:00,2026-09-06T13:18:00,848,270,Configuration drift,Customer Assurance,3,Open command bridge and dispatch field team
INC-2026-00219,2026-09-06,2026-09,SITE-0057,Yogyakarta,IPTV,High,Resolved,2026-09-06T02:21:00,2026-09-06T08:02:00,341,722,Backhaul packet loss,Customer Assurance,2,Escalate to regional operations lead
INC-2026-00646,2026-09-06,2026-09,SITE-0218,Denpasar,Enterprise VPN,Medium,Resolved,2026-09-06T23:13:00,2026-09-07T01:58:00,165,44,Customer premises equipment,NOC Core,1,Assign service assurance follow-up
INC-2026-00740,2026-09-06,2026-09,SITE-0192,Bandung,Mobile Broadband,Medium,Resolved,2026-09-06T06:50:00,2026-09-06T09:12:00,142,178,Core router instability,Enterprise Support,1,Assign service assurance follow-up
INC-2026-00946,2026-09-06,2026-09,SITE-0195,Makassar,Fiber Internet,Medium,Resolved,2026-09-06T08:39:00,2026-09-06T12:45:00,246,117,Fiber cut,Fiber Maintenance,1,Assign service assurance follow-up
INC-2026-01552,2026-09-06,2026-09,SITE-0056,Semarang,Cloud Connectivity,Low,Closed,2026-09-06T12:09:00,2026-09-06T12:48:00,39,64,Core router instability,Customer Assurance,1,Monitor and resolve in standard queue
INC-2026-01684,2026-09-06,2026-09,SITE-0127,Yogyakarta,Mobile Broadband,Medium,Closed,2026-09-06T14:27:00,2026-09-06T17:06:00,159,106,Backhaul packet loss,Customer Assurance,1,Assign service assurance follow-up
INC-2026-02043,2026-09-06,2026-09,SITE-0165,Makassar,IPTV,High,Closed,2026-09-06T09:01:00,2026-09-06T18:20:00,559,182,Configuration drift,NOC Core,2,Escalate to regional operations lead
INC-2026-02084,2026-09-06,2026-09,SITE-0240,Balikpapan,Mobile Broadband,Low,Closed,2026-09-06T06:23:00,2026-09-06T07:32:00,69,22,Power outage,Enterprise Support,1,Monitor and resolve in standard queue
INC-2026-00268,2026-09-07,2026-09,SITE-0079,Palembang,Enterprise VPN,Medium,Resolved,2026-09-07T18:20:00,2026-09-07T19:27:00,67,58,Customer premises equipment,NOC Core,1,Assign service assurance follow-up
INC-2026-00529,2026-09-07,2026-09,SITE-0157,Yogyakarta,Mobile Broadband,Medium,Resolved,2026-09-07T09:42:00,2026-09-07T13:26:00,224,84,Planned maintenance overrun,Enterprise Support,1,Assign service assurance follow-up
INC-2026-00809,2026-09-07,2026-09,SITE-0247,Yogyakarta,Cloud Connectivity,Medium,Resolved,2026-09-07T00:20:00,2026-09-07T03:17:00,177,113,Configuration drift,Field Operations,1,Assign service assurance follow-up
INC-2026-00873,2026-09-07,2026-09,SITE-0211,Jakarta,Mobile Broadband,Medium,Resolved,2026-09-07T21:17:00,2026-09-08T00:18:00,181,198,Core router instability,Fiber Maintenance,1,Assign service assurance follow-up
INC-2026-00076,2026-09-08,2026-09,SITE-0190,Balikpapan,IPTV,Medium,Open,2026-09-08T13:06:00,,127,85,Configuration drift,Enterprise Support,1,Assign service assurance follow-up
INC-2026-00685,2026-09-08,2026-09,SITE-0088,Denpasar,Fiber Internet,Low,Closed,2026-09-08T05:38:00,2026-09-08T06:50:00,72,28,Planned maintenance overrun,Enterprise Support,1,Monitor and resolve in standard queue
INC-2026-01093,2026-09-08,2026-09,SITE-0006,Semarang,Cloud Connectivity,Low,Resolved,2026-09-08T20:22:00,2026-09-08T21:36:00,74,30,Planned maintenance overrun,NOC Core,1,Monitor and resolve in standard queue
INC-2026-01630,2026-09-08,2026-09,SITE-0037,Yogyakarta,Cloud Connectivity,High,Resolved,2026-09-08T20:17:00,2026-09-09T03:00:00,403,615,Planned maintenance overrun,Enterprise Support,2,Escalate to regional operations lead
INC-2026-01957,2026-09-08,2026-09,SITE-0115,Makassar,Mobile Broadband,High,Closed,2026-09-08T11:18:00,2026-09-08T20:11:00,533,185,Power outage,Enterprise Support,2,Escalate to regional operations lead
INC-2026-02186,2026-09-08,2026-09,SITE-0014,Medan,Voice,Medium,Closed,2026-09-08T02:18:00,2026-09-08T04:45:00,147,99,Planned maintenance overrun,Fiber Maintenance,1,Assign service assurance follow-up
INC-2026-00265,2026-09-09,2026-09,SITE-0048,Denpasar,Voice,High,Resolved,2026-09-09T14:37:00,2026-09-09T19:33:00,296,342,Core router instability,Enterprise Support,2,Escalate to regional operations lead
INC-2026-00300,2026-09-09,2026-09,SITE-0138,Denpasar,Enterprise VPN,Low,Closed,2026-09-09T10:38:00,2026-09-09T11:51:00,73,12,Customer premises equipment,Fiber Maintenance,1,Monitor and resolve in standard queue
INC-2026-01358,2026-09-09,2026-09,SITE-0177,Yogyakarta,Fiber Internet,Medium,Resolved,2026-09-09T10:59:00,2026-09-09T14:30:00,211,150,Core router instability,NOC Core,1,Assign service assurance follow-up
INC-2026-01463,2026-09-09,2026-09,SITE-0066,Semarang,Mobile Broadband,High,Closed,2026-09-09T13:37:00,2026-09-09T18:15:00,278,311,Customer premises equipment,Fiber Maintenance,2,Escalate to regional operations lead
INC-2026-01857,2026-09-09,2026-09,SITE-0147,Yogyakarta,Fiber Internet,Low,Closed,2026-09-09T18:17:00,2026-09-09T19:22:00,65,62,Power outage,Customer Assurance,1,Monitor and resolve in standard queue
INC-2026-02071,2026-09-09,2026-09,SITE-0193,Surabaya,IPTV,Medium,Resolved,2026-09-09T04:37:00,2026-09-09T06:28:00,111,57,Core router instability,Enterprise Support,1,Assign service assurance follow-up
INC-2026-00248,2026-09-10,2026-09,SITE-0241,Jakarta,Mobile Broadband,High,Resolved,2026-09-10T22:12:00,2026-09-11T01:44:00,212,338,Access node congestion,Enterprise Support,2,Escalate to regional operations lead
INC-2026-00555,2026-09-10,2026-09,SITE-0195,Makassar,Fiber Internet,Low,Resolved,2026-09-10T02:28:00,2026-09-10T03:20:00,52,17,Access node congestion,Enterprise Support,1,Monitor and resolve in standard queue
INC-2026-00836,2026-09-10,2026-09,SITE-0067,Yogyakarta,Voice,High,Closed,2026-09-10T06:40:00,2026-09-10T13:59:00,439,316,Core router instability,Enterprise Support,2,Escalate to regional operations lead
INC-2026-01877,2026-09-10,2026-09,SITE-0091,Jakarta,Enterprise VPN,Medium,Closed,2026-09-10T13:35:00,2026-09-10T15:17:00,102,114,Customer premises equipment,Fiber Maintenance,1,Assign service assurance follow-up
INC-2026-00042,2026-09-11,2026-09,SITE-0010,Balikpapan,Cloud Connectivity,Medium,Resolved,2026-09-11T16:56:00,2026-09-11T19:50:00,174,200,Core router instability,Enterprise Support,1,Assign service assurance follow-up
INC-2026-00062,2026-09-11,2026-09,SITE-0202,Bandung,Voice,Low,Resolved,2026-09-11T08:32:00,2026-09-11T09:26:00,54,1,Fiber cut,Fiber Maintenance,1,Monitor and resolve in standard queue
INC-2026-00158,2026-09-11,2026-09,SITE-0047,Yogyakarta,Mobile Broadband,Low,Closed,2026-09-11T17:24:00,2026-09-11T18:09:00,45,47,Configuration drift,NOC Core,1,Monitor and resolve in standard queue
INC-2026-00663,2026-09-11,2026-09,SITE-0214,Medan,Cloud Connectivity,Medium,Closed,2026-09-11T19:04:00,2026-09-11T21:01:00,117,162,Backhaul packet loss,Field Operations,1,Assign service assurance follow-up
INC-2026-01133,2026-09-11,2026-09,SITE-0230,Balikpapan,IPTV,Low,Closed,2026-09-11T12:10:00,2026-09-11T12:45:00,35,85,Fiber cut,Fiber Maintenance,1,Monitor and resolve in standard queue
INC-2026-01270,2026-09-11,2026-09,SITE-0081,Jakarta,Voice,Medium,Resolved,2026-09-11T12:33:00,2026-09-11T14:21:00,108,214,Fiber cut,Fiber Maintenance,1,Assign service assurance follow-up
INC-2026-01393,2026-09-11,2026-09,SITE-0216,Semarang,Enterprise VPN,Low,Resolved,2026-09-11T15:12:00,2026-09-11T16:19:00,67,1,Planned maintenance overrun,Customer Assurance,1,Monitor and resolve in standard queue
INC-2026-00405,2026-09-12,2026-09,SITE-0211,Jakarta,Mobile Broadband,Medium,Resolved,2026-09-12T05:32:00,2026-09-12T07:53:00,141,123,Configuration drift,Enterprise Support,1,Assign service assurance follow-up
INC-2026-00748,2026-09-12,2026-09,SITE-0044,Medan,Cloud Connectivity,Medium,Closed,2026-09-12T15:16:00,2026-09-12T17:38:00,142,104,Access node congestion,Fiber Maintenance,1,Assign service assurance follow-up
INC-2026-00905,2026-09-12,2026-09,SITE-0091,Jakarta,Enterprise VPN,Medium,Open,2026-09-12T06:45:00,,124,87,Power outage,Enterprise Support,1,Assign service assurance follow-up
INC-2026-01019,2026-09-12,2026-09,SITE-0081,Jakarta,Voice,Medium,Escalated,2026-09-12T02:35:00,,155,204,Access node congestion,Fiber Maintenance,1,Assign service assurance follow-up
INC-2026-01391,2026-09-12,2026-09,SITE-0240,Balikpapan,Mobile Broadband,Low,Resolved,2026-09-12T01:27:00,2026-09-12T02:54:00,87,29,Fiber cut,Field Operations,1,Monitor and resolve in standard queue
INC-2026-01663,2026-09-12,2026-09,SITE-0122,Bandung,Enterprise VPN,Low,Resolved,2026-09-12T14:24:00,2026-09-12T15:09:00,45,13,Backhaul packet loss,NOC Core,1,Monitor and resolve in standard queue
INC-2026-01905,2026-09-12,2026-09,SITE-0068,Denpasar,Fiber Internet,Low,Resolved,2026-09-12T19:54:00,2026-09-12T20:32:00,38,38,Power outage,Enterprise Support,1,Monitor and resolve in standard queue
INC-2026-01960,2026-09-12,2026-09,SITE-0143,Surabaya,Mobile Broadband,Low,Closed,2026-09-12T20:54:00,2026-09-12T21:43:00,49,58,Access node congestion,Customer Assurance,1,Monitor and resolve in standard queue
INC-2026-01201,2026-09-13,2026-09,SITE-0198,Denpasar,Fiber Internet,Low,Escalated,2026-09-13T07:29:00,,38,25,Backhaul packet loss,Field Operations,1,Monitor and resolve in standard queue
INC-2026-00021,2026-09-14,2026-09,SITE-0149,Palembang,Fiber Internet,Low,Closed,2026-09-14T14:29:00,2026-09-14T15:15:00,46,25,Fiber cut,Fiber Maintenance,1,Monitor and resolve in standard queue
INC-2026-00699,2026-09-14,2026-09,SITE-0124,Medan,Mobile Broadband,Medium,Closed,2026-09-14T01:43:00,2026-09-14T04:42:00,179,110,Access node congestion,Field Operations,1,Assign service assurance follow-up
INC-2026-01339,2026-09-14,2026-09,SITE-0145,Makassar,Mobile Broadband,Low,Resolved,2026-09-14T15:56:00,2026-09-14T17:12:00,76,57,Core router instability,Customer Assurance,1,Monitor and resolve in standard queue
INC-2026-01664,2026-09-14,2026-09,SITE-0216,Semarang,Enterprise VPN,Low,Resolved,2026-09-14T10:24:00,2026-09-14T11:05:00,41,1,Access node congestion,Enterprise Support,1,Monitor and resolve in standard queue
INC-2026-01701,2026-09-14,2026-09,SITE-0176,Semarang,Fiber Internet,High,Resolved,2026-09-14T08:27:00,2026-09-14T12:27:00,240,330,Backhaul packet loss,Enterprise Support,2,Escalate to regional operations lead
INC-2026-01924,2026-09-14,2026-09,SITE-0243,Surabaya,Voice,Medium,Resolved,2026-09-14T10:00:00,2026-09-14T12:58:00,178,156,Core router instability,NOC Core,1,Assign service assurance follow-up
INC-2026-02065,2026-09-14,2026-09,SITE-0019,Palembang,Enterprise VPN,Medium,Closed,2026-09-14T11:03:00,2026-09-14T12:44:00,101,74,Configuration drift,NOC Core,1,Assign service assurance follow-up
INC-2026-00249,2026-09-15,2026-09,SITE-0138,Denpasar,Enterprise VPN,Medium,Closed,2026-09-15T22:27:00,2026-09-16T01:34:00,187,39,Core router instability,Fiber Maintenance,1,Assign service assurance follow-up
INC-2026-00931,2026-09-15,2026-09,SITE-0013,Surabaya,Mobile Broadband,Low,Closed,2026-09-15T17:21:00,2026-09-15T18:08:00,47,21,Power outage,NOC Core,1,Monitor and resolve in standard queue
INC-2026-01412,2026-09-15,2026-09,SITE-0246,Semarang,Mobile Broadband,Low,Closed,2026-09-15T18:56:00,2026-09-15T19:41:00,45,67,Customer premises equipment,Enterprise Support,1,Monitor and resolve in standard queue
INC-2026-01611,2026-09-15,2026-09,SITE-0144,Medan,Enterprise VPN,Medium,Resolved,2026-09-15T18:44:00,2026-09-15T20:54:00,130,18,Core router instability,Fiber Maintenance,1,Assign service assurance follow-up
INC-2026-01688,2026-09-15,2026-09,SITE-0205,Makassar,Cloud Connectivity,High,Closed,2026-09-15T08:35:00,2026-09-15T17:12:00,517,195,Access node congestion,NOC Core,2,Escalate to regional operations lead
INC-2026-01749,2026-09-15,2026-09,SITE-0189,Palembang,Mobile Broadband,Low,Escalated,2026-09-15T03:32:00,,50,41,Fiber cut,Fiber Maintenance,1,Monitor and resolve in standard queue
INC-2026-02052,2026-09-15,2026-09,SITE-0072,Bandung,Enterprise VPN,Low,Closed,2026-09-15T00:02:00,2026-09-15T01:03:00,61,19,Power outage,Fiber Maintenance,1,Monitor and resolve in standard queue
INC-2026-00119,2026-09-16,2026-09,SITE-0245,Makassar,Voice,Low,Closed,2026-09-16T19:06:00,2026-09-16T20:02:00,56,40,Core router instability,Fiber Maintenance,1,Monitor and resolve in standard queue
INC-2026-00401,2026-09-16,2026-09,SITE-0040,Balikpapan,Voice,Medium,Escalated,2026-09-16T08:31:00,,164,141,Backhaul packet loss,Fiber Maintenance,1,Assign service assurance follow-up
INC-2026-01373,2026-09-16,2026-09,SITE-0246,Semarang,Mobile Broadband,Medium,Resolved,2026-09-16T08:34:00,2026-09-16T11:52:00,198,186,Core router instability,Field Operations,1,Assign service assurance follow-up
INC-2026-01627,2026-09-16,2026-09,SITE-0205,Makassar,Cloud Connectivity,High,Resolved,2026-09-16T14:25:00,2026-09-16T21:09:00,404,317,Fiber cut,NOC Core,2,Escalate to regional operations lead
INC-2026-00001,2026-09-17,2026-09,SITE-0211,Jakarta,Mobile Broadband,Low,Closed,2026-09-17T02:20:00,2026-09-17T03:16:00,56,42,Backhaul packet loss,Field Operations,1,Monitor and resolve in standard queue
INC-2026-01281,2026-09-17,2026-09,SITE-0185,Makassar,Mobile Broadband,Low,Resolved,2026-09-17T02:23:00,2026-09-17T04:06:00,103,50,Planned maintenance overrun,Fiber Maintenance,1,Monitor and resolve in standard queue
INC-2026-01299,2026-09-17,2026-09,SITE-0197,Yogyakarta,Enterprise VPN,Medium,Resolved,2026-09-17T23:19:00,2026-09-18T01:42:00,143,60,Access node congestion,NOC Core,1,Assign service assurance follow-up
INC-2026-01483,2026-09-17,2026-09,SITE-0095,Makassar,IPTV,High,Escalated,2026-09-17T19:02:00,,612,357,Configuration drift,Field Operations,2,Escalate to regional operations lead
INC-2026-01656,2026-09-17,2026-09,SITE-0023,Surabaya,Cloud Connectivity,Medium,Resolved,2026-09-17T10:24:00,2026-09-17T13:12:00,168,66,Core router instability,Field Operations,1,Assign service assurance follow-up
INC-2026-00753,2026-09-18,2026-09,SITE-0008,Denpasar,Fiber Internet,Medium,Resolved,2026-09-18T06:42:00,2026-09-18T08:21:00,99,101,Planned maintenance overrun,Field Operations,1,Assign service assurance follow-up
INC-2026-01138,2026-09-18,2026-09,SITE-0216,Semarang,Enterprise VPN,Low,Investigating,2026-09-18T02:54:00,,56,2,Configuration drift,Fiber Maintenance,1,Monitor and resolve in standard queue
INC-2026-01232,2026-09-18,2026-09,SITE-0100,Balikpapan,Cloud Connectivity,High,Closed,2026-09-18T00:49:00,2026-09-18T06:06:00,317,364,Customer premises equipment,NOC Core,2,Escalate to regional operations lead
INC-2026-01414,2026-09-18,2026-09,SITE-0188,Denpasar,Cloud Connectivity,Medium,Closed,2026-09-18T19:34:00,2026-09-18T21:57:00,143,193,Customer premises equipment,Fiber Maintenance,1,Assign service assurance follow-up
INC-2026-01590,2026-09-18,2026-09,SITE-0238,Denpasar,Mobile Broadband,High,Closed,2026-09-18T00:09:00,2026-09-18T04:08:00,239,374,Core router instability,NOC Core,2,Escalate to regional operations lead
INC-2026-01593,2026-09-18,2026-09,SITE-0028,Denpasar,Voice,Medium,Resolved,2026-09-18T22:12:00,2026-09-19T00:46:00,154,137,Backhaul packet loss,NOC Core,1,Assign service assurance follow-up
INC-2026-01862,2026-09-18,2026-09,SITE-0170,Balikpapan,Voice,Medium,Resolved,2026-09-18T17:57:00,2026-09-18T21:00:00,183,132,Core router instability,Field Operations,1,Assign service assurance follow-up
INC-2026-01944,2026-09-18,2026-09,SITE-0161,Jakarta,Fiber Internet,Low,Resolved,2026-09-18T11:35:00,2026-09-18T12:38:00,63,28,Customer premises equipment,Field Operations,1,Monitor and resolve in standard queue
INC-2026-02021,2026-09-18,2026-09,SITE-0075,Makassar,IPTV,High,Resolved,2026-09-18T03:02:00,2026-09-18T10:45:00,463,232,Backhaul packet loss,Customer Assurance,2,Escalate to regional operations lead
INC-2026-00624,2026-09-19,2026-09,SITE-0083,Surabaya,Mobile Broadband,Medium,Resolved,2026-09-19T17:58:00,2026-09-19T21:35:00,217,95,Planned maintenance overrun,Fiber Maintenance,1,Assign service assurance follow-up
INC-2026-00640,2026-09-19,2026-09,SITE-0024,Medan,Voice,Medium,Investigating,2026-09-19T13:03:00,,107,115,Fiber cut,Field Operations,1,Assign service assurance follow-up
INC-2026-00757,2026-09-19,2026-09,SITE-0043,Surabaya,Cloud Connectivity,Medium,Closed,2026-09-19T11:37:00,2026-09-19T13:43:00,126,203,Access node congestion,Fiber Maintenance,1,Assign service assurance follow-up
INC-2026-01135,2026-09-19,2026-09,SITE-0242,Bandung,Enterprise VPN,Medium,Resolved,2026-09-19T16:03:00,2026-09-19T19:06:00,183,28,Planned maintenance overrun,Fiber Maintenance,1,Assign service assurance follow-up
INC-2026-01422,2026-09-19,2026-09,SITE-0120,Balikpapan,Cloud Connectivity,Low,Resolved,2026-09-19T09:46:00,2026-09-19T11:02:00,76,31,Fiber cut,Field Operations,1,Monitor and resolve in standard queue
INC-2026-00026,2026-09-20,2026-09,SITE-0208,Denpasar,Cloud Connectivity,Medium,Resolved,2026-09-20T21:09:00,2026-09-20T22:56:00,107,92,Access node congestion,Fiber Maintenance,1,Assign service assurance follow-up
INC-2026-00184,2026-09-20,2026-09,SITE-0029,Palembang,Voice,Low,Resolved,2026-09-20T13:31:00,2026-09-20T14:16:00,45,23,Backhaul packet loss,NOC Core,1,Monitor and resolve in standard queue
INC-2026-00504,2026-09-20,2026-09,SITE-0138,Denpasar,Enterprise VPN,Medium,Resolved,2026-09-20T02:07:00,2026-09-20T04:57:00,170,49,Fiber cut,Customer Assurance,1,Assign service assurance follow-up
INC-2026-00596,2026-09-20,2026-09,SITE-0010,Balikpapan,Cloud Connectivity,Low,Closed,2026-09-20T18:36:00,2026-09-20T19:16:00,40,48,Core router instability,Enterprise Support,1,Monitor and resolve in standard queue
INC-2026-01165,2026-09-20,2026-09,SITE-0183,Surabaya,Fiber Internet,High,Resolved,2026-09-20T03:17:00,2026-09-20T10:20:00,423,173,Core router instability,Field Operations,2,Escalate to regional operations lead
INC-2026-01344,2026-09-20,2026-09,SITE-0201,Jakarta,Voice,High,Resolved,2026-09-20T23:50:00,2026-09-21T04:57:00,307,495,Fiber cut,Customer Assurance,2,Escalate to regional operations lead
INC-2026-01820,2026-09-20,2026-09,SITE-0143,Surabaya,Mobile Broadband,Medium,Resolved,2026-09-20T00:41:00,2026-09-20T02:41:00,120,140,Backhaul packet loss,Fiber Maintenance,1,Assign service assurance follow-up
INC-2026-01821,2026-09-20,2026-09,SITE-0048,Denpasar,Voice,Low,Resolved,2026-09-20T19:38:00,2026-09-20T20:41:00,63,56,Core router instability,Fiber Maintenance,1,Monitor and resolve in standard queue
INC-2026-00877,2026-09-21,2026-09,SITE-0193,Surabaya,IPTV,Low,Closed,2026-09-21T01:59:00,2026-09-21T02:55:00,56,16,Fiber cut,Field Operations,1,Monitor and resolve in standard queue
INC-2026-01049,2026-09-21,2026-09,SITE-0130,Balikpapan,Enterprise VPN,High,Resolved,2026-09-21T15:42:00,2026-09-21T19:56:00,254,198,Core router instability,Field Operations,2,Escalate to regional operations lead
INC-2026-01764,2026-09-21,2026-09,SITE-0232,Bandung,Enterprise VPN,Low,Resolved,2026-09-21T12:06:00,2026-09-21T13:06:00,60,4,Fiber cut,Customer Assurance,1,Monitor and resolve in standard queue
INC-2026-02133,2026-09-21,2026-09,SITE-0027,Yogyakarta,IPTV,High,Closed,2026-09-21T03:21:00,2026-09-21T09:00:00,339,230,Power outage,Field Operations,2,Escalate to regional operations lead
INC-2026-02192,2026-09-21,2026-09,SITE-0207,Yogyakarta,Cloud Connectivity,Low,Closed,2026-09-21T02:56:00,2026-09-21T03:40:00,44,42,Planned maintenance overrun,Fiber Maintenance,1,Monitor and resolve in standard queue
INC-2026-02200,2026-09-21,2026-09,SITE-0231,Jakarta,IPTV,Medium,Resolved,2026-09-21T03:13:00,2026-09-21T05:19:00,126,148,Access node congestion,NOC Core,1,Assign service assurance follow-up
INC-2026-00983,2026-09-22,2026-09,SITE-0228,Denpasar,Cloud Connectivity,Low,Investigating,2026-09-22T06:13:00,,64,17,Power outage,Fiber Maintenance,1,Monitor and resolve in standard queue
INC-2026-01491,2026-09-22,2026-09,SITE-0049,Palembang,IPTV,Medium,Escalated,2026-09-22T09:06:00,,138,169,Backhaul packet loss,Fiber Maintenance,1,Assign service assurance follow-up
INC-2026-01555,2026-09-22,2026-09,SITE-0152,Bandung,Fiber Internet,Medium,Closed,2026-09-22T20:45:00,2026-09-22T23:11:00,146,224,Customer premises equipment,Field Operations,1,Assign service assurance follow-up
INC-2026-01806,2026-09-22,2026-09,SITE-0166,Semarang,Voice,High,Resolved,2026-09-22T17:52:00,2026-09-23T00:14:00,382,135,Fiber cut,Field Operations,2,Escalate to regional operations lead
INC-2026-02078,2026-09-22,2026-09,SITE-0104,Medan,Cloud Connectivity,Critical,Resolved,2026-09-22T20:09:00,2026-09-23T10:25:00,856,463,Access node congestion,Field Operations,3,Open command bridge and dispatch field team
INC-2026-00019,2026-09-23,2026-09,SITE-0094,Medan,Voice,Medium,Closed,2026-09-23T15:31:00,2026-09-23T17:59:00,148,175,Access node congestion,Field Operations,1,Assign service assurance follow-up
INC-2026-00033,2026-09-23,2026-09,SITE-0244,Medan,Enterprise VPN,Low,Resolved,2026-09-23T03:11:00,2026-09-23T04:05:00,54,12,Customer premises equipment,Fiber Maintenance,1,Monitor and resolve in standard queue
INC-2026-00153,2026-09-23,2026-09,SITE-0131,Jakarta,Cloud Connectivity,Medium,Closed,2026-09-23T20:12:00,2026-09-23T21:11:00,59,95,Fiber cut,NOC Core,1,Assign service assurance follow-up
INC-2026-00587,2026-09-23,2026-09,SITE-0218,Denpasar,Enterprise VPN,High,Resolved,2026-09-23T00:10:00,2026-09-23T07:19:00,429,215,Power outage,Customer Assurance,2,Escalate to regional operations lead
INC-2026-00828,2026-09-23,2026-09,SITE-0072,Bandung,Enterprise VPN,Low,Resolved,2026-09-23T03:41:00,2026-09-23T04:55:00,74,29,Core router instability,Enterprise Support,1,Monitor and resolve in standard queue
INC-2026-01268,2026-09-23,2026-09,SITE-0150,Balikpapan,IPTV,Medium,Closed,2026-09-23T04:59:00,2026-09-23T07:03:00,124,94,Access node congestion,Field Operations,1,Assign service assurance follow-up
INC-2026-01515,2026-09-23,2026-09,SITE-0181,Jakarta,Enterprise VPN,Low,Closed,2026-09-23T17:47:00,2026-09-23T18:53:00,66,8,Fiber cut,Enterprise Support,1,Monitor and resolve in standard queue
INC-2026-01937,2026-09-23,2026-09,SITE-0066,Semarang,Mobile Broadband,Medium,Closed,2026-09-23T08:42:00,2026-09-23T11:37:00,175,66,Access node congestion,Customer Assurance,1,Assign service assurance follow-up
INC-2026-00005,2026-09-24,2026-09,SITE-0072,Bandung,Enterprise VPN,Low,Resolved,2026-09-24T11:32:00,2026-09-24T12:24:00,52,27,Core router instability,NOC Core,1,Monitor and resolve in standard queue
INC-2026-00206,2026-09-24,2026-09,SITE-0066,Semarang,Mobile Broadband,Medium,Closed,2026-09-24T19:13:00,2026-09-24T21:29:00,136,99,Configuration drift,Field Operations,1,Assign service assurance follow-up
INC-2026-00557,2026-09-24,2026-09,SITE-0222,Bandung,Mobile Broadband,High,Resolved,2026-09-24T21:28:00,2026-09-25T04:24:00,416,555,Core router instability,Fiber Maintenance,2,Escalate to regional operations lead
INC-2026-00977,2026-09-24,2026-09,SITE-0164,Medan,Voice,High,Closed,2026-09-24T15:14:00,2026-09-24T19:52:00,278,498,Backhaul packet loss,Enterprise Support,2,Escalate to regional operations lead
INC-2026-01390,2026-09-24,2026-09,SITE-0035,Makassar,Mobile Broadband,Low,Resolved,2026-09-24T00:54:00,2026-09-24T01:37:00,43,25,Configuration drift,NOC Core,1,Monitor and resolve in standard queue
INC-2026-01612,2026-09-24,2026-09,SITE-0107,Yogyakarta,Enterprise VPN,Low,Closed,2026-09-24T02:08:00,2026-09-24T03:11:00,63,1,Core router instability,NOC Core,1,Monitor and resolve in standard queue
INC-2026-01736,2026-09-24,2026-09,SITE-0192,Bandung,Mobile Broadband,Low,Closed,2026-09-24T19:27:00,2026-09-24T20:20:00,53,47,Planned maintenance overrun,NOC Core,1,Monitor and resolve in standard queue
INC-2026-00181,2026-09-25,2026-09,SITE-0086,Semarang,IPTV,Low,Resolved,2026-09-25T15:00:00,2026-09-25T16:28:00,88,20,Backhaul packet loss,Customer Assurance,1,Monitor and resolve in standard queue
INC-2026-01400,2026-09-25,2026-09,SITE-0152,Bandung,Fiber Internet,High,Resolved,2026-09-25T03:16:00,2026-09-25T07:18:00,242,632,Fiber cut,Enterprise Support,2,Escalate to regional operations lead
INC-2026-01416,2026-09-25,2026-09,SITE-0013,Surabaya,Mobile Broadband,Low,Resolved,2026-09-25T13:14:00,2026-09-25T14:30:00,76,24,Access node congestion,Field Operations,1,Monitor and resolve in standard queue
INC-2026-01936,2026-09-25,2026-09,SITE-0230,Balikpapan,IPTV,Low,Closed,2026-09-25T07:18:00,2026-09-25T08:05:00,47,39,Planned maintenance overrun,Enterprise Support,1,Monitor and resolve in standard queue
INC-2026-00676,2026-09-26,2026-09,SITE-0198,Denpasar,Fiber Internet,Low,Resolved,2026-09-26T00:20:00,2026-09-26T01:26:00,66,50,Fiber cut,NOC Core,1,Monitor and resolve in standard queue
INC-2026-01300,2026-09-26,2026-09,SITE-0133,Surabaya,Cloud Connectivity,Low,Resolved,2026-09-26T10:09:00,2026-09-26T10:50:00,41,44,Core router instability,NOC Core,1,Monitor and resolve in standard queue
INC-2026-01423,2026-09-26,2026-09,SITE-0197,Yogyakarta,Enterprise VPN,Medium,Escalated,2026-09-26T23:49:00,,121,46,Access node congestion,Enterprise Support,1,Assign service assurance follow-up
INC-2026-01489,2026-09-26,2026-09,SITE-0213,Surabaya,Cloud Connectivity,Low,Resolved,2026-09-26T17:03:00,2026-09-26T18:03:00,60,10,Fiber cut,Enterprise Support,1,Monitor and resolve in standard queue
INC-2026-01870,2026-09-26,2026-09,SITE-0215,Makassar,Voice,Low,Resolved,2026-09-26T18:50:00,2026-09-26T19:48:00,58,51,Core router instability,Field Operations,1,Monitor and resolve in standard queue
INC-2026-01892,2026-09-26,2026-09,SITE-0188,Denpasar,Cloud Connectivity,Low,Closed,2026-09-26T02:14:00,2026-09-26T03:16:00,62,49,Customer premises equipment,Fiber Maintenance,1,Monitor and resolve in standard queue
INC-2026-00413,2026-09-27,2026-09,SITE-0135,Makassar,Voice,Low,Resolved,2026-09-27T15:17:00,2026-09-27T16:31:00,74,40,Access node congestion,Fiber Maintenance,1,Monitor and resolve in standard queue
INC-2026-00448,2026-09-27,2026-09,SITE-0142,Bandung,Mobile Broadband,Low,Resolved,2026-09-27T07:47:00,2026-09-27T08:34:00,47,17,Power outage,Fiber Maintenance,1,Monitor and resolve in standard queue
INC-2026-00559,2026-09-27,2026-09,SITE-0002,Bandung,Mobile Broadband,Low,Closed,2026-09-27T19:34:00,2026-09-27T20:45:00,71,50,Configuration drift,Enterprise Support,1,Monitor and resolve in standard queue
INC-2026-00919,2026-09-27,2026-09,SITE-0043,Surabaya,Cloud Connectivity,Low,Resolved,2026-09-27T09:21:00,2026-09-27T10:22:00,61,34,Customer premises equipment,Customer Assurance,1,Monitor and resolve in standard queue
INC-2026-00961,2026-09-27,2026-09,SITE-0081,Jakarta,Voice,High,Closed,2026-09-27T23:22:00,2026-09-28T07:03:00,461,653,Access node congestion,Fiber Maintenance,2,Escalate to regional operations lead
INC-2026-01075,2026-09-27,2026-09,SITE-0211,Jakarta,Mobile Broadband,High,Closed,2026-09-27T04:37:00,2026-09-27T13:07:00,510,240,Access node congestion,NOC Core,2,Escalate to regional operations lead
INC-2026-01242,2026-09-27,2026-09,SITE-0092,Bandung,Voice,High,Closed,2026-09-27T02:50:00,2026-09-27T07:09:00,259,497,Fiber cut,Customer Assurance,2,Escalate to regional operations lead
INC-2026-01595,2026-09-27,2026-09,SITE-0132,Bandung,Fiber Internet,Low,Resolved,2026-09-27T04:21:00,2026-09-27T04:45:00,24,17,Core router instability,Customer Assurance,1,Monitor and resolve in standard queue
INC-2026-01625,2026-09-27,2026-09,SITE-0060,Balikpapan,Fiber Internet,Low,Resolved,2026-09-27T12:38:00,2026-09-27T13:53:00,75,28,Backhaul packet loss,Enterprise Support,1,Monitor and resolve in standard queue
INC-2026-01768,2026-09-27,2026-09,SITE-0028,Denpasar,Voice,High,Resolved,2026-09-27T21:19:00,2026-09-28T03:43:00,384,344,Fiber cut,Field Operations,2,Escalate to regional operations lead
INC-2026-00326,2026-09-28,2026-09,SITE-0249,Palembang,Enterprise VPN,Low,Resolved,2026-09-28T03:42:00,2026-09-28T04:30:00,48,14,Customer premises equipment,Fiber Maintenance,1,Monitor and resolve in standard queue
INC-2026-00361,2026-09-28,2026-09,SITE-0042,Bandung,Voice,Low,Closed,2026-09-28T17:18:00,2026-09-28T18:20:00,62,25,Planned maintenance overrun,Field Operations,1,Monitor and resolve in standard queue
INC-2026-01037,2026-09-28,2026-09,SITE-0241,Jakarta,Mobile Broadband,High,Resolved,2026-09-28T18:27:00,2026-09-29T01:06:00,399,203,Access node congestion,Customer Assurance,2,Escalate to regional operations lead
INC-2026-01901,2026-09-28,2026-09,SITE-0087,Yogyakarta,Enterprise VPN,Low,Resolved,2026-09-28T17:05:00,2026-09-28T18:26:00,81,23,Planned maintenance overrun,Field Operations,1,Monitor and resolve in standard queue
INC-2026-01908,2026-09-28,2026-09,SITE-0102,Bandung,Enterprise VPN,Critical,Resolved,2026-09-28T02:49:00,2026-09-28T17:05:00,856,541,Planned maintenance overrun,Fiber Maintenance,3,Open command bridge and dispatch field team
INC-2026-02195,2026-09-28,2026-09,SITE-0059,Palembang,Mobile Broadband,Low,Resolved,2026-09-28T16:41:00,2026-09-28T17:19:00,38,36,Planned maintenance overrun,Customer Assurance,1,Monitor and resolve in standard queue
INC-2026-00241,2026-09-29,2026-09,SITE-0197,Yogyakarta,Enterprise VPN,Low,Resolved,2026-09-29T18:49:00,2026-09-29T19:51:00,62,14,Customer premises equipment,NOC Core,1,Monitor and resolve in standard queue
INC-2026-00269,2026-09-29,2026-09,SITE-0071,Jakarta,Fiber Internet,Low,Resolved,2026-09-29T16:49:00,2026-09-29T18:19:00,90,26,Fiber cut,Customer Assurance,1,Monitor and resolve in standard queue
INC-2026-00776,2026-09-29,2026-09,SITE-0161,Jakarta,Fiber Internet,Medium,Closed,2026-09-29T03:17:00,2026-09-29T05:12:00,115,45,Configuration drift,Field Operations,1,Assign service assurance follow-up
INC-2026-01065,2026-09-29,2026-09,SITE-0172,Bandung,Enterprise VPN,Low,Resolved,2026-09-29T08:02:00,2026-09-29T08:38:00,36,7,Fiber cut,Field Operations,1,Monitor and resolve in standard queue
INC-2026-01199,2026-09-29,2026-09,SITE-0067,Yogyakarta,Voice,Medium,Resolved,2026-09-29T15:14:00,2026-09-29T17:49:00,155,226,Power outage,Fiber Maintenance,1,Assign service assurance follow-up
INC-2026-01301,2026-09-29,2026-09,SITE-0020,Balikpapan,Mobile Broadband,Critical,Resolved,2026-09-29T12:55:00,2026-09-30T00:02:00,667,537,Backhaul packet loss,NOC Core,3,Open command bridge and dispatch field team
INC-2026-01504,2026-09-29,2026-09,SITE-0250,Balikpapan,Mobile Broadband,Medium,Resolved,2026-09-29T22:15:00,2026-09-30T00:37:00,142,101,Backhaul packet loss,Fiber Maintenance,1,Assign service assurance follow-up
INC-2026-01865,2026-09-29,2026-09,SITE-0187,Yogyakarta,Voice,Medium,Resolved,2026-09-29T05:03:00,2026-09-29T07:27:00,144,110,Configuration drift,Field Operations,1,Assign service assurance follow-up
INC-2026-00686,2026-09-30,2026-09,SITE-0197,Yogyakarta,Enterprise VPN,Medium,Closed,2026-09-30T11:33:00,2026-09-30T14:15:00,162,53,Planned maintenance overrun,Field Operations,1,Assign service assurance follow-up
INC-2026-01152,2026-09-30,2026-09,SITE-0203,Surabaya,IPTV,Medium,Resolved,2026-09-30T00:28:00,2026-09-30T02:35:00,127,136,Access node congestion,Field Operations,1,Assign service assurance follow-up
INC-2026-01337,2026-09-30,2026-09,SITE-0179,Palembang,IPTV,Low,Closed,2026-09-30T07:51:00,2026-09-30T08:51:00,60,36,Power outage,NOC Core,1,Monitor and resolve in standard queue
INC-2026-01469,2026-09-30,2026-09,SITE-0046,Semarang,Cloud Connectivity,Medium,Resolved,2026-09-30T00:53:00,2026-09-30T03:08:00,135,73,Customer premises equipment,Fiber Maintenance,1,Assign service assurance follow-up
INC-2026-01650,2026-09-30,2026-09,SITE-0001,Jakarta,IPTV,Low,Closed,2026-09-30T05:02:00,2026-09-30T06:12:00,70,50,Configuration drift,Fiber Maintenance,1,Monitor and resolve in standard queue
INC-2026-01843,2026-09-30,2026-09,SITE-0078,Denpasar,Cloud Connectivity,Low,Escalated,2026-09-30T12:09:00,,38,22,Core router instability,Field Operations,1,Monitor and resolve in standard queue
INC-2026-00329,2026-10-01,2026-10,SITE-0075,Makassar,IPTV,Low,Resolved,2026-10-01T11:15:00,2026-10-01T11:49:00,34,26,Planned maintenance overrun,Customer Assurance,1,Monitor and resolve in standard queue
INC-2026-00469,2026-10-01,2026-10,SITE-0206,Semarang,Voice,Medium,Resolved,2026-10-01T21:33:00,2026-10-02T00:44:00,191,155,Access node congestion,Field Operations,1,Assign service assurance follow-up
INC-2026-00687,2026-10-01,2026-10,SITE-0001,Jakarta,IPTV,High,Closed,2026-10-01T18:22:00,2026-10-01T20:44:00,142,604,Customer premises equipment,Fiber Maintenance,2,Escalate to regional operations lead
INC-2026-00761,2026-10-01,2026-10,SITE-0032,Bandung,Enterprise VPN,High,Closed,2026-10-01T23:07:00,2026-10-02T05:02:00,355,134,Core router instability,Enterprise Support,2,Escalate to regional operations lead
INC-2026-01774,2026-10-01,2026-10,SITE-0003,Surabaya,Fiber Internet,Low,Resolved,2026-10-01T04:07:00,2026-10-01T05:00:00,53,27,Power outage,Enterprise Support,1,Monitor and resolve in standard queue
INC-2026-02106,2026-10-01,2026-10,SITE-0235,Makassar,Voice,Medium,Resolved,2026-10-01T01:23:00,2026-10-01T03:29:00,126,96,Backhaul packet loss,Enterprise Support,1,Assign service assurance follow-up
INC-2026-00291,2026-10-02,2026-10,SITE-0033,Surabaya,Voice,Medium,Resolved,2026-10-02T18:40:00,2026-10-02T20:23:00,103,115,Power outage,Fiber Maintenance,1,Assign service assurance follow-up
INC-2026-00508,2026-10-02,2026-10,SITE-0079,Palembang,Enterprise VPN,Medium,Resolved,2026-10-02T14:10:00,2026-10-02T15:49:00,99,57,Fiber cut,Field Operations,1,Assign service assurance follow-up
INC-2026-01343,2026-10-02,2026-10,SITE-0011,Jakarta,Cloud Connectivity,Medium,Resolved,2026-10-02T01:34:00,2026-10-02T03:14:00,100,153,Planned maintenance overrun,Field Operations,1,Assign service assurance follow-up
INC-2026-00135,2026-10-03,2026-10,SITE-0182,Bandung,Enterprise VPN,Low,Closed,2026-10-03T06:47:00,2026-10-03T07:23:00,36,15,Customer premises equipment,Customer Assurance,1,Monitor and resolve in standard queue
INC-2026-00146,2026-10-03,2026-10,SITE-0237,Yogyakarta,Voice,Medium,Resolved,2026-10-03T19:00:00,2026-10-03T21:30:00,150,104,Backhaul packet loss,Fiber Maintenance,1,Assign service assurance follow-up
INC-2026-01607,2026-10-03,2026-10,SITE-0158,Denpasar,Voice,Low,Investigating,2026-10-03T02:20:00,,52,36,Core router instability,Field Operations,1,Monitor and resolve in standard queue
INC-2026-01707,2026-10-03,2026-10,SITE-0242,Bandung,Enterprise VPN,Critical,Closed,2026-10-03T11:22:00,2026-10-03T21:46:00,624,219,Backhaul packet loss,Enterprise Support,3,Open command bridge and dispatch field team
INC-2026-02146,2026-10-03,2026-10,SITE-0014,Medan,Voice,High,Resolved,2026-10-03T01:55:00,2026-10-03T05:26:00,211,170,Fiber cut,Field Operations,2,Escalate to regional operations lead
INC-2026-00299,2026-10-04,2026-10,SITE-0160,Balikpapan,Fiber Internet,Low,Resolved,2026-10-04T21:50:00,2026-10-04T22:55:00,65,32,Access node congestion,Field Operations,1,Monitor and resolve in standard queue
INC-2026-00310,2026-10-04,2026-10,SITE-0010,Balikpapan,Cloud Connectivity,Medium,Closed,2026-10-04T20:49:00,2026-10-04T23:30:00,161,81,Planned maintenance overrun,Fiber Maintenance,1,Assign service assurance follow-up
INC-2026-00950,2026-10-04,2026-10,SITE-0128,Denpasar,Cloud Connectivity,Medium,Closed,2026-10-04T21:07:00,2026-10-04T23:21:00,134,153,Power outage,Fiber Maintenance,1,Assign service assurance follow-up
INC-2026-01234,2026-10-04,2026-10,SITE-0223,Surabaya,Enterprise VPN,Low,Resolved,2026-10-04T14:05:00,2026-10-04T14:45:00,40,13,Core router instability,Field Operations,1,Monitor and resolve in standard queue
INC-2026-01356,2026-10-04,2026-10,SITE-0003,Surabaya,Fiber Internet,Medium,Resolved,2026-10-04T20:41:00,2026-10-04T22:27:00,106,126,Core router instability,Customer Assurance,1,Assign service assurance follow-up
INC-2026-01372,2026-10-04,2026-10,SITE-0041,Jakarta,Cloud Connectivity,High,Resolved,2026-10-04T01:36:00,2026-10-04T05:30:00,234,287,Backhaul packet loss,Customer Assurance,2,Escalate to regional operations lead
INC-2026-01490,2026-10-04,2026-10,SITE-0009,Palembang,IPTV,Low,Resolved,2026-10-04T11:13:00,2026-10-04T11:54:00,41,33,Customer premises equipment,Customer Assurance,1,Monitor and resolve in standard queue
INC-2026-02081,2026-10-04,2026-10,SITE-0052,Bandung,Voice,High,Closed,2026-10-04T02:40:00,2026-10-04T07:41:00,301,304,Power outage,Enterprise Support,2,Escalate to regional operations lead
INC-2026-01136,2026-10-05,2026-10,SITE-0238,Denpasar,Mobile Broadband,High,Resolved,2026-10-05T23:46:00,2026-10-06T06:36:00,410,338,Access node congestion,Field Operations,2,Escalate to regional operations lead
INC-2026-00684,2026-10-06,2026-10,SITE-0100,Balikpapan,Cloud Connectivity,Low,Resolved,2026-10-06T11:16:00,2026-10-06T12:28:00,72,59,Customer premises equipment,Enterprise Support,1,Monitor and resolve in standard queue
INC-2026-01582,2026-10-06,2026-10,SITE-0241,Jakarta,Mobile Broadband,Medium,Closed,2026-10-06T07:51:00,2026-10-06T10:06:00,135,120,Backhaul packet loss,Fiber Maintenance,1,Assign service assurance follow-up
INC-2026-01837,2026-10-06,2026-10,SITE-0012,Bandung,Fiber Internet,Low,Resolved,2026-10-06T21:51:00,2026-10-06T22:29:00,38,44,Backhaul packet loss,Field Operations,1,Monitor and resolve in standard queue
INC-2026-00309,2026-10-07,2026-10,SITE-0133,Surabaya,Cloud Connectivity,Medium,Resolved,2026-10-07T14:56:00,2026-10-07T16:13:00,77,121,Power outage,Field Operations,1,Assign service assurance follow-up
INC-2026-00341,2026-10-07,2026-10,SITE-0056,Semarang,Cloud Connectivity,Low,Closed,2026-10-07T20:28:00,2026-10-07T21:35:00,67,64,Core router instability,Fiber Maintenance,1,Monitor and resolve in standard queue
INC-2026-00775,2026-10-07,2026-10,SITE-0004,Medan,IPTV,High,Closed,2026-10-07T00:14:00,2026-10-07T05:08:00,294,292,Configuration drift,Field Operations,2,Escalate to regional operations lead
INC-2026-01024,2026-10-07,2026-10,SITE-0106,Semarang,IPTV,Medium,Open,2026-10-07T14:37:00,,150,66,Access node congestion,Fiber Maintenance,1,Assign service assurance follow-up
INC-2026-01079,2026-10-07,2026-10,SITE-0200,Balikpapan,Fiber Internet,High,Resolved,2026-10-07T05:45:00,2026-10-07T07:40:00,115,349,Planned maintenance overrun,Enterprise Support,2,Escalate to regional operations lead
INC-2026-01259,2026-10-07,2026-10,SITE-0114,Medan,Enterprise VPN,Low,Resolved,2026-10-07T12:37:00,2026-10-07T13:33:00,56,15,Backhaul packet loss,Enterprise Support,1,Monitor and resolve in standard queue
INC-2026-01626,2026-10-07,2026-10,SITE-0109,Palembang,Voice,High,Resolved,2026-10-07T06:28:00,2026-10-07T08:07:00,99,258,Customer premises equipment,NOC Core,2,Escalate to regional operations lead
INC-2026-01629,2026-10-07,2026-10,SITE-0227,Yogyakarta,Cloud Connectivity,Low,Resolved,2026-10-07T05:42:00,2026-10-07T06:33:00,51,9,Planned maintenance overrun,Fiber Maintenance,1,Monitor and resolve in standard queue
INC-2026-02158,2026-10-07,2026-10,SITE-0064,Medan,Voice,Low,Closed,2026-10-07T10:24:00,2026-10-07T11:26:00,62,27,Planned maintenance overrun,NOC Core,1,Monitor and resolve in standard queue
INC-2026-00410,2026-10-08,2026-10,SITE-0152,Bandung,Fiber Internet,Medium,Resolved,2026-10-08T10:50:00,2026-10-08T13:34:00,164,110,Planned maintenance overrun,Fiber Maintenance,1,Assign service assurance follow-up
INC-2026-00673,2026-10-08,2026-10,SITE-0065,Makassar,Fiber Internet,Medium,Closed,2026-10-08T08:31:00,2026-10-08T11:36:00,185,157,Configuration drift,Field Operations,1,Assign service assurance follow-up
INC-2026-00938,2026-10-08,2026-10,SITE-0187,Yogyakarta,Voice,Medium,Resolved,2026-10-08T14:44:00,2026-10-08T16:34:00,110,60,Customer premises equipment,NOC Core,1,Assign service assurance follow-up
INC-2026-01047,2026-10-08,2026-10,SITE-0064,Medan,Voice,High,Resolved,2026-10-08T19:38:00,2026-10-09T01:13:00,335,687,Power outage,Enterprise Support,2,Escalate to regional operations lead
INC-2026-01120,2026-10-08,2026-10,SITE-0081,Jakarta,Voice,Critical,Resolved,2026-10-08T10:15:00,2026-10-08T20:00:00,585,1314,Customer premises equipment,Fiber Maintenance,3,Open command bridge and dispatch field team
INC-2026-01170,2026-10-08,2026-10,SITE-0217,Yogyakarta,Cloud Connectivity,Low,Resolved,2026-10-08T20:46:00,2026-10-08T21:29:00,43,43,Power outage,Fiber Maintenance,1,Monitor and resolve in standard queue
INC-2026-02020,2026-10-08,2026-10,SITE-0168,Denpasar,Cloud Connectivity,Medium,Resolved,2026-10-08T07:34:00,2026-10-08T09:35:00,121,94,Fiber cut,Fiber Maintenance,1,Assign service assurance follow-up
INC-2026-02027,2026-10-08,2026-10,SITE-0159,Palembang,Mobile Broadband,High,Closed,2026-10-08T16:21:00,2026-10-08T20:23:00,242,254,Power outage,Customer Assurance,2,Escalate to regional operations lead
INC-2026-00138,2026-10-09,2026-10,SITE-0138,Denpasar,Enterprise VPN,High,Resolved,2026-10-09T21:23:00,2026-10-10T03:27:00,364,72,Power outage,Customer Assurance,2,Escalate to regional operations lead
INC-2026-00534,2026-10-09,2026-10,SITE-0032,Bandung,Enterprise VPN,Medium,Resolved,2026-10-09T09:05:00,2026-10-09T11:16:00,131,58,Configuration drift,NOC Core,1,Assign service assurance follow-up
INC-2026-01949,2026-10-09,2026-10,SITE-0174,Medan,Mobile Broadband,High,Resolved,2026-10-09T23:31:00,2026-10-10T04:23:00,292,168,Configuration drift,Fiber Maintenance,2,Escalate to regional operations lead
INC-2026-02138,2026-10-09,2026-10,SITE-0121,Jakarta,Voice,Low,Resolved,2026-10-09T15:59:00,2026-10-09T17:07:00,68,28,Backhaul packet loss,Enterprise Support,1,Monitor and resolve in standard queue
INC-2026-00258,2026-10-10,2026-10,SITE-0026,Semarang,Enterprise VPN,Medium,Resolved,2026-10-10T00:28:00,2026-10-10T03:34:00,186,26,Power outage,NOC Core,1,Assign service assurance follow-up
INC-2026-00879,2026-10-10,2026-10,SITE-0061,Jakarta,Cloud Connectivity,Low,Resolved,2026-10-10T19:13:00,2026-10-10T20:14:00,61,13,Core router instability,NOC Core,1,Monitor and resolve in standard queue
INC-2026-00900,2026-10-10,2026-10,SITE-0092,Bandung,Voice,Critical,Resolved,2026-10-10T22:20:00,2026-10-11T09:00:00,640,633,Configuration drift,Field Operations,3,Open command bridge and dispatch field team
INC-2026-01527,2026-10-10,2026-10,SITE-0085,Makassar,Enterprise VPN,High,Resolved,2026-10-10T07:16:00,2026-10-10T14:17:00,421,119,Customer premises equipment,NOC Core,2,Escalate to regional operations lead
INC-2026-01844,2026-10-10,2026-10,SITE-0057,Yogyakarta,IPTV,Critical,Resolved,2026-10-10T19:17:00,2026-10-11T03:44:00,507,667,Configuration drift,NOC Core,3,Open command bridge and dispatch field team
INC-2026-01963,2026-10-10,2026-10,SITE-0152,Bandung,Fiber Internet,Medium,Resolved,2026-10-10T08:11:00,2026-10-10T11:20:00,189,227,Configuration drift,Enterprise Support,1,Assign service assurance follow-up
INC-2026-00096,2026-10-11,2026-10,SITE-0037,Yogyakarta,Cloud Connectivity,High,Closed,2026-10-11T06:28:00,2026-10-11T11:33:00,305,607,Planned maintenance overrun,Fiber Maintenance,2,Escalate to regional operations lead
INC-2026-00589,2026-10-11,2026-10,SITE-0124,Medan,Mobile Broadband,High,Resolved,2026-10-11T02:08:00,2026-10-11T08:33:00,385,197,Configuration drift,Customer Assurance,2,Escalate to regional operations lead
INC-2026-00661,2026-10-11,2026-10,SITE-0177,Yogyakarta,Fiber Internet,Low,Resolved,2026-10-11T19:32:00,2026-10-11T20:43:00,71,28,Backhaul packet loss,NOC Core,1,Monitor and resolve in standard queue
INC-2026-00682,2026-10-11,2026-10,SITE-0120,Balikpapan,Cloud Connectivity,Medium,Resolved,2026-10-11T02:49:00,2026-10-11T04:49:00,120,77,Fiber cut,NOC Core,1,Assign service assurance follow-up
INC-2026-00762,2026-10-11,2026-10,SITE-0175,Makassar,Mobile Broadband,Medium,Closed,2026-10-11T16:21:00,2026-10-11T19:20:00,179,182,Power outage,Enterprise Support,1,Assign service assurance follow-up
INC-2026-00803,2026-10-11,2026-10,SITE-0084,Medan,Mobile Broadband,Low,Closed,2026-10-11T15:59:00,2026-10-11T16:33:00,34,28,Fiber cut,Field Operations,1,Monitor and resolve in standard queue
INC-2026-00970,2026-10-11,2026-10,SITE-0129,Palembang,Fiber Internet,Low,Resolved,2026-10-11T22:24:00,2026-10-11T23:32:00,68,22,Backhaul packet loss,NOC Core,1,Monitor and resolve in standard queue
INC-2026-01535,2026-10-11,2026-10,SITE-0191,Jakarta,Mobile Broadband,High,Resolved,2026-10-11T16:34:00,2026-10-11T22:11:00,337,567,Fiber cut,Customer Assurance,2,Escalate to regional operations lead
INC-2026-00086,2026-10-12,2026-10,SITE-0078,Denpasar,Cloud Connectivity,Low,Resolved,2026-10-12T14:29:00,2026-10-12T15:23:00,54,23,Access node congestion,Fiber Maintenance,1,Monitor and resolve in standard queue
INC-2026-00474,2026-10-12,2026-10,SITE-0215,Makassar,Voice,Low,Closed,2026-10-12T23:10:00,2026-10-13T00:01:00,51,68,Power outage,Fiber Maintenance,1,Monitor and resolve in standard queue
INC-2026-00704,2026-10-12,2026-10,SITE-0245,Makassar,Voice,Medium,Resolved,2026-10-12T13:49:00,2026-10-12T16:00:00,131,115,Fiber cut,Field Operations,1,Assign service assurance follow-up
INC-2026-00962,2026-10-12,2026-10,SITE-0089,Palembang,IPTV,Low,Closed,2026-10-12T00:52:00,2026-10-12T01:51:00,59,49,Power outage,NOC Core,1,Monitor and resolve in standard queue
INC-2026-01127,2026-10-12,2026-10,SITE-0104,Medan,Cloud Connectivity,Low,Closed,2026-10-12T19:53:00,2026-10-12T20:32:00,39,31,Backhaul packet loss,Enterprise Support,1,Monitor and resolve in standard queue
INC-2026-01502,2026-10-12,2026-10,SITE-0020,Balikpapan,Mobile Broadband,Critical,Resolved,2026-10-12T21:41:00,2026-10-13T08:47:00,666,737,Planned maintenance overrun,Customer Assurance,3,Open command bridge and dispatch field team
INC-2026-02117,2026-10-12,2026-10,SITE-0052,Bandung,Voice,Medium,Resolved,2026-10-12T04:35:00,2026-10-12T06:35:00,120,115,Configuration drift,NOC Core,1,Assign service assurance follow-up
INC-2026-02188,2026-10-12,2026-10,SITE-0064,Medan,Voice,Low,Resolved,2026-10-12T17:32:00,2026-10-12T18:54:00,82,51,Configuration drift,Fiber Maintenance,1,Monitor and resolve in standard queue
INC-2026-00160,2026-10-13,2026-10,SITE-0024,Medan,Voice,High,Closed,2026-10-13T18:38:00,2026-10-14T00:40:00,362,280,Core router instability,NOC Core,2,Escalate to regional operations lead
INC-2026-00395,2026-10-13,2026-10,SITE-0148,Denpasar,Mobile Broadband,Medium,Resolved,2026-10-13T10:31:00,2026-10-13T12:31:00,120,141,Configuration drift,Fiber Maintenance,1,Assign service assurance follow-up
INC-2026-00725,2026-10-13,2026-10,SITE-0031,Jakarta,Cloud Connectivity,Medium,Resolved,2026-10-13T04:07:00,2026-10-13T07:40:00,213,125,Customer premises equipment,Enterprise Support,1,Assign service assurance follow-up
INC-2026-00951,2026-10-13,2026-10,SITE-0196,Semarang,Fiber Internet,Low,Resolved,2026-10-13T12:56:00,2026-10-13T13:57:00,61,19,Customer premises equipment,Enterprise Support,1,Monitor and resolve in standard queue
INC-2026-01014,2026-10-13,2026-10,SITE-0210,Balikpapan,IPTV,Low,Closed,2026-10-13T17:13:00,2026-10-13T18:17:00,64,45,Planned maintenance overrun,Enterprise Support,1,Monitor and resolve in standard queue
INC-2026-01122,2026-10-13,2026-10,SITE-0246,Semarang,Mobile Broadband,Medium,Closed,2026-10-13T16:08:00,2026-10-13T18:32:00,144,174,Backhaul packet loss,Enterprise Support,1,Assign service assurance follow-up
INC-2026-01134,2026-10-13,2026-10,SITE-0018,Denpasar,Cloud Connectivity,High,Resolved,2026-10-13T21:53:00,2026-10-14T02:57:00,304,320,Fiber cut,Field Operations,2,Escalate to regional operations lead
INC-2026-01587,2026-10-13,2026-10,SITE-0134,Medan,IPTV,Low,Resolved,2026-10-13T05:44:00,2026-10-13T06:19:00,35,30,Core router instability,Customer Assurance,1,Monitor and resolve in standard queue
INC-2026-01869,2026-10-13,2026-10,SITE-0114,Medan,Enterprise VPN,Medium,Resolved,2026-10-13T17:04:00,2026-10-13T18:47:00,103,60,Backhaul packet loss,NOC Core,1,Assign service assurance follow-up
INC-2026-00191,2026-10-14,2026-10,SITE-0222,Bandung,Mobile Broadband,Medium,Resolved,2026-10-14T05:09:00,2026-10-14T07:24:00,135,127,Access node congestion,Customer Assurance,1,Assign service assurance follow-up
INC-2026-00338,2026-10-14,2026-10,SITE-0186,Semarang,Fiber Internet,Medium,Resolved,2026-10-14T15:09:00,2026-10-14T17:09:00,120,157,Customer premises equipment,Field Operations,1,Assign service assurance follow-up
INC-2026-00372,2026-10-14,2026-10,SITE-0241,Jakarta,Mobile Broadband,Low,Resolved,2026-10-14T04:12:00,2026-10-14T05:03:00,51,25,Configuration drift,Customer Assurance,1,Monitor and resolve in standard queue
INC-2026-01787,2026-10-14,2026-10,SITE-0085,Makassar,Enterprise VPN,Low,Resolved,2026-10-14T07:41:00,2026-10-14T08:45:00,64,6,Planned maintenance overrun,Field Operations,1,Monitor and resolve in standard queue
INC-2026-01805,2026-10-14,2026-10,SITE-0036,Semarang,Enterprise VPN,Low,Closed,2026-10-14T20:28:00,2026-10-14T21:28:00,60,26,Configuration drift,NOC Core,1,Monitor and resolve in standard queue
INC-2026-01887,2026-10-14,2026-10,SITE-0106,Semarang,IPTV,High,Resolved,2026-10-14T20:46:00,2026-10-15T01:52:00,306,213,Configuration drift,Fiber Maintenance,2,Escalate to regional operations lead
INC-2026-00073,2026-10-15,2026-10,SITE-0120,Balikpapan,Cloud Connectivity,High,Resolved,2026-10-15T13:20:00,2026-10-15T16:19:00,179,158,Fiber cut,Field Operations,2,Escalate to regional operations lead
INC-2026-00199,2026-10-15,2026-10,SITE-0219,Palembang,IPTV,High,Resolved,2026-10-15T19:02:00,2026-10-15T23:25:00,263,201,Fiber cut,Field Operations,2,Escalate to regional operations lead
INC-2026-00264,2026-10-15,2026-10,SITE-0045,Makassar,Fiber Internet,Critical,Closed,2026-10-15T05:28:00,2026-10-15T14:48:00,560,903,Configuration drift,Fiber Maintenance,3,Open command bridge and dispatch field team
INC-2026-00580,2026-10-15,2026-10,SITE-0219,Palembang,IPTV,High,Investigating,2026-10-15T04:20:00,,398,308,Customer premises equipment,Customer Assurance,2,Escalate to regional operations lead
INC-2026-01436,2026-10-15,2026-10,SITE-0095,Makassar,IPTV,Critical,Resolved,2026-10-15T14:23:00,2026-10-16T03:14:00,771,702,Core router instability,NOC Core,3,Open command bridge and dispatch field team
INC-2026-02094,2026-10-15,2026-10,SITE-0051,Jakarta,IPTV,Medium,Resolved,2026-10-15T03:38:00,2026-10-15T05:26:00,108,60,Fiber cut,Field Operations,1,Assign service assurance follow-up
INC-2026-00007,2026-10-16,2026-10,SITE-0203,Surabaya,IPTV,Critical,Closed,2026-10-16T05:27:00,2026-10-16T17:12:00,705,699,Planned maintenance overrun,Enterprise Support,3,Open command bridge and dispatch field team
INC-2026-00322,2026-10-16,2026-10,SITE-0154,Medan,IPTV,High,Resolved,2026-10-16T06:35:00,2026-10-16T12:47:00,372,527,Fiber cut,Fiber Maintenance,2,Escalate to regional operations lead
INC-2026-01015,2026-10-16,2026-10,SITE-0174,Medan,Mobile Broadband,Low,Closed,2026-10-16T02:30:00,2026-10-16T03:04:00,34,21,Planned maintenance overrun,Fiber Maintenance,1,Monitor and resolve in standard queue
INC-2026-02193,2026-10-16,2026-10,SITE-0200,Balikpapan,Fiber Internet,Medium,Resolved,2026-10-16T23:51:00,2026-10-17T01:28:00,97,175,Power outage,Enterprise Support,1,Assign service assurance follow-up
INC-2026-00173,2026-10-17,2026-10,SITE-0227,Yogyakarta,Cloud Connectivity,Critical,Resolved,2026-10-17T14:17:00,2026-10-18T06:01:00,944,139,Fiber cut,Enterprise Support,3,Open command bridge and dispatch field team
INC-2026-00562,2026-10-17,2026-10,SITE-0154,Medan,IPTV,Low,Resolved,2026-10-17T04:10:00,2026-10-17T04:43:00,33,51,Configuration drift,Fiber Maintenance,1,Monitor and resolve in standard queue
INC-2026-00628,2026-10-17,2026-10,SITE-0112,Bandung,Voice,Medium,Escalated,2026-10-17T03:59:00,,117,137,Customer premises equipment,NOC Core,1,Assign service assurance follow-up
INC-2026-01169,2026-10-17,2026-10,SITE-0232,Bandung,Enterprise VPN,Low,Closed,2026-10-17T07:55:00,2026-10-17T09:00:00,65,3,Power outage,Customer Assurance,1,Monitor and resolve in standard queue
INC-2026-01424,2026-10-17,2026-10,SITE-0244,Medan,Enterprise VPN,High,Resolved,2026-10-17T15:09:00,2026-10-17T19:55:00,286,291,Access node congestion,Fiber Maintenance,2,Escalate to regional operations lead
INC-2026-00112,2026-10-18,2026-10,SITE-0086,Semarang,IPTV,Low,Resolved,2026-10-18T19:01:00,2026-10-18T19:49:00,48,36,Configuration drift,Customer Assurance,1,Monitor and resolve in standard queue
INC-2026-00428,2026-10-18,2026-10,SITE-0124,Medan,Mobile Broadband,Medium,Closed,2026-10-18T01:15:00,2026-10-18T04:02:00,167,75,Backhaul packet loss,Enterprise Support,1,Assign service assurance follow-up
INC-2026-00657,2026-10-18,2026-10,SITE-0213,Surabaya,Cloud Connectivity,Low,Resolved,2026-10-18T02:57:00,2026-10-18T03:58:00,61,11,Backhaul packet loss,Field Operations,1,Monitor and resolve in standard queue
INC-2026-00683,2026-10-18,2026-10,SITE-0197,Yogyakarta,Enterprise VPN,Low,Resolved,2026-10-18T21:20:00,2026-10-18T22:08:00,48,14,Fiber cut,Fiber Maintenance,1,Monitor and resolve in standard queue
INC-2026-01005,2026-10-18,2026-10,SITE-0166,Semarang,Voice,Low,Closed,2026-10-18T23:36:00,2026-10-19T00:37:00,61,18,Access node congestion,Enterprise Support,1,Monitor and resolve in standard queue
INC-2026-01408,2026-10-18,2026-10,SITE-0168,Denpasar,Cloud Connectivity,Medium,Resolved,2026-10-18T03:32:00,2026-10-18T05:43:00,131,78,Configuration drift,NOC Core,1,Assign service assurance follow-up
INC-2026-01521,2026-10-18,2026-10,SITE-0197,Yogyakarta,Enterprise VPN,Low,Resolved,2026-10-18T13:04:00,2026-10-18T14:15:00,71,11,Access node congestion,Fiber Maintenance,1,Monitor and resolve in standard queue
INC-2026-00298,2026-10-19,2026-10,SITE-0079,Palembang,Enterprise VPN,Low,Closed,2026-10-19T23:27:00,2026-10-20T00:26:00,59,16,Backhaul packet loss,Enterprise Support,1,Monitor and resolve in standard queue
INC-2026-01081,2026-10-19,2026-10,SITE-0182,Bandung,Enterprise VPN,Low,Resolved,2026-10-19T08:09:00,2026-10-19T09:08:00,59,23,Backhaul packet loss,Enterprise Support,1,Monitor and resolve in standard queue
INC-2026-01399,2026-10-19,2026-10,SITE-0155,Makassar,Cloud Connectivity,High,Resolved,2026-10-19T10:18:00,2026-10-19T18:35:00,497,332,Access node congestion,NOC Core,2,Escalate to regional operations lead
INC-2026-01477,2026-10-19,2026-10,SITE-0170,Balikpapan,Voice,Low,Resolved,2026-10-19T02:06:00,2026-10-19T02:55:00,49,36,Fiber cut,Enterprise Support,1,Monitor and resolve in standard queue
INC-2026-01511,2026-10-19,2026-10,SITE-0143,Surabaya,Mobile Broadband,Low,Resolved,2026-10-19T18:41:00,2026-10-19T19:28:00,47,46,Configuration drift,Field Operations,1,Monitor and resolve in standard queue
INC-2026-02025,2026-10-19,2026-10,SITE-0212,Bandung,Cloud Connectivity,Medium,Closed,2026-10-19T03:23:00,2026-10-19T05:43:00,140,77,Planned maintenance overrun,Field Operations,1,Assign service assurance follow-up
INC-2026-00054,2026-10-20,2026-10,SITE-0161,Jakarta,Fiber Internet,Low,Resolved,2026-10-20T03:07:00,2026-10-20T03:48:00,41,29,Planned maintenance overrun,NOC Core,1,Monitor and resolve in standard queue
INC-2026-00080,2026-10-21,2026-10,SITE-0107,Yogyakarta,Enterprise VPN,Medium,Resolved,2026-10-21T06:21:00,2026-10-21T09:48:00,207,6,Customer premises equipment,Customer Assurance,1,Assign service assurance follow-up
INC-2026-00201,2026-10-21,2026-10,SITE-0240,Balikpapan,Mobile Broadband,Medium,Closed,2026-10-21T10:55:00,2026-10-21T12:40:00,105,52,Fiber cut,NOC Core,1,Assign service assurance follow-up
INC-2026-00854,2026-10-21,2026-10,SITE-0005,Makassar,Fiber Internet,Low,Resolved,2026-10-21T23:21:00,2026-10-21T23:50:00,29,33,Core router instability,Customer Assurance,1,Monitor and resolve in standard queue
INC-2026-01402,2026-10-21,2026-10,SITE-0220,Balikpapan,Fiber Internet,High,Closed,2026-10-21T03:32:00,2026-10-21T10:02:00,390,712,Fiber cut,NOC Core,2,Escalate to regional operations lead
INC-2026-01572,2026-10-21,2026-10,SITE-0074,Medan,Cloud Connectivity,Low,Closed,2026-10-21T08:00:00,2026-10-21T08:59:00,59,44,Configuration drift,Enterprise Support,1,Monitor and resolve in standard queue
INC-2026-01678,2026-10-21,2026-10,SITE-0226,Semarang,Mobile Broadband,Low,Closed,2026-10-21T11:13:00,2026-10-21T12:14:00,61,37,Configuration drift,NOC Core,1,Monitor and resolve in standard queue
INC-2026-01814,2026-10-21,2026-10,SITE-0193,Surabaya,IPTV,High,Closed,2026-10-21T12:56:00,2026-10-21T15:53:00,177,313,Access node congestion,Enterprise Support,2,Escalate to regional operations lead
INC-2026-00645,2026-10-22,2026-10,SITE-0001,Jakarta,IPTV,Medium,Closed,2026-10-22T04:00:00,2026-10-22T05:56:00,116,202,Access node congestion,Enterprise Support,1,Assign service assurance follow-up
INC-2026-00711,2026-10-22,2026-10,SITE-0166,Semarang,Voice,Low,Closed,2026-10-22T23:24:00,2026-10-23T00:25:00,61,13,Configuration drift,NOC Core,1,Monitor and resolve in standard queue
INC-2026-02029,2026-10-22,2026-10,SITE-0025,Makassar,IPTV,Low,Resolved,2026-10-22T16:22:00,2026-10-22T17:20:00,58,26,Customer premises equipment,Field Operations,1,Monitor and resolve in standard queue
INC-2026-00415,2026-10-23,2026-10,SITE-0024,Medan,Voice,Critical,Resolved,2026-10-23T00:48:00,2026-10-23T07:28:00,400,1056,Core router instability,NOC Core,3,Open command bridge and dispatch field team
INC-2026-00435,2026-10-23,2026-10,SITE-0176,Semarang,Fiber Internet,Medium,Closed,2026-10-23T22:56:00,2026-10-24T01:20:00,144,119,Fiber cut,Field Operations,1,Assign service assurance follow-up
INC-2026-00576,2026-10-23,2026-10,SITE-0100,Balikpapan,Cloud Connectivity,Medium,Closed,2026-10-23T02:03:00,2026-10-23T02:37:00,34,108,Core router instability,Enterprise Support,1,Assign service assurance follow-up
INC-2026-01010,2026-10-23,2026-10,SITE-0244,Medan,Enterprise VPN,High,Closed,2026-10-23T08:31:00,2026-10-23T14:22:00,351,224,Core router instability,Enterprise Support,2,Escalate to regional operations lead
INC-2026-01297,2026-10-23,2026-10,SITE-0169,Palembang,IPTV,Low,Closed,2026-10-23T23:25:00,2026-10-23T23:57:00,32,30,Backhaul packet loss,Field Operations,1,Monitor and resolve in standard queue
INC-2026-01662,2026-10-23,2026-10,SITE-0005,Makassar,Fiber Internet,High,Closed,2026-10-23T22:42:00,2026-10-24T04:31:00,349,360,Fiber cut,NOC Core,2,Escalate to regional operations lead
INC-2026-01751,2026-10-23,2026-10,SITE-0176,Semarang,Fiber Internet,Low,Resolved,2026-10-23T07:19:00,2026-10-23T08:47:00,88,41,Customer premises equipment,Fiber Maintenance,1,Monitor and resolve in standard queue
INC-2026-00497,2026-10-24,2026-10,SITE-0154,Medan,IPTV,Medium,Resolved,2026-10-24T20:12:00,2026-10-24T23:06:00,174,146,Backhaul packet loss,Fiber Maintenance,1,Assign service assurance follow-up
INC-2026-00542,2026-10-24,2026-10,SITE-0153,Surabaya,Enterprise VPN,High,Escalated,2026-10-24T22:26:00,,189,128,Configuration drift,Customer Assurance,2,Escalate to regional operations lead
INC-2026-00997,2026-10-24,2026-10,SITE-0150,Balikpapan,IPTV,Medium,Resolved,2026-10-24T07:19:00,2026-10-24T10:49:00,210,85,Planned maintenance overrun,Customer Assurance,1,Assign service assurance follow-up
INC-2026-00228,2026-10-25,2026-10,SITE-0163,Surabaya,Cloud Connectivity,Low,Closed,2026-10-25T03:48:00,2026-10-25T04:40:00,52,65,Planned maintenance overrun,Field Operations,1,Monitor and resolve in standard queue
INC-2026-00688,2026-10-25,2026-10,SITE-0060,Balikpapan,Fiber Internet,Medium,Closed,2026-10-25T07:00:00,2026-10-25T08:21:00,81,110,Access node congestion,Field Operations,1,Assign service assurance follow-up
INC-2026-00706,2026-10-25,2026-10,SITE-0005,Makassar,Fiber Internet,Low,Resolved,2026-10-25T07:50:00,2026-10-25T08:35:00,45,17,Access node congestion,Fiber Maintenance,1,Monitor and resolve in standard queue
INC-2026-01580,2026-10-25,2026-10,SITE-0241,Jakarta,Mobile Broadband,Low,Investigating,2026-10-25T15:23:00,,67,28,Customer premises equipment,NOC Core,1,Monitor and resolve in standard queue
INC-2026-01713,2026-10-25,2026-10,SITE-0060,Balikpapan,Fiber Internet,Low,Resolved,2026-10-25T08:19:00,2026-10-25T09:01:00,42,22,Planned maintenance overrun,Enterprise Support,1,Monitor and resolve in standard queue
INC-2026-01845,2026-10-25,2026-10,SITE-0149,Palembang,Fiber Internet,Medium,Resolved,2026-10-25T08:27:00,2026-10-25T10:48:00,141,78,Configuration drift,Field Operations,1,Assign service assurance follow-up
INC-2026-01888,2026-10-25,2026-10,SITE-0048,Denpasar,Voice,Critical,Resolved,2026-10-25T05:57:00,2026-10-25T17:45:00,708,711,Backhaul packet loss,Field Operations,3,Open command bridge and dispatch field team
INC-2026-00136,2026-10-26,2026-10,SITE-0005,Makassar,Fiber Internet,High,Resolved,2026-10-26T13:03:00,2026-10-26T16:55:00,232,341,Fiber cut,NOC Core,2,Escalate to regional operations lead
INC-2026-00359,2026-10-26,2026-10,SITE-0136,Semarang,Cloud Connectivity,Medium,Closed,2026-10-26T20:41:00,2026-10-26T22:24:00,103,123,Power outage,NOC Core,1,Assign service assurance follow-up
INC-2026-00633,2026-10-26,2026-10,SITE-0072,Bandung,Enterprise VPN,Medium,Closed,2026-10-26T03:10:00,2026-10-26T04:31:00,81,81,Power outage,NOC Core,1,Assign service assurance follow-up
INC-2026-01812,2026-10-26,2026-10,SITE-0061,Jakarta,Cloud Connectivity,High,Resolved,2026-10-26T14:49:00,2026-10-26T19:25:00,276,151,Core router instability,Customer Assurance,2,Escalate to regional operations lead
INC-2026-01860,2026-10-26,2026-10,SITE-0218,Denpasar,Enterprise VPN,Low,Closed,2026-10-26T18:51:00,2026-10-26T19:34:00,43,14,Customer premises equipment,Enterprise Support,1,Monitor and resolve in standard queue
INC-2026-01056,2026-10-27,2026-10,SITE-0127,Yogyakarta,Mobile Broadband,Critical,Resolved,2026-10-27T17:08:00,2026-10-28T02:08:00,540,696,Configuration drift,Enterprise Support,3,Open command bridge and dispatch field team
INC-2026-01077,2026-10-27,2026-10,SITE-0187,Yogyakarta,Voice,Low,Escalated,2026-10-27T20:36:00,,49,32,Customer premises equipment,NOC Core,1,Monitor and resolve in standard queue
INC-2026-01254,2026-10-27,2026-10,SITE-0199,Palembang,Mobile Broadband,Low,Closed,2026-10-27T05:50:00,2026-10-27T06:38:00,48,53,Access node congestion,Field Operations,1,Monitor and resolve in standard queue
INC-2026-01410,2026-10-27,2026-10,SITE-0122,Bandung,Enterprise VPN,Low,Resolved,2026-10-27T10:44:00,2026-10-27T11:46:00,62,21,Fiber cut,Field Operations,1,Monitor and resolve in standard queue
INC-2026-00174,2026-10-28,2026-10,SITE-0016,Semarang,Enterprise VPN,Low,Closed,2026-10-28T14:53:00,2026-10-28T15:47:00,54,9,Access node congestion,Customer Assurance,1,Monitor and resolve in standard queue
INC-2026-00588,2026-10-28,2026-10,SITE-0181,Jakarta,Enterprise VPN,Low,Resolved,2026-10-28T19:01:00,2026-10-28T19:34:00,33,5,Backhaul packet loss,Enterprise Support,1,Monitor and resolve in standard queue
INC-2026-01350,2026-10-28,2026-10,SITE-0050,Balikpapan,Cloud Connectivity,Low,Closed,2026-10-28T13:06:00,2026-10-28T14:13:00,67,48,Customer premises equipment,Customer Assurance,1,Monitor and resolve in standard queue
INC-2026-01619,2026-10-28,2026-10,SITE-0206,Semarang,Voice,High,Closed,2026-10-28T15:09:00,2026-10-28T21:27:00,378,281,Planned maintenance overrun,NOC Core,2,Escalate to regional operations lead
INC-2026-01638,2026-10-28,2026-10,SITE-0216,Semarang,Enterprise VPN,Low,Resolved,2026-10-28T01:23:00,2026-10-28T02:29:00,66,2,Backhaul packet loss,NOC Core,1,Monitor and resolve in standard queue
INC-2026-01674,2026-10-28,2026-10,SITE-0010,Balikpapan,Cloud Connectivity,Medium,Closed,2026-10-28T11:15:00,2026-10-28T13:53:00,158,114,Customer premises equipment,Field Operations,1,Assign service assurance follow-up
INC-2026-01890,2026-10-28,2026-10,SITE-0067,Yogyakarta,Voice,Medium,Closed,2026-10-28T15:04:00,2026-10-28T17:43:00,159,175,Core router instability,Fiber Maintenance,1,Assign service assurance follow-up
INC-2026-01918,2026-10-28,2026-10,SITE-0223,Surabaya,Enterprise VPN,High,Open,2026-10-28T12:18:00,,325,127,Planned maintenance overrun,Field Operations,2,Escalate to regional operations lead
INC-2026-00235,2026-10-29,2026-10,SITE-0214,Medan,Cloud Connectivity,Critical,Closed,2026-10-29T10:54:00,2026-10-30T03:22:00,988,604,Fiber cut,Fiber Maintenance,3,Open command bridge and dispatch field team
INC-2026-00656,2026-10-29,2026-10,SITE-0110,Balikpapan,Mobile Broadband,Medium,Resolved,2026-10-29T16:42:00,2026-10-29T19:17:00,155,86,Backhaul packet loss,Enterprise Support,1,Assign service assurance follow-up
INC-2026-00830,2026-10-29,2026-10,SITE-0040,Balikpapan,Voice,Medium,Resolved,2026-10-29T10:32:00,2026-10-29T12:11:00,99,118,Core router instability,Enterprise Support,1,Assign service assurance follow-up
INC-2026-01263,2026-10-29,2026-10,SITE-0035,Makassar,Mobile Broadband,High,Resolved,2026-10-29T18:14:00,2026-10-29T22:42:00,268,151,Fiber cut,Field Operations,2,Escalate to regional operations lead
INC-2026-01815,2026-10-29,2026-10,SITE-0031,Jakarta,Cloud Connectivity,Low,Resolved,2026-10-29T00:23:00,2026-10-29T01:06:00,43,57,Backhaul packet loss,Field Operations,1,Monitor and resolve in standard queue
INC-2026-01906,2026-10-29,2026-10,SITE-0023,Surabaya,Cloud Connectivity,High,Resolved,2026-10-29T14:32:00,2026-10-29T19:25:00,293,168,Power outage,Field Operations,2,Escalate to regional operations lead
INC-2026-01911,2026-10-29,2026-10,SITE-0012,Bandung,Fiber Internet,Medium,Resolved,2026-10-29T05:29:00,2026-10-29T07:53:00,144,135,Core router instability,NOC Core,1,Assign service assurance follow-up
INC-2026-01966,2026-10-29,2026-10,SITE-0155,Makassar,Cloud Connectivity,Low,Open,2026-10-29T04:50:00,,44,23,Customer premises equipment,Enterprise Support,1,Monitor and resolve in standard queue
INC-2026-02099,2026-10-29,2026-10,SITE-0243,Surabaya,Voice,Medium,Resolved,2026-10-29T22:12:00,2026-10-30T01:03:00,171,127,Core router instability,Fiber Maintenance,1,Assign service assurance follow-up
INC-2026-00583,2026-10-30,2026-10,SITE-0138,Denpasar,Enterprise VPN,Low,Resolved,2026-10-30T17:59:00,2026-10-30T19:15:00,76,15,Fiber cut,NOC Core,1,Monitor and resolve in standard queue
INC-2026-00724,2026-10-30,2026-10,SITE-0104,Medan,Cloud Connectivity,Low,Closed,2026-10-30T22:58:00,2026-10-30T23:52:00,54,43,Configuration drift,NOC Core,1,Monitor and resolve in standard queue
INC-2026-01147,2026-10-30,2026-10,SITE-0087,Yogyakarta,Enterprise VPN,Low,Resolved,2026-10-30T03:51:00,2026-10-30T04:20:00,29,31,Power outage,Field Operations,1,Monitor and resolve in standard queue
INC-2026-01282,2026-10-30,2026-10,SITE-0241,Jakarta,Mobile Broadband,Low,Resolved,2026-10-30T20:31:00,2026-10-30T21:42:00,71,28,Planned maintenance overrun,Enterprise Support,1,Monitor and resolve in standard queue
INC-2026-01317,2026-10-30,2026-10,SITE-0005,Makassar,Fiber Internet,Low,Closed,2026-10-30T22:54:00,2026-10-30T23:38:00,44,30,Backhaul packet loss,Field Operations,1,Monitor and resolve in standard queue
INC-2026-01984,2026-10-30,2026-10,SITE-0249,Palembang,Enterprise VPN,High,Closed,2026-10-30T06:22:00,2026-10-30T09:02:00,160,212,Core router instability,Customer Assurance,2,Escalate to regional operations lead
INC-2026-00148,2026-10-31,2026-10,SITE-0105,Makassar,Fiber Internet,Critical,Resolved,2026-10-31T22:53:00,2026-11-01T11:41:00,768,408,Planned maintenance overrun,Field Operations,3,Open command bridge and dispatch field team
INC-2026-00544,2026-10-31,2026-10,SITE-0075,Makassar,IPTV,High,Closed,2026-10-31T05:10:00,2026-10-31T10:22:00,312,229,Access node congestion,Field Operations,2,Escalate to regional operations lead
INC-2026-00831,2026-10-31,2026-10,SITE-0227,Yogyakarta,Cloud Connectivity,Critical,Resolved,2026-10-31T06:37:00,2026-10-31T11:08:00,271,211,Fiber cut,Customer Assurance,3,Open command bridge and dispatch field team
INC-2026-00864,2026-10-31,2026-10,SITE-0024,Medan,Voice,Medium,Closed,2026-10-31T15:36:00,2026-10-31T18:29:00,173,111,Backhaul packet loss,Customer Assurance,1,Assign service assurance follow-up
INC-2026-00885,2026-10-31,2026-10,SITE-0053,Surabaya,Enterprise VPN,Critical,Escalated,2026-10-31T16:04:00,,644,176,Fiber cut,Field Operations,3,Open command bridge and dispatch field team
INC-2026-01083,2026-10-31,2026-10,SITE-0171,Jakarta,Voice,Low,Resolved,2026-10-31T10:39:00,2026-10-31T11:52:00,73,31,Customer premises equipment,NOC Core,1,Monitor and resolve in standard queue
INC-2026-01084,2026-10-31,2026-10,SITE-0142,Bandung,Mobile Broadband,Medium,Resolved,2026-10-31T11:43:00,2026-10-31T14:16:00,153,74,Core router instability,Fiber Maintenance,1,Assign service assurance follow-up
INC-2026-01620,2026-10-31,2026-10,SITE-0245,Makassar,Voice,Medium,Closed,2026-10-31T13:00:00,2026-10-31T15:34:00,154,107,Access node congestion,Enterprise Support,1,Assign service assurance follow-up
INC-2026-02173,2026-10-31,2026-10,SITE-0096,Semarang,Mobile Broadband,Medium,Closed,2026-10-31T00:24:00,2026-10-31T02:12:00,108,225,Planned maintenance overrun,Fiber Maintenance,1,Assign service assurance follow-up
INC-2026-00482,2026-11-01,2026-11,SITE-0223,Surabaya,Enterprise VPN,Critical,Closed,2026-11-01T12:08:00,2026-11-01T23:05:00,657,197,Customer premises equipment,Enterprise Support,3,Open command bridge and dispatch field team
INC-2026-00788,2026-11-01,2026-11,SITE-0210,Balikpapan,IPTV,High,Resolved,2026-11-01T04:45:00,2026-11-01T09:35:00,290,550,Power outage,Enterprise Support,2,Escalate to regional operations lead
INC-2026-01473,2026-11-01,2026-11,SITE-0063,Surabaya,Voice,Low,Closed,2026-11-01T21:17:00,2026-11-01T22:13:00,56,40,Fiber cut,Enterprise Support,1,Monitor and resolve in standard queue
INC-2026-01917,2026-11-01,2026-11,SITE-0063,Surabaya,Voice,Medium,Resolved,2026-11-01T12:56:00,2026-11-01T15:10:00,134,113,Customer premises equipment,NOC Core,1,Assign service assurance follow-up
INC-2026-00134,2026-11-02,2026-11,SITE-0017,Yogyakarta,IPTV,Low,Closed,2026-11-02T21:59:00,2026-11-02T22:47:00,48,35,Customer premises equipment,Customer Assurance,1,Monitor and resolve in standard queue
INC-2026-00852,2026-11-02,2026-11,SITE-0099,Palembang,IPTV,Medium,Closed,2026-11-02T15:49:00,2026-11-02T17:36:00,107,85,Planned maintenance overrun,Field Operations,1,Assign service assurance follow-up
INC-2026-01362,2026-11-02,2026-11,SITE-0162,Bandung,IPTV,High,Closed,2026-11-02T22:16:00,2026-11-03T05:19:00,423,487,Power outage,Customer Assurance,2,Escalate to regional operations lead
INC-2026-02120,2026-11-02,2026-11,SITE-0218,Denpasar,Enterprise VPN,Low,Closed,2026-11-02T17:51:00,2026-11-02T18:14:00,23,16,Fiber cut,Customer Assurance,1,Monitor and resolve in standard queue
INC-2026-02142,2026-11-02,2026-11,SITE-0137,Yogyakarta,Enterprise VPN,Medium,Closed,2026-11-02T10:18:00,2026-11-02T11:45:00,87,53,Backhaul packet loss,Enterprise Support,1,Assign service assurance follow-up
INC-2026-00037,2026-11-03,2026-11,SITE-0083,Surabaya,Mobile Broadband,Low,Closed,2026-11-03T04:47:00,2026-11-03T05:43:00,56,36,Core router instability,Enterprise Support,1,Monitor and resolve in standard queue
INC-2026-00422,2026-11-03,2026-11,SITE-0094,Medan,Voice,Low,Open,2026-11-03T20:39:00,,46,20,Customer premises equipment,NOC Core,1,Monitor and resolve in standard queue
INC-2026-00427,2026-11-03,2026-11,SITE-0250,Balikpapan,Mobile Broadband,High,Resolved,2026-11-03T10:42:00,2026-11-03T15:56:00,314,438,Configuration drift,Customer Assurance,2,Escalate to regional operations lead
INC-2026-00896,2026-11-03,2026-11,SITE-0108,Denpasar,Fiber Internet,Low,Resolved,2026-11-03T07:16:00,2026-11-03T08:11:00,55,32,Fiber cut,NOC Core,1,Monitor and resolve in standard queue
INC-2026-01540,2026-11-03,2026-11,SITE-0041,Jakarta,Cloud Connectivity,Medium,Resolved,2026-11-03T12:43:00,2026-11-03T15:04:00,141,115,Core router instability,Fiber Maintenance,1,Assign service assurance follow-up
INC-2026-00144,2026-11-04,2026-11,SITE-0158,Denpasar,Voice,Low,Resolved,2026-11-04T09:22:00,2026-11-04T10:09:00,47,54,Configuration drift,NOC Core,1,Monitor and resolve in standard queue
INC-2026-00407,2026-11-04,2026-11,SITE-0113,Surabaya,Fiber Internet,Low,Resolved,2026-11-04T20:36:00,2026-11-04T21:38:00,62,31,Access node congestion,NOC Core,1,Monitor and resolve in standard queue
INC-2026-00420,2026-11-04,2026-11,SITE-0244,Medan,Enterprise VPN,Medium,Resolved,2026-11-04T21:56:00,2026-11-04T23:59:00,123,55,Customer premises equipment,Enterprise Support,1,Assign service assurance follow-up
INC-2026-00648,2026-11-04,2026-11,SITE-0180,Balikpapan,Voice,Low,Resolved,2026-11-04T01:24:00,2026-11-04T02:40:00,76,34,Backhaul packet loss,Customer Assurance,1,Monitor and resolve in standard queue
INC-2026-00800,2026-11-04,2026-11,SITE-0224,Medan,Mobile Broadband,Low,Resolved,2026-11-04T03:17:00,2026-11-04T04:17:00,60,37,Power outage,Field Operations,1,Monitor and resolve in standard queue
INC-2026-01059,2026-11-04,2026-11,SITE-0222,Bandung,Mobile Broadband,Critical,Resolved,2026-11-04T05:34:00,2026-11-04T14:45:00,551,714,Core router instability,Customer Assurance,3,Open command bridge and dispatch field team
INC-2026-01144,2026-11-04,2026-11,SITE-0216,Semarang,Enterprise VPN,Low,Closed,2026-11-04T09:10:00,2026-11-04T10:42:00,92,2,Backhaul packet loss,Customer Assurance,1,Monitor and resolve in standard queue
INC-2026-01162,2026-11-04,2026-11,SITE-0078,Denpasar,Cloud Connectivity,Low,Closed,2026-11-04T01:41:00,2026-11-04T02:49:00,68,52,Core router instability,Customer Assurance,1,Monitor and resolve in standard queue
INC-2026-01703,2026-11-04,2026-11,SITE-0199,Palembang,Mobile Broadband,Low,Resolved,2026-11-04T18:58:00,2026-11-04T20:03:00,65,50,Access node congestion,Enterprise Support,1,Monitor and resolve in standard queue
INC-2026-01876,2026-11-04,2026-11,SITE-0171,Jakarta,Voice,Medium,Investigating,2026-11-04T10:27:00,,128,101,Planned maintenance overrun,Field Operations,1,Assign service assurance follow-up
INC-2026-02141,2026-11-04,2026-11,SITE-0106,Semarang,IPTV,Low,Resolved,2026-11-04T23:50:00,2026-11-05T00:52:00,62,45,Customer premises equipment,Customer Assurance,1,Monitor and resolve in standard queue
INC-2026-02180,2026-11-04,2026-11,SITE-0019,Palembang,Enterprise VPN,Low,Resolved,2026-11-04T12:12:00,2026-11-04T12:41:00,29,24,Customer premises equipment,Fiber Maintenance,1,Monitor and resolve in standard queue
INC-2026-00018,2026-11-05,2026-11,SITE-0182,Bandung,Enterprise VPN,Medium,Closed,2026-11-05T00:52:00,2026-11-05T02:43:00,111,39,Access node congestion,Field Operations,1,Assign service assurance follow-up
INC-2026-00671,2026-11-05,2026-11,SITE-0100,Balikpapan,Cloud Connectivity,Low,Resolved,2026-11-05T19:46:00,2026-11-05T20:37:00,51,61,Planned maintenance overrun,Fiber Maintenance,1,Monitor and resolve in standard queue
INC-2026-00805,2026-11-05,2026-11,SITE-0159,Palembang,Mobile Broadband,High,Resolved,2026-11-05T07:20:00,2026-11-05T13:30:00,370,201,Planned maintenance overrun,Customer Assurance,2,Escalate to regional operations lead
INC-2026-01359,2026-11-05,2026-11,SITE-0121,Jakarta,Voice,Medium,Resolved,2026-11-05T02:09:00,2026-11-05T04:38:00,149,205,Core router instability,Field Operations,1,Assign service assurance follow-up
INC-2026-01378,2026-11-05,2026-11,SITE-0127,Yogyakarta,Mobile Broadband,Low,Closed,2026-11-05T23:35:00,2026-11-06T00:34:00,59,26,Power outage,Enterprise Support,1,Monitor and resolve in standard queue
INC-2026-01420,2026-11-05,2026-11,SITE-0125,Makassar,IPTV,Medium,Escalated,2026-11-05T06:04:00,,134,179,Access node congestion,Customer Assurance,1,Assign service assurance follow-up
INC-2026-02183,2026-11-05,2026-11,SITE-0235,Makassar,Voice,Low,Closed,2026-11-05T04:12:00,2026-11-05T05:24:00,72,23,Power outage,Customer Assurance,1,Monitor and resolve in standard queue
INC-2026-00357,2026-11-06,2026-11,SITE-0013,Surabaya,Mobile Broadband,High,Closed,2026-11-06T13:02:00,2026-11-06T19:45:00,403,153,Power outage,Customer Assurance,2,Escalate to regional operations lead
INC-2026-00498,2026-11-06,2026-11,SITE-0108,Denpasar,Fiber Internet,Low,Closed,2026-11-06T23:56:00,2026-11-07T00:40:00,44,52,Core router instability,Customer Assurance,1,Monitor and resolve in standard queue
INC-2026-01588,2026-11-06,2026-11,SITE-0097,Yogyakarta,IPTV,High,Resolved,2026-11-06T16:56:00,2026-11-06T19:44:00,168,324,Customer premises equipment,NOC Core,2,Escalate to regional operations lead
INC-2026-01861,2026-11-06,2026-11,SITE-0199,Palembang,Mobile Broadband,High,Resolved,2026-11-06T13:41:00,2026-11-06T19:35:00,354,475,Power outage,Customer Assurance,2,Escalate to regional operations lead
INC-2026-00004,2026-11-07,2026-11,SITE-0118,Denpasar,Enterprise VPN,High,Open,2026-11-07T06:37:00,,341,13,Planned maintenance overrun,Fiber Maintenance,2,Escalate to regional operations lead
INC-2026-00218,2026-11-07,2026-11,SITE-0154,Medan,IPTV,Low,Resolved,2026-11-07T00:55:00,2026-11-07T02:07:00,72,30,Backhaul packet loss,Enterprise Support,1,Monitor and resolve in standard queue
INC-2026-00693,2026-11-07,2026-11,SITE-0226,Semarang,Mobile Broadband,Medium,Resolved,2026-11-07T16:50:00,2026-11-07T19:31:00,161,89,Access node congestion,Enterprise Support,1,Assign service assurance follow-up
INC-2026-01384,2026-11-07,2026-11,SITE-0198,Denpasar,Fiber Internet,Low,Closed,2026-11-07T21:35:00,2026-11-07T22:35:00,60,53,Customer premises equipment,Customer Assurance,1,Monitor and resolve in standard queue
INC-2026-01859,2026-11-07,2026-11,SITE-0031,Jakarta,Cloud Connectivity,Low,Resolved,2026-11-07T05:16:00,2026-11-07T06:11:00,55,62,Backhaul packet loss,Customer Assurance,1,Monitor and resolve in standard queue
INC-2026-01871,2026-11-07,2026-11,SITE-0245,Makassar,Voice,Low,Closed,2026-11-07T08:00:00,2026-11-07T08:44:00,44,45,Power outage,Customer Assurance,1,Monitor and resolve in standard queue
INC-2026-00349,2026-11-08,2026-11,SITE-0167,Yogyakarta,IPTV,Low,Resolved,2026-11-08T20:14:00,2026-11-08T21:03:00,49,28,Power outage,Enterprise Support,1,Monitor and resolve in standard queue
INC-2026-01682,2026-11-08,2026-11,SITE-0038,Denpasar,Enterprise VPN,Medium,Closed,2026-11-08T10:34:00,2026-11-08T13:52:00,198,73,Backhaul packet loss,Fiber Maintenance,1,Assign service assurance follow-up
INC-2026-01969,2026-11-08,2026-11,SITE-0145,Makassar,Mobile Broadband,High,Closed,2026-11-08T01:03:00,2026-11-08T07:32:00,389,541,Power outage,Enterprise Support,2,Escalate to regional operations lead
INC-2026-00095,2026-11-09,2026-11,SITE-0092,Bandung,Voice,Low,Closed,2026-11-09T13:20:00,2026-11-09T14:40:00,80,37,Backhaul packet loss,NOC Core,1,Monitor and resolve in standard queue
INC-2026-02127,2026-11-09,2026-11,SITE-0108,Denpasar,Fiber Internet,Low,Closed,2026-11-09T11:30:00,2026-11-09T12:33:00,63,31,Power outage,Fiber Maintenance,1,Monitor and resolve in standard queue
INC-2026-00113,2026-11-10,2026-11,SITE-0004,Medan,IPTV,Critical,Resolved,2026-11-10T05:56:00,2026-11-10T19:35:00,819,709,Configuration drift,Field Operations,3,Open command bridge and dispatch field team
INC-2026-00295,2026-11-10,2026-11,SITE-0245,Makassar,Voice,Low,Closed,2026-11-10T10:47:00,2026-11-10T11:59:00,72,39,Configuration drift,Field Operations,1,Monitor and resolve in standard queue
INC-2026-00250,2026-11-11,2026-11,SITE-0163,Surabaya,Cloud Connectivity,Medium,Resolved,2026-11-11T12:20:00,2026-11-11T14:40:00,140,91,Backhaul packet loss,Enterprise Support,1,Assign service assurance follow-up
INC-2026-00358,2026-11-11,2026-11,SITE-0039,Palembang,IPTV,Low,Resolved,2026-11-11T11:15:00,2026-11-11T11:53:00,38,14,Customer premises equipment,Fiber Maintenance,1,Monitor and resolve in standard queue
INC-2026-00571,2026-11-11,2026-11,SITE-0049,Palembang,IPTV,Medium,Resolved,2026-11-11T08:05:00,2026-11-11T10:21:00,136,85,Backhaul packet loss,Field Operations,1,Assign service assurance follow-up
INC-2026-01771,2026-11-11,2026-11,SITE-0179,Palembang,IPTV,Low,Resolved,2026-11-11T22:14:00,2026-11-11T23:03:00,49,40,Fiber cut,Customer Assurance,1,Monitor and resolve in standard queue
INC-2026-00047,2026-11-12,2026-11,SITE-0099,Palembang,IPTV,High,Resolved,2026-11-12T06:51:00,2026-11-12T12:10:00,319,391,Customer premises equipment,Fiber Maintenance,2,Escalate to regional operations lead
INC-2026-00197,2026-11-12,2026-11,SITE-0028,Denpasar,Voice,Medium,Closed,2026-11-12T15:09:00,2026-11-12T18:08:00,179,183,Configuration drift,NOC Core,1,Assign service assurance follow-up
INC-2026-00242,2026-11-12,2026-11,SITE-0139,Palembang,Voice,Medium,Resolved,2026-11-12T05:35:00,2026-11-12T07:52:00,137,48,Fiber cut,Field Operations,1,Assign service assurance follow-up
INC-2026-02119,2026-11-12,2026-11,SITE-0121,Jakarta,Voice,High,Closed,2026-11-12T00:14:00,2026-11-12T07:28:00,434,454,Core router instability,Customer Assurance,2,Escalate to regional operations lead
INC-2026-00066,2026-11-13,2026-11,SITE-0242,Bandung,Enterprise VPN,Medium,Resolved,2026-11-13T06:12:00,2026-11-13T08:26:00,134,48,Planned maintenance overrun,Field Operations,1,Assign service assurance follow-up
INC-2026-00779,2026-11-13,2026-11,SITE-0179,Palembang,IPTV,Low,Resolved,2026-11-13T17:06:00,2026-11-13T18:00:00,54,38,Core router instability,NOC Core,1,Monitor and resolve in standard queue
INC-2026-00943,2026-11-13,2026-11,SITE-0237,Yogyakarta,Voice,High,Closed,2026-11-13T09:16:00,2026-11-13T15:25:00,369,279,Customer premises equipment,Fiber Maintenance,2,Escalate to regional operations lead
INC-2026-01211,2026-11-13,2026-11,SITE-0177,Yogyakarta,Fiber Internet,Medium,Closed,2026-11-13T11:37:00,2026-11-13T13:38:00,121,177,Customer premises equipment,Field Operations,1,Assign service assurance follow-up
INC-2026-01230,2026-11-13,2026-11,SITE-0105,Makassar,Fiber Internet,Low,Resolved,2026-11-13T00:14:00,2026-11-13T01:07:00,53,23,Customer premises equipment,Customer Assurance,1,Monitor and resolve in standard queue
INC-2026-02063,2026-11-13,2026-11,SITE-0240,Balikpapan,Mobile Broadband,High,Resolved,2026-11-13T15:53:00,2026-11-14T00:24:00,511,204,Fiber cut,NOC Core,2,Escalate to regional operations lead
INC-2026-00038,2026-11-14,2026-11,SITE-0227,Yogyakarta,Cloud Connectivity,Low,Closed,2026-11-14T10:47:00,2026-11-14T11:19:00,32,11,Access node congestion,Fiber Maintenance,1,Monitor and resolve in standard queue
INC-2026-00502,2026-11-14,2026-11,SITE-0129,Palembang,Fiber Internet,Critical,Escalated,2026-11-14T16:54:00,,745,257,Power outage,Customer Assurance,3,Open command bridge and dispatch field team
INC-2026-00590,2026-11-14,2026-11,SITE-0032,Bandung,Enterprise VPN,High,Closed,2026-11-14T07:38:00,2026-11-14T14:57:00,439,101,Customer premises equipment,Field Operations,2,Escalate to regional operations lead
INC-2026-01085,2026-11-14,2026-11,SITE-0180,Balikpapan,Voice,Low,Closed,2026-11-14T18:30:00,2026-11-14T19:37:00,67,23,Backhaul packet loss,Customer Assurance,1,Monitor and resolve in standard queue
INC-2026-01498,2026-11-14,2026-11,SITE-0196,Semarang,Fiber Internet,Low,Closed,2026-11-14T11:14:00,2026-11-14T12:06:00,52,16,Planned maintenance overrun,Enterprise Support,1,Monitor and resolve in standard queue
INC-2026-01807,2026-11-14,2026-11,SITE-0193,Surabaya,IPTV,Low,Investigating,2026-11-14T03:44:00,,72,29,Fiber cut,Enterprise Support,1,Monitor and resolve in standard queue
INC-2026-01873,2026-11-14,2026-11,SITE-0011,Jakarta,Cloud Connectivity,Low,Closed,2026-11-14T12:47:00,2026-11-14T13:59:00,72,31,Fiber cut,Enterprise Support,1,Monitor and resolve in standard queue
INC-2026-02031,2026-11-14,2026-11,SITE-0209,Palembang,Mobile Broadband,Medium,Closed,2026-11-14T05:15:00,2026-11-14T08:35:00,200,157,Fiber cut,Field Operations,1,Assign service assurance follow-up
INC-2026-00336,2026-11-15,2026-11,SITE-0148,Denpasar,Mobile Broadband,Medium,Open,2026-11-15T10:46:00,,174,114,Customer premises equipment,Field Operations,1,Assign service assurance follow-up
INC-2026-01260,2026-11-15,2026-11,SITE-0037,Yogyakarta,Cloud Connectivity,High,Resolved,2026-11-15T00:50:00,2026-11-15T04:54:00,244,487,Access node congestion,Field Operations,2,Escalate to regional operations lead
INC-2026-01292,2026-11-15,2026-11,SITE-0131,Jakarta,Cloud Connectivity,Low,Resolved,2026-11-15T12:56:00,2026-11-15T13:45:00,49,24,Customer premises equipment,NOC Core,1,Monitor and resolve in standard queue
INC-2026-02196,2026-11-15,2026-11,SITE-0198,Denpasar,Fiber Internet,Low,Closed,2026-11-15T22:22:00,2026-11-15T22:53:00,31,27,Configuration drift,Enterprise Support,1,Monitor and resolve in standard queue
INC-2026-00193,2026-11-16,2026-11,SITE-0189,Palembang,Mobile Broadband,Low,Resolved,2026-11-16T10:43:00,2026-11-16T11:26:00,43,25,Configuration drift,NOC Core,1,Monitor and resolve in standard queue
INC-2026-00327,2026-11-16,2026-11,SITE-0120,Balikpapan,Cloud Connectivity,High,Closed,2026-11-16T22:43:00,2026-11-17T05:39:00,416,366,Power outage,Field Operations,2,Escalate to regional operations lead
INC-2026-00450,2026-11-16,2026-11,SITE-0036,Semarang,Enterprise VPN,Critical,Resolved,2026-11-16T22:08:00,2026-11-17T08:54:00,646,258,Core router instability,Field Operations,3,Open command bridge and dispatch field team
INC-2026-00608,2026-11-16,2026-11,SITE-0242,Bandung,Enterprise VPN,Low,Resolved,2026-11-16T11:56:00,2026-11-16T13:01:00,65,14,Core router instability,Enterprise Support,1,Monitor and resolve in standard queue
INC-2026-00668,2026-11-16,2026-11,SITE-0136,Semarang,Cloud Connectivity,Medium,Closed,2026-11-16T23:05:00,2026-11-17T00:24:00,79,171,Fiber cut,Fiber Maintenance,1,Assign service assurance follow-up
INC-2026-00782,2026-11-16,2026-11,SITE-0008,Denpasar,Fiber Internet,Low,Resolved,2026-11-16T10:46:00,2026-11-16T11:23:00,37,44,Customer premises equipment,NOC Core,1,Monitor and resolve in standard queue
INC-2026-01427,2026-11-16,2026-11,SITE-0220,Balikpapan,Fiber Internet,High,Resolved,2026-11-16T04:56:00,2026-11-16T13:04:00,488,515,Power outage,Field Operations,2,Escalate to regional operations lead
INC-2026-02155,2026-11-16,2026-11,SITE-0152,Bandung,Fiber Internet,Medium,Closed,2026-11-16T02:52:00,2026-11-16T04:29:00,97,182,Access node congestion,Customer Assurance,1,Assign service assurance follow-up
INC-2026-00027,2026-11-17,2026-11,SITE-0224,Medan,Mobile Broadband,Medium,Closed,2026-11-17T21:54:00,2026-11-18T00:04:00,130,163,Core router instability,NOC Core,1,Assign service assurance follow-up
INC-2026-00213,2026-11-17,2026-11,SITE-0250,Balikpapan,Mobile Broadband,High,Closed,2026-11-17T00:20:00,2026-11-17T09:39:00,559,533,Configuration drift,Enterprise Support,2,Escalate to regional operations lead
INC-2026-00234,2026-11-17,2026-11,SITE-0102,Bandung,Enterprise VPN,Low,Resolved,2026-11-17T13:23:00,2026-11-17T13:45:00,22,26,Configuration drift,Enterprise Support,1,Monitor and resolve in standard queue
INC-2026-00290,2026-11-17,2026-11,SITE-0143,Surabaya,Mobile Broadband,Medium,Resolved,2026-11-17T15:22:00,2026-11-17T18:20:00,178,174,Core router instability,Customer Assurance,1,Assign service assurance follow-up
INC-2026-00444,2026-11-17,2026-11,SITE-0177,Yogyakarta,Fiber Internet,Medium,Closed,2026-11-17T00:18:00,2026-11-17T03:19:00,181,145,Core router instability,NOC Core,1,Assign service assurance follow-up
INC-2026-00639,2026-11-17,2026-11,SITE-0193,Surabaya,IPTV,Medium,Closed,2026-11-17T19:17:00,2026-11-17T21:38:00,141,122,Power outage,Fiber Maintenance,1,Assign service assurance follow-up
INC-2026-00769,2026-11-17,2026-11,SITE-0183,Surabaya,Fiber Internet,Medium,Closed,2026-11-17T08:37:00,2026-11-17T11:11:00,154,25,Configuration drift,Customer Assurance,1,Assign service assurance follow-up
INC-2026-00550,2026-11-18,2026-11,SITE-0057,Yogyakarta,IPTV,Critical,Closed,2026-11-18T17:35:00,2026-11-19T04:44:00,669,1406,Customer premises equipment,Customer Assurance,3,Open command bridge and dispatch field team
INC-2026-00635,2026-11-18,2026-11,SITE-0211,Jakarta,Mobile Broadband,Low,Closed,2026-11-18T15:49:00,2026-11-18T16:27:00,38,54,Planned maintenance overrun,NOC Core,1,Monitor and resolve in standard queue
INC-2026-01073,2026-11-18,2026-11,SITE-0189,Palembang,Mobile Broadband,Low,Resolved,2026-11-18T00:47:00,2026-11-18T01:47:00,60,38,Backhaul packet loss,Fiber Maintenance,1,Monitor and resolve in standard queue
INC-2026-01076,2026-11-18,2026-11,SITE-0186,Semarang,Fiber Internet,Low,Resolved,2026-11-18T05:43:00,2026-11-18T06:25:00,42,24,Customer premises equipment,Fiber Maintenance,1,Monitor and resolve in standard queue
INC-2026-01231,2026-11-18,2026-11,SITE-0100,Balikpapan,Cloud Connectivity,Medium,Resolved,2026-11-18T17:35:00,2026-11-18T19:58:00,143,142,Planned maintenance overrun,Enterprise Support,1,Assign service assurance follow-up
INC-2026-01279,2026-11-18,2026-11,SITE-0095,Makassar,IPTV,Low,Closed,2026-11-18T13:49:00,2026-11-18T14:46:00,57,25,Backhaul packet loss,Customer Assurance,1,Monitor and resolve in standard queue
INC-2026-01913,2026-11-18,2026-11,SITE-0088,Denpasar,Fiber Internet,Medium,Resolved,2026-11-18T11:54:00,2026-11-18T14:02:00,128,142,Configuration drift,Field Operations,1,Assign service assurance follow-up
INC-2026-02079,2026-11-18,2026-11,SITE-0061,Jakarta,Cloud Connectivity,Medium,Closed,2026-11-18T11:28:00,2026-11-18T14:02:00,154,83,Customer premises equipment,Customer Assurance,1,Assign service assurance follow-up
INC-2026-02152,2026-11-18,2026-11,SITE-0096,Semarang,Mobile Broadband,Medium,Resolved,2026-11-18T01:24:00,2026-11-18T02:27:00,63,204,Core router instability,NOC Core,1,Assign service assurance follow-up
INC-2026-02153,2026-11-18,2026-11,SITE-0035,Makassar,Mobile Broadband,High,Open,2026-11-18T10:53:00,,272,215,Planned maintenance overrun,Customer Assurance,2,Escalate to regional operations lead
INC-2026-00128,2026-11-19,2026-11,SITE-0132,Bandung,Fiber Internet,Medium,Resolved,2026-11-19T01:10:00,2026-11-19T03:40:00,150,41,Power outage,Customer Assurance,1,Assign service assurance follow-up
INC-2026-00313,2026-11-19,2026-11,SITE-0053,Surabaya,Enterprise VPN,Low,Resolved,2026-11-19T05:33:00,2026-11-19T06:33:00,60,19,Planned maintenance overrun,Fiber Maintenance,1,Monitor and resolve in standard queue
INC-2026-01304,2026-11-19,2026-11,SITE-0154,Medan,IPTV,Low,Resolved,2026-11-19T21:27:00,2026-11-19T22:07:00,40,27,Fiber cut,NOC Core,1,Monitor and resolve in standard queue
INC-2026-01866,2026-11-19,2026-11,SITE-0016,Semarang,Enterprise VPN,High,Closed,2026-11-19T16:36:00,2026-11-19T23:02:00,386,103,Planned maintenance overrun,Fiber Maintenance,2,Escalate to regional operations lead
INC-2026-00132,2026-11-20,2026-11,SITE-0198,Denpasar,Fiber Internet,Low,Resolved,2026-11-20T10:52:00,2026-11-20T11:52:00,60,47,Backhaul packet loss,Fiber Maintenance,1,Monitor and resolve in standard queue
INC-2026-00137,2026-11-20,2026-11,SITE-0130,Balikpapan,Enterprise VPN,Low,Closed,2026-11-20T08:07:00,2026-11-20T09:35:00,88,15,Core router instability,Fiber Maintenance,1,Monitor and resolve in standard queue
INC-2026-00465,2026-11-20,2026-11,SITE-0191,Jakarta,Mobile Broadband,Low,Resolved,2026-11-20T11:02:00,2026-11-20T11:52:00,50,74,Configuration drift,NOC Core,1,Monitor and resolve in standard queue
INC-2026-00484,2026-11-20,2026-11,SITE-0172,Bandung,Enterprise VPN,Critical,Resolved,2026-11-20T07:50:00,2026-11-20T18:54:00,664,183,Backhaul packet loss,Fiber Maintenance,3,Open command bridge and dispatch field team
INC-2026-01130,2026-11-20,2026-11,SITE-0167,Yogyakarta,IPTV,Medium,Resolved,2026-11-20T00:19:00,2026-11-20T02:36:00,137,105,Fiber cut,Field Operations,1,Assign service assurance follow-up
INC-2026-01661,2026-11-20,2026-11,SITE-0024,Medan,Voice,Low,Closed,2026-11-20T21:28:00,2026-11-20T22:31:00,63,61,Configuration drift,NOC Core,1,Monitor and resolve in standard queue
INC-2026-02143,2026-11-20,2026-11,SITE-0072,Bandung,Enterprise VPN,Low,Closed,2026-11-20T17:48:00,2026-11-20T18:43:00,55,21,Fiber cut,Fiber Maintenance,1,Monitor and resolve in standard queue
INC-2026-00093,2026-11-21,2026-11,SITE-0016,Semarang,Enterprise VPN,Low,Closed,2026-11-21T04:51:00,2026-11-21T05:22:00,31,12,Power outage,Enterprise Support,1,Monitor and resolve in standard queue
INC-2026-00110,2026-11-21,2026-11,SITE-0228,Denpasar,Cloud Connectivity,High,Resolved,2026-11-21T00:03:00,2026-11-21T04:56:00,293,153,Configuration drift,Fiber Maintenance,2,Escalate to regional operations lead
INC-2026-00151,2026-11-21,2026-11,SITE-0173,Surabaya,Voice,Medium,Open,2026-11-21T09:11:00,,151,91,Power outage,Field Operations,1,Assign service assurance follow-up
INC-2026-00842,2026-11-21,2026-11,SITE-0168,Denpasar,Cloud Connectivity,High,Escalated,2026-11-21T00:02:00,,312,281,Configuration drift,Fiber Maintenance,2,Escalate to regional operations lead
INC-2026-01159,2026-11-21,2026-11,SITE-0046,Semarang,Cloud Connectivity,High,Resolved,2026-11-21T09:08:00,2026-11-21T15:32:00,384,116,Configuration drift,Field Operations,2,Escalate to regional operations lead
INC-2026-01474,2026-11-21,2026-11,SITE-0246,Semarang,Mobile Broadband,High,Closed,2026-11-21T05:26:00,2026-11-21T10:57:00,331,510,Customer premises equipment,Customer Assurance,2,Escalate to regional operations lead
INC-2026-00006,2026-11-22,2026-11,SITE-0202,Bandung,Voice,Low,Closed,2026-11-22T03:48:00,2026-11-22T04:28:00,40,2,Power outage,Customer Assurance,1,Monitor and resolve in standard queue
INC-2026-00157,2026-11-22,2026-11,SITE-0105,Makassar,Fiber Internet,Medium,Resolved,2026-11-22T00:36:00,2026-11-22T03:17:00,161,86,Fiber cut,NOC Core,1,Assign service assurance follow-up
INC-2026-00198,2026-11-22,2026-11,SITE-0179,Palembang,IPTV,Medium,Closed,2026-11-22T20:35:00,2026-11-22T21:06:00,31,82,Power outage,Customer Assurance,1,Assign service assurance follow-up
INC-2026-00215,2026-11-22,2026-11,SITE-0049,Palembang,IPTV,High,Resolved,2026-11-22T16:23:00,2026-11-22T20:38:00,255,403,Power outage,Fiber Maintenance,2,Escalate to regional operations lead
INC-2026-00232,2026-11-22,2026-11,SITE-0135,Makassar,Voice,High,Resolved,2026-11-22T10:56:00,2026-11-22T15:46:00,290,177,Access node congestion,Fiber Maintenance,2,Escalate to regional operations lead
INC-2026-00245,2026-11-22,2026-11,SITE-0250,Balikpapan,Mobile Broadband,Low,Closed,2026-11-22T11:58:00,2026-11-22T13:04:00,66,25,Fiber cut,Customer Assurance,1,Monitor and resolve in standard queue
INC-2026-00517,2026-11-22,2026-11,SITE-0065,Makassar,Fiber Internet,Low,Resolved,2026-11-22T06:41:00,2026-11-22T07:19:00,38,33,Fiber cut,Enterprise Support,1,Monitor and resolve in standard queue
INC-2026-00801,2026-11-22,2026-11,SITE-0078,Denpasar,Cloud Connectivity,Critical,Closed,2026-11-22T00:27:00,2026-11-22T07:40:00,433,396,Core router instability,Customer Assurance,3,Open command bridge and dispatch field team
INC-2026-00902,2026-11-22,2026-11,SITE-0224,Medan,Mobile Broadband,Low,Closed,2026-11-22T10:56:00,2026-11-22T12:01:00,65,89,Fiber cut,Fiber Maintenance,1,Monitor and resolve in standard queue
INC-2026-01025,2026-11-22,2026-11,SITE-0144,Medan,Enterprise VPN,Low,Resolved,2026-11-22T21:41:00,2026-11-22T22:47:00,66,3,Customer premises equipment,Customer Assurance,1,Monitor and resolve in standard queue
INC-2026-01208,2026-11-22,2026-11,SITE-0215,Makassar,Voice,Medium,Resolved,2026-11-22T13:23:00,2026-11-22T16:29:00,186,237,Core router instability,Fiber Maintenance,1,Assign service assurance follow-up
INC-2026-01428,2026-11-22,2026-11,SITE-0106,Semarang,IPTV,High,Resolved,2026-11-22T02:58:00,2026-11-22T09:29:00,391,188,Access node congestion,NOC Core,2,Escalate to regional operations lead
INC-2026-02190,2026-11-22,2026-11,SITE-0141,Jakarta,Fiber Internet,Low,Closed,2026-11-22T10:21:00,2026-11-22T11:13:00,52,33,Access node congestion,Fiber Maintenance,1,Monitor and resolve in standard queue
INC-2026-00050,2026-11-23,2026-11,SITE-0164,Medan,Voice,Low,Resolved,2026-11-23T02:49:00,2026-11-23T03:46:00,57,24,Access node congestion,NOC Core,1,Monitor and resolve in standard queue
INC-2026-00237,2026-11-23,2026-11,SITE-0174,Medan,Mobile Broadband,High,Closed,2026-11-23T11:39:00,2026-11-23T11:44:00,5,118,Access node congestion,Fiber Maintenance,2,Escalate to regional operations lead
INC-2026-00323,2026-11-23,2026-11,SITE-0070,Balikpapan,Mobile Broadband,Low,Closed,2026-11-23T23:05:00,2026-11-24T00:14:00,69,31,Backhaul packet loss,NOC Core,1,Monitor and resolve in standard queue
INC-2026-00913,2026-11-23,2026-11,SITE-0028,Denpasar,Voice,Low,Resolved,2026-11-23T01:17:00,2026-11-23T01:46:00,29,36,Core router instability,Customer Assurance,1,Monitor and resolve in standard queue
INC-2026-01481,2026-11-23,2026-11,SITE-0236,Semarang,Cloud Connectivity,Medium,Resolved,2026-11-23T04:55:00,2026-11-23T06:58:00,123,243,Power outage,Customer Assurance,1,Assign service assurance follow-up
INC-2026-01645,2026-11-23,2026-11,SITE-0057,Yogyakarta,IPTV,Low,Resolved,2026-11-23T07:02:00,2026-11-23T08:02:00,60,70,Backhaul packet loss,NOC Core,1,Monitor and resolve in standard queue
INC-2026-01680,2026-11-23,2026-11,SITE-0207,Yogyakarta,Cloud Connectivity,High,Resolved,2026-11-23T12:17:00,2026-11-23T15:18:00,181,304,Core router instability,Customer Assurance,2,Escalate to regional operations lead
INC-2026-01827,2026-11-23,2026-11,SITE-0199,Palembang,Mobile Broadband,Low,Closed,2026-11-23T09:06:00,2026-11-23T10:15:00,69,40,Configuration drift,Field Operations,1,Monitor and resolve in standard queue
INC-2026-01939,2026-11-23,2026-11,SITE-0250,Balikpapan,Mobile Broadband,High,Resolved,2026-11-23T11:21:00,2026-11-23T17:30:00,369,388,Backhaul packet loss,Fiber Maintenance,2,Escalate to regional operations lead
INC-2026-02051,2026-11-23,2026-11,SITE-0190,Balikpapan,IPTV,Low,Resolved,2026-11-23T03:40:00,2026-11-23T05:33:00,113,30,Fiber cut,Field Operations,1,Monitor and resolve in standard queue
INC-2026-02194,2026-11-23,2026-11,SITE-0118,Denpasar,Enterprise VPN,Low,Resolved,2026-11-23T04:21:00,2026-11-23T04:43:00,22,3,Power outage,Fiber Maintenance,1,Monitor and resolve in standard queue
INC-2026-00575,2026-11-24,2026-11,SITE-0087,Yogyakarta,Enterprise VPN,High,Resolved,2026-11-24T12:36:00,2026-11-24T19:22:00,406,230,Backhaul packet loss,Enterprise Support,2,Escalate to regional operations lead
INC-2026-00998,2026-11-24,2026-11,SITE-0175,Makassar,Mobile Broadband,Low,Resolved,2026-11-24T22:53:00,2026-11-24T23:38:00,45,62,Planned maintenance overrun,Enterprise Support,1,Monitor and resolve in standard queue
INC-2026-01542,2026-11-24,2026-11,SITE-0085,Makassar,Enterprise VPN,Medium,Closed,2026-11-24T09:00:00,2026-11-24T11:28:00,148,33,Backhaul packet loss,Fiber Maintenance,1,Assign service assurance follow-up
INC-2026-01658,2026-11-24,2026-11,SITE-0247,Yogyakarta,Cloud Connectivity,Low,Resolved,2026-11-24T11:08:00,2026-11-24T12:21:00,73,51,Access node congestion,Customer Assurance,1,Monitor and resolve in standard queue
INC-2026-01750,2026-11-24,2026-11,SITE-0150,Balikpapan,IPTV,High,Resolved,2026-11-24T07:35:00,2026-11-24T16:34:00,539,276,Access node congestion,Enterprise Support,2,Escalate to regional operations lead
INC-2026-01946,2026-11-24,2026-11,SITE-0069,Palembang,Voice,Medium,Closed,2026-11-24T12:33:00,2026-11-24T14:16:00,103,201,Fiber cut,Customer Assurance,1,Assign service assurance follow-up
INC-2026-01331,2026-11-25,2026-11,SITE-0085,Makassar,Enterprise VPN,Low,Resolved,2026-11-25T13:15:00,2026-11-25T14:38:00,83,11,Backhaul packet loss,NOC Core,1,Monitor and resolve in standard queue
INC-2026-01466,2026-11-25,2026-11,SITE-0248,Denpasar,Cloud Connectivity,High,Resolved,2026-11-25T21:41:00,2026-11-26T01:43:00,242,257,Configuration drift,Enterprise Support,2,Escalate to regional operations lead
INC-2026-01581,2026-11-25,2026-11,SITE-0089,Palembang,IPTV,Medium,Closed,2026-11-25T00:08:00,2026-11-25T02:31:00,143,157,Core router instability,Customer Assurance,1,Assign service assurance follow-up
INC-2026-01267,2026-11-26,2026-11,SITE-0140,Balikpapan,Voice,Medium,Resolved,2026-11-26T23:20:00,2026-11-27T02:20:00,180,109,Planned maintenance overrun,Enterprise Support,1,Assign service assurance follow-up
INC-2026-01916,2026-11-26,2026-11,SITE-0053,Surabaya,Enterprise VPN,Medium,Resolved,2026-11-26T15:08:00,2026-11-26T17:15:00,127,47,Configuration drift,Field Operations,1,Assign service assurance follow-up
INC-2026-00473,2026-11-27,2026-11,SITE-0049,Palembang,IPTV,High,Resolved,2026-11-27T12:28:00,2026-11-27T18:50:00,382,460,Core router instability,Enterprise Support,2,Escalate to regional operations lead
INC-2026-00535,2026-11-27,2026-11,SITE-0091,Jakarta,Enterprise VPN,Medium,Resolved,2026-11-27T08:53:00,2026-11-27T10:42:00,109,68,Power outage,Field Operations,1,Assign service assurance follow-up
INC-2026-01557,2026-11-27,2026-11,SITE-0197,Yogyakarta,Enterprise VPN,High,Closed,2026-11-27T12:34:00,2026-11-27T17:41:00,307,179,Configuration drift,Customer Assurance,2,Escalate to regional operations lead
INC-2026-01746,2026-11-27,2026-11,SITE-0072,Bandung,Enterprise VPN,Medium,Closed,2026-11-27T06:08:00,2026-11-27T08:32:00,144,80,Customer premises equipment,NOC Core,1,Assign service assurance follow-up
INC-2026-00200,2026-11-28,2026-11,SITE-0231,Jakarta,IPTV,Low,Resolved,2026-11-28T23:58:00,2026-11-29T00:58:00,60,36,Core router instability,Customer Assurance,1,Monitor and resolve in standard queue
INC-2026-00255,2026-11-28,2026-11,SITE-0140,Balikpapan,Voice,High,Resolved,2026-11-28T12:48:00,2026-11-28T22:22:00,574,539,Access node congestion,Customer Assurance,2,Escalate to regional operations lead
INC-2026-00297,2026-11-28,2026-11,SITE-0192,Bandung,Mobile Broadband,Medium,Resolved,2026-11-28T21:08:00,2026-11-28T22:56:00,108,111,Access node congestion,Field Operations,1,Assign service assurance follow-up
INC-2026-00385,2026-11-28,2026-11,SITE-0085,Makassar,Enterprise VPN,Low,Open,2026-11-28T18:35:00,,67,9,Power outage,Customer Assurance,1,Monitor and resolve in standard queue
INC-2026-00652,2026-11-28,2026-11,SITE-0060,Balikpapan,Fiber Internet,Critical,Resolved,2026-11-28T23:55:00,2026-11-29T15:04:00,909,285,Customer premises equipment,Fiber Maintenance,3,Open command bridge and dispatch field team
INC-2026-00672,2026-11-28,2026-11,SITE-0195,Makassar,Fiber Internet,Low,Resolved,2026-11-28T05:22:00,2026-11-28T06:14:00,52,24,Power outage,NOC Core,1,Monitor and resolve in standard queue
INC-2026-00832,2026-11-28,2026-11,SITE-0169,Palembang,IPTV,Medium,Resolved,2026-11-28T16:27:00,2026-11-28T19:26:00,179,56,Access node congestion,Enterprise Support,1,Assign service assurance follow-up
INC-2026-01011,2026-11-28,2026-11,SITE-0204,Medan,Cloud Connectivity,Low,Resolved,2026-11-28T04:54:00,2026-11-28T05:54:00,60,50,Configuration drift,Customer Assurance,1,Monitor and resolve in standard queue
INC-2026-01091,2026-11-28,2026-11,SITE-0138,Denpasar,Enterprise VPN,Low,Closed,2026-11-28T17:28:00,2026-11-28T18:15:00,47,10,Access node congestion,Enterprise Support,1,Monitor and resolve in standard queue
INC-2026-01755,2026-11-28,2026-11,SITE-0043,Surabaya,Cloud Connectivity,Low,Resolved,2026-11-28T21:37:00,2026-11-28T22:19:00,42,46,Power outage,Fiber Maintenance,1,Monitor and resolve in standard queue
INC-2026-00034,2026-11-29,2026-11,SITE-0073,Surabaya,Cloud Connectivity,Low,Resolved,2026-11-29T19:06:00,2026-11-29T20:17:00,71,60,Customer premises equipment,NOC Core,1,Monitor and resolve in standard queue
INC-2026-00481,2026-11-29,2026-11,SITE-0196,Semarang,Fiber Internet,Low,Resolved,2026-11-29T09:45:00,2026-11-29T10:43:00,58,28,Power outage,Fiber Maintenance,1,Monitor and resolve in standard queue
INC-2026-00654,2026-11-29,2026-11,SITE-0249,Palembang,Enterprise VPN,Low,Closed,2026-11-29T03:08:00,2026-11-29T03:29:00,21,11,Configuration drift,Field Operations,1,Monitor and resolve in standard queue
INC-2026-00669,2026-11-29,2026-11,SITE-0068,Denpasar,Fiber Internet,Low,Resolved,2026-11-29T18:14:00,2026-11-29T19:11:00,57,49,Configuration drift,Customer Assurance,1,Monitor and resolve in standard queue
INC-2026-00966,2026-11-29,2026-11,SITE-0114,Medan,Enterprise VPN,High,Closed,2026-11-29T04:58:00,2026-11-29T09:43:00,285,88,Access node congestion,Enterprise Support,2,Escalate to regional operations lead
INC-2026-01113,2026-11-29,2026-11,SITE-0089,Palembang,IPTV,Medium,Investigating,2026-11-29T17:01:00,,120,202,Backhaul packet loss,Field Operations,1,Assign service assurance follow-up
INC-2026-01223,2026-11-29,2026-11,SITE-0152,Bandung,Fiber Internet,Medium,Resolved,2026-11-29T02:41:00,2026-11-29T05:04:00,143,127,Planned maintenance overrun,Customer Assurance,1,Assign service assurance follow-up
INC-2026-01704,2026-11-29,2026-11,SITE-0248,Denpasar,Cloud Connectivity,Medium,Resolved,2026-11-29T17:15:00,2026-11-29T20:01:00,166,116,Power outage,Enterprise Support,1,Assign service assurance follow-up
INC-2026-01856,2026-11-29,2026-11,SITE-0243,Surabaya,Voice,Low,Closed,2026-11-29T17:52:00,2026-11-29T19:00:00,68,51,Configuration drift,Enterprise Support,1,Monitor and resolve in standard queue
INC-2026-00476,2026-11-30,2026-11,SITE-0198,Denpasar,Fiber Internet,Medium,Resolved,2026-11-30T15:36:00,2026-11-30T17:41:00,125,172,Power outage,Enterprise Support,1,Assign service assurance follow-up
INC-2026-01316,2026-11-30,2026-11,SITE-0021,Jakarta,Enterprise VPN,Low,Resolved,2026-11-30T12:30:00,2026-11-30T13:25:00,55,31,Access node congestion,Field Operations,1,Monitor and resolve in standard queue
INC-2026-01789,2026-11-30,2026-11,SITE-0060,Balikpapan,Fiber Internet,Low,Closed,2026-11-30T12:39:00,2026-11-30T13:34:00,55,29,Planned maintenance overrun,Field Operations,1,Monitor and resolve in standard queue
INC-2026-01932,2026-11-30,2026-11,SITE-0180,Balikpapan,Voice,Low,Resolved,2026-11-30T20:15:00,2026-11-30T21:30:00,75,37,Configuration drift,Customer Assurance,1,Monitor and resolve in standard queue
INC-2026-02068,2026-11-30,2026-11,SITE-0108,Denpasar,Fiber Internet,Medium,Closed,2026-11-30T12:13:00,2026-11-30T14:47:00,154,217,Backhaul packet loss,Field Operations,1,Assign service assurance follow-up
INC-2026-00180,2026-12-01,2026-12,SITE-0172,Bandung,Enterprise VPN,High,Resolved,2026-12-01T15:10:00,2026-12-01T21:56:00,406,163,Fiber cut,NOC Core,2,Escalate to regional operations lead
INC-2026-00837,2026-12-01,2026-12,SITE-0035,Makassar,Mobile Broadband,Low,Resolved,2026-12-01T08:21:00,2026-12-01T09:32:00,71,28,Planned maintenance overrun,Customer Assurance,1,Monitor and resolve in standard queue
INC-2026-00917,2026-12-01,2026-12,SITE-0005,Makassar,Fiber Internet,Low,Closed,2026-12-01T18:31:00,2026-12-01T19:18:00,47,36,Fiber cut,Fiber Maintenance,1,Monitor and resolve in standard queue
INC-2026-01740,2026-12-01,2026-12,SITE-0145,Makassar,Mobile Broadband,Medium,Resolved,2026-12-01T19:30:00,2026-12-01T21:31:00,121,205,Core router instability,Fiber Maintenance,1,Assign service assurance follow-up
INC-2026-01953,2026-12-01,2026-12,SITE-0099,Palembang,IPTV,High,Resolved,2026-12-01T09:31:00,2026-12-01T14:40:00,309,537,Power outage,Customer Assurance,2,Escalate to regional operations lead
INC-2026-00142,2026-12-02,2026-12,SITE-0091,Jakarta,Enterprise VPN,Critical,Resolved,2026-12-02T12:24:00,2026-12-03T02:18:00,834,512,Fiber cut,Customer Assurance,3,Open command bridge and dispatch field team
INC-2026-00209,2026-12-02,2026-12,SITE-0239,Palembang,Voice,Medium,Closed,2026-12-02T05:41:00,2026-12-02T07:51:00,130,146,Configuration drift,Fiber Maintenance,1,Assign service assurance follow-up
INC-2026-00316,2026-12-02,2026-12,SITE-0201,Jakarta,Voice,Medium,Closed,2026-12-02T23:31:00,2026-12-03T01:23:00,112,132,Fiber cut,Field Operations,1,Assign service assurance follow-up
INC-2026-00400,2026-12-02,2026-12,SITE-0074,Medan,Cloud Connectivity,Low,Resolved,2026-12-02T21:26:00,2026-12-02T22:22:00,56,28,Configuration drift,Field Operations,1,Monitor and resolve in standard queue
INC-2026-00982,2026-12-02,2026-12,SITE-0113,Surabaya,Fiber Internet,Medium,Resolved,2026-12-02T07:05:00,2026-12-02T10:03:00,178,139,Planned maintenance overrun,NOC Core,1,Assign service assurance follow-up
INC-2026-01272,2026-12-02,2026-12,SITE-0102,Bandung,Enterprise VPN,Low,Resolved,2026-12-02T17:41:00,2026-12-02T18:36:00,55,26,Customer premises equipment,Enterprise Support,1,Monitor and resolve in standard queue
INC-2026-01310,2026-12-02,2026-12,SITE-0065,Makassar,Fiber Internet,Low,Closed,2026-12-02T16:00:00,2026-12-02T16:38:00,38,29,Power outage,Field Operations,1,Monitor and resolve in standard queue
INC-2026-02077,2026-12-02,2026-12,SITE-0006,Semarang,Cloud Connectivity,Low,Resolved,2026-12-02T20:00:00,2026-12-02T21:01:00,61,28,Backhaul packet loss,Field Operations,1,Monitor and resolve in standard queue
INC-2026-00098,2026-12-03,2026-12,SITE-0100,Balikpapan,Cloud Connectivity,Critical,Resolved,2026-12-03T22:30:00,2026-12-04T07:11:00,521,592,Fiber cut,Enterprise Support,3,Open command bridge and dispatch field team
INC-2026-00350,2026-12-03,2026-12,SITE-0032,Bandung,Enterprise VPN,Medium,Resolved,2026-12-03T19:06:00,2026-12-03T22:23:00,197,41,Core router instability,Field Operations,1,Assign service assurance follow-up
INC-2026-00787,2026-12-03,2026-12,SITE-0185,Makassar,Mobile Broadband,Medium,Resolved,2026-12-03T21:49:00,2026-12-04T00:16:00,147,154,Core router instability,Fiber Maintenance,1,Assign service assurance follow-up
INC-2026-02165,2026-12-03,2026-12,SITE-0155,Makassar,Cloud Connectivity,Low,Resolved,2026-12-03T04:42:00,2026-12-03T05:44:00,62,35,Access node congestion,Field Operations,1,Monitor and resolve in standard queue
INC-2026-00566,2026-12-04,2026-12,SITE-0064,Medan,Voice,Medium,Resolved,2026-12-04T04:47:00,2026-12-04T06:06:00,79,249,Configuration drift,Customer Assurance,1,Assign service assurance follow-up
INC-2026-01634,2026-12-04,2026-12,SITE-0118,Denpasar,Enterprise VPN,Low,Closed,2026-12-04T07:11:00,2026-12-04T08:02:00,51,3,Access node congestion,Enterprise Support,1,Monitor and resolve in standard queue
INC-2026-00463,2026-12-05,2026-12,SITE-0217,Yogyakarta,Cloud Connectivity,Medium,Resolved,2026-12-05T21:29:00,2026-12-06T00:47:00,198,142,Fiber cut,Enterprise Support,1,Assign service assurance follow-up
INC-2026-01020,2026-12-05,2026-12,SITE-0061,Jakarta,Cloud Connectivity,High,Closed,2026-12-05T04:28:00,2026-12-05T08:58:00,270,237,Configuration drift,Customer Assurance,2,Escalate to regional operations lead
INC-2026-01082,2026-12-05,2026-12,SITE-0172,Bandung,Enterprise VPN,Critical,Resolved,2026-12-05T17:35:00,2026-12-06T01:19:00,464,211,Customer premises equipment,Field Operations,3,Open command bridge and dispatch field team
INC-2026-00355,2026-12-06,2026-12,SITE-0134,Medan,IPTV,Medium,Closed,2026-12-06T08:55:00,2026-12-06T11:07:00,132,187,Customer premises equipment,Fiber Maintenance,1,Assign service assurance follow-up
INC-2026-00368,2026-12-06,2026-12,SITE-0158,Denpasar,Voice,Critical,Escalated,2026-12-06T06:59:00,,204,1103,Fiber cut,Enterprise Support,3,Open command bridge and dispatch field team
INC-2026-00384,2026-12-06,2026-12,SITE-0225,Makassar,Mobile Broadband,High,Resolved,2026-12-06T14:51:00,2026-12-06T20:29:00,338,452,Customer premises equipment,Field Operations,2,Escalate to regional operations lead
INC-2026-00834,2026-12-06,2026-12,SITE-0196,Semarang,Fiber Internet,Low,Resolved,2026-12-06T05:39:00,2026-12-06T06:25:00,46,15,Core router instability,Customer Assurance,1,Monitor and resolve in standard queue
INC-2026-01067,2026-12-06,2026-12,SITE-0163,Surabaya,Cloud Connectivity,Low,Resolved,2026-12-06T06:27:00,2026-12-06T06:54:00,27,69,Backhaul packet loss,Fiber Maintenance,1,Monitor and resolve in standard queue
INC-2026-01092,2026-12-06,2026-12,SITE-0067,Yogyakarta,Voice,Medium,Resolved,2026-12-06T15:10:00,2026-12-06T17:10:00,120,86,Access node congestion,Fiber Maintenance,1,Assign service assurance follow-up
INC-2026-01518,2026-12-06,2026-12,SITE-0181,Jakarta,Enterprise VPN,Low,Closed,2026-12-06T14:21:00,2026-12-06T15:09:00,48,6,Power outage,Customer Assurance,1,Monitor and resolve in standard queue
INC-2026-01897,2026-12-06,2026-12,SITE-0149,Palembang,Fiber Internet,Low,Resolved,2026-12-06T21:47:00,2026-12-06T22:48:00,61,36,Power outage,NOC Core,1,Monitor and resolve in standard queue
INC-2026-02137,2026-12-06,2026-12,SITE-0146,Semarang,Mobile Broadband,Medium,Resolved,2026-12-06T15:01:00,2026-12-06T17:00:00,119,104,Access node congestion,Enterprise Support,1,Assign service assurance follow-up
INC-2026-01142,2026-12-07,2026-12,SITE-0229,Palembang,IPTV,Medium,Closed,2026-12-07T21:17:00,2026-12-07T23:38:00,141,137,Backhaul packet loss,NOC Core,1,Assign service assurance follow-up
INC-2026-01256,2026-12-07,2026-12,SITE-0133,Surabaya,Cloud Connectivity,Medium,Resolved,2026-12-07T13:36:00,2026-12-07T16:17:00,161,148,Backhaul packet loss,Field Operations,1,Assign service assurance follow-up
INC-2026-01298,2026-12-07,2026-12,SITE-0046,Semarang,Cloud Connectivity,High,Resolved,2026-12-07T02:38:00,2026-12-07T07:58:00,320,144,Configuration drift,Field Operations,2,Escalate to regional operations lead
INC-2026-02055,2026-12-07,2026-12,SITE-0246,Semarang,Mobile Broadband,Low,Resolved,2026-12-07T20:07:00,2026-12-07T21:31:00,84,69,Power outage,Enterprise Support,1,Monitor and resolve in standard queue
INC-2026-02134,2026-12-07,2026-12,SITE-0081,Jakarta,Voice,Low,Closed,2026-12-07T10:16:00,2026-12-07T11:23:00,67,55,Backhaul packet loss,Field Operations,1,Monitor and resolve in standard queue
INC-2026-00296,2026-12-08,2026-12,SITE-0032,Bandung,Enterprise VPN,Medium,Resolved,2026-12-08T00:43:00,2026-12-08T03:18:00,155,68,Power outage,Enterprise Support,1,Assign service assurance follow-up
INC-2026-01112,2026-12-08,2026-12,SITE-0153,Surabaya,Enterprise VPN,Medium,Resolved,2026-12-08T04:28:00,2026-12-08T07:17:00,169,45,Backhaul packet loss,Field Operations,1,Assign service assurance follow-up
INC-2026-00195,2026-12-09,2026-12,SITE-0225,Makassar,Mobile Broadband,Low,Resolved,2026-12-09T17:25:00,2026-12-09T18:09:00,44,51,Backhaul packet loss,Enterprise Support,1,Monitor and resolve in standard queue
INC-2026-00305,2026-12-09,2026-12,SITE-0042,Bandung,Voice,Low,Escalated,2026-12-09T18:49:00,,53,31,Power outage,Field Operations,1,Monitor and resolve in standard queue
INC-2026-00840,2026-12-09,2026-12,SITE-0024,Medan,Voice,High,Resolved,2026-12-09T16:23:00,2026-12-09T22:59:00,396,341,Customer premises equipment,Fiber Maintenance,2,Escalate to regional operations lead
INC-2026-01613,2026-12-09,2026-12,SITE-0238,Denpasar,Mobile Broadband,Critical,Closed,2026-12-09T13:24:00,2026-12-09T22:14:00,530,312,Power outage,Customer Assurance,3,Open command bridge and dispatch field team
INC-2026-02100,2026-12-09,2026-12,SITE-0100,Balikpapan,Cloud Connectivity,Medium,Closed,2026-12-09T09:33:00,2026-12-09T11:46:00,133,192,Power outage,Enterprise Support,1,Assign service assurance follow-up
INC-2026-00003,2026-12-10,2026-12,SITE-0191,Jakarta,Mobile Broadband,Low,Resolved,2026-12-10T00:48:00,2026-12-10T01:43:00,55,51,Fiber cut,NOC Core,1,Monitor and resolve in standard queue
INC-2026-00641,2026-12-10,2026-12,SITE-0014,Medan,Voice,Medium,Resolved,2026-12-10T02:05:00,2026-12-10T04:14:00,129,61,Access node congestion,Customer Assurance,1,Assign service assurance follow-up
INC-2026-00665,2026-12-10,2026-12,SITE-0166,Semarang,Voice,High,Resolved,2026-12-10T19:02:00,2026-12-10T22:35:00,213,192,Customer premises equipment,Fiber Maintenance,2,Escalate to regional operations lead
INC-2026-00670,2026-12-10,2026-12,SITE-0109,Palembang,Voice,Medium,Closed,2026-12-10T14:42:00,2026-12-10T17:06:00,144,141,Backhaul packet loss,Field Operations,1,Assign service assurance follow-up
INC-2026-01001,2026-12-10,2026-12,SITE-0132,Bandung,Fiber Internet,High,Resolved,2026-12-10T08:56:00,2026-12-10T15:25:00,389,184,Power outage,Fiber Maintenance,2,Escalate to regional operations lead
INC-2026-01537,2026-12-10,2026-12,SITE-0077,Yogyakarta,Voice,High,Closed,2026-12-10T12:37:00,2026-12-10T16:56:00,259,293,Access node congestion,Enterprise Support,2,Escalate to regional operations lead
INC-2026-01828,2026-12-10,2026-12,SITE-0224,Medan,Mobile Broadband,Medium,Closed,2026-12-10T01:23:00,2026-12-10T03:36:00,133,209,Power outage,Field Operations,1,Assign service assurance follow-up
INC-2026-01902,2026-12-10,2026-12,SITE-0183,Surabaya,Fiber Internet,Critical,Resolved,2026-12-10T14:37:00,2026-12-11T03:32:00,775,194,Access node congestion,Enterprise Support,3,Open command bridge and dispatch field team
INC-2026-01933,2026-12-10,2026-12,SITE-0162,Bandung,IPTV,Medium,Resolved,2026-12-10T13:50:00,2026-12-10T16:32:00,162,79,Configuration drift,Enterprise Support,1,Assign service assurance follow-up
INC-2026-02014,2026-12-10,2026-12,SITE-0048,Denpasar,Voice,Medium,Closed,2026-12-10T07:38:00,2026-12-10T09:07:00,89,98,Backhaul packet loss,Fiber Maintenance,1,Assign service assurance follow-up
INC-2026-00403,2026-12-11,2026-12,SITE-0045,Makassar,Fiber Internet,Low,Resolved,2026-12-11T12:21:00,2026-12-11T13:42:00,81,39,Backhaul packet loss,Fiber Maintenance,1,Monitor and resolve in standard queue
INC-2026-00437,2026-12-11,2026-12,SITE-0152,Bandung,Fiber Internet,Low,Closed,2026-12-11T00:24:00,2026-12-11T01:37:00,73,26,Fiber cut,Field Operations,1,Monitor and resolve in standard queue
INC-2026-00597,2026-12-11,2026-12,SITE-0140,Balikpapan,Voice,Low,Closed,2026-12-11T20:07:00,2026-12-11T21:01:00,54,54,Access node congestion,Enterprise Support,1,Monitor and resolve in standard queue
INC-2026-00667,2026-12-11,2026-12,SITE-0055,Makassar,Mobile Broadband,Low,Closed,2026-12-11T14:51:00,2026-12-11T15:38:00,47,41,Backhaul packet loss,Customer Assurance,1,Monitor and resolve in standard queue
INC-2026-01129,2026-12-11,2026-12,SITE-0181,Jakarta,Enterprise VPN,Medium,Closed,2026-12-11T04:34:00,2026-12-11T06:35:00,121,24,Core router instability,NOC Core,1,Assign service assurance follow-up
INC-2026-01406,2026-12-11,2026-12,SITE-0031,Jakarta,Cloud Connectivity,Medium,Open,2026-12-11T21:52:00,,127,159,Configuration drift,Customer Assurance,1,Assign service assurance follow-up
INC-2026-01556,2026-12-11,2026-12,SITE-0014,Medan,Voice,Medium,Resolved,2026-12-11T03:36:00,2026-12-11T07:21:00,225,73,Planned maintenance overrun,Field Operations,1,Assign service assurance follow-up
INC-2026-01592,2026-12-11,2026-12,SITE-0241,Jakarta,Mobile Broadband,Medium,Closed,2026-12-11T22:18:00,2026-12-12T00:24:00,126,70,Fiber cut,Enterprise Support,1,Assign service assurance follow-up
INC-2026-01710,2026-12-11,2026-12,SITE-0247,Yogyakarta,Cloud Connectivity,Low,Closed,2026-12-11T23:37:00,2026-12-12T00:25:00,48,39,Configuration drift,Customer Assurance,1,Monitor and resolve in standard queue
INC-2026-02032,2026-12-11,2026-12,SITE-0241,Jakarta,Mobile Broadband,Low,Resolved,2026-12-11T09:09:00,2026-12-11T09:46:00,37,18,Core router instability,NOC Core,1,Monitor and resolve in standard queue
INC-2026-02075,2026-12-11,2026-12,SITE-0079,Palembang,Enterprise VPN,Medium,Closed,2026-12-11T00:35:00,2026-12-11T01:33:00,58,59,Power outage,Field Operations,1,Assign service assurance follow-up
INC-2026-02122,2026-12-11,2026-12,SITE-0220,Balikpapan,Fiber Internet,Medium,Resolved,2026-12-11T21:34:00,2026-12-12T00:49:00,195,242,Planned maintenance overrun,Enterprise Support,1,Assign service assurance follow-up
INC-2026-00243,2026-12-12,2026-12,SITE-0184,Medan,Enterprise VPN,Medium,Open,2026-12-12T23:35:00,,162,28,Power outage,Customer Assurance,1,Assign service assurance follow-up
INC-2026-00442,2026-12-12,2026-12,SITE-0102,Bandung,Enterprise VPN,Medium,Resolved,2026-12-12T18:56:00,2026-12-12T21:11:00,135,108,Configuration drift,NOC Core,1,Assign service assurance follow-up
INC-2026-00483,2026-12-12,2026-12,SITE-0238,Denpasar,Mobile Broadband,Medium,Closed,2026-12-12T07:16:00,2026-12-12T09:21:00,125,115,Planned maintenance overrun,Field Operations,1,Assign service assurance follow-up
INC-2026-00691,2026-12-12,2026-12,SITE-0055,Makassar,Mobile Broadband,Medium,Resolved,2026-12-12T14:46:00,2026-12-12T17:39:00,173,104,Backhaul packet loss,Enterprise Support,1,Assign service assurance follow-up
INC-2026-00923,2026-12-12,2026-12,SITE-0108,Denpasar,Fiber Internet,Low,Resolved,2026-12-12T21:25:00,2026-12-12T22:54:00,89,27,Customer premises equipment,Fiber Maintenance,1,Monitor and resolve in standard queue
INC-2026-01046,2026-12-12,2026-12,SITE-0213,Surabaya,Cloud Connectivity,Low,Resolved,2026-12-12T17:03:00,2026-12-12T17:59:00,56,8,Configuration drift,Fiber Maintenance,1,Monitor and resolve in standard queue
INC-2026-01342,2026-12-12,2026-12,SITE-0192,Bandung,Mobile Broadband,Low,Resolved,2026-12-12T05:03:00,2026-12-12T06:31:00,88,41,Core router instability,Enterprise Support,1,Monitor and resolve in standard queue
INC-2026-00156,2026-12-13,2026-12,SITE-0197,Yogyakarta,Enterprise VPN,Medium,Resolved,2026-12-13T12:24:00,2026-12-13T14:56:00,152,31,Core router instability,Enterprise Support,1,Assign service assurance follow-up
INC-2026-01442,2026-12-13,2026-12,SITE-0052,Bandung,Voice,Low,Resolved,2026-12-13T03:59:00,2026-12-13T05:08:00,69,20,Access node congestion,NOC Core,1,Monitor and resolve in standard queue
INC-2026-01767,2026-12-13,2026-12,SITE-0146,Semarang,Mobile Broadband,Low,Closed,2026-12-13T14:58:00,2026-12-13T16:02:00,64,30,Customer premises equipment,Fiber Maintenance,1,Monitor and resolve in standard queue
INC-2026-01803,2026-12-13,2026-12,SITE-0019,Palembang,Enterprise VPN,Low,Resolved,2026-12-13T21:32:00,2026-12-13T22:39:00,67,31,Customer premises equipment,Field Operations,1,Monitor and resolve in standard queue
INC-2026-01978,2026-12-13,2026-12,SITE-0022,Bandung,Mobile Broadband,High,Resolved,2026-12-13T08:53:00,2026-12-13T14:11:00,318,341,Customer premises equipment,Field Operations,2,Escalate to regional operations lead
INC-2026-00491,2026-12-14,2026-12,SITE-0022,Bandung,Mobile Broadband,Medium,Closed,2026-12-14T03:05:00,2026-12-14T06:13:00,188,186,Planned maintenance overrun,NOC Core,1,Assign service assurance follow-up
INC-2026-00521,2026-12-14,2026-12,SITE-0076,Semarang,Voice,Low,Resolved,2026-12-14T06:54:00,2026-12-14T07:43:00,49,65,Access node congestion,NOC Core,1,Monitor and resolve in standard queue
INC-2026-00890,2026-12-14,2026-12,SITE-0170,Balikpapan,Voice,Medium,Resolved,2026-12-14T08:19:00,2026-12-14T11:00:00,161,101,Configuration drift,Fiber Maintenance,1,Assign service assurance follow-up
INC-2026-00990,2026-12-14,2026-12,SITE-0183,Surabaya,Fiber Internet,Low,Resolved,2026-12-14T22:05:00,2026-12-14T22:58:00,53,13,Backhaul packet loss,Customer Assurance,1,Monitor and resolve in standard queue
INC-2026-01086,2026-12-14,2026-12,SITE-0172,Bandung,Enterprise VPN,Medium,Closed,2026-12-14T15:17:00,2026-12-14T18:39:00,202,40,Customer premises equipment,Enterprise Support,1,Assign service assurance follow-up
INC-2026-01497,2026-12-14,2026-12,SITE-0114,Medan,Enterprise VPN,Medium,Resolved,2026-12-14T21:40:00,2026-12-14T22:35:00,55,61,Access node congestion,Customer Assurance,1,Assign service assurance follow-up
INC-2026-01534,2026-12-14,2026-12,SITE-0131,Jakarta,Cloud Connectivity,Low,Resolved,2026-12-14T18:13:00,2026-12-14T19:15:00,62,41,Fiber cut,NOC Core,1,Monitor and resolve in standard queue
INC-2026-01585,2026-12-14,2026-12,SITE-0118,Denpasar,Enterprise VPN,Medium,Closed,2026-12-14T18:37:00,2026-12-14T21:13:00,156,10,Customer premises equipment,Field Operations,1,Assign service assurance follow-up
INC-2026-01773,2026-12-14,2026-12,SITE-0129,Palembang,Fiber Internet,Low,Closed,2026-12-14T07:28:00,2026-12-14T08:42:00,74,20,Planned maintenance overrun,Enterprise Support,1,Monitor and resolve in standard queue
INC-2026-02073,2026-12-14,2026-12,SITE-0053,Surabaya,Enterprise VPN,Critical,Open,2026-12-14T00:01:00,,240,300,Core router instability,NOC Core,3,Open command bridge and dispatch field team
INC-2026-00745,2026-12-15,2026-12,SITE-0033,Surabaya,Voice,Low,Resolved,2026-12-15T09:49:00,2026-12-15T10:57:00,68,50,Customer premises equipment,Field Operations,1,Monitor and resolve in standard queue
INC-2026-00975,2026-12-15,2026-12,SITE-0006,Semarang,Cloud Connectivity,Low,Resolved,2026-12-15T13:49:00,2026-12-15T14:34:00,45,17,Core router instability,Enterprise Support,1,Monitor and resolve in standard queue
INC-2026-00993,2026-12-15,2026-12,SITE-0147,Yogyakarta,Fiber Internet,Low,Resolved,2026-12-15T04:30:00,2026-12-15T05:22:00,52,51,Power outage,NOC Core,1,Monitor and resolve in standard queue
INC-2026-01097,2026-12-15,2026-12,SITE-0205,Makassar,Cloud Connectivity,High,Escalated,2026-12-15T21:43:00,,276,171,Backhaul packet loss,NOC Core,2,Escalate to regional operations lead
INC-2026-01102,2026-12-15,2026-12,SITE-0184,Medan,Enterprise VPN,Low,Resolved,2026-12-15T09:51:00,2026-12-15T10:51:00,60,4,Core router instability,Customer Assurance,1,Monitor and resolve in standard queue
INC-2026-01523,2026-12-15,2026-12,SITE-0058,Denpasar,Mobile Broadband,High,Closed,2026-12-15T23:16:00,2026-12-16T03:24:00,248,304,Configuration drift,Fiber Maintenance,2,Escalate to regional operations lead
INC-2026-01804,2026-12-15,2026-12,SITE-0056,Semarang,Cloud Connectivity,Medium,Closed,2026-12-15T03:25:00,2026-12-15T05:46:00,141,170,Customer premises equipment,Customer Assurance,1,Assign service assurance follow-up
INC-2026-02185,2026-12-15,2026-12,SITE-0230,Balikpapan,IPTV,Low,Closed,2026-12-15T01:50:00,2026-12-15T02:30:00,40,67,Access node congestion,Field Operations,1,Monitor and resolve in standard queue
INC-2026-00334,2026-12-16,2026-12,SITE-0056,Semarang,Cloud Connectivity,Medium,Closed,2026-12-16T12:15:00,2026-12-16T13:31:00,76,161,Core router instability,Customer Assurance,1,Assign service assurance follow-up
INC-2026-00941,2026-12-16,2026-12,SITE-0134,Medan,IPTV,Medium,Closed,2026-12-16T10:08:00,2026-12-16T12:23:00,135,93,Fiber cut,Field Operations,1,Assign service assurance follow-up
INC-2026-01157,2026-12-16,2026-12,SITE-0187,Yogyakarta,Voice,Low,Resolved,2026-12-16T19:10:00,2026-12-16T20:17:00,67,34,Power outage,Customer Assurance,1,Monitor and resolve in standard queue
INC-2026-01243,2026-12-16,2026-12,SITE-0249,Palembang,Enterprise VPN,High,Resolved,2026-12-16T14:57:00,2026-12-16T20:40:00,343,107,Power outage,Fiber Maintenance,2,Escalate to regional operations lead
INC-2026-01695,2026-12-16,2026-12,SITE-0083,Surabaya,Mobile Broadband,Low,Resolved,2026-12-16T13:53:00,2026-12-16T15:04:00,71,35,Configuration drift,Fiber Maintenance,1,Monitor and resolve in standard queue
INC-2026-01943,2026-12-16,2026-12,SITE-0243,Surabaya,Voice,Medium,Resolved,2026-12-16T18:23:00,2026-12-16T21:18:00,175,187,Fiber cut,Customer Assurance,1,Assign service assurance follow-up
INC-2026-00835,2026-12-17,2026-12,SITE-0080,Balikpapan,Voice,Medium,Escalated,2026-12-17T20:28:00,,192,132,Core router instability,NOC Core,1,Assign service assurance follow-up
INC-2026-01132,2026-12-17,2026-12,SITE-0124,Medan,Mobile Broadband,Low,Resolved,2026-12-17T01:02:00,2026-12-17T02:09:00,67,35,Core router instability,Fiber Maintenance,1,Monitor and resolve in standard queue
INC-2026-01192,2026-12-17,2026-12,SITE-0154,Medan,IPTV,Low,Resolved,2026-12-17T09:37:00,2026-12-17T10:21:00,44,43,Power outage,NOC Core,1,Monitor and resolve in standard queue
INC-2026-01793,2026-12-17,2026-12,SITE-0003,Surabaya,Fiber Internet,Medium,Escalated,2026-12-17T19:21:00,,177,176,Configuration drift,Fiber Maintenance,1,Assign service assurance follow-up
INC-2026-01942,2026-12-17,2026-12,SITE-0133,Surabaya,Cloud Connectivity,High,Escalated,2026-12-17T03:08:00,,316,289,Core router instability,Fiber Maintenance,2,Escalate to regional operations lead
INC-2026-01982,2026-12-17,2026-12,SITE-0138,Denpasar,Enterprise VPN,Medium,Resolved,2026-12-17T06:25:00,2026-12-17T09:05:00,160,25,Planned maintenance overrun,Field Operations,1,Assign service assurance follow-up
INC-2026-00906,2026-12-18,2026-12,SITE-0086,Semarang,IPTV,Low,Resolved,2026-12-18T08:15:00,2026-12-18T08:57:00,42,24,Fiber cut,Enterprise Support,1,Monitor and resolve in standard queue
INC-2026-00955,2026-12-18,2026-12,SITE-0069,Palembang,Voice,Low,Open,2026-12-18T13:57:00,,39,39,Power outage,NOC Core,1,Monitor and resolve in standard queue
INC-2026-01164,2026-12-18,2026-12,SITE-0213,Surabaya,Cloud Connectivity,Low,Closed,2026-12-18T14:36:00,2026-12-18T15:31:00,55,7,Planned maintenance overrun,Fiber Maintenance,1,Monitor and resolve in standard queue
INC-2026-01697,2026-12-18,2026-12,SITE-0063,Surabaya,Voice,Low,Closed,2026-12-18T17:45:00,2026-12-18T18:48:00,63,17,Access node congestion,NOC Core,1,Monitor and resolve in standard queue
INC-2026-01761,2026-12-18,2026-12,SITE-0132,Bandung,Fiber Internet,Low,Closed,2026-12-18T03:06:00,2026-12-18T03:55:00,49,15,Access node congestion,NOC Core,1,Monitor and resolve in standard queue
INC-2026-00402,2026-12-19,2026-12,SITE-0014,Medan,Voice,Medium,Resolved,2026-12-19T00:29:00,2026-12-19T02:11:00,102,135,Fiber cut,Fiber Maintenance,1,Assign service assurance follow-up
INC-2026-00554,2026-12-19,2026-12,SITE-0243,Surabaya,Voice,Medium,Closed,2026-12-19T22:33:00,2026-12-20T01:09:00,156,203,Planned maintenance overrun,NOC Core,1,Assign service assurance follow-up
INC-2026-00749,2026-12-19,2026-12,SITE-0023,Surabaya,Cloud Connectivity,Medium,Resolved,2026-12-19T02:05:00,2026-12-19T04:36:00,151,97,Core router instability,Enterprise Support,1,Assign service assurance follow-up
INC-2026-00973,2026-12-19,2026-12,SITE-0124,Medan,Mobile Broadband,Low,Resolved,2026-12-19T21:47:00,2026-12-19T22:43:00,56,19,Planned maintenance overrun,NOC Core,1,Monitor and resolve in standard queue
INC-2026-01273,2026-12-19,2026-12,SITE-0166,Semarang,Voice,Medium,Escalated,2026-12-19T10:31:00,,114,66,Fiber cut,Fiber Maintenance,1,Assign service assurance follow-up
INC-2026-01276,2026-12-19,2026-12,SITE-0097,Yogyakarta,IPTV,Medium,Resolved,2026-12-19T23:43:00,2026-12-20T02:59:00,196,171,Power outage,Fiber Maintenance,1,Assign service assurance follow-up
INC-2026-01375,2026-12-19,2026-12,SITE-0230,Balikpapan,IPTV,High,Escalated,2026-12-19T08:06:00,,352,679,Planned maintenance overrun,NOC Core,2,Escalate to regional operations lead
INC-2026-01838,2026-12-19,2026-12,SITE-0055,Makassar,Mobile Broadband,Medium,Resolved,2026-12-19T12:35:00,2026-12-19T13:43:00,68,97,Customer premises equipment,Field Operations,1,Assign service assurance follow-up
INC-2026-00052,2026-12-20,2026-12,SITE-0069,Palembang,Voice,High,Closed,2026-12-20T20:21:00,2026-12-21T03:11:00,410,434,Core router instability,Field Operations,2,Escalate to regional operations lead
INC-2026-00532,2026-12-20,2026-12,SITE-0240,Balikpapan,Mobile Broadband,Low,Resolved,2026-12-20T19:25:00,2026-12-20T20:18:00,53,18,Core router instability,Field Operations,1,Monitor and resolve in standard queue
INC-2026-00855,2026-12-20,2026-12,SITE-0151,Jakarta,Voice,Medium,Resolved,2026-12-20T21:09:00,2026-12-20T23:34:00,145,104,Customer premises equipment,Customer Assurance,1,Assign service assurance follow-up
INC-2026-01028,2026-12-20,2026-12,SITE-0005,Makassar,Fiber Internet,Low,Resolved,2026-12-20T00:51:00,2026-12-20T01:49:00,58,28,Planned maintenance overrun,NOC Core,1,Monitor and resolve in standard queue
INC-2026-01351,2026-12-20,2026-12,SITE-0147,Yogyakarta,Fiber Internet,Medium,Resolved,2026-12-20T10:59:00,2026-12-20T13:12:00,133,219,Customer premises equipment,Customer Assurance,1,Assign service assurance follow-up
INC-2026-01155,2026-12-21,2026-12,SITE-0148,Denpasar,Mobile Broadband,Medium,Resolved,2026-12-21T02:20:00,2026-12-21T04:57:00,157,129,Access node congestion,NOC Core,1,Assign service assurance follow-up
INC-2026-01717,2026-12-21,2026-12,SITE-0025,Makassar,IPTV,Low,Resolved,2026-12-21T23:11:00,2026-12-21T23:55:00,44,34,Power outage,Customer Assurance,1,Monitor and resolve in standard queue
INC-2026-01852,2026-12-21,2026-12,SITE-0172,Bandung,Enterprise VPN,Low,Resolved,2026-12-21T22:45:00,2026-12-21T23:34:00,49,12,Customer premises equipment,Enterprise Support,1,Monitor and resolve in standard queue
INC-2026-00014,2026-12-22,2026-12,SITE-0228,Denpasar,Cloud Connectivity,Medium,Escalated,2026-12-22T01:09:00,,135,134,Core router instability,Field Operations,1,Assign service assurance follow-up
INC-2026-00294,2026-12-22,2026-12,SITE-0151,Jakarta,Voice,Medium,Resolved,2026-12-22T04:48:00,2026-12-22T07:06:00,138,190,Configuration drift,NOC Core,1,Assign service assurance follow-up
INC-2026-00366,2026-12-22,2026-12,SITE-0026,Semarang,Enterprise VPN,Low,Resolved,2026-12-22T22:26:00,2026-12-22T23:12:00,46,9,Fiber cut,Fiber Maintenance,1,Monitor and resolve in standard queue
INC-2026-00417,2026-12-22,2026-12,SITE-0052,Bandung,Voice,Medium,Closed,2026-12-22T03:16:00,2026-12-22T05:09:00,113,160,Fiber cut,Customer Assurance,1,Assign service assurance follow-up
INC-2026-00530,2026-12-22,2026-12,SITE-0074,Medan,Cloud Connectivity,Medium,Resolved,2026-12-22T01:09:00,2026-12-22T03:31:00,142,87,Fiber cut,Fiber Maintenance,1,Assign service assurance follow-up
INC-2026-01324,2026-12-22,2026-12,SITE-0146,Semarang,Mobile Broadband,High,Resolved,2026-12-22T11:02:00,2026-12-22T15:03:00,241,221,Core router instability,Customer Assurance,2,Escalate to regional operations lead
INC-2026-01699,2026-12-22,2026-12,SITE-0151,Jakarta,Voice,Medium,Resolved,2026-12-22T08:13:00,2026-12-22T09:13:00,60,146,Backhaul packet loss,Field Operations,1,Assign service assurance follow-up
INC-2026-01818,2026-12-22,2026-12,SITE-0016,Semarang,Enterprise VPN,Low,Resolved,2026-12-22T07:05:00,2026-12-22T08:13:00,68,13,Power outage,Fiber Maintenance,1,Monitor and resolve in standard queue
INC-2026-01965,2026-12-22,2026-12,SITE-0200,Balikpapan,Fiber Internet,Low,Closed,2026-12-22T11:42:00,2026-12-22T12:26:00,44,53,Customer premises equipment,Customer Assurance,1,Monitor and resolve in standard queue
INC-2026-00074,2026-12-23,2026-12,SITE-0210,Balikpapan,IPTV,Low,Closed,2026-12-23T19:12:00,2026-12-23T20:08:00,56,56,Core router instability,Fiber Maintenance,1,Monitor and resolve in standard queue
INC-2026-00233,2026-12-23,2026-12,SITE-0226,Semarang,Mobile Broadband,Low,Resolved,2026-12-23T10:59:00,2026-12-23T11:51:00,52,26,Planned maintenance overrun,NOC Core,1,Monitor and resolve in standard queue
INC-2026-00451,2026-12-23,2026-12,SITE-0103,Surabaya,Fiber Internet,Critical,Closed,2026-12-23T01:18:00,2026-12-23T08:24:00,426,509,Customer premises equipment,Field Operations,3,Open command bridge and dispatch field team
INC-2026-00528,2026-12-23,2026-12,SITE-0068,Denpasar,Fiber Internet,Medium,Closed,2026-12-23T01:33:00,2026-12-23T04:06:00,153,142,Planned maintenance overrun,Fiber Maintenance,1,Assign service assurance follow-up
INC-2026-00893,2026-12-23,2026-12,SITE-0161,Jakarta,Fiber Internet,Low,Resolved,2026-12-23T03:15:00,2026-12-23T04:10:00,55,25,Power outage,Fiber Maintenance,1,Monitor and resolve in standard queue
INC-2026-00915,2026-12-23,2026-12,SITE-0078,Denpasar,Cloud Connectivity,Low,Resolved,2026-12-23T21:45:00,2026-12-23T22:13:00,28,48,Configuration drift,Fiber Maintenance,1,Monitor and resolve in standard queue
INC-2026-01149,2026-12-23,2026-12,SITE-0054,Medan,Enterprise VPN,Critical,Closed,2026-12-23T04:11:00,2026-12-23T10:51:00,400,385,Access node congestion,Field Operations,3,Open command bridge and dispatch field team
INC-2026-01222,2026-12-23,2026-12,SITE-0019,Palembang,Enterprise VPN,High,Resolved,2026-12-23T03:58:00,2026-12-23T08:27:00,269,165,Access node congestion,Enterprise Support,2,Escalate to regional operations lead
INC-2026-01539,2026-12-23,2026-12,SITE-0024,Medan,Voice,Critical,Resolved,2026-12-23T11:07:00,2026-12-23T18:01:00,414,667,Power outage,NOC Core,3,Open command bridge and dispatch field team
INC-2026-01547,2026-12-23,2026-12,SITE-0118,Denpasar,Enterprise VPN,Medium,Resolved,2026-12-23T05:01:00,2026-12-23T06:47:00,106,10,Planned maintenance overrun,Fiber Maintenance,1,Assign service assurance follow-up
INC-2026-01621,2026-12-23,2026-12,SITE-0186,Semarang,Fiber Internet,Medium,Resolved,2026-12-23T11:37:00,2026-12-23T13:37:00,120,107,Power outage,Enterprise Support,1,Assign service assurance follow-up
INC-2026-00278,2026-12-24,2026-12,SITE-0140,Balikpapan,Voice,Medium,Resolved,2026-12-24T23:27:00,2026-12-25T02:21:00,174,114,Configuration drift,Field Operations,1,Assign service assurance follow-up
INC-2026-00844,2026-12-24,2026-12,SITE-0247,Yogyakarta,Cloud Connectivity,Critical,Resolved,2026-12-24T19:49:00,2026-12-25T08:05:00,736,653,Access node congestion,Field Operations,3,Open command bridge and dispatch field team
INC-2026-01249,2026-12-24,2026-12,SITE-0207,Yogyakarta,Cloud Connectivity,Low,Resolved,2026-12-24T15:51:00,2026-12-24T17:00:00,69,47,Planned maintenance overrun,NOC Core,1,Monitor and resolve in standard queue
INC-2026-01786,2026-12-24,2026-12,SITE-0157,Yogyakarta,Mobile Broadband,Medium,Closed,2026-12-24T16:44:00,2026-12-24T19:35:00,171,51,Customer premises equipment,NOC Core,1,Assign service assurance follow-up
INC-2026-01798,2026-12-24,2026-12,SITE-0062,Bandung,Voice,High,Closed,2026-12-24T07:57:00,2026-12-24T12:27:00,270,235,Power outage,Field Operations,2,Escalate to regional operations lead
INC-2026-01959,2026-12-24,2026-12,SITE-0220,Balikpapan,Fiber Internet,Low,Closed,2026-12-24T19:22:00,2026-12-24T20:18:00,56,51,Core router instability,Customer Assurance,1,Monitor and resolve in standard queue
INC-2026-00318,2026-12-25,2026-12,SITE-0122,Bandung,Enterprise VPN,Low,Resolved,2026-12-25T14:25:00,2026-12-25T15:12:00,47,16,Planned maintenance overrun,Customer Assurance,1,Monitor and resolve in standard queue
INC-2026-00503,2026-12-25,2026-12,SITE-0062,Bandung,Voice,Critical,Resolved,2026-12-25T04:15:00,2026-12-25T15:56:00,701,312,Power outage,Fiber Maintenance,3,Open command bridge and dispatch field team
INC-2026-01099,2026-12-25,2026-12,SITE-0022,Bandung,Mobile Broadband,Medium,Closed,2026-12-25T17:58:00,2026-12-25T20:56:00,178,120,Configuration drift,Field Operations,1,Assign service assurance follow-up
INC-2026-01388,2026-12-25,2026-12,SITE-0090,Balikpapan,IPTV,Low,Closed,2026-12-25T19:27:00,2026-12-25T20:49:00,82,33,Planned maintenance overrun,Field Operations,1,Monitor and resolve in standard queue
INC-2026-02009,2026-12-25,2026-12,SITE-0218,Denpasar,Enterprise VPN,Critical,Resolved,2026-12-25T11:31:00,2026-12-26T03:19:00,948,580,Backhaul packet loss,Enterprise Support,3,Open command bridge and dispatch field team
INC-2026-02066,2026-12-25,2026-12,SITE-0136,Semarang,Cloud Connectivity,Low,Resolved,2026-12-25T16:51:00,2026-12-25T17:42:00,51,45,Core router instability,Fiber Maintenance,1,Monitor and resolve in standard queue
INC-2026-00705,2026-12-26,2026-12,SITE-0100,Balikpapan,Cloud Connectivity,Low,Resolved,2026-12-26T14:18:00,2026-12-26T15:26:00,68,55,Planned maintenance overrun,Enterprise Support,1,Monitor and resolve in standard queue
INC-2026-00889,2026-12-26,2026-12,SITE-0039,Palembang,IPTV,Low,Closed,2026-12-26T00:47:00,2026-12-26T02:04:00,77,24,Backhaul packet loss,Fiber Maintenance,1,Monitor and resolve in standard queue
INC-2026-00958,2026-12-26,2026-12,SITE-0107,Yogyakarta,Enterprise VPN,Low,Resolved,2026-12-26T10:27:00,2026-12-26T11:57:00,90,1,Configuration drift,Customer Assurance,1,Monitor and resolve in standard queue
INC-2026-01600,2026-12-26,2026-12,SITE-0046,Semarang,Cloud Connectivity,Low,Resolved,2026-12-26T15:55:00,2026-12-26T16:51:00,56,12,Power outage,Enterprise Support,1,Monitor and resolve in standard queue
INC-2026-01714,2026-12-26,2026-12,SITE-0062,Bandung,Voice,High,Resolved,2026-12-26T06:47:00,2026-12-26T11:33:00,286,142,Core router instability,Customer Assurance,2,Escalate to regional operations lead
INC-2026-01735,2026-12-26,2026-12,SITE-0067,Yogyakarta,Voice,Medium,Closed,2026-12-26T14:21:00,2026-12-26T16:12:00,111,217,Planned maintenance overrun,Fiber Maintenance,1,Assign service assurance follow-up
INC-2026-02033,2026-12-26,2026-12,SITE-0197,Yogyakarta,Enterprise VPN,High,Resolved,2026-12-26T04:42:00,2026-12-26T12:06:00,444,146,Customer premises equipment,NOC Core,2,Escalate to regional operations lead
INC-2026-00008,2026-12-27,2026-12,SITE-0208,Denpasar,Cloud Connectivity,Medium,Resolved,2026-12-27T06:34:00,2026-12-27T09:13:00,159,72,Fiber cut,Enterprise Support,1,Assign service assurance follow-up
INC-2026-00127,2026-12-27,2026-12,SITE-0046,Semarang,Cloud Connectivity,Critical,Closed,2026-12-27T10:42:00,2026-12-27T21:27:00,645,240,Power outage,Enterprise Support,3,Open command bridge and dispatch field team
INC-2026-00692,2026-12-27,2026-12,SITE-0039,Palembang,IPTV,Medium,Resolved,2026-12-27T08:19:00,2026-12-27T10:00:00,101,34,Backhaul packet loss,Fiber Maintenance,1,Assign service assurance follow-up
INC-2026-00818,2026-12-27,2026-12,SITE-0238,Denpasar,Mobile Broadband,Low,Resolved,2026-12-27T17:33:00,2026-12-27T18:57:00,84,45,Fiber cut,NOC Core,1,Monitor and resolve in standard queue
INC-2026-01352,2026-12-27,2026-12,SITE-0092,Bandung,Voice,Medium,Resolved,2026-12-27T05:42:00,2026-12-27T06:44:00,62,150,Access node congestion,Fiber Maintenance,1,Assign service assurance follow-up
INC-2026-01659,2026-12-27,2026-12,SITE-0207,Yogyakarta,Cloud Connectivity,Medium,Closed,2026-12-27T18:14:00,2026-12-27T20:25:00,131,169,Fiber cut,Field Operations,1,Assign service assurance follow-up
INC-2026-00618,2026-12-28,2026-12,SITE-0050,Balikpapan,Cloud Connectivity,Medium,Resolved,2026-12-28T07:59:00,2026-12-28T10:49:00,170,95,Fiber cut,Customer Assurance,1,Assign service assurance follow-up
INC-2026-00664,2026-12-28,2026-12,SITE-0086,Semarang,IPTV,Low,Resolved,2026-12-28T11:17:00,2026-12-28T12:00:00,43,37,Planned maintenance overrun,Customer Assurance,1,Monitor and resolve in standard queue
INC-2026-00798,2026-12-28,2026-12,SITE-0200,Balikpapan,Fiber Internet,Medium,Closed,2026-12-28T05:28:00,2026-12-28T07:41:00,133,164,Power outage,Enterprise Support,1,Assign service assurance follow-up
INC-2026-01250,2026-12-28,2026-12,SITE-0118,Denpasar,Enterprise VPN,Medium,Escalated,2026-12-28T08:34:00,,185,7,Core router instability,NOC Core,1,Assign service assurance follow-up
INC-2026-01476,2026-12-28,2026-12,SITE-0006,Semarang,Cloud Connectivity,Low,Resolved,2026-12-28T12:05:00,2026-12-28T12:44:00,39,21,Backhaul packet loss,NOC Core,1,Monitor and resolve in standard queue
INC-2026-01683,2026-12-28,2026-12,SITE-0071,Jakarta,Fiber Internet,High,Closed,2026-12-28T11:14:00,2026-12-28T18:34:00,440,193,Customer premises equipment,Enterprise Support,2,Escalate to regional operations lead
INC-2026-01726,2026-12-28,2026-12,SITE-0060,Balikpapan,Fiber Internet,Medium,Closed,2026-12-28T17:39:00,2026-12-28T20:44:00,185,122,Backhaul packet loss,Customer Assurance,1,Assign service assurance follow-up
INC-2026-01964,2026-12-28,2026-12,SITE-0009,Palembang,IPTV,Low,Resolved,2026-12-28T14:08:00,2026-12-28T15:05:00,57,38,Planned maintenance overrun,Customer Assurance,1,Monitor and resolve in standard queue
INC-2026-00279,2026-12-29,2026-12,SITE-0225,Makassar,Mobile Broadband,Medium,Closed,2026-12-29T14:54:00,2026-12-29T17:08:00,134,133,Core router instability,Fiber Maintenance,1,Assign service assurance follow-up
INC-2026-00522,2026-12-29,2026-12,SITE-0009,Palembang,IPTV,Medium,Closed,2026-12-29T11:15:00,2026-12-29T13:14:00,119,149,Planned maintenance overrun,Fiber Maintenance,1,Assign service assurance follow-up
INC-2026-00771,2026-12-29,2026-12,SITE-0060,Balikpapan,Fiber Internet,Medium,Closed,2026-12-29T03:00:00,2026-12-29T04:19:00,79,118,Backhaul packet loss,NOC Core,1,Assign service assurance follow-up
INC-2026-01018,2026-12-29,2026-12,SITE-0077,Yogyakarta,Voice,Low,Closed,2026-12-29T09:51:00,2026-12-29T11:07:00,76,67,Core router instability,Customer Assurance,1,Monitor and resolve in standard queue
INC-2026-01657,2026-12-29,2026-12,SITE-0207,Yogyakarta,Cloud Connectivity,Low,Resolved,2026-12-29T17:46:00,2026-12-29T18:43:00,57,20,Configuration drift,Fiber Maintenance,1,Monitor and resolve in standard queue
INC-2026-01839,2026-12-29,2026-12,SITE-0049,Palembang,IPTV,Medium,Resolved,2026-12-29T07:58:00,2026-12-29T08:36:00,38,214,Core router instability,NOC Core,1,Assign service assurance follow-up
INC-2026-01919,2026-12-29,2026-12,SITE-0213,Surabaya,Cloud Connectivity,Medium,Closed,2026-12-29T01:18:00,2026-12-29T03:53:00,155,61,Fiber cut,Field Operations,1,Assign service assurance follow-up
INC-2026-00126,2026-12-30,2026-12,SITE-0143,Surabaya,Mobile Broadband,Low,Closed,2026-12-30T06:28:00,2026-12-30T06:45:00,17,54,Customer premises equipment,NOC Core,1,Monitor and resolve in standard queue
INC-2026-00495,2026-12-30,2026-12,SITE-0181,Jakarta,Enterprise VPN,Medium,Resolved,2026-12-30T02:35:00,2026-12-30T05:10:00,155,46,Power outage,Customer Assurance,1,Assign service assurance follow-up
INC-2026-01777,2026-12-30,2026-12,SITE-0047,Yogyakarta,Mobile Broadband,High,Resolved,2026-12-30T14:42:00,2026-12-30T19:06:00,264,431,Customer premises equipment,Enterprise Support,2,Escalate to regional operations lead
INC-2026-01831,2026-12-30,2026-12,SITE-0120,Balikpapan,Cloud Connectivity,Low,Resolved,2026-12-30T03:54:00,2026-12-30T04:38:00,44,27,Access node congestion,Enterprise Support,1,Monitor and resolve in standard queue
INC-2026-01934,2026-12-30,2026-12,SITE-0239,Palembang,Voice,Medium,Closed,2026-12-30T18:58:00,2026-12-30T21:20:00,142,99,Core router instability,NOC Core,1,Assign service assurance follow-up
INC-2026-00767,2026-12-31,2026-12,SITE-0142,Bandung,Mobile Broadband,Low,Closed,2026-12-31T14:21:00,2026-12-31T15:05:00,44,19,Power outage,Customer Assurance,1,Monitor and resolve in standard queue
INC-2026-01107,2026-12-31,2026-12,SITE-0085,Makassar,Enterprise VPN,Medium,Resolved,2026-12-31T09:08:00,2026-12-31T12:05:00,177,47,Backhaul packet loss,Customer Assurance,1,Assign service assurance follow-up
INC-2026-01605,2026-12-31,2026-12,SITE-0107,Yogyakarta,Enterprise VPN,High,Resolved,2026-12-31T11:52:00,2026-12-31T18:40:00,408,11,Core router instability,Enterprise Support,2,Escalate to regional operations lead
