asset_id,asset_type,asset_name,site_id,region,vendor,model,status,ownership,capacity,install_date,warranty_until,last_maintenance,next_maintenance
AST-00001,BTS,JAK-BTS-002,SITE-0001,Jakarta,Cisco,CIS-BTS-8013,Active,NusaTel Owned,100 MHz,2022-02-17,2028-02-16,2025-11-05,2026-08-20
AST-00002,BTS,JAK-BTS-003,SITE-0001,Jakarta,Huawei,HUA-BTS-1808,Active,NusaTel Owned,100 MHz,2023-06-20,2027-06-19,2025-10-29,2026-02-19
AST-00003,BTS,JAK-BTS-004,SITE-0001,Jakarta,Juniper,JUN-BTS-5169,Active,NusaTel Owned,100 MHz,2024-11-12,2026-11-12,2025-10-20,2026-10-11
AST-00004,BTS,JAK-BTS-005,SITE-0001,Jakarta,Nokia,NOK-BTS-7250,Active,Leased,100 MHz,2022-01-08,2028-01-07,2025-11-20,2026-08-05
AST-00005,OLT,JAK-OLT-006,SITE-0001,Jakarta,ZTE,ZTE-OLT-9205,Active,NusaTel Owned,10 Gbps,2024-01-05,2030-01-03,2025-09-23,2026-09-15
AST-00006,ODP,JAK-ODP-007,SITE-0001,Jakarta,Nokia,NOK-ODP-8313,Active,Customer Premises,1 Gbps,2025-04-13,2029-04-12,2025-11-28,2026-05-09
AST-00007,Router,JAK-Router-008,SITE-0001,Jakarta,ZTE,ZTE-Router-3211,Active,NusaTel Owned,40 Gbps,2023-10-09,2026-10-08,2025-09-06,2026-04-28
AST-00008,Router,JAK-Router-009,SITE-0001,Jakarta,Juniper,JUN-Router-3648,Active,Customer Premises,40 Gbps,2018-06-15,2022-06-14,2025-09-24,2026-06-10
AST-00009,Router,JAK-Router-010,SITE-0001,Jakarta,ZTE,ZTE-Router-5407,Active,NusaTel Owned,40 Gbps,2025-03-19,2029-03-18,2025-07-07,2026-08-03
AST-00010,Router,JAK-Router-011,SITE-0001,Jakarta,ZTE,ZTE-Router-1410,Maintenance,NusaTel Owned,40 Gbps,2025-07-26,2028-07-25,2025-08-22,2026-02-07
AST-00011,Switch,JAK-Switch-012,SITE-0001,Jakarta,Cisco,CIS-Switch-6435,Active,NusaTel Owned,10 Gbps,2021-06-24,2024-06-23,2025-10-21,2026-08-31
AST-00012,Switch,JAK-Switch-013,SITE-0001,Jakarta,Ericsson,ERI-Switch-4160,Active,NusaTel Owned,10 Gbps,2018-06-09,2025-06-07,2025-12-02,2026-04-29
AST-00013,Transmission,JAK-Transmission-014,SITE-0001,Jakarta,Nokia,NOK-Transmission-5996,Active,NusaTel Owned,100 Gbps,2025-02-28,2027-02-28,2025-09-08,2026-01-26
AST-00014,Transmission,JAK-Transmission-015,SITE-0001,Jakarta,Juniper,JUN-Transmission-8865,Active,NusaTel Owned,100 Gbps,2022-03-24,2026-03-23,2025-08-05,2026-10-17
AST-00015,Transmission,JAK-Transmission-016,SITE-0001,Jakarta,Ericsson,ERI-Transmission-4370,Active,NusaTel Owned,100 Gbps,2018-12-21,2023-12-20,2025-08-12,2026-11-08
AST-00016,BTS,BAN-BTS-017,SITE-0002,Bandung,Juniper,JUN-BTS-8014,Maintenance,NusaTel Owned,100 MHz,2020-06-06,2023-06-06,2025-11-22,2026-09-23
AST-00017,BTS,BAN-BTS-018,SITE-0002,Bandung,Ericsson,ERI-BTS-7551,Active,Leased,100 MHz,2023-03-30,2028-03-28,2025-11-17,2026-02-12
AST-00018,BTS,BAN-BTS-019,SITE-0002,Bandung,Ericsson,ERI-BTS-1556,Active,NusaTel Owned,100 MHz,2018-12-13,2025-12-11,2025-09-12,2026-01-27
AST-00019,BTS,BAN-BTS-020,SITE-0002,Bandung,Ericsson,ERI-BTS-9254,Active,NusaTel Owned,100 MHz,2024-04-08,2031-04-07,2025-11-21,2026-09-22
AST-00020,OLT,BAN-OLT-021,SITE-0002,Bandung,ZTE,ZTE-OLT-7394,Active,Leased,10 Gbps,2018-05-13,2021-05-12,2025-09-11,2026-01-18
AST-00021,OLT,BAN-OLT-022,SITE-0002,Bandung,Huawei,HUA-OLT-1352,Active,NusaTel Owned,10 Gbps,2020-09-23,2024-09-22,2025-10-11,2026-12-20
AST-00022,ODP,BAN-ODP-023,SITE-0002,Bandung,Huawei,HUA-ODP-5291,Active,Customer Premises,1 Gbps,2025-03-31,2032-03-29,2025-12-08,2026-04-27
AST-00023,ODP,BAN-ODP-024,SITE-0002,Bandung,Cisco,CIS-ODP-1421,Active,NusaTel Owned,1 Gbps,2023-09-17,2028-09-15,2025-10-09,2026-01-25
AST-00024,ODP,BAN-ODP-025,SITE-0002,Bandung,ZTE,ZTE-ODP-3423,Active,NusaTel Owned,1 Gbps,2022-04-08,2024-04-07,2025-12-05,2026-02-21
AST-00025,ODP,BAN-ODP-026,SITE-0002,Bandung,Nokia,NOK-ODP-5574,Active,NusaTel Owned,1 Gbps,2019-10-03,2022-10-02,2025-11-29,2026-05-18
AST-00026,Router,BAN-Router-027,SITE-0002,Bandung,ZTE,ZTE-Router-7056,Active,NusaTel Owned,40 Gbps,2023-06-27,2029-06-25,2025-10-14,2026-01-21
AST-00027,Router,BAN-Router-028,SITE-0002,Bandung,Ericsson,ERI-Router-6523,Active,NusaTel Owned,40 Gbps,2018-04-22,2025-04-20,2025-08-12,2026-08-26
AST-00028,Switch,BAN-Switch-029,SITE-0002,Bandung,Huawei,HUA-Switch-7918,Active,NusaTel Owned,10 Gbps,2018-10-12,2023-10-11,2025-10-11,2026-07-15
AST-00029,Switch,BAN-Switch-030,SITE-0002,Bandung,Cisco,CIS-Switch-8047,Active,NusaTel Owned,10 Gbps,2023-07-22,2027-07-21,2025-09-06,2026-07-17
AST-00030,Switch,BAN-Switch-031,SITE-0002,Bandung,Juniper,JUN-Switch-5866,Active,Partner,10 Gbps,2022-05-28,2025-05-27,2025-12-24,2026-10-19
AST-00031,Transmission,BAN-Transmission-032,SITE-0002,Bandung,Cisco,CIS-Transmission-9408,Active,NusaTel Owned,100 Gbps,2023-08-04,2025-08-03,2025-08-11,2026-05-06
AST-00032,BTS,SUR-BTS-033,SITE-0003,Surabaya,ZTE,ZTE-BTS-1631,Active,NusaTel Owned,100 MHz,2021-04-14,2025-04-13,2025-11-07,2026-12-09
AST-00033,BTS,SUR-BTS-034,SITE-0003,Surabaya,Cisco,CIS-BTS-9359,Active,Leased,100 MHz,2024-01-07,2029-01-05,2025-10-01,2026-08-12
AST-00034,OLT,SUR-OLT-035,SITE-0003,Surabaya,Cisco,CIS-OLT-4209,Active,NusaTel Owned,10 Gbps,2019-09-26,2026-09-24,2025-07-14,2026-10-05
AST-00035,OLT,SUR-OLT-036,SITE-0003,Surabaya,Nokia,NOK-OLT-7309,Maintenance,Customer Premises,10 Gbps,2023-02-03,2030-02-01,2025-08-27,2026-04-23
AST-00036,OLT,SUR-OLT-037,SITE-0003,Surabaya,Juniper,JUN-OLT-6153,Maintenance,NusaTel Owned,10 Gbps,2021-02-02,2027-02-01,2025-08-26,2026-08-05
AST-00037,OLT,SUR-OLT-038,SITE-0003,Surabaya,Nokia,NOK-OLT-7102,Active,NusaTel Owned,10 Gbps,2018-01-24,2022-01-23,2025-11-10,2026-06-30
AST-00038,ODP,SUR-ODP-039,SITE-0003,Surabaya,Ericsson,ERI-ODP-8639,Active,Leased,1 Gbps,2025-08-17,2030-08-16,2025-11-23,2026-11-11
AST-00039,Router,SUR-Router-040,SITE-0003,Surabaya,Huawei,HUA-Router-2202,Active,NusaTel Owned,40 Gbps,2023-11-11,2027-11-10,2025-07-10,2026-12-28
AST-00040,Router,SUR-Router-041,SITE-0003,Surabaya,Juniper,JUN-Router-2538,Active,Leased,40 Gbps,2019-09-12,2025-09-10,2025-12-14,2026-09-22
AST-00041,Router,SUR-Router-042,SITE-0003,Surabaya,ZTE,ZTE-Router-9372,Active,NusaTel Owned,40 Gbps,2018-03-08,2023-03-07,2025-09-22,2026-08-28
AST-00042,Switch,SUR-Switch-043,SITE-0003,Surabaya,Nokia,NOK-Switch-6612,Active,NusaTel Owned,10 Gbps,2020-02-06,2022-02-05,2025-10-08,2026-03-13
AST-00043,Transmission,SUR-Transmission-044,SITE-0003,Surabaya,ZTE,ZTE-Transmission-2282,Active,NusaTel Owned,100 Gbps,2019-05-21,2025-05-19,2025-11-23,2026-03-22
AST-00044,BTS,MED-BTS-045,SITE-0004,Medan,Huawei,HUA-BTS-8898,Active,NusaTel Owned,100 MHz,2019-04-01,2026-03-30,2025-12-19,2026-01-14
AST-00045,BTS,MED-BTS-046,SITE-0004,Medan,Huawei,HUA-BTS-2666,Active,NusaTel Owned,100 MHz,2022-12-01,2027-11-30,2025-12-15,2026-05-06
AST-00046,OLT,MED-OLT-047,SITE-0004,Medan,Cisco,CIS-OLT-5453,Active,Customer Premises,10 Gbps,2023-12-23,2027-12-22,2025-11-06,2026-01-22
AST-00047,OLT,MED-OLT-048,SITE-0004,Medan,Huawei,HUA-OLT-8733,Active,NusaTel Owned,10 Gbps,2025-03-25,2031-03-24,2025-09-26,2026-04-30
AST-00048,OLT,MED-OLT-049,SITE-0004,Medan,ZTE,ZTE-OLT-2184,Active,NusaTel Owned,10 Gbps,2021-09-16,2026-09-15,2025-07-06,2026-05-06
AST-00049,OLT,MED-OLT-050,SITE-0004,Medan,Cisco,CIS-OLT-9265,Maintenance,NusaTel Owned,10 Gbps,2022-01-31,2029-01-29,2025-08-11,2026-02-03
AST-00050,ODP,MED-ODP-051,SITE-0004,Medan,Ericsson,ERI-ODP-8088,Active,Customer Premises,1 Gbps,2023-06-21,2030-06-19,2025-07-29,2026-05-13
AST-00051,ODP,MED-ODP-052,SITE-0004,Medan,Huawei,HUA-ODP-7374,Active,Leased,1 Gbps,2019-11-26,2021-11-25,2025-12-03,2026-11-24
AST-00052,Router,MED-Router-053,SITE-0004,Medan,Huawei,HUA-Router-2315,Active,NusaTel Owned,40 Gbps,2023-11-23,2030-11-21,2025-12-19,2026-08-17
AST-00053,Router,MED-Router-054,SITE-0004,Medan,Juniper,JUN-Router-4490,Maintenance,NusaTel Owned,40 Gbps,2023-01-02,2029-12-31,2025-08-13,2026-10-07
AST-00054,Router,MED-Router-055,SITE-0004,Medan,Juniper,JUN-Router-9800,Active,Leased,40 Gbps,2025-07-02,2031-07-01,2025-09-04,2026-07-27
AST-00055,Router,MED-Router-056,SITE-0004,Medan,ZTE,ZTE-Router-8924,Active,NusaTel Owned,40 Gbps,2022-03-01,2029-02-27,2025-09-23,2026-06-16
AST-00056,Switch,MED-Switch-057,SITE-0004,Medan,Ericsson,ERI-Switch-2099,Active,NusaTel Owned,10 Gbps,2021-12-06,2024-12-05,2025-08-13,2027-01-01
AST-00057,Switch,MED-Switch-058,SITE-0004,Medan,Ericsson,ERI-Switch-6275,Maintenance,Partner,10 Gbps,2018-07-12,2023-07-11,2025-07-09,2026-03-06
AST-00058,Switch,MED-Switch-059,SITE-0004,Medan,Ericsson,ERI-Switch-8386,Active,Partner,10 Gbps,2020-03-07,2024-03-06,2025-11-24,2026-04-04
AST-00059,Switch,MED-Switch-060,SITE-0004,Medan,Cisco,CIS-Switch-7314,Active,NusaTel Owned,10 Gbps,2020-10-18,2023-10-18,2025-10-17,2026-05-26
AST-00060,Transmission,MED-Transmission-061,SITE-0004,Medan,ZTE,ZTE-Transmission-8633,Active,Partner,100 Gbps,2022-12-24,2029-12-22,2025-10-13,2026-06-05
AST-00061,Transmission,MED-Transmission-062,SITE-0004,Medan,Nokia,NOK-Transmission-6828,Active,NusaTel Owned,100 Gbps,2021-06-11,2026-06-10,2025-09-07,2026-06-25
AST-00062,BTS,MAK-BTS-063,SITE-0005,Makassar,Nokia,NOK-BTS-4396,Faulty,Leased,100 MHz,2024-09-11,2026-09-11,2025-12-28,2026-11-28
AST-00063,OLT,MAK-OLT-064,SITE-0005,Makassar,Huawei,HUA-OLT-5496,Faulty,NusaTel Owned,10 Gbps,2018-10-01,2024-09-29,2025-07-07,2026-01-26
AST-00064,OLT,MAK-OLT-065,SITE-0005,Makassar,Ericsson,ERI-OLT-8101,Active,NusaTel Owned,10 Gbps,2020-04-22,2023-04-22,2025-10-03,2026-11-07
AST-00065,ODP,MAK-ODP-066,SITE-0005,Makassar,Nokia,NOK-ODP-1428,Active,NusaTel Owned,1 Gbps,2023-08-22,2030-08-20,2025-11-09,2026-03-09
AST-00066,ODP,MAK-ODP-067,SITE-0005,Makassar,Ericsson,ERI-ODP-7586,Active,Customer Premises,1 Gbps,2018-08-02,2020-08-01,2025-10-23,2026-04-12
AST-00067,Router,MAK-Router-068,SITE-0005,Makassar,Juniper,JUN-Router-3412,Active,NusaTel Owned,40 Gbps,2025-03-20,2032-03-18,2025-12-12,2026-10-25
AST-00068,Router,MAK-Router-069,SITE-0005,Makassar,ZTE,ZTE-Router-4572,Active,NusaTel Owned,40 Gbps,2025-03-13,2027-03-13,2025-11-15,2026-07-31
AST-00069,Router,MAK-Router-070,SITE-0005,Makassar,Juniper,JUN-Router-2279,Active,Customer Premises,40 Gbps,2022-08-12,2025-08-11,2025-10-29,2026-08-04
AST-00070,Router,MAK-Router-071,SITE-0005,Makassar,Nokia,NOK-Router-5784,Active,NusaTel Owned,40 Gbps,2025-05-27,2028-05-26,2025-08-11,2026-10-26
AST-00071,Switch,MAK-Switch-072,SITE-0005,Makassar,Ericsson,ERI-Switch-4008,Active,NusaTel Owned,10 Gbps,2021-05-25,2023-05-25,2025-12-21,2026-06-28
AST-00072,Transmission,MAK-Transmission-073,SITE-0005,Makassar,Huawei,HUA-Transmission-9393,Active,Customer Premises,100 Gbps,2019-10-18,2026-10-16,2025-09-21,2026-02-18
AST-00073,Transmission,MAK-Transmission-074,SITE-0005,Makassar,ZTE,ZTE-Transmission-6343,Active,NusaTel Owned,100 Gbps,2020-11-27,2025-11-26,2025-10-06,2026-04-22
AST-00074,Transmission,MAK-Transmission-075,SITE-0005,Makassar,Nokia,NOK-Transmission-4569,Active,Customer Premises,100 Gbps,2017-12-06,2019-12-06,2025-07-24,2026-05-21
AST-00075,Transmission,MAK-Transmission-076,SITE-0005,Makassar,Nokia,NOK-Transmission-2690,Faulty,NusaTel Owned,100 Gbps,2024-04-07,2029-04-06,2025-11-18,2026-04-12
AST-00076,BTS,SEM-BTS-077,SITE-0006,Semarang,Juniper,JUN-BTS-5878,Active,Leased,100 MHz,2021-07-31,2028-07-29,2025-08-18,2026-10-12
AST-00077,BTS,SEM-BTS-078,SITE-0006,Semarang,Ericsson,ERI-BTS-7894,Active,NusaTel Owned,100 MHz,2025-05-14,2029-05-13,2025-09-07,2026-05-29
AST-00078,BTS,SEM-BTS-079,SITE-0006,Semarang,Huawei,HUA-BTS-3880,Active,Leased,100 MHz,2021-04-09,2027-04-08,2025-08-02,2026-04-01
AST-00079,OLT,SEM-OLT-080,SITE-0006,Semarang,Cisco,CIS-OLT-2240,Active,NusaTel Owned,10 Gbps,2021-10-21,2028-10-19,2025-10-02,2026-12-12
AST-00080,ODP,SEM-ODP-081,SITE-0006,Semarang,Cisco,CIS-ODP-2374,Maintenance,NusaTel Owned,1 Gbps,2019-01-07,2026-01-05,2025-11-01,2026-01-02
AST-00081,ODP,SEM-ODP-082,SITE-0006,Semarang,Cisco,CIS-ODP-7129,Maintenance,NusaTel Owned,1 Gbps,2024-04-08,2029-04-07,2025-11-08,2026-05-31
AST-00082,Router,SEM-Router-083,SITE-0006,Semarang,ZTE,ZTE-Router-4617,Active,Customer Premises,40 Gbps,2018-09-28,2024-09-26,2025-12-21,2026-08-13
AST-00083,Router,SEM-Router-084,SITE-0006,Semarang,Ericsson,ERI-Router-1246,Active,NusaTel Owned,40 Gbps,2020-09-16,2022-09-16,2025-09-09,2026-02-17
AST-00084,Switch,SEM-Switch-085,SITE-0006,Semarang,Ericsson,ERI-Switch-2186,Active,NusaTel Owned,10 Gbps,2024-06-14,2029-06-13,2025-08-16,2026-07-14
AST-00085,Switch,SEM-Switch-086,SITE-0006,Semarang,Juniper,JUN-Switch-4553,Active,Leased,10 Gbps,2020-08-06,2027-08-05,2025-07-17,2026-03-29
AST-00086,Transmission,SEM-Transmission-087,SITE-0006,Semarang,Juniper,JUN-Transmission-8581,Active,Partner,100 Gbps,2021-11-17,2023-11-17,2025-12-20,2026-08-09
AST-00087,Transmission,SEM-Transmission-088,SITE-0006,Semarang,Cisco,CIS-Transmission-7656,Active,Customer Premises,100 Gbps,2021-05-08,2023-05-08,2025-12-17,2026-03-01
AST-00088,BTS,YOG-BTS-089,SITE-0007,Yogyakarta,Huawei,HUA-BTS-8822,Active,Leased,100 MHz,2025-09-08,2027-09-08,2025-10-04,2026-10-16
AST-00089,BTS,YOG-BTS-090,SITE-0007,Yogyakarta,Juniper,JUN-BTS-9152,Faulty,Leased,100 MHz,2018-12-29,2023-12-28,2025-10-15,2026-09-17
AST-00090,BTS,YOG-BTS-091,SITE-0007,Yogyakarta,Juniper,JUN-BTS-3275,Maintenance,NusaTel Owned,100 MHz,2023-09-25,2026-09-24,2025-12-09,2026-04-03
AST-00091,OLT,YOG-OLT-092,SITE-0007,Yogyakarta,ZTE,ZTE-OLT-1142,Active,NusaTel Owned,10 Gbps,2020-08-04,2024-08-03,2025-07-13,2026-07-02
AST-00092,ODP,YOG-ODP-093,SITE-0007,Yogyakarta,Ericsson,ERI-ODP-8170,Active,Leased,1 Gbps,2025-04-28,2032-04-26,2025-08-21,2026-11-15
AST-00093,ODP,YOG-ODP-094,SITE-0007,Yogyakarta,Huawei,HUA-ODP-5132,Faulty,Customer Premises,1 Gbps,2019-08-11,2024-08-09,2025-07-11,2026-06-11
AST-00094,Router,YOG-Router-095,SITE-0007,Yogyakarta,Nokia,NOK-Router-7761,Decommissioned,NusaTel Owned,40 Gbps,2022-04-09,2024-04-08,2025-09-03,2026-05-25
AST-00095,Switch,YOG-Switch-096,SITE-0007,Yogyakarta,Ericsson,ERI-Switch-2027,Active,Partner,10 Gbps,2023-11-11,2025-11-10,2025-11-03,2026-07-02
AST-00096,Switch,YOG-Switch-097,SITE-0007,Yogyakarta,Juniper,JUN-Switch-1083,Active,Partner,10 Gbps,2024-02-26,2026-02-25,2025-07-12,2026-12-12
AST-00097,Switch,YOG-Switch-098,SITE-0007,Yogyakarta,Nokia,NOK-Switch-3303,Active,NusaTel Owned,10 Gbps,2019-09-12,2023-09-11,2025-12-27,2026-08-19
AST-00098,Switch,YOG-Switch-099,SITE-0007,Yogyakarta,Juniper,JUN-Switch-6431,Active,NusaTel Owned,10 Gbps,2024-07-11,2030-07-10,2025-09-23,2026-09-06
AST-00099,Transmission,YOG-Transmission-100,SITE-0007,Yogyakarta,Ericsson,ERI-Transmission-3038,Active,NusaTel Owned,100 Gbps,2021-02-17,2027-02-16,2025-11-29,2026-02-25
AST-00100,Transmission,YOG-Transmission-101,SITE-0007,Yogyakarta,Cisco,CIS-Transmission-2747,Faulty,Leased,100 Gbps,2018-09-30,2025-09-28,2025-12-11,2026-12-12
AST-00101,BTS,DEN-BTS-102,SITE-0008,Denpasar,Ericsson,ERI-BTS-1854,Active,NusaTel Owned,100 MHz,2025-05-13,2031-05-12,2025-11-10,2026-10-11
AST-00102,BTS,DEN-BTS-103,SITE-0008,Denpasar,ZTE,ZTE-BTS-7665,Maintenance,NusaTel Owned,100 MHz,2022-08-19,2024-08-18,2025-11-13,2026-03-10
AST-00103,BTS,DEN-BTS-104,SITE-0008,Denpasar,Nokia,NOK-BTS-6767,Active,NusaTel Owned,100 MHz,2018-06-09,2022-06-08,2025-07-19,2026-02-26
AST-00104,OLT,DEN-OLT-105,SITE-0008,Denpasar,Juniper,JUN-OLT-3807,Active,Customer Premises,10 Gbps,2019-12-02,2026-11-30,2025-07-24,2026-08-08
AST-00105,OLT,DEN-OLT-106,SITE-0008,Denpasar,Nokia,NOK-OLT-5404,Active,Leased,10 Gbps,2022-08-18,2028-08-16,2025-12-19,2026-10-22
AST-00106,ODP,DEN-ODP-107,SITE-0008,Denpasar,Cisco,CIS-ODP-6284,Active,NusaTel Owned,1 Gbps,2022-05-13,2027-05-12,2025-09-27,2026-10-20
AST-00107,ODP,DEN-ODP-108,SITE-0008,Denpasar,ZTE,ZTE-ODP-7426,Active,Leased,1 Gbps,2018-11-16,2025-11-14,2025-10-22,2026-04-13
AST-00108,ODP,DEN-ODP-109,SITE-0008,Denpasar,ZTE,ZTE-ODP-2398,Maintenance,Leased,1 Gbps,2020-09-05,2026-09-04,2025-12-12,2026-04-07
AST-00109,Router,DEN-Router-110,SITE-0008,Denpasar,Juniper,JUN-Router-4861,Faulty,NusaTel Owned,40 Gbps,2019-03-08,2023-03-07,2025-09-28,2026-08-10
AST-00110,Router,DEN-Router-111,SITE-0008,Denpasar,Huawei,HUA-Router-9539,Faulty,Leased,40 Gbps,2017-11-13,2022-11-12,2025-09-14,2026-10-22
AST-00111,Router,DEN-Router-112,SITE-0008,Denpasar,Huawei,HUA-Router-2219,Decommissioned,NusaTel Owned,40 Gbps,2022-02-12,2027-02-11,2025-12-23,2026-06-07
AST-00112,Switch,DEN-Switch-113,SITE-0008,Denpasar,Ericsson,ERI-Switch-3986,Active,NusaTel Owned,10 Gbps,2023-01-31,2029-01-29,2025-10-04,2026-12-30
AST-00113,Switch,DEN-Switch-114,SITE-0008,Denpasar,Cisco,CIS-Switch-5083,Faulty,NusaTel Owned,10 Gbps,2025-07-14,2031-07-13,2025-08-24,2026-02-24
AST-00114,Transmission,DEN-Transmission-115,SITE-0008,Denpasar,Juniper,JUN-Transmission-6483,Active,NusaTel Owned,100 Gbps,2025-04-12,2031-04-11,2025-08-02,2026-07-22
AST-00115,Transmission,DEN-Transmission-116,SITE-0008,Denpasar,Juniper,JUN-Transmission-8305,Active,NusaTel Owned,100 Gbps,2020-08-18,2027-08-17,2025-09-15,2026-09-24
AST-00116,Transmission,DEN-Transmission-117,SITE-0008,Denpasar,ZTE,ZTE-Transmission-8053,Active,NusaTel Owned,100 Gbps,2024-05-29,2027-05-29,2025-10-11,2026-12-04
AST-00117,BTS,PAL-BTS-118,SITE-0009,Palembang,Nokia,NOK-BTS-1409,Active,Leased,100 MHz,2022-05-01,2029-04-29,2025-08-24,2026-01-29
AST-00118,BTS,PAL-BTS-119,SITE-0009,Palembang,Huawei,HUA-BTS-8153,Maintenance,Partner,100 MHz,2019-12-03,2026-12-01,2025-09-09,2026-04-02
AST-00119,BTS,PAL-BTS-120,SITE-0009,Palembang,Huawei,HUA-BTS-7842,Active,NusaTel Owned,100 MHz,2023-07-29,2028-07-27,2025-12-06,2026-05-09
AST-00120,OLT,PAL-OLT-121,SITE-0009,Palembang,Nokia,NOK-OLT-4641,Active,Leased,10 Gbps,2019-01-16,2021-01-15,2025-10-10,2026-04-17
AST-00121,ODP,PAL-ODP-122,SITE-0009,Palembang,Nokia,NOK-ODP-5701,Active,NusaTel Owned,1 Gbps,2021-01-16,2026-01-15,2025-08-11,2026-08-20
AST-00122,ODP,PAL-ODP-123,SITE-0009,Palembang,Juniper,JUN-ODP-7545,Maintenance,NusaTel Owned,1 Gbps,2018-07-02,2025-06-30,2025-11-11,2026-12-25
AST-00123,ODP,PAL-ODP-124,SITE-0009,Palembang,Juniper,JUN-ODP-2651,Active,NusaTel Owned,1 Gbps,2018-06-16,2022-06-15,2025-10-29,2026-02-11
AST-00124,ODP,PAL-ODP-125,SITE-0009,Palembang,ZTE,ZTE-ODP-3003,Active,NusaTel Owned,1 Gbps,2023-09-07,2028-09-05,2025-11-23,2026-01-09
AST-00125,Router,PAL-Router-126,SITE-0009,Palembang,Ericsson,ERI-Router-9842,Active,NusaTel Owned,40 Gbps,2022-07-05,2028-07-03,2025-12-03,2026-09-29
AST-00126,Router,PAL-Router-127,SITE-0009,Palembang,Ericsson,ERI-Router-2757,Active,NusaTel Owned,40 Gbps,2024-01-09,2027-01-08,2025-07-05,2026-03-23
AST-00127,Router,PAL-Router-128,SITE-0009,Palembang,Juniper,JUN-Router-5683,Active,NusaTel Owned,40 Gbps,2021-04-15,2027-04-14,2025-10-26,2026-02-19
AST-00128,Router,PAL-Router-129,SITE-0009,Palembang,Nokia,NOK-Router-8568,Active,NusaTel Owned,40 Gbps,2023-09-07,2027-09-06,2025-12-13,2026-05-03
AST-00129,Switch,PAL-Switch-130,SITE-0009,Palembang,Huawei,HUA-Switch-6128,Active,NusaTel Owned,10 Gbps,2022-03-06,2029-03-04,2025-08-03,2026-02-28
AST-00130,Switch,PAL-Switch-131,SITE-0009,Palembang,Nokia,NOK-Switch-4555,Active,NusaTel Owned,10 Gbps,2020-11-10,2022-11-10,2025-11-18,2026-09-27
AST-00131,Transmission,PAL-Transmission-132,SITE-0009,Palembang,Huawei,HUA-Transmission-6892,Maintenance,NusaTel Owned,100 Gbps,2021-09-30,2028-09-28,2025-07-21,2026-05-21
AST-00132,BTS,BAL-BTS-133,SITE-0010,Balikpapan,Ericsson,ERI-BTS-3490,Maintenance,NusaTel Owned,100 MHz,2023-05-31,2029-05-29,2025-09-30,2026-11-14
AST-00133,BTS,BAL-BTS-134,SITE-0010,Balikpapan,Huawei,HUA-BTS-7107,Active,Leased,100 MHz,2019-03-29,2023-03-28,2025-12-20,2026-08-14
AST-00134,OLT,BAL-OLT-135,SITE-0010,Balikpapan,Huawei,HUA-OLT-9840,Active,Leased,10 Gbps,2025-11-07,2027-11-07,2025-11-15,2026-12-05
AST-00135,ODP,BAL-ODP-136,SITE-0010,Balikpapan,Ericsson,ERI-ODP-7101,Active,Leased,1 Gbps,2024-08-29,2030-08-28,2025-12-14,2026-06-26
AST-00136,ODP,BAL-ODP-137,SITE-0010,Balikpapan,Ericsson,ERI-ODP-9364,Active,NusaTel Owned,1 Gbps,2025-05-05,2032-05-03,2025-09-27,2026-11-29
AST-00137,ODP,BAL-ODP-138,SITE-0010,Balikpapan,Cisco,CIS-ODP-3251,Active,Partner,1 Gbps,2021-10-07,2025-10-06,2025-11-15,2026-09-28
AST-00138,ODP,BAL-ODP-139,SITE-0010,Balikpapan,Nokia,NOK-ODP-3700,Active,NusaTel Owned,1 Gbps,2023-04-17,2029-04-15,2025-12-30,2026-08-31
AST-00139,Router,BAL-Router-140,SITE-0010,Balikpapan,Juniper,JUN-Router-6380,Active,Leased,40 Gbps,2024-06-05,2026-06-05,2025-11-27,2026-10-19
AST-00140,Router,BAL-Router-141,SITE-0010,Balikpapan,Cisco,CIS-Router-1035,Active,Customer Premises,40 Gbps,2022-02-01,2028-01-31,2025-10-01,2026-05-13
AST-00141,Router,BAL-Router-142,SITE-0010,Balikpapan,Nokia,NOK-Router-9067,Active,NusaTel Owned,40 Gbps,2021-10-14,2026-10-13,2025-10-31,2026-02-21
AST-00142,Router,BAL-Router-143,SITE-0010,Balikpapan,Ericsson,ERI-Router-3462,Active,NusaTel Owned,40 Gbps,2025-03-23,2031-03-22,2025-08-01,2026-03-26
AST-00143,Switch,BAL-Switch-144,SITE-0010,Balikpapan,Cisco,CIS-Switch-1771,Active,NusaTel Owned,10 Gbps,2022-05-25,2029-05-23,2025-08-09,2026-05-02
AST-00144,Switch,BAL-Switch-145,SITE-0010,Balikpapan,Cisco,CIS-Switch-8444,Maintenance,NusaTel Owned,10 Gbps,2024-03-30,2028-03-29,2025-11-20,2026-01-26
AST-00145,Switch,BAL-Switch-146,SITE-0010,Balikpapan,Huawei,HUA-Switch-3200,Active,Leased,10 Gbps,2020-05-11,2024-05-10,2025-09-15,2026-11-11
AST-00146,Switch,BAL-Switch-147,SITE-0010,Balikpapan,Huawei,HUA-Switch-6304,Active,Customer Premises,10 Gbps,2021-11-22,2024-11-21,2025-11-17,2026-12-13
AST-00147,Transmission,BAL-Transmission-148,SITE-0010,Balikpapan,Cisco,CIS-Transmission-5004,Active,NusaTel Owned,100 Gbps,2019-06-18,2021-06-17,2025-10-04,2026-04-12
AST-00148,Transmission,BAL-Transmission-149,SITE-0010,Balikpapan,Nokia,NOK-Transmission-3167,Maintenance,Leased,100 Gbps,2020-08-29,2027-08-28,2025-08-17,2026-02-03
AST-00149,Transmission,BAL-Transmission-150,SITE-0010,Balikpapan,ZTE,ZTE-Transmission-7476,Active,NusaTel Owned,100 Gbps,2019-06-16,2023-06-15,2025-07-27,2026-10-26
AST-00150,BTS,JAK-BTS-151,SITE-0011,Jakarta,Huawei,HUA-BTS-5100,Active,NusaTel Owned,100 MHz,2020-03-25,2026-03-24,2025-10-09,2026-02-03
AST-00151,BTS,JAK-BTS-152,SITE-0011,Jakarta,ZTE,ZTE-BTS-9999,Active,NusaTel Owned,100 MHz,2019-06-15,2023-06-14,2025-07-18,2026-02-03
AST-00152,OLT,JAK-OLT-153,SITE-0011,Jakarta,Ericsson,ERI-OLT-6262,Active,Leased,10 Gbps,2018-11-11,2022-11-10,2025-10-28,2026-05-06
AST-00153,OLT,JAK-OLT-154,SITE-0011,Jakarta,Nokia,NOK-OLT-2108,Active,NusaTel Owned,10 Gbps,2018-01-29,2022-01-28,2025-09-21,2026-01-07
AST-00154,ODP,JAK-ODP-155,SITE-0011,Jakarta,Huawei,HUA-ODP-8256,Active,NusaTel Owned,1 Gbps,2022-03-20,2026-03-19,2025-10-31,2026-08-18
AST-00155,ODP,JAK-ODP-156,SITE-0011,Jakarta,Cisco,CIS-ODP-9533,Maintenance,NusaTel Owned,1 Gbps,2018-01-27,2024-01-26,2025-08-16,2026-04-16
AST-00156,ODP,JAK-ODP-157,SITE-0011,Jakarta,ZTE,ZTE-ODP-7342,Faulty,NusaTel Owned,1 Gbps,2018-05-22,2020-05-21,2025-09-05,2026-05-06
AST-00157,Router,JAK-Router-158,SITE-0011,Jakarta,Nokia,NOK-Router-3129,Active,NusaTel Owned,40 Gbps,2019-08-09,2022-08-08,2025-07-14,2026-07-31
AST-00158,Router,JAK-Router-159,SITE-0011,Jakarta,Huawei,HUA-Router-4868,Maintenance,NusaTel Owned,40 Gbps,2025-07-15,2027-07-15,2025-09-01,2026-11-05
AST-00159,Switch,JAK-Switch-160,SITE-0011,Jakarta,Huawei,HUA-Switch-4731,Active,NusaTel Owned,10 Gbps,2023-06-14,2027-06-13,2025-11-06,2026-02-18
AST-00160,Switch,JAK-Switch-161,SITE-0011,Jakarta,Nokia,NOK-Switch-4033,Active,NusaTel Owned,10 Gbps,2023-05-26,2030-05-24,2025-08-31,2026-08-12
AST-00161,Switch,JAK-Switch-162,SITE-0011,Jakarta,Nokia,NOK-Switch-6601,Active,NusaTel Owned,10 Gbps,2024-08-24,2026-08-24,2025-07-10,2026-10-09
AST-00162,Switch,JAK-Switch-163,SITE-0011,Jakarta,ZTE,ZTE-Switch-2474,Active,Leased,10 Gbps,2019-08-14,2021-08-13,2025-10-13,2026-04-16
AST-00163,Transmission,JAK-Transmission-164,SITE-0011,Jakarta,ZTE,ZTE-Transmission-3223,Maintenance,NusaTel Owned,100 Gbps,2024-07-06,2028-07-05,2025-11-15,2026-03-31
AST-00164,Transmission,JAK-Transmission-165,SITE-0011,Jakarta,Cisco,CIS-Transmission-6164,Active,NusaTel Owned,100 Gbps,2024-01-15,2026-01-14,2025-09-26,2026-10-29
AST-00165,Transmission,JAK-Transmission-166,SITE-0011,Jakarta,Ericsson,ERI-Transmission-2689,Active,NusaTel Owned,100 Gbps,2023-07-17,2027-07-16,2025-11-08,2026-04-01
AST-00166,BTS,BAN-BTS-167,SITE-0012,Bandung,Huawei,HUA-BTS-3832,Active,NusaTel Owned,100 MHz,2024-12-28,2030-12-27,2025-09-28,2026-03-01
AST-00167,BTS,BAN-BTS-168,SITE-0012,Bandung,ZTE,ZTE-BTS-4424,Active,NusaTel Owned,100 MHz,2023-01-16,2029-01-14,2025-10-14,2026-08-25
AST-00168,BTS,BAN-BTS-169,SITE-0012,Bandung,ZTE,ZTE-BTS-5276,Faulty,NusaTel Owned,100 MHz,2020-10-17,2023-10-17,2025-11-05,2026-06-30
AST-00169,OLT,BAN-OLT-170,SITE-0012,Bandung,ZTE,ZTE-OLT-4334,Active,Leased,10 Gbps,2023-01-31,2029-01-29,2025-10-16,2026-02-20
AST-00170,OLT,BAN-OLT-171,SITE-0012,Bandung,Juniper,JUN-OLT-7860,Maintenance,Leased,10 Gbps,2023-06-16,2025-06-15,2025-08-06,2026-06-06
AST-00171,OLT,BAN-OLT-172,SITE-0012,Bandung,Juniper,JUN-OLT-7095,Active,NusaTel Owned,10 Gbps,2020-08-25,2022-08-25,2025-07-24,2026-04-19
AST-00172,OLT,BAN-OLT-173,SITE-0012,Bandung,Ericsson,ERI-OLT-6539,Active,NusaTel Owned,10 Gbps,2020-11-19,2025-11-18,2025-10-05,2026-10-28
AST-00173,ODP,BAN-ODP-174,SITE-0012,Bandung,Nokia,NOK-ODP-6277,Faulty,NusaTel Owned,1 Gbps,2024-06-10,2028-06-09,2025-07-16,2026-07-26
AST-00174,Router,BAN-Router-175,SITE-0012,Bandung,Huawei,HUA-Router-9696,Active,NusaTel Owned,40 Gbps,2024-12-11,2026-12-11,2025-12-15,2026-12-27
AST-00175,Switch,BAN-Switch-176,SITE-0012,Bandung,Cisco,CIS-Switch-2820,Active,NusaTel Owned,10 Gbps,2020-12-20,2025-12-19,2025-11-09,2026-02-23
AST-00176,Transmission,BAN-Transmission-177,SITE-0012,Bandung,Juniper,JUN-Transmission-1123,Active,Leased,100 Gbps,2020-08-23,2027-08-22,2025-12-11,2026-04-09
AST-00177,Transmission,BAN-Transmission-178,SITE-0012,Bandung,Juniper,JUN-Transmission-8843,Active,Leased,100 Gbps,2021-05-23,2026-05-22,2025-10-30,2026-08-31
AST-00178,Transmission,BAN-Transmission-179,SITE-0012,Bandung,Juniper,JUN-Transmission-3267,Active,Leased,100 Gbps,2019-09-23,2024-09-21,2025-11-06,2026-11-11
AST-00179,BTS,SUR-BTS-180,SITE-0013,Surabaya,Cisco,CIS-BTS-3179,Active,NusaTel Owned,100 MHz,2017-10-17,2020-10-16,2025-08-06,2026-05-22
AST-00180,BTS,SUR-BTS-181,SITE-0013,Surabaya,Ericsson,ERI-BTS-3733,Active,NusaTel Owned,100 MHz,2018-07-25,2025-07-23,2025-10-01,2026-05-24
AST-00181,BTS,SUR-BTS-182,SITE-0013,Surabaya,Cisco,CIS-BTS-3401,Active,NusaTel Owned,100 MHz,2020-05-10,2026-05-09,2025-11-25,2026-09-20
AST-00182,OLT,SUR-OLT-183,SITE-0013,Surabaya,ZTE,ZTE-OLT-1944,Active,NusaTel Owned,10 Gbps,2025-05-19,2028-05-18,2025-12-10,2026-12-27
AST-00183,OLT,SUR-OLT-184,SITE-0013,Surabaya,Huawei,HUA-OLT-4558,Active,NusaTel Owned,10 Gbps,2023-01-06,2026-01-05,2025-10-25,2026-05-19
AST-00184,OLT,SUR-OLT-185,SITE-0013,Surabaya,Ericsson,ERI-OLT-6046,Decommissioned,NusaTel Owned,10 Gbps,2024-05-09,2030-05-08,2025-11-16,2026-05-26
AST-00185,OLT,SUR-OLT-186,SITE-0013,Surabaya,Juniper,JUN-OLT-7464,Active,NusaTel Owned,10 Gbps,2022-12-17,2028-12-15,2025-10-10,2026-01-29
AST-00186,ODP,SUR-ODP-187,SITE-0013,Surabaya,Ericsson,ERI-ODP-3980,Active,Leased,1 Gbps,2020-03-10,2023-03-10,2025-07-14,2026-08-03
AST-00187,Router,SUR-Router-188,SITE-0013,Surabaya,Ericsson,ERI-Router-4684,Active,NusaTel Owned,40 Gbps,2025-03-08,2029-03-07,2025-07-16,2026-01-27
AST-00188,Router,SUR-Router-189,SITE-0013,Surabaya,Huawei,HUA-Router-1927,Active,NusaTel Owned,40 Gbps,2023-02-06,2029-02-04,2025-10-28,2026-08-04
AST-00189,Router,SUR-Router-190,SITE-0013,Surabaya,Ericsson,ERI-Router-7327,Active,Leased,40 Gbps,2024-12-08,2028-12-07,2025-07-26,2026-11-15
AST-00190,Switch,SUR-Switch-191,SITE-0013,Surabaya,Juniper,JUN-Switch-3197,Active,NusaTel Owned,10 Gbps,2020-10-06,2023-10-06,2025-07-18,2026-12-20
AST-00191,Switch,SUR-Switch-192,SITE-0013,Surabaya,Cisco,CIS-Switch-2727,Active,NusaTel Owned,10 Gbps,2020-08-19,2025-08-18,2025-10-27,2026-09-17
AST-00192,Switch,SUR-Switch-193,SITE-0013,Surabaya,Ericsson,ERI-Switch-6075,Active,NusaTel Owned,10 Gbps,2021-08-30,2027-08-29,2025-09-30,2026-12-05
AST-00193,Switch,SUR-Switch-194,SITE-0013,Surabaya,Nokia,NOK-Switch-3363,Active,NusaTel Owned,10 Gbps,2020-08-31,2024-08-30,2025-08-09,2026-02-18
AST-00194,Transmission,SUR-Transmission-195,SITE-0013,Surabaya,ZTE,ZTE-Transmission-4913,Active,NusaTel Owned,100 Gbps,2020-06-20,2023-06-20,2025-08-22,2026-06-06
AST-00195,BTS,MED-BTS-196,SITE-0014,Medan,Ericsson,ERI-BTS-3670,Active,NusaTel Owned,100 MHz,2020-09-12,2022-09-12,2025-09-04,2026-04-19
AST-00196,BTS,MED-BTS-197,SITE-0014,Medan,Ericsson,ERI-BTS-7994,Active,NusaTel Owned,100 MHz,2021-02-28,2027-02-27,2025-10-16,2026-09-09
AST-00197,BTS,MED-BTS-198,SITE-0014,Medan,Nokia,NOK-BTS-4277,Active,NusaTel Owned,100 MHz,2021-01-22,2023-01-22,2025-12-24,2026-10-27
AST-00198,BTS,MED-BTS-199,SITE-0014,Medan,Juniper,JUN-BTS-2406,Active,NusaTel Owned,100 MHz,2018-05-12,2020-05-11,2025-09-06,2026-07-26
AST-00199,OLT,MED-OLT-200,SITE-0014,Medan,Ericsson,ERI-OLT-5151,Active,Customer Premises,10 Gbps,2021-11-21,2027-11-20,2025-07-18,2026-06-07
AST-00200,OLT,MED-OLT-201,SITE-0014,Medan,Huawei,HUA-OLT-9131,Active,NusaTel Owned,10 Gbps,2024-12-09,2026-12-09,2025-11-15,2026-12-30
AST-00201,ODP,MED-ODP-202,SITE-0014,Medan,Cisco,CIS-ODP-2048,Active,NusaTel Owned,1 Gbps,2021-01-17,2026-01-16,2025-10-02,2026-10-14
AST-00202,ODP,MED-ODP-203,SITE-0014,Medan,Nokia,NOK-ODP-2819,Active,NusaTel Owned,1 Gbps,2017-12-05,2020-12-04,2025-08-14,2026-03-03
AST-00203,ODP,MED-ODP-204,SITE-0014,Medan,Ericsson,ERI-ODP-8058,Maintenance,NusaTel Owned,1 Gbps,2021-10-05,2024-10-04,2025-12-16,2026-09-07
AST-00204,ODP,MED-ODP-205,SITE-0014,Medan,Ericsson,ERI-ODP-4934,Active,NusaTel Owned,1 Gbps,2022-07-20,2024-07-19,2025-12-26,2026-02-14
AST-00205,Router,MED-Router-206,SITE-0014,Medan,Juniper,JUN-Router-8023,Active,NusaTel Owned,40 Gbps,2023-05-29,2027-05-28,2025-09-26,2026-03-19
AST-00206,Router,MED-Router-207,SITE-0014,Medan,Huawei,HUA-Router-4022,Active,NusaTel Owned,40 Gbps,2019-08-07,2021-08-06,2025-12-01,2026-11-27
AST-00207,Switch,MED-Switch-208,SITE-0014,Medan,Ericsson,ERI-Switch-8996,Faulty,NusaTel Owned,10 Gbps,2024-08-03,2030-08-02,2025-08-19,2026-04-08
AST-00208,Switch,MED-Switch-209,SITE-0014,Medan,Huawei,HUA-Switch-7076,Active,NusaTel Owned,10 Gbps,2019-10-20,2022-10-19,2025-12-29,2026-03-09
AST-00209,Transmission,MED-Transmission-210,SITE-0014,Medan,Ericsson,ERI-Transmission-7398,Active,Customer Premises,100 Gbps,2024-03-20,2027-03-20,2025-11-21,2026-12-20
AST-00210,Transmission,MED-Transmission-211,SITE-0014,Medan,Huawei,HUA-Transmission-2374,Active,Leased,100 Gbps,2023-09-13,2030-09-11,2025-09-17,2026-12-22
AST-00211,Transmission,MED-Transmission-212,SITE-0014,Medan,Huawei,HUA-Transmission-3762,Active,NusaTel Owned,100 Gbps,2020-07-11,2024-07-10,2025-11-03,2026-05-25
AST-00212,Transmission,MED-Transmission-213,SITE-0014,Medan,ZTE,ZTE-Transmission-4858,Active,NusaTel Owned,100 Gbps,2021-07-15,2025-07-14,2025-10-10,2026-11-13
AST-00213,BTS,MAK-BTS-214,SITE-0015,Makassar,ZTE,ZTE-BTS-3487,Active,NusaTel Owned,100 MHz,2024-09-10,2030-09-09,2025-09-05,2026-01-07
AST-00214,OLT,MAK-OLT-215,SITE-0015,Makassar,Cisco,CIS-OLT-2600,Active,NusaTel Owned,10 Gbps,2023-08-07,2029-08-05,2025-09-08,2026-08-23
AST-00215,OLT,MAK-OLT-216,SITE-0015,Makassar,Cisco,CIS-OLT-1333,Active,NusaTel Owned,10 Gbps,2022-02-23,2024-02-23,2025-09-23,2026-03-20
AST-00216,OLT,MAK-OLT-217,SITE-0015,Makassar,Nokia,NOK-OLT-6345,Maintenance,NusaTel Owned,10 Gbps,2021-03-01,2026-02-28,2025-10-04,2026-02-06
AST-00217,OLT,MAK-OLT-218,SITE-0015,Makassar,ZTE,ZTE-OLT-3310,Active,Leased,10 Gbps,2023-01-31,2025-01-30,2025-09-18,2026-04-26
AST-00218,ODP,MAK-ODP-219,SITE-0015,Makassar,Ericsson,ERI-ODP-8380,Active,NusaTel Owned,1 Gbps,2021-02-14,2024-02-14,2025-08-10,2026-09-18
AST-00219,Router,MAK-Router-220,SITE-0015,Makassar,ZTE,ZTE-Router-5555,Active,Leased,40 Gbps,2025-09-24,2031-09-23,2025-11-07,2026-01-28
AST-00220,Router,MAK-Router-221,SITE-0015,Makassar,Nokia,NOK-Router-1413,Active,Customer Premises,40 Gbps,2019-02-07,2021-02-06,2025-07-09,2026-03-16
AST-00221,Router,MAK-Router-222,SITE-0015,Makassar,Cisco,CIS-Router-3120,Active,NusaTel Owned,40 Gbps,2020-12-16,2026-12-15,2025-07-26,2026-07-07
AST-00222,Router,MAK-Router-223,SITE-0015,Makassar,Juniper,JUN-Router-6646,Active,NusaTel Owned,40 Gbps,2018-11-05,2020-11-04,2025-07-27,2026-12-05
AST-00223,Switch,MAK-Switch-224,SITE-0015,Makassar,Cisco,CIS-Switch-2792,Faulty,Leased,10 Gbps,2022-01-18,2025-01-17,2025-07-24,2026-04-04
AST-00224,Switch,MAK-Switch-225,SITE-0015,Makassar,Cisco,CIS-Switch-1099,Active,NusaTel Owned,10 Gbps,2024-01-04,2026-01-03,2025-08-31,2026-09-11
AST-00225,Transmission,MAK-Transmission-226,SITE-0015,Makassar,Nokia,NOK-Transmission-6459,Maintenance,NusaTel Owned,100 Gbps,2020-12-15,2026-12-14,2025-09-18,2026-05-11
AST-00226,Transmission,MAK-Transmission-227,SITE-0015,Makassar,ZTE,ZTE-Transmission-9890,Active,Leased,100 Gbps,2022-10-29,2027-10-28,2025-12-30,2026-03-04
AST-00227,BTS,SEM-BTS-228,SITE-0016,Semarang,Cisco,CIS-BTS-3100,Active,NusaTel Owned,100 MHz,2024-08-27,2030-08-26,2025-08-14,2026-01-02
AST-00228,BTS,SEM-BTS-229,SITE-0016,Semarang,Cisco,CIS-BTS-8407,Active,NusaTel Owned,100 MHz,2022-03-07,2027-03-06,2025-11-29,2026-12-14
AST-00229,OLT,SEM-OLT-230,SITE-0016,Semarang,Huawei,HUA-OLT-6798,Active,Leased,10 Gbps,2023-05-15,2029-05-13,2025-07-12,2026-08-20
AST-00230,ODP,SEM-ODP-231,SITE-0016,Semarang,Cisco,CIS-ODP-2252,Active,Customer Premises,1 Gbps,2020-01-27,2022-01-26,2025-09-19,2026-01-11
AST-00231,ODP,SEM-ODP-232,SITE-0016,Semarang,Huawei,HUA-ODP-6049,Active,NusaTel Owned,1 Gbps,2024-02-21,2028-02-20,2025-10-08,2026-06-29
AST-00232,Router,SEM-Router-233,SITE-0016,Semarang,Cisco,CIS-Router-7114,Active,NusaTel Owned,40 Gbps,2022-03-18,2029-03-16,2025-07-26,2026-10-11
AST-00233,Router,SEM-Router-234,SITE-0016,Semarang,Cisco,CIS-Router-1443,Active,Partner,40 Gbps,2025-02-05,2027-02-05,2025-08-30,2026-06-18
AST-00234,Router,SEM-Router-235,SITE-0016,Semarang,Juniper,JUN-Router-8777,Active,NusaTel Owned,40 Gbps,2021-07-21,2023-07-21,2025-08-15,2026-06-22
AST-00235,Switch,SEM-Switch-236,SITE-0016,Semarang,Juniper,JUN-Switch-3000,Maintenance,Leased,10 Gbps,2019-03-29,2023-03-28,2025-08-27,2026-06-05
AST-00236,Switch,SEM-Switch-237,SITE-0016,Semarang,Huawei,HUA-Switch-4594,Maintenance,Leased,10 Gbps,2023-05-08,2026-05-07,2025-08-15,2026-12-11
AST-00237,Switch,SEM-Switch-238,SITE-0016,Semarang,ZTE,ZTE-Switch-3136,Active,Leased,10 Gbps,2021-02-18,2027-02-17,2025-09-24,2026-06-22
AST-00238,Switch,SEM-Switch-239,SITE-0016,Semarang,Nokia,NOK-Switch-2981,Active,NusaTel Owned,10 Gbps,2020-03-07,2024-03-06,2025-10-19,2026-08-07
AST-00239,Transmission,SEM-Transmission-240,SITE-0016,Semarang,Cisco,CIS-Transmission-6074,Active,Leased,100 Gbps,2025-10-31,2030-10-30,2025-11-15,2026-01-15
AST-00240,Transmission,SEM-Transmission-241,SITE-0016,Semarang,Juniper,JUN-Transmission-2030,Active,NusaTel Owned,100 Gbps,2018-09-05,2020-09-04,2025-07-20,2026-03-28
AST-00241,BTS,YOG-BTS-242,SITE-0017,Yogyakarta,Huawei,HUA-BTS-2020,Active,NusaTel Owned,100 MHz,2019-12-11,2023-12-10,2025-10-31,2026-11-05
AST-00242,BTS,YOG-BTS-243,SITE-0017,Yogyakarta,Nokia,NOK-BTS-8089,Active,NusaTel Owned,100 MHz,2020-12-10,2027-12-09,2025-09-28,2026-01-30
AST-00243,BTS,YOG-BTS-244,SITE-0017,Yogyakarta,Juniper,JUN-BTS-6916,Active,Customer Premises,100 MHz,2021-10-11,2027-10-10,2025-08-15,2026-02-04
AST-00244,OLT,YOG-OLT-245,SITE-0017,Yogyakarta,Juniper,JUN-OLT-6038,Active,Leased,10 Gbps,2019-06-16,2023-06-15,2025-12-21,2026-12-21
AST-00245,ODP,YOG-ODP-246,SITE-0017,Yogyakarta,Cisco,CIS-ODP-9021,Active,NusaTel Owned,1 Gbps,2021-12-08,2025-12-07,2025-07-07,2026-01-04
AST-00246,ODP,YOG-ODP-247,SITE-0017,Yogyakarta,Juniper,JUN-ODP-7464,Active,NusaTel Owned,1 Gbps,2022-09-10,2027-09-09,2025-07-12,2026-10-17
AST-00247,ODP,YOG-ODP-248,SITE-0017,Yogyakarta,Nokia,NOK-ODP-9114,Active,NusaTel Owned,1 Gbps,2023-12-08,2027-12-07,2025-10-05,2026-03-01
AST-00248,Router,YOG-Router-249,SITE-0017,Yogyakarta,Ericsson,ERI-Router-3619,Active,Partner,40 Gbps,2022-05-01,2027-04-30,2025-08-28,2026-11-06
AST-00249,Switch,YOG-Switch-250,SITE-0017,Yogyakarta,Huawei,HUA-Switch-9842,Decommissioned,Customer Premises,10 Gbps,2021-08-16,2028-08-14,2025-10-19,2026-03-28
AST-00250,Transmission,YOG-Transmission-251,SITE-0017,Yogyakarta,ZTE,ZTE-Transmission-1025,Active,Leased,100 Gbps,2018-11-15,2025-11-13,2025-12-08,2026-04-17
AST-00251,Transmission,YOG-Transmission-252,SITE-0017,Yogyakarta,Huawei,HUA-Transmission-6168,Active,NusaTel Owned,100 Gbps,2019-12-26,2026-12-24,2025-12-23,2026-10-19
AST-00252,BTS,DEN-BTS-253,SITE-0018,Denpasar,Juniper,JUN-BTS-9501,Active,NusaTel Owned,100 MHz,2022-09-23,2029-09-21,2025-10-19,2026-05-20
AST-00253,BTS,DEN-BTS-254,SITE-0018,Denpasar,Huawei,HUA-BTS-1645,Active,Partner,100 MHz,2018-08-29,2025-08-27,2025-11-24,2026-11-21
AST-00254,BTS,DEN-BTS-255,SITE-0018,Denpasar,ZTE,ZTE-BTS-3300,Faulty,NusaTel Owned,100 MHz,2019-12-10,2022-12-09,2025-12-31,2026-09-18
AST-00255,OLT,DEN-OLT-256,SITE-0018,Denpasar,ZTE,ZTE-OLT-7179,Active,NusaTel Owned,10 Gbps,2021-02-08,2024-02-08,2025-07-07,2026-07-03
AST-00256,OLT,DEN-OLT-257,SITE-0018,Denpasar,Juniper,JUN-OLT-6144,Active,NusaTel Owned,10 Gbps,2019-05-14,2022-05-13,2025-08-03,2026-08-12
AST-00257,ODP,DEN-ODP-258,SITE-0018,Denpasar,Juniper,JUN-ODP-1355,Active,NusaTel Owned,1 Gbps,2020-10-12,2026-10-11,2025-12-17,2026-11-07
AST-00258,ODP,DEN-ODP-259,SITE-0018,Denpasar,Ericsson,ERI-ODP-4106,Active,Customer Premises,1 Gbps,2023-07-18,2028-07-16,2025-07-06,2026-10-07
AST-00259,Router,DEN-Router-260,SITE-0018,Denpasar,Juniper,JUN-Router-3328,Active,NusaTel Owned,40 Gbps,2023-05-19,2027-05-18,2025-09-10,2026-04-18
AST-00260,Router,DEN-Router-261,SITE-0018,Denpasar,Cisco,CIS-Router-9420,Active,NusaTel Owned,40 Gbps,2022-12-27,2029-12-25,2025-09-26,2026-08-29
AST-00261,Router,DEN-Router-262,SITE-0018,Denpasar,Nokia,NOK-Router-7720,Active,NusaTel Owned,40 Gbps,2021-07-22,2023-07-22,2025-08-03,2026-04-24
AST-00262,Router,DEN-Router-263,SITE-0018,Denpasar,Cisco,CIS-Router-5818,Active,NusaTel Owned,40 Gbps,2019-12-06,2022-12-05,2025-12-20,2026-10-23
AST-00263,Switch,DEN-Switch-264,SITE-0018,Denpasar,ZTE,ZTE-Switch-7325,Active,Customer Premises,10 Gbps,2025-06-27,2031-06-26,2025-07-20,2026-12-09
AST-00264,Switch,DEN-Switch-265,SITE-0018,Denpasar,Nokia,NOK-Switch-2262,Active,NusaTel Owned,10 Gbps,2020-05-29,2025-05-28,2025-12-30,2026-04-05
AST-00265,Switch,DEN-Switch-266,SITE-0018,Denpasar,Huawei,HUA-Switch-5428,Maintenance,NusaTel Owned,10 Gbps,2018-08-09,2023-08-08,2025-12-06,2026-10-21
AST-00266,Transmission,DEN-Transmission-267,SITE-0018,Denpasar,Cisco,CIS-Transmission-5529,Active,Leased,100 Gbps,2022-06-03,2027-06-02,2025-09-28,2026-11-14
AST-00267,Transmission,DEN-Transmission-268,SITE-0018,Denpasar,Juniper,JUN-Transmission-6768,Active,NusaTel Owned,100 Gbps,2025-10-02,2030-10-01,2025-10-26,2026-08-27
AST-00268,Transmission,DEN-Transmission-269,SITE-0018,Denpasar,Ericsson,ERI-Transmission-6943,Maintenance,Partner,100 Gbps,2021-03-28,2028-03-26,2025-10-23,2026-02-16
AST-00269,Transmission,DEN-Transmission-270,SITE-0018,Denpasar,Ericsson,ERI-Transmission-7120,Maintenance,Customer Premises,100 Gbps,2017-11-23,2023-11-22,2025-08-23,2026-04-29
AST-00270,BTS,PAL-BTS-271,SITE-0019,Palembang,Ericsson,ERI-BTS-4288,Active,NusaTel Owned,100 MHz,2019-04-07,2025-04-05,2025-09-27,2026-07-07
AST-00271,OLT,PAL-OLT-272,SITE-0019,Palembang,Ericsson,ERI-OLT-1481,Active,Leased,10 Gbps,2020-11-17,2023-11-17,2025-08-26,2026-11-21
AST-00272,ODP,PAL-ODP-273,SITE-0019,Palembang,ZTE,ZTE-ODP-9079,Active,Leased,1 Gbps,2018-02-04,2021-02-03,2025-12-27,2026-04-09
AST-00273,ODP,PAL-ODP-274,SITE-0019,Palembang,Cisco,CIS-ODP-3661,Active,NusaTel Owned,1 Gbps,2019-07-06,2021-07-05,2025-12-11,2026-10-04
AST-00274,ODP,PAL-ODP-275,SITE-0019,Palembang,ZTE,ZTE-ODP-9787,Active,NusaTel Owned,1 Gbps,2022-04-18,2025-04-17,2025-07-07,2026-04-08
AST-00275,ODP,PAL-ODP-276,SITE-0019,Palembang,Cisco,CIS-ODP-1109,Active,NusaTel Owned,1 Gbps,2021-05-02,2027-05-01,2025-12-31,2026-06-27
AST-00276,Router,PAL-Router-277,SITE-0019,Palembang,Nokia,NOK-Router-7941,Maintenance,NusaTel Owned,40 Gbps,2020-06-10,2027-06-09,2025-12-26,2026-01-07
AST-00277,Router,PAL-Router-278,SITE-0019,Palembang,Juniper,JUN-Router-2451,Active,NusaTel Owned,40 Gbps,2021-04-25,2023-04-25,2025-10-02,2026-06-06
AST-00278,Router,PAL-Router-279,SITE-0019,Palembang,ZTE,ZTE-Router-2330,Active,NusaTel Owned,40 Gbps,2024-02-18,2029-02-16,2025-09-01,2026-03-04
AST-00279,Switch,PAL-Switch-280,SITE-0019,Palembang,Nokia,NOK-Switch-6775,Active,NusaTel Owned,10 Gbps,2020-09-29,2023-09-29,2025-08-12,2026-11-18
AST-00280,Transmission,PAL-Transmission-281,SITE-0019,Palembang,Cisco,CIS-Transmission-3076,Active,NusaTel Owned,100 Gbps,2024-08-29,2026-08-29,2025-08-14,2026-01-23
AST-00281,Transmission,PAL-Transmission-282,SITE-0019,Palembang,Nokia,NOK-Transmission-6210,Active,NusaTel Owned,100 Gbps,2022-11-01,2025-10-31,2025-10-24,2026-01-03
AST-00282,BTS,BAL-BTS-283,SITE-0020,Balikpapan,Juniper,JUN-BTS-1567,Active,NusaTel Owned,100 MHz,2018-01-30,2020-01-30,2025-10-25,2026-09-15
AST-00283,BTS,BAL-BTS-284,SITE-0020,Balikpapan,Nokia,NOK-BTS-6642,Active,NusaTel Owned,100 MHz,2025-11-13,2031-11-12,2025-10-14,2026-10-07
AST-00284,BTS,BAL-BTS-285,SITE-0020,Balikpapan,Juniper,JUN-BTS-2234,Active,NusaTel Owned,100 MHz,2021-02-17,2028-02-16,2025-08-16,2026-10-16
AST-00285,BTS,BAL-BTS-286,SITE-0020,Balikpapan,Nokia,NOK-BTS-3713,Active,Partner,100 MHz,2019-04-17,2026-04-15,2025-09-08,2026-03-28
AST-00286,OLT,BAL-OLT-287,SITE-0020,Balikpapan,Huawei,HUA-OLT-5819,Maintenance,NusaTel Owned,10 Gbps,2019-05-21,2021-05-20,2025-07-09,2026-07-22
AST-00287,OLT,BAL-OLT-288,SITE-0020,Balikpapan,Ericsson,ERI-OLT-7146,Active,Partner,10 Gbps,2025-12-02,2031-12-01,2025-11-28,2026-07-21
AST-00288,ODP,BAL-ODP-289,SITE-0020,Balikpapan,Cisco,CIS-ODP-2870,Active,NusaTel Owned,1 Gbps,2025-10-21,2028-10-20,2025-10-04,2026-05-09
AST-00289,ODP,BAL-ODP-290,SITE-0020,Balikpapan,Nokia,NOK-ODP-1336,Active,NusaTel Owned,1 Gbps,2023-12-17,2028-12-15,2025-10-31,2026-05-16
AST-00290,ODP,BAL-ODP-291,SITE-0020,Balikpapan,Juniper,JUN-ODP-7975,Active,NusaTel Owned,1 Gbps,2019-02-13,2026-02-11,2025-10-20,2026-11-08
AST-00291,Router,BAL-Router-292,SITE-0020,Balikpapan,ZTE,ZTE-Router-3378,Active,Customer Premises,40 Gbps,2022-01-17,2025-01-16,2025-08-13,2026-12-12
AST-00292,Router,BAL-Router-293,SITE-0020,Balikpapan,Nokia,NOK-Router-8281,Active,NusaTel Owned,40 Gbps,2021-07-24,2023-07-24,2025-07-24,2026-01-21
AST-00293,Router,BAL-Router-294,SITE-0020,Balikpapan,ZTE,ZTE-Router-9106,Active,Leased,40 Gbps,2024-09-04,2028-09-03,2025-12-30,2026-04-22
AST-00294,Switch,BAL-Switch-295,SITE-0020,Balikpapan,Huawei,HUA-Switch-9390,Active,NusaTel Owned,10 Gbps,2022-04-05,2024-04-04,2025-12-31,2026-01-05
AST-00295,Transmission,BAL-Transmission-296,SITE-0020,Balikpapan,Juniper,JUN-Transmission-3592,Active,NusaTel Owned,100 Gbps,2021-11-01,2023-11-01,2025-07-25,2027-01-01
AST-00296,Transmission,BAL-Transmission-297,SITE-0020,Balikpapan,Cisco,CIS-Transmission-8738,Active,NusaTel Owned,100 Gbps,2019-01-12,2022-01-11,2025-09-19,2026-09-21
AST-00297,Transmission,BAL-Transmission-298,SITE-0020,Balikpapan,Juniper,JUN-Transmission-6292,Active,NusaTel Owned,100 Gbps,2019-01-07,2025-01-05,2025-10-14,2026-05-21
AST-00298,BTS,JAK-BTS-299,SITE-0021,Jakarta,Nokia,NOK-BTS-2186,Active,NusaTel Owned,100 MHz,2019-09-25,2021-09-24,2025-08-15,2026-07-22
AST-00299,BTS,JAK-BTS-300,SITE-0021,Jakarta,ZTE,ZTE-BTS-3938,Active,NusaTel Owned,100 MHz,2018-06-26,2025-06-24,2025-09-27,2026-08-30
AST-00300,OLT,JAK-OLT-301,SITE-0021,Jakarta,Juniper,JUN-OLT-4000,Decommissioned,NusaTel Owned,10 Gbps,2019-12-10,2023-12-09,2025-09-27,2026-07-20
AST-00301,OLT,JAK-OLT-302,SITE-0021,Jakarta,ZTE,ZTE-OLT-2180,Active,Leased,10 Gbps,2018-07-06,2024-07-04,2025-12-01,2026-05-25
AST-00302,OLT,JAK-OLT-303,SITE-0021,Jakarta,Cisco,CIS-OLT-3442,Active,NusaTel Owned,10 Gbps,2024-11-30,2028-11-29,2025-12-19,2026-01-30
AST-00303,ODP,JAK-ODP-304,SITE-0021,Jakarta,Cisco,CIS-ODP-6824,Active,NusaTel Owned,1 Gbps,2022-10-24,2029-10-22,2025-12-31,2026-04-23
AST-00304,ODP,JAK-ODP-305,SITE-0021,Jakarta,Ericsson,ERI-ODP-9301,Active,Leased,1 Gbps,2023-01-11,2027-01-10,2025-09-06,2026-02-16
AST-00305,ODP,JAK-ODP-306,SITE-0021,Jakarta,Ericsson,ERI-ODP-5623,Active,NusaTel Owned,1 Gbps,2021-05-24,2023-05-24,2025-11-27,2026-03-15
AST-00306,ODP,JAK-ODP-307,SITE-0021,Jakarta,Nokia,NOK-ODP-5903,Maintenance,Leased,1 Gbps,2024-07-26,2027-07-26,2025-09-07,2026-03-09
AST-00307,Router,JAK-Router-308,SITE-0021,Jakarta,Cisco,CIS-Router-1739,Faulty,Leased,40 Gbps,2022-03-20,2028-03-18,2025-11-12,2026-07-09
AST-00308,Switch,JAK-Switch-309,SITE-0021,Jakarta,Huawei,HUA-Switch-7355,Active,NusaTel Owned,10 Gbps,2019-09-29,2023-09-28,2025-09-06,2026-01-09
AST-00309,Switch,JAK-Switch-310,SITE-0021,Jakarta,Juniper,JUN-Switch-3961,Active,NusaTel Owned,10 Gbps,2024-11-15,2031-11-14,2025-12-04,2026-10-15
AST-00310,Switch,JAK-Switch-311,SITE-0021,Jakarta,Cisco,CIS-Switch-6111,Faulty,NusaTel Owned,10 Gbps,2018-05-25,2022-05-24,2025-12-09,2026-10-20
AST-00311,Switch,JAK-Switch-312,SITE-0021,Jakarta,ZTE,ZTE-Switch-9348,Active,NusaTel Owned,10 Gbps,2023-03-14,2025-03-13,2025-09-08,2026-07-11
AST-00312,Transmission,JAK-Transmission-313,SITE-0021,Jakarta,ZTE,ZTE-Transmission-1793,Active,Leased,100 Gbps,2020-10-06,2022-10-06,2025-07-11,2026-05-24
AST-00313,Transmission,JAK-Transmission-314,SITE-0021,Jakarta,Nokia,NOK-Transmission-4270,Active,NusaTel Owned,100 Gbps,2018-11-03,2020-11-02,2025-12-15,2026-06-24
AST-00314,Transmission,JAK-Transmission-315,SITE-0021,Jakarta,Cisco,CIS-Transmission-3713,Active,Customer Premises,100 Gbps,2025-08-12,2029-08-11,2025-08-11,2026-01-21
AST-00315,BTS,BAN-BTS-316,SITE-0022,Bandung,Huawei,HUA-BTS-7533,Active,Customer Premises,100 MHz,2020-01-11,2024-01-10,2025-12-07,2026-09-21
AST-00316,OLT,BAN-OLT-317,SITE-0022,Bandung,Huawei,HUA-OLT-2202,Active,Partner,10 Gbps,2024-10-02,2028-10-01,2025-11-24,2026-04-03
AST-00317,OLT,BAN-OLT-318,SITE-0022,Bandung,Juniper,JUN-OLT-1410,Active,NusaTel Owned,10 Gbps,2020-12-10,2023-12-10,2025-10-14,2026-12-05
AST-00318,OLT,BAN-OLT-319,SITE-0022,Bandung,Juniper,JUN-OLT-4401,Active,NusaTel Owned,10 Gbps,2022-06-24,2024-06-23,2025-07-09,2026-07-19
AST-00319,ODP,BAN-ODP-320,SITE-0022,Bandung,ZTE,ZTE-ODP-3102,Active,NusaTel Owned,1 Gbps,2025-07-18,2028-07-17,2025-07-21,2026-02-12
AST-00320,ODP,BAN-ODP-321,SITE-0022,Bandung,Nokia,NOK-ODP-5302,Active,NusaTel Owned,1 Gbps,2025-05-13,2027-05-13,2025-09-01,2026-04-03
AST-00321,ODP,BAN-ODP-322,SITE-0022,Bandung,Nokia,NOK-ODP-5915,Maintenance,Customer Premises,1 Gbps,2024-06-28,2026-06-28,2025-12-11,2026-10-25
AST-00322,Router,BAN-Router-323,SITE-0022,Bandung,Nokia,NOK-Router-1918,Active,NusaTel Owned,40 Gbps,2021-09-08,2026-09-07,2025-07-13,2026-12-21
AST-00323,Router,BAN-Router-324,SITE-0022,Bandung,ZTE,ZTE-Router-9925,Active,Leased,40 Gbps,2025-02-07,2027-02-07,2025-10-03,2026-11-11
AST-00324,Router,BAN-Router-325,SITE-0022,Bandung,Cisco,CIS-Router-4339,Active,NusaTel Owned,40 Gbps,2020-06-03,2026-06-02,2025-10-12,2026-10-15
AST-00325,Switch,BAN-Switch-326,SITE-0022,Bandung,Cisco,CIS-Switch-4496,Active,NusaTel Owned,10 Gbps,2024-08-20,2028-08-19,2025-08-26,2026-11-19
AST-00326,Switch,BAN-Switch-327,SITE-0022,Bandung,Huawei,HUA-Switch-6564,Active,NusaTel Owned,10 Gbps,2023-06-25,2027-06-24,2025-10-21,2026-07-20
AST-00327,Switch,BAN-Switch-328,SITE-0022,Bandung,Nokia,NOK-Switch-7367,Active,NusaTel Owned,10 Gbps,2023-06-03,2029-06-01,2025-12-25,2026-01-29
AST-00328,Switch,BAN-Switch-329,SITE-0022,Bandung,Huawei,HUA-Switch-9839,Active,NusaTel Owned,10 Gbps,2018-05-30,2022-05-29,2025-08-20,2026-02-24
AST-00329,Transmission,BAN-Transmission-330,SITE-0022,Bandung,Juniper,JUN-Transmission-8321,Active,NusaTel Owned,100 Gbps,2024-01-10,2027-01-09,2025-11-18,2026-10-31
AST-00330,Transmission,BAN-Transmission-331,SITE-0022,Bandung,Cisco,CIS-Transmission-8315,Active,NusaTel Owned,100 Gbps,2021-08-12,2024-08-11,2025-11-12,2026-09-02
AST-00331,Transmission,BAN-Transmission-332,SITE-0022,Bandung,Huawei,HUA-Transmission-8816,Active,NusaTel Owned,100 Gbps,2023-06-18,2029-06-16,2025-07-19,2026-01-02
AST-00332,BTS,SUR-BTS-333,SITE-0023,Surabaya,Ericsson,ERI-BTS-3806,Active,NusaTel Owned,100 MHz,2018-06-16,2020-06-15,2025-08-21,2026-09-17
AST-00333,BTS,SUR-BTS-334,SITE-0023,Surabaya,Nokia,NOK-BTS-3250,Active,NusaTel Owned,100 MHz,2021-12-03,2028-12-01,2025-08-29,2026-02-05
AST-00334,BTS,SUR-BTS-335,SITE-0023,Surabaya,Ericsson,ERI-BTS-4934,Active,NusaTel Owned,100 MHz,2024-03-03,2027-03-03,2025-07-26,2026-06-13
AST-00335,BTS,SUR-BTS-336,SITE-0023,Surabaya,Cisco,CIS-BTS-8459,Active,Partner,100 MHz,2022-09-30,2029-09-28,2025-07-25,2026-06-09
AST-00336,OLT,SUR-OLT-337,SITE-0023,Surabaya,Cisco,CIS-OLT-1968,Active,NusaTel Owned,10 Gbps,2024-08-14,2030-08-13,2025-10-27,2026-05-28
AST-00337,OLT,SUR-OLT-338,SITE-0023,Surabaya,Ericsson,ERI-OLT-7202,Active,Leased,10 Gbps,2024-04-24,2029-04-23,2025-11-18,2026-05-13
AST-00338,ODP,SUR-ODP-339,SITE-0023,Surabaya,Ericsson,ERI-ODP-1303,Maintenance,NusaTel Owned,1 Gbps,2018-02-19,2023-02-18,2025-11-10,2026-08-31
AST-00339,ODP,SUR-ODP-340,SITE-0023,Surabaya,Nokia,NOK-ODP-2750,Active,NusaTel Owned,1 Gbps,2022-11-02,2024-11-01,2025-11-11,2026-09-03
AST-00340,ODP,SUR-ODP-341,SITE-0023,Surabaya,ZTE,ZTE-ODP-7938,Faulty,NusaTel Owned,1 Gbps,2017-11-01,2020-10-31,2025-10-10,2026-04-01
AST-00341,ODP,SUR-ODP-342,SITE-0023,Surabaya,Juniper,JUN-ODP-1381,Active,NusaTel Owned,1 Gbps,2021-07-25,2026-07-24,2025-09-05,2026-10-24
AST-00342,Router,SUR-Router-343,SITE-0023,Surabaya,Ericsson,ERI-Router-7372,Active,NusaTel Owned,40 Gbps,2023-11-01,2025-10-31,2025-11-14,2026-07-30
AST-00343,Router,SUR-Router-344,SITE-0023,Surabaya,Ericsson,ERI-Router-6502,Active,NusaTel Owned,40 Gbps,2020-12-12,2024-12-11,2025-09-10,2026-05-09
AST-00344,Router,SUR-Router-345,SITE-0023,Surabaya,Cisco,CIS-Router-2839,Active,NusaTel Owned,40 Gbps,2019-05-11,2022-05-10,2025-12-15,2026-03-26
AST-00345,Switch,SUR-Switch-346,SITE-0023,Surabaya,Huawei,HUA-Switch-5155,Maintenance,NusaTel Owned,10 Gbps,2023-05-12,2026-05-11,2025-08-25,2026-02-19
AST-00346,Transmission,SUR-Transmission-347,SITE-0023,Surabaya,Nokia,NOK-Transmission-2606,Active,NusaTel Owned,100 Gbps,2018-03-04,2023-03-03,2025-11-30,2026-07-08
AST-00347,Transmission,SUR-Transmission-348,SITE-0023,Surabaya,ZTE,ZTE-Transmission-2998,Maintenance,Leased,100 Gbps,2019-03-06,2024-03-04,2025-08-24,2026-04-28
AST-00348,Transmission,SUR-Transmission-349,SITE-0023,Surabaya,Huawei,HUA-Transmission-5495,Active,Leased,100 Gbps,2020-12-31,2026-12-30,2025-12-27,2026-08-30
AST-00349,Transmission,SUR-Transmission-350,SITE-0023,Surabaya,Ericsson,ERI-Transmission-6693,Active,NusaTel Owned,100 Gbps,2017-11-24,2024-11-22,2025-11-06,2026-05-02
AST-00350,BTS,MED-BTS-351,SITE-0024,Medan,Huawei,HUA-BTS-4273,Active,NusaTel Owned,100 MHz,2019-06-06,2025-06-04,2025-11-28,2026-06-30
AST-00351,BTS,MED-BTS-352,SITE-0024,Medan,Nokia,NOK-BTS-3494,Active,Leased,100 MHz,2023-11-01,2029-10-30,2025-09-05,2026-03-21
AST-00352,BTS,MED-BTS-353,SITE-0024,Medan,Cisco,CIS-BTS-2453,Active,NusaTel Owned,100 MHz,2022-12-04,2027-12-03,2025-08-02,2026-06-13
AST-00353,BTS,MED-BTS-354,SITE-0024,Medan,Huawei,HUA-BTS-3961,Active,NusaTel Owned,100 MHz,2024-10-29,2031-10-28,2025-08-03,2026-09-10
AST-00354,OLT,MED-OLT-355,SITE-0024,Medan,Cisco,CIS-OLT-9078,Faulty,NusaTel Owned,10 Gbps,2020-02-18,2023-02-17,2025-08-25,2026-07-08
AST-00355,OLT,MED-OLT-356,SITE-0024,Medan,Ericsson,ERI-OLT-8555,Faulty,Customer Premises,10 Gbps,2019-08-08,2024-08-06,2025-07-21,2026-06-16
AST-00356,OLT,MED-OLT-357,SITE-0024,Medan,Huawei,HUA-OLT-6979,Active,NusaTel Owned,10 Gbps,2019-12-10,2026-12-08,2025-10-17,2026-06-14
AST-00357,ODP,MED-ODP-358,SITE-0024,Medan,Huawei,HUA-ODP-2014,Active,NusaTel Owned,1 Gbps,2023-05-04,2029-05-02,2025-09-21,2026-12-08
AST-00358,ODP,MED-ODP-359,SITE-0024,Medan,Nokia,NOK-ODP-6426,Active,Leased,1 Gbps,2018-12-11,2022-12-10,2025-07-07,2026-05-04
AST-00359,Router,MED-Router-360,SITE-0024,Medan,Nokia,NOK-Router-9704,Active,Leased,40 Gbps,2023-06-20,2025-06-19,2025-11-08,2026-08-02
AST-00360,Router,MED-Router-361,SITE-0024,Medan,Nokia,NOK-Router-6326,Active,NusaTel Owned,40 Gbps,2021-08-20,2024-08-19,2025-11-27,2026-04-24
AST-00361,Router,MED-Router-362,SITE-0024,Medan,Nokia,NOK-Router-8036,Active,NusaTel Owned,40 Gbps,2022-06-13,2024-06-12,2025-12-09,2026-08-14
AST-00362,Switch,MED-Switch-363,SITE-0024,Medan,Juniper,JUN-Switch-3661,Maintenance,Leased,10 Gbps,2017-11-16,2020-11-15,2025-07-29,2026-12-03
AST-00363,Switch,MED-Switch-364,SITE-0024,Medan,Huawei,HUA-Switch-9078,Maintenance,NusaTel Owned,10 Gbps,2021-03-18,2028-03-16,2025-09-08,2026-10-24
AST-00364,Switch,MED-Switch-365,SITE-0024,Medan,Nokia,NOK-Switch-6950,Active,NusaTel Owned,10 Gbps,2025-04-09,2029-04-08,2025-12-20,2026-03-28
AST-00365,Switch,MED-Switch-366,SITE-0024,Medan,Cisco,CIS-Switch-9272,Active,NusaTel Owned,10 Gbps,2023-04-29,2028-04-27,2025-08-26,2026-07-14
AST-00366,Transmission,MED-Transmission-367,SITE-0024,Medan,ZTE,ZTE-Transmission-6897,Active,NusaTel Owned,100 Gbps,2019-07-28,2026-07-26,2025-11-16,2026-10-09
AST-00367,Transmission,MED-Transmission-368,SITE-0024,Medan,Huawei,HUA-Transmission-4460,Active,NusaTel Owned,100 Gbps,2019-08-14,2023-08-13,2025-09-30,2026-06-04
AST-00368,Transmission,MED-Transmission-369,SITE-0024,Medan,Ericsson,ERI-Transmission-5044,Active,Partner,100 Gbps,2018-09-20,2022-09-19,2025-12-09,2026-07-04
AST-00369,Transmission,MED-Transmission-370,SITE-0024,Medan,Nokia,NOK-Transmission-5309,Active,NusaTel Owned,100 Gbps,2019-09-13,2021-09-12,2025-11-26,2026-04-13
AST-00370,BTS,MAK-BTS-371,SITE-0025,Makassar,ZTE,ZTE-BTS-7557,Active,NusaTel Owned,100 MHz,2023-08-16,2025-08-15,2025-09-14,2026-07-01
AST-00371,OLT,MAK-OLT-372,SITE-0025,Makassar,Nokia,NOK-OLT-6625,Active,Partner,10 Gbps,2017-11-22,2019-11-22,2025-08-18,2026-02-20
AST-00372,ODP,MAK-ODP-373,SITE-0025,Makassar,Juniper,JUN-ODP-6353,Active,NusaTel Owned,1 Gbps,2017-12-30,2020-12-29,2025-11-05,2026-09-04
AST-00373,ODP,MAK-ODP-374,SITE-0025,Makassar,ZTE,ZTE-ODP-6724,Active,NusaTel Owned,1 Gbps,2023-10-10,2029-10-08,2025-11-02,2026-12-22
AST-00374,Router,MAK-Router-375,SITE-0025,Makassar,Ericsson,ERI-Router-7066,Decommissioned,NusaTel Owned,40 Gbps,2021-06-15,2023-06-15,2025-08-14,2026-02-01
AST-00375,Switch,MAK-Switch-376,SITE-0025,Makassar,Nokia,NOK-Switch-2774,Maintenance,NusaTel Owned,10 Gbps,2019-08-18,2022-08-17,2025-10-26,2026-05-29
AST-00376,Switch,MAK-Switch-377,SITE-0025,Makassar,ZTE,ZTE-Switch-6372,Active,NusaTel Owned,10 Gbps,2020-10-14,2025-10-13,2025-10-13,2026-08-28
AST-00377,Switch,MAK-Switch-378,SITE-0025,Makassar,ZTE,ZTE-Switch-5159,Active,NusaTel Owned,10 Gbps,2023-02-17,2029-02-15,2025-11-12,2026-03-21
AST-00378,Transmission,MAK-Transmission-379,SITE-0025,Makassar,Ericsson,ERI-Transmission-8482,Active,Leased,100 Gbps,2022-08-31,2024-08-30,2025-09-05,2026-12-15
AST-00379,Transmission,MAK-Transmission-380,SITE-0025,Makassar,Cisco,CIS-Transmission-6680,Active,NusaTel Owned,100 Gbps,2024-05-14,2031-05-13,2025-07-24,2026-03-30
AST-00380,BTS,SEM-BTS-381,SITE-0026,Semarang,ZTE,ZTE-BTS-4747,Active,NusaTel Owned,100 MHz,2023-01-28,2026-01-27,2025-10-10,2026-01-22
AST-00381,BTS,SEM-BTS-382,SITE-0026,Semarang,ZTE,ZTE-BTS-7875,Active,NusaTel Owned,100 MHz,2021-02-20,2028-02-19,2025-12-06,2026-11-03
AST-00382,OLT,SEM-OLT-383,SITE-0026,Semarang,Nokia,NOK-OLT-6805,Active,NusaTel Owned,10 Gbps,2019-04-13,2024-04-11,2025-10-23,2026-12-07
AST-00383,OLT,SEM-OLT-384,SITE-0026,Semarang,Ericsson,ERI-OLT-1559,Active,NusaTel Owned,10 Gbps,2022-12-10,2025-12-09,2025-09-05,2026-02-28
AST-00384,OLT,SEM-OLT-385,SITE-0026,Semarang,ZTE,ZTE-OLT-6692,Active,Leased,10 Gbps,2023-08-30,2025-08-29,2025-12-10,2026-04-17
AST-00385,OLT,SEM-OLT-386,SITE-0026,Semarang,Huawei,HUA-OLT-2186,Active,Customer Premises,10 Gbps,2021-06-28,2028-06-26,2025-10-30,2026-06-10
AST-00386,ODP,SEM-ODP-387,SITE-0026,Semarang,Nokia,NOK-ODP-8698,Active,Partner,1 Gbps,2019-01-17,2024-01-16,2025-11-25,2026-01-10
AST-00387,Router,SEM-Router-388,SITE-0026,Semarang,ZTE,ZTE-Router-5480,Decommissioned,Customer Premises,40 Gbps,2018-05-01,2020-04-30,2025-07-26,2026-01-23
AST-00388,Router,SEM-Router-389,SITE-0026,Semarang,Cisco,CIS-Router-1871,Active,Customer Premises,40 Gbps,2020-10-08,2022-10-08,2025-12-04,2026-05-10
AST-00389,Router,SEM-Router-390,SITE-0026,Semarang,Juniper,JUN-Router-4281,Active,NusaTel Owned,40 Gbps,2018-12-04,2021-12-03,2025-08-18,2026-08-08
AST-00390,Switch,SEM-Switch-391,SITE-0026,Semarang,Huawei,HUA-Switch-3713,Maintenance,Customer Premises,10 Gbps,2025-06-15,2032-06-13,2025-10-11,2026-01-20
AST-00391,Switch,SEM-Switch-392,SITE-0026,Semarang,Ericsson,ERI-Switch-4967,Active,NusaTel Owned,10 Gbps,2022-04-12,2025-04-11,2025-07-23,2026-10-16
AST-00392,Transmission,SEM-Transmission-393,SITE-0026,Semarang,Huawei,HUA-Transmission-5429,Faulty,NusaTel Owned,100 Gbps,2024-08-11,2027-08-11,2025-12-06,2026-09-07
AST-00393,BTS,YOG-BTS-394,SITE-0027,Yogyakarta,Juniper,JUN-BTS-1273,Active,NusaTel Owned,100 MHz,2018-08-12,2022-08-11,2025-08-06,2026-02-17
AST-00394,BTS,YOG-BTS-395,SITE-0027,Yogyakarta,Cisco,CIS-BTS-6733,Active,NusaTel Owned,100 MHz,2020-05-21,2022-05-21,2025-10-06,2026-07-27
AST-00395,BTS,YOG-BTS-396,SITE-0027,Yogyakarta,ZTE,ZTE-BTS-2050,Decommissioned,NusaTel Owned,100 MHz,2025-05-30,2031-05-29,2025-12-27,2026-02-04
AST-00396,BTS,YOG-BTS-397,SITE-0027,Yogyakarta,Huawei,HUA-BTS-6238,Active,NusaTel Owned,100 MHz,2018-07-11,2020-07-10,2025-09-26,2026-05-22
AST-00397,OLT,YOG-OLT-398,SITE-0027,Yogyakarta,ZTE,ZTE-OLT-5780,Active,NusaTel Owned,10 Gbps,2020-10-08,2025-10-07,2025-08-03,2026-01-04
AST-00398,ODP,YOG-ODP-399,SITE-0027,Yogyakarta,ZTE,ZTE-ODP-9580,Active,NusaTel Owned,1 Gbps,2018-10-19,2024-10-17,2025-11-30,2026-04-30
AST-00399,ODP,YOG-ODP-400,SITE-0027,Yogyakarta,ZTE,ZTE-ODP-7762,Active,NusaTel Owned,1 Gbps,2023-02-11,2028-02-10,2025-10-31,2026-08-27
AST-00400,ODP,YOG-ODP-401,SITE-0027,Yogyakarta,ZTE,ZTE-ODP-1457,Faulty,NusaTel Owned,1 Gbps,2019-01-13,2025-01-11,2025-08-18,2026-12-03
AST-00401,ODP,YOG-ODP-402,SITE-0027,Yogyakarta,Ericsson,ERI-ODP-4037,Maintenance,Leased,1 Gbps,2023-01-05,2030-01-03,2025-12-22,2026-04-03
AST-00402,Router,YOG-Router-403,SITE-0027,Yogyakarta,Nokia,NOK-Router-8646,Active,NusaTel Owned,40 Gbps,2023-10-30,2028-10-28,2025-10-03,2026-06-29
AST-00403,Router,YOG-Router-404,SITE-0027,Yogyakarta,Cisco,CIS-Router-1611,Active,NusaTel Owned,40 Gbps,2021-03-29,2028-03-27,2025-07-08,2026-04-16
AST-00404,Router,YOG-Router-405,SITE-0027,Yogyakarta,Juniper,JUN-Router-8177,Active,Leased,40 Gbps,2021-11-11,2028-11-09,2025-10-27,2026-10-04
AST-00405,Router,YOG-Router-406,SITE-0027,Yogyakarta,Huawei,HUA-Router-5017,Active,NusaTel Owned,40 Gbps,2020-09-16,2022-09-16,2025-09-28,2026-03-27
AST-00406,Switch,YOG-Switch-407,SITE-0027,Yogyakarta,Huawei,HUA-Switch-8941,Active,NusaTel Owned,10 Gbps,2019-04-17,2025-04-15,2025-07-16,2026-01-20
AST-00407,Switch,YOG-Switch-408,SITE-0027,Yogyakarta,Ericsson,ERI-Switch-5311,Active,NusaTel Owned,10 Gbps,2022-05-05,2024-05-04,2025-09-19,2026-07-25
AST-00408,Switch,YOG-Switch-409,SITE-0027,Yogyakarta,Nokia,NOK-Switch-4758,Active,NusaTel Owned,10 Gbps,2019-04-19,2022-04-18,2025-12-07,2026-04-13
AST-00409,Transmission,YOG-Transmission-410,SITE-0027,Yogyakarta,Cisco,CIS-Transmission-2970,Active,NusaTel Owned,100 Gbps,2021-10-02,2027-10-01,2025-08-21,2026-01-03
AST-00410,Transmission,YOG-Transmission-411,SITE-0027,Yogyakarta,Cisco,CIS-Transmission-1475,Maintenance,NusaTel Owned,100 Gbps,2018-02-08,2023-02-07,2025-09-29,2026-09-09
AST-00411,BTS,DEN-BTS-412,SITE-0028,Denpasar,ZTE,ZTE-BTS-6146,Active,NusaTel Owned,100 MHz,2019-02-23,2026-02-21,2025-12-01,2026-01-20
AST-00412,BTS,DEN-BTS-413,SITE-0028,Denpasar,Juniper,JUN-BTS-4210,Maintenance,NusaTel Owned,100 MHz,2025-08-19,2027-08-19,2025-10-12,2026-06-29
AST-00413,BTS,DEN-BTS-414,SITE-0028,Denpasar,Cisco,CIS-BTS-9476,Active,NusaTel Owned,100 MHz,2019-10-01,2021-09-30,2025-08-08,2026-03-16
AST-00414,OLT,DEN-OLT-415,SITE-0028,Denpasar,Ericsson,ERI-OLT-1833,Active,NusaTel Owned,10 Gbps,2020-08-21,2024-08-20,2025-08-26,2026-06-26
AST-00415,OLT,DEN-OLT-416,SITE-0028,Denpasar,Juniper,JUN-OLT-7233,Active,Leased,10 Gbps,2022-02-15,2025-02-14,2025-08-28,2026-09-15
AST-00416,ODP,DEN-ODP-417,SITE-0028,Denpasar,ZTE,ZTE-ODP-7043,Active,Leased,1 Gbps,2021-10-19,2028-10-17,2025-12-15,2026-11-29
AST-00417,ODP,DEN-ODP-418,SITE-0028,Denpasar,Juniper,JUN-ODP-6080,Active,NusaTel Owned,1 Gbps,2020-05-28,2025-05-27,2025-08-21,2026-08-29
AST-00418,ODP,DEN-ODP-419,SITE-0028,Denpasar,ZTE,ZTE-ODP-8040,Active,NusaTel Owned,1 Gbps,2020-08-03,2026-08-02,2025-09-21,2026-09-14
AST-00419,ODP,DEN-ODP-420,SITE-0028,Denpasar,Huawei,HUA-ODP-9227,Active,NusaTel Owned,1 Gbps,2021-09-22,2027-09-21,2025-09-10,2026-03-03
AST-00420,Router,DEN-Router-421,SITE-0028,Denpasar,Juniper,JUN-Router-4619,Active,NusaTel Owned,40 Gbps,2025-05-05,2032-05-03,2025-12-06,2026-07-17
AST-00421,Router,DEN-Router-422,SITE-0028,Denpasar,Ericsson,ERI-Router-3433,Faulty,NusaTel Owned,40 Gbps,2022-01-08,2028-01-07,2025-07-17,2026-06-25
AST-00422,Router,DEN-Router-423,SITE-0028,Denpasar,Nokia,NOK-Router-1819,Maintenance,NusaTel Owned,40 Gbps,2019-08-02,2024-07-31,2025-10-17,2026-09-17
AST-00423,Switch,DEN-Switch-424,SITE-0028,Denpasar,Huawei,HUA-Switch-4099,Active,Customer Premises,10 Gbps,2021-02-11,2027-02-10,2025-12-23,2026-06-06
AST-00424,Transmission,DEN-Transmission-425,SITE-0028,Denpasar,Nokia,NOK-Transmission-5296,Maintenance,NusaTel Owned,100 Gbps,2020-11-20,2027-11-19,2025-08-16,2026-11-06
AST-00425,BTS,PAL-BTS-426,SITE-0029,Palembang,Cisco,CIS-BTS-6049,Active,Leased,100 MHz,2017-11-10,2023-11-09,2025-11-16,2026-01-28
AST-00426,BTS,PAL-BTS-427,SITE-0029,Palembang,Juniper,JUN-BTS-7627,Active,NusaTel Owned,100 MHz,2019-01-20,2025-01-18,2025-10-13,2026-07-09
AST-00427,BTS,PAL-BTS-428,SITE-0029,Palembang,Ericsson,ERI-BTS-3432,Active,Customer Premises,100 MHz,2024-02-23,2027-02-22,2025-12-13,2026-06-06
AST-00428,BTS,PAL-BTS-429,SITE-0029,Palembang,Ericsson,ERI-BTS-7491,Active,Customer Premises,100 MHz,2019-06-28,2025-06-26,2025-08-10,2026-02-26
AST-00429,OLT,PAL-OLT-430,SITE-0029,Palembang,Juniper,JUN-OLT-1828,Decommissioned,NusaTel Owned,10 Gbps,2024-02-27,2030-02-25,2025-09-11,2026-03-19
AST-00430,ODP,PAL-ODP-431,SITE-0029,Palembang,Huawei,HUA-ODP-8682,Active,NusaTel Owned,1 Gbps,2020-01-11,2024-01-10,2025-11-11,2026-04-15
AST-00431,ODP,PAL-ODP-432,SITE-0029,Palembang,Ericsson,ERI-ODP-4566,Active,NusaTel Owned,1 Gbps,2025-05-19,2027-05-19,2025-08-02,2026-08-28
AST-00432,ODP,PAL-ODP-433,SITE-0029,Palembang,Cisco,CIS-ODP-7953,Active,Customer Premises,1 Gbps,2025-07-08,2032-07-06,2025-12-26,2026-04-02
AST-00433,Router,PAL-Router-434,SITE-0029,Palembang,Nokia,NOK-Router-2154,Active,Leased,40 Gbps,2022-08-22,2029-08-20,2025-09-25,2026-02-22
AST-00434,Router,PAL-Router-435,SITE-0029,Palembang,ZTE,ZTE-Router-7032,Active,NusaTel Owned,40 Gbps,2023-04-12,2027-04-11,2025-12-07,2026-04-09
AST-00435,Router,PAL-Router-436,SITE-0029,Palembang,Ericsson,ERI-Router-7293,Active,NusaTel Owned,40 Gbps,2023-09-28,2028-09-26,2025-10-08,2026-06-06
AST-00436,Switch,PAL-Switch-437,SITE-0029,Palembang,Nokia,NOK-Switch-5324,Active,Customer Premises,10 Gbps,2022-07-21,2024-07-20,2025-12-22,2026-01-29
AST-00437,Switch,PAL-Switch-438,SITE-0029,Palembang,Huawei,HUA-Switch-6823,Active,NusaTel Owned,10 Gbps,2024-12-08,2027-12-08,2025-07-27,2026-08-08
AST-00438,Switch,PAL-Switch-439,SITE-0029,Palembang,ZTE,ZTE-Switch-6057,Active,NusaTel Owned,10 Gbps,2018-10-22,2021-10-21,2025-08-17,2026-09-26
AST-00439,Switch,PAL-Switch-440,SITE-0029,Palembang,Nokia,NOK-Switch-5297,Active,NusaTel Owned,10 Gbps,2024-11-23,2028-11-22,2025-09-01,2026-09-30
AST-00440,Transmission,PAL-Transmission-441,SITE-0029,Palembang,ZTE,ZTE-Transmission-8496,Active,NusaTel Owned,100 Gbps,2021-02-21,2027-02-20,2025-07-17,2026-06-09
AST-00441,Transmission,PAL-Transmission-442,SITE-0029,Palembang,ZTE,ZTE-Transmission-1545,Active,Leased,100 Gbps,2018-05-04,2021-05-03,2025-07-06,2026-04-22
AST-00442,BTS,BAL-BTS-443,SITE-0030,Balikpapan,Juniper,JUN-BTS-4645,Active,Partner,100 MHz,2019-11-04,2023-11-03,2025-10-06,2026-01-10
AST-00443,BTS,BAL-BTS-444,SITE-0030,Balikpapan,Nokia,NOK-BTS-6871,Active,NusaTel Owned,100 MHz,2024-03-23,2028-03-22,2025-12-05,2026-10-12
AST-00444,BTS,BAL-BTS-445,SITE-0030,Balikpapan,ZTE,ZTE-BTS-1951,Active,Leased,100 MHz,2024-07-18,2030-07-17,2025-07-11,2026-05-15
AST-00445,BTS,BAL-BTS-446,SITE-0030,Balikpapan,Huawei,HUA-BTS-6461,Maintenance,NusaTel Owned,100 MHz,2024-09-10,2027-09-10,2025-07-17,2026-06-19
AST-00446,OLT,BAL-OLT-447,SITE-0030,Balikpapan,Cisco,CIS-OLT-1557,Active,NusaTel Owned,10 Gbps,2024-05-24,2031-05-23,2025-09-21,2026-12-03
AST-00447,OLT,BAL-OLT-448,SITE-0030,Balikpapan,ZTE,ZTE-OLT-6462,Faulty,NusaTel Owned,10 Gbps,2020-02-07,2027-02-05,2025-11-15,2026-02-05
AST-00448,OLT,BAL-OLT-449,SITE-0030,Balikpapan,Juniper,JUN-OLT-4904,Active,NusaTel Owned,10 Gbps,2022-01-14,2027-01-13,2025-08-21,2026-04-28
AST-00449,ODP,BAL-ODP-450,SITE-0030,Balikpapan,Juniper,JUN-ODP-8100,Maintenance,NusaTel Owned,1 Gbps,2023-03-11,2029-03-09,2025-09-05,2026-03-16
AST-00450,ODP,BAL-ODP-451,SITE-0030,Balikpapan,Huawei,HUA-ODP-2324,Active,NusaTel Owned,1 Gbps,2019-07-27,2022-07-26,2025-10-03,2026-12-17
AST-00451,Router,BAL-Router-452,SITE-0030,Balikpapan,Ericsson,ERI-Router-4460,Faulty,NusaTel Owned,40 Gbps,2024-06-14,2028-06-13,2025-07-15,2026-04-25
AST-00452,Router,BAL-Router-453,SITE-0030,Balikpapan,ZTE,ZTE-Router-6185,Active,NusaTel Owned,40 Gbps,2024-10-29,2030-10-28,2025-12-13,2026-12-29
AST-00453,Switch,BAL-Switch-454,SITE-0030,Balikpapan,Huawei,HUA-Switch-4941,Active,Partner,10 Gbps,2024-09-09,2031-09-08,2025-07-20,2026-06-30
AST-00454,Switch,BAL-Switch-455,SITE-0030,Balikpapan,Huawei,HUA-Switch-4606,Active,NusaTel Owned,10 Gbps,2023-09-06,2028-09-04,2025-10-26,2026-03-08
AST-00455,Switch,BAL-Switch-456,SITE-0030,Balikpapan,ZTE,ZTE-Switch-9385,Active,Customer Premises,10 Gbps,2019-05-28,2024-05-26,2025-12-03,2026-04-09
AST-00456,Transmission,BAL-Transmission-457,SITE-0030,Balikpapan,Cisco,CIS-Transmission-9532,Maintenance,Customer Premises,100 Gbps,2021-01-07,2023-01-07,2025-07-23,2026-04-11
AST-00457,Transmission,BAL-Transmission-458,SITE-0030,Balikpapan,Cisco,CIS-Transmission-8944,Active,NusaTel Owned,100 Gbps,2019-05-29,2025-05-27,2025-12-25,2026-11-04
AST-00458,BTS,JAK-BTS-459,SITE-0031,Jakarta,ZTE,ZTE-BTS-6088,Active,Leased,100 MHz,2018-11-29,2025-11-27,2025-08-27,2026-03-13
AST-00459,OLT,JAK-OLT-460,SITE-0031,Jakarta,Juniper,JUN-OLT-5955,Active,Leased,10 Gbps,2018-04-03,2022-04-02,2025-08-31,2026-03-28
AST-00460,OLT,JAK-OLT-461,SITE-0031,Jakarta,Ericsson,ERI-OLT-4847,Active,NusaTel Owned,10 Gbps,2024-11-22,2026-11-22,2025-09-17,2026-08-02
AST-00461,ODP,JAK-ODP-462,SITE-0031,Jakarta,Nokia,NOK-ODP-2393,Active,Leased,1 Gbps,2021-11-12,2024-11-11,2025-10-01,2026-09-26
AST-00462,ODP,JAK-ODP-463,SITE-0031,Jakarta,Juniper,JUN-ODP-1408,Active,NusaTel Owned,1 Gbps,2022-12-25,2029-12-23,2025-10-08,2026-01-23
AST-00463,ODP,JAK-ODP-464,SITE-0031,Jakarta,Juniper,JUN-ODP-8043,Active,NusaTel Owned,1 Gbps,2019-09-06,2025-09-04,2025-10-16,2026-04-21
AST-00464,Router,JAK-Router-465,SITE-0031,Jakarta,Juniper,JUN-Router-9952,Active,Leased,40 Gbps,2024-06-24,2031-06-23,2025-10-21,2026-08-01
AST-00465,Router,JAK-Router-466,SITE-0031,Jakarta,Juniper,JUN-Router-2244,Decommissioned,NusaTel Owned,40 Gbps,2018-11-15,2022-11-14,2025-12-13,2026-10-13
AST-00466,Router,JAK-Router-467,SITE-0031,Jakarta,Cisco,CIS-Router-9506,Maintenance,NusaTel Owned,40 Gbps,2019-02-10,2023-02-09,2025-08-15,2026-05-27
AST-00467,Switch,JAK-Switch-468,SITE-0031,Jakarta,Nokia,NOK-Switch-3758,Maintenance,NusaTel Owned,10 Gbps,2022-04-19,2024-04-18,2025-09-04,2026-03-06
AST-00468,Switch,JAK-Switch-469,SITE-0031,Jakarta,Juniper,JUN-Switch-9888,Faulty,NusaTel Owned,10 Gbps,2021-05-13,2028-05-11,2025-10-08,2026-11-20
AST-00469,Switch,JAK-Switch-470,SITE-0031,Jakarta,Nokia,NOK-Switch-8117,Active,NusaTel Owned,10 Gbps,2021-06-29,2024-06-28,2025-11-22,2026-09-26
AST-00470,Switch,JAK-Switch-471,SITE-0031,Jakarta,Cisco,CIS-Switch-3588,Active,NusaTel Owned,10 Gbps,2024-09-09,2030-09-08,2025-07-23,2026-05-21
AST-00471,Transmission,JAK-Transmission-472,SITE-0031,Jakarta,Juniper,JUN-Transmission-2541,Decommissioned,Partner,100 Gbps,2023-11-11,2027-11-10,2025-10-27,2026-08-25
AST-00472,Transmission,JAK-Transmission-473,SITE-0031,Jakarta,Huawei,HUA-Transmission-2993,Maintenance,NusaTel Owned,100 Gbps,2024-10-09,2027-10-09,2025-07-13,2026-08-06
AST-00473,Transmission,JAK-Transmission-474,SITE-0031,Jakarta,Cisco,CIS-Transmission-8334,Active,Customer Premises,100 Gbps,2024-08-23,2027-08-23,2025-12-19,2026-04-30
AST-00474,Transmission,JAK-Transmission-475,SITE-0031,Jakarta,ZTE,ZTE-Transmission-1657,Active,NusaTel Owned,100 Gbps,2023-02-19,2027-02-18,2025-12-28,2026-01-07
AST-00475,BTS,BAN-BTS-476,SITE-0032,Bandung,Huawei,HUA-BTS-3600,Active,NusaTel Owned,100 MHz,2023-06-28,2029-06-26,2025-12-21,2026-06-18
AST-00476,BTS,BAN-BTS-477,SITE-0032,Bandung,Nokia,NOK-BTS-3327,Active,NusaTel Owned,100 MHz,2018-04-23,2024-04-21,2025-12-06,2026-10-05
AST-00477,BTS,BAN-BTS-478,SITE-0032,Bandung,Juniper,JUN-BTS-1966,Active,NusaTel Owned,100 MHz,2018-08-21,2024-08-19,2025-12-14,2026-11-18
AST-00478,OLT,BAN-OLT-479,SITE-0032,Bandung,Ericsson,ERI-OLT-4926,Maintenance,NusaTel Owned,10 Gbps,2020-12-31,2022-12-31,2025-09-04,2026-09-27
AST-00479,ODP,BAN-ODP-480,SITE-0032,Bandung,Cisco,CIS-ODP-8959,Active,NusaTel Owned,1 Gbps,2018-03-08,2020-03-07,2025-10-12,2026-09-01
AST-00480,Router,BAN-Router-481,SITE-0032,Bandung,ZTE,ZTE-Router-8086,Active,Customer Premises,40 Gbps,2018-01-18,2021-01-17,2025-12-07,2026-05-01
AST-00481,Router,BAN-Router-482,SITE-0032,Bandung,Huawei,HUA-Router-1636,Active,NusaTel Owned,40 Gbps,2022-09-15,2026-09-14,2025-11-24,2026-06-10
AST-00482,Router,BAN-Router-483,SITE-0032,Bandung,Huawei,HUA-Router-2860,Active,Leased,40 Gbps,2021-11-17,2028-11-15,2025-12-04,2026-01-09
AST-00483,Router,BAN-Router-484,SITE-0032,Bandung,Juniper,JUN-Router-5135,Active,NusaTel Owned,40 Gbps,2019-05-04,2026-05-02,2025-11-23,2026-04-17
AST-00484,Switch,BAN-Switch-485,SITE-0032,Bandung,Juniper,JUN-Switch-6091,Active,NusaTel Owned,10 Gbps,2025-01-19,2030-01-18,2025-08-29,2026-06-19
AST-00485,Transmission,BAN-Transmission-486,SITE-0032,Bandung,Ericsson,ERI-Transmission-9676,Active,Customer Premises,100 Gbps,2023-08-17,2025-08-16,2025-09-09,2026-11-28
AST-00486,BTS,SUR-BTS-487,SITE-0033,Surabaya,Ericsson,ERI-BTS-5971,Active,Partner,100 MHz,2020-10-03,2026-10-02,2025-10-24,2026-03-21
AST-00487,BTS,SUR-BTS-488,SITE-0033,Surabaya,Ericsson,ERI-BTS-7274,Active,NusaTel Owned,100 MHz,2023-10-19,2029-10-17,2025-07-26,2026-03-27
AST-00488,OLT,SUR-OLT-489,SITE-0033,Surabaya,Nokia,NOK-OLT-8462,Active,Leased,10 Gbps,2024-04-26,2027-04-26,2025-08-26,2026-11-27
AST-00489,OLT,SUR-OLT-490,SITE-0033,Surabaya,Nokia,NOK-OLT-6593,Faulty,NusaTel Owned,10 Gbps,2021-06-18,2024-06-17,2025-08-13,2026-09-19
AST-00490,ODP,SUR-ODP-491,SITE-0033,Surabaya,Cisco,CIS-ODP-8191,Active,NusaTel Owned,1 Gbps,2021-03-27,2024-03-26,2025-11-25,2026-12-23
AST-00491,ODP,SUR-ODP-492,SITE-0033,Surabaya,ZTE,ZTE-ODP-8600,Maintenance,NusaTel Owned,1 Gbps,2023-01-27,2025-01-26,2025-08-09,2026-02-10
AST-00492,ODP,SUR-ODP-493,SITE-0033,Surabaya,Juniper,JUN-ODP-4917,Active,Partner,1 Gbps,2017-11-01,2024-10-30,2025-08-23,2026-08-06
AST-00493,Router,SUR-Router-494,SITE-0033,Surabaya,Ericsson,ERI-Router-3856,Active,NusaTel Owned,40 Gbps,2019-02-13,2025-02-11,2025-11-30,2026-09-13
AST-00494,Router,SUR-Router-495,SITE-0033,Surabaya,Ericsson,ERI-Router-8563,Maintenance,NusaTel Owned,40 Gbps,2023-01-03,2028-01-02,2025-10-20,2026-05-17
AST-00495,Router,SUR-Router-496,SITE-0033,Surabaya,Juniper,JUN-Router-9181,Active,NusaTel Owned,40 Gbps,2023-10-26,2028-10-24,2025-11-21,2026-01-09
AST-00496,Switch,SUR-Switch-497,SITE-0033,Surabaya,Juniper,JUN-Switch-3682,Active,Partner,10 Gbps,2020-10-29,2023-10-29,2025-10-30,2026-01-07
AST-00497,Switch,SUR-Switch-498,SITE-0033,Surabaya,Juniper,JUN-Switch-2680,Active,NusaTel Owned,10 Gbps,2023-03-21,2029-03-19,2025-12-12,2026-06-18
AST-00498,Switch,SUR-Switch-499,SITE-0033,Surabaya,ZTE,ZTE-Switch-9080,Active,Leased,10 Gbps,2023-03-05,2026-03-04,2025-09-03,2026-08-11
AST-00499,Transmission,SUR-Transmission-500,SITE-0033,Surabaya,Nokia,NOK-Transmission-1767,Active,NusaTel Owned,100 Gbps,2019-12-22,2023-12-21,2025-07-10,2026-10-29
AST-00500,BTS,MED-BTS-501,SITE-0034,Medan,Huawei,HUA-BTS-2565,Active,Leased,100 MHz,2024-11-20,2030-11-19,2025-11-21,2026-02-17
AST-00501,BTS,MED-BTS-502,SITE-0034,Medan,Nokia,NOK-BTS-1781,Active,NusaTel Owned,100 MHz,2022-07-02,2029-06-30,2025-09-16,2026-11-19
AST-00502,BTS,MED-BTS-503,SITE-0034,Medan,ZTE,ZTE-BTS-6609,Active,Customer Premises,100 MHz,2017-11-29,2020-11-28,2025-11-20,2026-08-21
AST-00503,OLT,MED-OLT-504,SITE-0034,Medan,Ericsson,ERI-OLT-5962,Active,NusaTel Owned,10 Gbps,2019-06-25,2024-06-23,2025-11-27,2026-11-18
AST-00504,ODP,MED-ODP-505,SITE-0034,Medan,Nokia,NOK-ODP-2201,Active,NusaTel Owned,1 Gbps,2017-10-21,2023-10-20,2025-07-05,2026-01-31
AST-00505,ODP,MED-ODP-506,SITE-0034,Medan,Huawei,HUA-ODP-7786,Maintenance,NusaTel Owned,1 Gbps,2020-09-09,2025-09-08,2025-07-22,2026-08-16
AST-00506,ODP,MED-ODP-507,SITE-0034,Medan,Huawei,HUA-ODP-3333,Active,Leased,1 Gbps,2021-06-27,2024-06-26,2025-09-30,2026-02-11
AST-00507,Router,MED-Router-508,SITE-0034,Medan,ZTE,ZTE-Router-1778,Active,NusaTel Owned,40 Gbps,2022-02-28,2029-02-26,2025-10-08,2026-02-15
AST-00508,Router,MED-Router-509,SITE-0034,Medan,Huawei,HUA-Router-5072,Active,NusaTel Owned,40 Gbps,2021-11-12,2023-11-12,2025-11-14,2026-12-10
AST-00509,Router,MED-Router-510,SITE-0034,Medan,ZTE,ZTE-Router-4399,Active,NusaTel Owned,40 Gbps,2022-08-09,2025-08-08,2025-11-06,2026-07-08
AST-00510,Switch,MED-Switch-511,SITE-0034,Medan,Nokia,NOK-Switch-1160,Active,NusaTel Owned,10 Gbps,2022-11-13,2025-11-12,2025-10-03,2026-08-21
AST-00511,Switch,MED-Switch-512,SITE-0034,Medan,Ericsson,ERI-Switch-8325,Active,Leased,10 Gbps,2024-02-17,2027-02-16,2025-09-15,2026-11-12
AST-00512,Switch,MED-Switch-513,SITE-0034,Medan,Ericsson,ERI-Switch-4547,Active,Leased,10 Gbps,2020-07-27,2026-07-26,2025-08-31,2026-04-27
AST-00513,Switch,MED-Switch-514,SITE-0034,Medan,Juniper,JUN-Switch-9693,Maintenance,NusaTel Owned,10 Gbps,2020-09-06,2027-09-05,2025-11-03,2026-12-02
AST-00514,Transmission,MED-Transmission-515,SITE-0034,Medan,Ericsson,ERI-Transmission-9511,Active,NusaTel Owned,100 Gbps,2022-01-29,2024-01-29,2025-07-09,2026-05-31
AST-00515,Transmission,MED-Transmission-516,SITE-0034,Medan,Nokia,NOK-Transmission-3304,Active,NusaTel Owned,100 Gbps,2018-04-08,2022-04-07,2025-11-18,2026-11-21
AST-00516,Transmission,MED-Transmission-517,SITE-0034,Medan,Huawei,HUA-Transmission-5690,Maintenance,NusaTel Owned,100 Gbps,2024-04-04,2030-04-03,2025-07-13,2026-09-07
AST-00517,BTS,MAK-BTS-518,SITE-0035,Makassar,Juniper,JUN-BTS-6990,Active,Customer Premises,100 MHz,2019-12-14,2023-12-13,2025-07-16,2026-10-18
AST-00518,OLT,MAK-OLT-519,SITE-0035,Makassar,Huawei,HUA-OLT-4366,Active,NusaTel Owned,10 Gbps,2021-07-27,2023-07-27,2025-08-26,2026-04-08
AST-00519,ODP,MAK-ODP-520,SITE-0035,Makassar,Nokia,NOK-ODP-6147,Maintenance,Leased,1 Gbps,2024-08-23,2029-08-22,2025-11-02,2026-03-11
AST-00520,ODP,MAK-ODP-521,SITE-0035,Makassar,Ericsson,ERI-ODP-1811,Maintenance,NusaTel Owned,1 Gbps,2024-09-12,2027-09-12,2025-08-23,2026-07-21
AST-00521,ODP,MAK-ODP-522,SITE-0035,Makassar,Cisco,CIS-ODP-6648,Active,Leased,1 Gbps,2019-12-24,2025-12-22,2025-08-20,2026-09-21
AST-00522,ODP,MAK-ODP-523,SITE-0035,Makassar,Ericsson,ERI-ODP-9047,Active,NusaTel Owned,1 Gbps,2017-11-30,2020-11-29,2025-09-20,2026-04-19
AST-00523,Router,MAK-Router-524,SITE-0035,Makassar,Ericsson,ERI-Router-8143,Active,NusaTel Owned,40 Gbps,2021-05-02,2023-05-02,2025-09-30,2026-05-20
AST-00524,Router,MAK-Router-525,SITE-0035,Makassar,Juniper,JUN-Router-2831,Active,Customer Premises,40 Gbps,2018-07-08,2022-07-07,2025-08-30,2026-07-05
AST-00525,Router,MAK-Router-526,SITE-0035,Makassar,Ericsson,ERI-Router-4590,Maintenance,NusaTel Owned,40 Gbps,2020-06-04,2023-06-04,2025-07-17,2026-11-20
AST-00526,Switch,MAK-Switch-527,SITE-0035,Makassar,Huawei,HUA-Switch-9543,Maintenance,NusaTel Owned,10 Gbps,2024-09-01,2029-08-31,2025-09-07,2026-06-24
AST-00527,Switch,MAK-Switch-528,SITE-0035,Makassar,Huawei,HUA-Switch-3931,Active,NusaTel Owned,10 Gbps,2025-02-03,2031-02-02,2025-09-21,2026-12-15
AST-00528,Switch,MAK-Switch-529,SITE-0035,Makassar,Cisco,CIS-Switch-2953,Active,NusaTel Owned,10 Gbps,2021-12-16,2023-12-16,2025-10-28,2026-09-28
AST-00529,Transmission,MAK-Transmission-530,SITE-0035,Makassar,Huawei,HUA-Transmission-5770,Active,NusaTel Owned,100 Gbps,2018-04-01,2022-03-31,2025-12-01,2026-04-16
AST-00530,Transmission,MAK-Transmission-531,SITE-0035,Makassar,Ericsson,ERI-Transmission-1545,Active,NusaTel Owned,100 Gbps,2024-06-24,2030-06-23,2025-12-16,2026-07-08
AST-00531,Transmission,MAK-Transmission-532,SITE-0035,Makassar,Juniper,JUN-Transmission-4242,Maintenance,NusaTel Owned,100 Gbps,2025-06-29,2031-06-28,2025-10-27,2026-03-07
AST-00532,BTS,SEM-BTS-533,SITE-0036,Semarang,Huawei,HUA-BTS-9929,Active,NusaTel Owned,100 MHz,2018-04-21,2025-04-19,2025-11-03,2026-04-06
AST-00533,BTS,SEM-BTS-534,SITE-0036,Semarang,Ericsson,ERI-BTS-8231,Active,NusaTel Owned,100 MHz,2018-07-01,2024-06-29,2025-11-13,2026-12-20
AST-00534,BTS,SEM-BTS-535,SITE-0036,Semarang,Nokia,NOK-BTS-2320,Maintenance,NusaTel Owned,100 MHz,2021-09-03,2023-09-03,2025-10-25,2026-10-22
AST-00535,OLT,SEM-OLT-536,SITE-0036,Semarang,Ericsson,ERI-OLT-1494,Active,NusaTel Owned,10 Gbps,2023-06-30,2026-06-29,2025-12-21,2026-07-03
AST-00536,OLT,SEM-OLT-537,SITE-0036,Semarang,Juniper,JUN-OLT-9338,Active,Leased,10 Gbps,2024-01-21,2028-01-20,2025-09-01,2026-12-15
AST-00537,ODP,SEM-ODP-538,SITE-0036,Semarang,Ericsson,ERI-ODP-1001,Active,NusaTel Owned,1 Gbps,2018-10-16,2023-10-15,2025-10-14,2026-04-19
AST-00538,Router,SEM-Router-539,SITE-0036,Semarang,Nokia,NOK-Router-8929,Active,NusaTel Owned,40 Gbps,2017-12-15,2024-12-13,2025-12-16,2026-02-20
AST-00539,Switch,SEM-Switch-540,SITE-0036,Semarang,Juniper,JUN-Switch-2962,Active,NusaTel Owned,10 Gbps,2018-04-18,2021-04-17,2025-08-11,2026-04-28
AST-00540,Switch,SEM-Switch-541,SITE-0036,Semarang,Huawei,HUA-Switch-1367,Active,NusaTel Owned,10 Gbps,2025-04-27,2030-04-26,2025-11-22,2026-09-27
AST-00541,Transmission,SEM-Transmission-542,SITE-0036,Semarang,Juniper,JUN-Transmission-6470,Active,NusaTel Owned,100 Gbps,2024-08-28,2026-08-28,2025-09-15,2026-04-29
AST-00542,Transmission,SEM-Transmission-543,SITE-0036,Semarang,Cisco,CIS-Transmission-5866,Active,NusaTel Owned,100 Gbps,2020-04-21,2023-04-21,2025-09-25,2026-02-10
AST-00543,Transmission,SEM-Transmission-544,SITE-0036,Semarang,Huawei,HUA-Transmission-9284,Faulty,NusaTel Owned,100 Gbps,2025-10-25,2031-10-24,2025-08-04,2026-05-27
AST-00544,BTS,YOG-BTS-545,SITE-0037,Yogyakarta,Ericsson,ERI-BTS-5960,Active,NusaTel Owned,100 MHz,2022-07-17,2027-07-16,2025-12-12,2026-01-06
AST-00545,BTS,YOG-BTS-546,SITE-0037,Yogyakarta,Nokia,NOK-BTS-9630,Active,NusaTel Owned,100 MHz,2023-05-05,2027-05-04,2025-09-01,2026-03-08
AST-00546,OLT,YOG-OLT-547,SITE-0037,Yogyakarta,Huawei,HUA-OLT-8359,Active,Partner,10 Gbps,2019-11-16,2024-11-14,2025-07-29,2026-08-14
AST-00547,OLT,YOG-OLT-548,SITE-0037,Yogyakarta,Juniper,JUN-OLT-3968,Active,NusaTel Owned,10 Gbps,2023-06-22,2030-06-20,2025-10-13,2026-07-12
AST-00548,ODP,YOG-ODP-549,SITE-0037,Yogyakarta,Ericsson,ERI-ODP-8950,Maintenance,NusaTel Owned,1 Gbps,2025-07-14,2031-07-13,2025-09-17,2026-11-13
AST-00549,ODP,YOG-ODP-550,SITE-0037,Yogyakarta,Huawei,HUA-ODP-9977,Active,NusaTel Owned,1 Gbps,2021-11-02,2024-11-01,2025-07-30,2026-02-08
AST-00550,ODP,YOG-ODP-551,SITE-0037,Yogyakarta,Ericsson,ERI-ODP-9064,Active,Leased,1 Gbps,2019-03-04,2026-03-02,2025-12-31,2026-10-18
AST-00551,ODP,YOG-ODP-552,SITE-0037,Yogyakarta,Huawei,HUA-ODP-6961,Active,NusaTel Owned,1 Gbps,2018-09-18,2023-09-17,2025-07-16,2026-08-04
AST-00552,Router,YOG-Router-553,SITE-0037,Yogyakarta,Juniper,JUN-Router-8346,Active,NusaTel Owned,40 Gbps,2022-06-29,2027-06-28,2025-12-06,2026-08-02
AST-00553,Switch,YOG-Switch-554,SITE-0037,Yogyakarta,ZTE,ZTE-Switch-5658,Active,NusaTel Owned,10 Gbps,2021-06-10,2028-06-08,2025-10-30,2026-09-03
AST-00554,Transmission,YOG-Transmission-555,SITE-0037,Yogyakarta,Huawei,HUA-Transmission-2870,Active,Leased,100 Gbps,2018-04-27,2024-04-25,2025-12-06,2026-07-13
AST-00555,BTS,DEN-BTS-556,SITE-0038,Denpasar,ZTE,ZTE-BTS-4679,Active,NusaTel Owned,100 MHz,2018-07-06,2023-07-05,2025-11-25,2026-04-07
AST-00556,OLT,DEN-OLT-557,SITE-0038,Denpasar,Huawei,HUA-OLT-2001,Active,NusaTel Owned,10 Gbps,2018-02-21,2024-02-20,2025-09-18,2026-12-01
AST-00557,OLT,DEN-OLT-558,SITE-0038,Denpasar,Nokia,NOK-OLT-1132,Active,NusaTel Owned,10 Gbps,2024-03-03,2031-03-02,2025-08-07,2026-05-17
AST-00558,ODP,DEN-ODP-559,SITE-0038,Denpasar,Cisco,CIS-ODP-5226,Active,Leased,1 Gbps,2020-02-26,2022-02-25,2025-11-02,2026-12-02
AST-00559,Router,DEN-Router-560,SITE-0038,Denpasar,Huawei,HUA-Router-2701,Faulty,NusaTel Owned,40 Gbps,2021-03-08,2024-03-07,2025-11-06,2026-03-25
AST-00560,Switch,DEN-Switch-561,SITE-0038,Denpasar,Ericsson,ERI-Switch-2359,Active,NusaTel Owned,10 Gbps,2017-11-02,2024-10-31,2025-11-07,2026-06-12
AST-00561,Switch,DEN-Switch-562,SITE-0038,Denpasar,Juniper,JUN-Switch-4061,Active,NusaTel Owned,10 Gbps,2025-04-24,2027-04-24,2025-09-06,2027-01-01
AST-00562,Transmission,DEN-Transmission-563,SITE-0038,Denpasar,Nokia,NOK-Transmission-8791,Active,Customer Premises,100 Gbps,2018-01-02,2021-01-01,2025-12-05,2026-12-06
AST-00563,Transmission,DEN-Transmission-564,SITE-0038,Denpasar,Ericsson,ERI-Transmission-5094,Active,Leased,100 Gbps,2018-09-08,2025-09-06,2025-10-11,2026-10-25
AST-00564,BTS,PAL-BTS-565,SITE-0039,Palembang,Huawei,HUA-BTS-3333,Active,Customer Premises,100 MHz,2018-11-08,2022-11-07,2025-07-09,2026-09-15
AST-00565,BTS,PAL-BTS-566,SITE-0039,Palembang,ZTE,ZTE-BTS-9397,Faulty,NusaTel Owned,100 MHz,2025-06-16,2029-06-15,2025-11-29,2026-01-26
AST-00566,BTS,PAL-BTS-567,SITE-0039,Palembang,Huawei,HUA-BTS-8087,Faulty,NusaTel Owned,100 MHz,2020-12-26,2024-12-25,2025-07-12,2026-04-12
AST-00567,OLT,PAL-OLT-568,SITE-0039,Palembang,Huawei,HUA-OLT-5707,Active,Leased,10 Gbps,2023-12-16,2026-12-15,2025-10-27,2026-07-31
AST-00568,OLT,PAL-OLT-569,SITE-0039,Palembang,Huawei,HUA-OLT-4667,Active,NusaTel Owned,10 Gbps,2025-05-13,2027-05-13,2025-12-24,2026-01-29
AST-00569,OLT,PAL-OLT-570,SITE-0039,Palembang,Nokia,NOK-OLT-9651,Active,NusaTel Owned,10 Gbps,2024-03-08,2031-03-07,2025-07-12,2026-05-18
AST-00570,ODP,PAL-ODP-571,SITE-0039,Palembang,ZTE,ZTE-ODP-7487,Active,NusaTel Owned,1 Gbps,2023-11-09,2025-11-08,2025-12-27,2026-09-23
AST-00571,Router,PAL-Router-572,SITE-0039,Palembang,Nokia,NOK-Router-1622,Active,NusaTel Owned,40 Gbps,2018-10-18,2022-10-17,2025-08-20,2026-01-22
AST-00572,Router,PAL-Router-573,SITE-0039,Palembang,Huawei,HUA-Router-7955,Active,NusaTel Owned,40 Gbps,2025-05-31,2027-05-31,2025-11-02,2026-03-05
AST-00573,Router,PAL-Router-574,SITE-0039,Palembang,Cisco,CIS-Router-8703,Faulty,NusaTel Owned,40 Gbps,2024-01-02,2028-01-01,2025-10-26,2026-03-22
AST-00574,Router,PAL-Router-575,SITE-0039,Palembang,Cisco,CIS-Router-7471,Active,NusaTel Owned,40 Gbps,2024-03-10,2026-03-10,2025-09-15,2026-01-23
AST-00575,Switch,PAL-Switch-576,SITE-0039,Palembang,Juniper,JUN-Switch-3977,Active,NusaTel Owned,10 Gbps,2024-03-11,2029-03-10,2025-12-10,2026-08-29
AST-00576,Switch,PAL-Switch-577,SITE-0039,Palembang,Nokia,NOK-Switch-1077,Active,NusaTel Owned,10 Gbps,2023-05-05,2030-05-03,2025-12-28,2026-08-30
AST-00577,Transmission,PAL-Transmission-578,SITE-0039,Palembang,Cisco,CIS-Transmission-6645,Active,NusaTel Owned,100 Gbps,2022-12-03,2028-12-01,2025-10-07,2026-04-10
AST-00578,Transmission,PAL-Transmission-579,SITE-0039,Palembang,Juniper,JUN-Transmission-7499,Active,Customer Premises,100 Gbps,2025-08-29,2027-08-29,2025-09-10,2026-08-18
AST-00579,Transmission,PAL-Transmission-580,SITE-0039,Palembang,Nokia,NOK-Transmission-1799,Active,Leased,100 Gbps,2021-11-14,2024-11-13,2025-08-07,2026-07-02
AST-00580,BTS,BAL-BTS-581,SITE-0040,Balikpapan,Huawei,HUA-BTS-2855,Active,NusaTel Owned,100 MHz,2025-03-07,2029-03-06,2025-09-13,2026-04-24
AST-00581,BTS,BAL-BTS-582,SITE-0040,Balikpapan,Juniper,JUN-BTS-4203,Active,Leased,100 MHz,2019-05-04,2025-05-02,2025-08-06,2027-01-01
AST-00582,BTS,BAL-BTS-583,SITE-0040,Balikpapan,Cisco,CIS-BTS-1209,Active,Customer Premises,100 MHz,2023-07-30,2026-07-29,2025-07-31,2026-02-07
AST-00583,BTS,BAL-BTS-584,SITE-0040,Balikpapan,Ericsson,ERI-BTS-3115,Active,NusaTel Owned,100 MHz,2023-11-13,2027-11-12,2025-11-25,2026-07-23
AST-00584,OLT,BAL-OLT-585,SITE-0040,Balikpapan,ZTE,ZTE-OLT-7909,Active,NusaTel Owned,10 Gbps,2025-10-22,2027-10-22,2025-11-18,2026-10-12
AST-00585,OLT,BAL-OLT-586,SITE-0040,Balikpapan,ZTE,ZTE-OLT-1059,Active,NusaTel Owned,10 Gbps,2020-01-09,2025-01-07,2025-09-30,2026-10-29
AST-00586,ODP,BAL-ODP-587,SITE-0040,Balikpapan,ZTE,ZTE-ODP-3883,Faulty,NusaTel Owned,1 Gbps,2024-04-16,2029-04-15,2025-09-03,2026-10-02
AST-00587,ODP,BAL-ODP-588,SITE-0040,Balikpapan,Juniper,JUN-ODP-9374,Decommissioned,NusaTel Owned,1 Gbps,2023-10-29,2030-10-27,2025-10-12,2026-05-17
AST-00588,ODP,BAL-ODP-589,SITE-0040,Balikpapan,ZTE,ZTE-ODP-6792,Active,NusaTel Owned,1 Gbps,2020-03-22,2027-03-21,2025-07-25,2026-05-10
AST-00589,ODP,BAL-ODP-590,SITE-0040,Balikpapan,Huawei,HUA-ODP-4797,Active,NusaTel Owned,1 Gbps,2019-03-21,2023-03-20,2025-09-19,2026-11-05
AST-00590,Router,BAL-Router-591,SITE-0040,Balikpapan,Ericsson,ERI-Router-2095,Active,NusaTel Owned,40 Gbps,2020-11-11,2027-11-10,2025-10-11,2026-07-08
AST-00591,Router,BAL-Router-592,SITE-0040,Balikpapan,Huawei,HUA-Router-8652,Active,Customer Premises,40 Gbps,2024-01-05,2028-01-04,2025-08-29,2026-03-31
AST-00592,Switch,BAL-Switch-593,SITE-0040,Balikpapan,Nokia,NOK-Switch-9605,Maintenance,Leased,10 Gbps,2024-01-01,2026-12-31,2025-07-21,2026-03-16
AST-00593,Switch,BAL-Switch-594,SITE-0040,Balikpapan,Nokia,NOK-Switch-6087,Active,NusaTel Owned,10 Gbps,2020-08-05,2026-08-04,2025-08-20,2026-04-23
AST-00594,Transmission,BAL-Transmission-595,SITE-0040,Balikpapan,Huawei,HUA-Transmission-8928,Active,NusaTel Owned,100 Gbps,2020-05-09,2026-05-08,2025-11-21,2026-03-16
AST-00595,Transmission,BAL-Transmission-596,SITE-0040,Balikpapan,Nokia,NOK-Transmission-6181,Active,NusaTel Owned,100 Gbps,2019-12-12,2025-12-10,2025-08-03,2026-06-16
AST-00596,Transmission,BAL-Transmission-597,SITE-0040,Balikpapan,Ericsson,ERI-Transmission-7656,Active,NusaTel Owned,100 Gbps,2018-09-15,2025-09-13,2025-08-26,2026-05-15
AST-00597,Transmission,BAL-Transmission-598,SITE-0040,Balikpapan,ZTE,ZTE-Transmission-3392,Active,NusaTel Owned,100 Gbps,2024-02-26,2029-02-24,2025-07-26,2026-05-17
AST-00598,BTS,JAK-BTS-599,SITE-0041,Jakarta,ZTE,ZTE-BTS-7751,Active,NusaTel Owned,100 MHz,2023-08-17,2025-08-16,2025-07-31,2026-07-03
AST-00599,BTS,JAK-BTS-600,SITE-0041,Jakarta,Juniper,JUN-BTS-1446,Active,NusaTel Owned,100 MHz,2022-11-17,2025-11-16,2025-10-16,2026-04-10
AST-00600,BTS,JAK-BTS-601,SITE-0041,Jakarta,Ericsson,ERI-BTS-8127,Maintenance,NusaTel Owned,100 MHz,2021-10-01,2027-09-30,2025-11-29,2026-03-10
AST-00601,BTS,JAK-BTS-602,SITE-0041,Jakarta,Huawei,HUA-BTS-1265,Maintenance,Customer Premises,100 MHz,2022-05-24,2027-05-23,2025-12-16,2026-01-17
AST-00602,OLT,JAK-OLT-603,SITE-0041,Jakarta,Huawei,HUA-OLT-3414,Active,NusaTel Owned,10 Gbps,2023-01-19,2026-01-18,2025-12-29,2026-01-26
AST-00603,OLT,JAK-OLT-604,SITE-0041,Jakarta,Juniper,JUN-OLT-1210,Active,NusaTel Owned,10 Gbps,2018-12-21,2025-12-19,2025-10-02,2026-06-11
AST-00604,ODP,JAK-ODP-605,SITE-0041,Jakarta,Ericsson,ERI-ODP-7504,Active,NusaTel Owned,1 Gbps,2021-11-01,2025-10-31,2025-12-11,2026-10-10
AST-00605,ODP,JAK-ODP-606,SITE-0041,Jakarta,Nokia,NOK-ODP-7144,Active,Customer Premises,1 Gbps,2018-04-29,2025-04-27,2025-10-15,2026-04-17
AST-00606,ODP,JAK-ODP-607,SITE-0041,Jakarta,Nokia,NOK-ODP-6423,Active,Leased,1 Gbps,2017-10-30,2020-10-29,2025-11-10,2026-11-03
AST-00607,ODP,JAK-ODP-608,SITE-0041,Jakarta,Juniper,JUN-ODP-4608,Active,Leased,1 Gbps,2023-03-12,2030-03-10,2025-09-07,2026-04-24
AST-00608,Router,JAK-Router-609,SITE-0041,Jakarta,Ericsson,ERI-Router-6748,Active,NusaTel Owned,40 Gbps,2022-08-18,2028-08-16,2025-09-30,2026-07-08
AST-00609,Router,JAK-Router-610,SITE-0041,Jakarta,ZTE,ZTE-Router-9866,Active,NusaTel Owned,40 Gbps,2023-02-21,2027-02-20,2025-12-30,2026-01-29
AST-00610,Switch,JAK-Switch-611,SITE-0041,Jakarta,Ericsson,ERI-Switch-5598,Active,NusaTel Owned,10 Gbps,2024-07-18,2031-07-17,2025-09-17,2026-12-01
AST-00611,Switch,JAK-Switch-612,SITE-0041,Jakarta,ZTE,ZTE-Switch-6914,Active,NusaTel Owned,10 Gbps,2022-09-10,2024-09-09,2025-12-10,2026-04-10
AST-00612,Transmission,JAK-Transmission-613,SITE-0041,Jakarta,ZTE,ZTE-Transmission-6738,Active,NusaTel Owned,100 Gbps,2025-10-11,2027-10-11,2025-11-10,2026-09-12
AST-00613,Transmission,JAK-Transmission-614,SITE-0041,Jakarta,Huawei,HUA-Transmission-9896,Active,NusaTel Owned,100 Gbps,2019-12-29,2023-12-28,2025-12-22,2026-10-30
AST-00614,Transmission,JAK-Transmission-615,SITE-0041,Jakarta,Nokia,NOK-Transmission-1875,Active,NusaTel Owned,100 Gbps,2025-07-08,2032-07-06,2025-08-26,2026-11-08
AST-00615,BTS,BAN-BTS-616,SITE-0042,Bandung,Huawei,HUA-BTS-3309,Active,NusaTel Owned,100 MHz,2018-12-29,2023-12-28,2025-11-12,2026-07-18
AST-00616,BTS,BAN-BTS-617,SITE-0042,Bandung,Ericsson,ERI-BTS-1795,Active,Leased,100 MHz,2017-11-12,2023-11-11,2025-10-08,2026-05-31
AST-00617,BTS,BAN-BTS-618,SITE-0042,Bandung,Juniper,JUN-BTS-5765,Active,NusaTel Owned,100 MHz,2018-05-17,2025-05-15,2025-08-08,2026-12-29
AST-00618,BTS,BAN-BTS-619,SITE-0042,Bandung,Nokia,NOK-BTS-4814,Active,NusaTel Owned,100 MHz,2019-12-25,2023-12-24,2025-09-23,2026-10-28
AST-00619,OLT,BAN-OLT-620,SITE-0042,Bandung,Cisco,CIS-OLT-8402,Active,Leased,10 Gbps,2022-05-24,2029-05-22,2025-07-23,2026-01-14
AST-00620,OLT,BAN-OLT-621,SITE-0042,Bandung,Ericsson,ERI-OLT-3575,Active,NusaTel Owned,10 Gbps,2024-07-24,2027-07-24,2025-07-12,2026-10-12
AST-00621,OLT,BAN-OLT-622,SITE-0042,Bandung,ZTE,ZTE-OLT-6446,Decommissioned,NusaTel Owned,10 Gbps,2020-03-30,2022-03-30,2025-10-01,2026-02-19
AST-00622,OLT,BAN-OLT-623,SITE-0042,Bandung,ZTE,ZTE-OLT-6610,Active,Leased,10 Gbps,2024-04-18,2030-04-17,2025-12-19,2026-06-05
AST-00623,ODP,BAN-ODP-624,SITE-0042,Bandung,Huawei,HUA-ODP-2814,Maintenance,Leased,1 Gbps,2023-09-14,2027-09-13,2025-07-20,2026-05-16
AST-00624,ODP,BAN-ODP-625,SITE-0042,Bandung,ZTE,ZTE-ODP-8825,Active,Leased,1 Gbps,2022-10-29,2026-10-28,2025-09-20,2026-07-28
AST-00625,ODP,BAN-ODP-626,SITE-0042,Bandung,Cisco,CIS-ODP-2925,Active,Leased,1 Gbps,2018-04-11,2021-04-10,2025-09-01,2026-09-03
AST-00626,ODP,BAN-ODP-627,SITE-0042,Bandung,Ericsson,ERI-ODP-1793,Active,Leased,1 Gbps,2025-05-30,2029-05-29,2025-08-05,2026-05-26
AST-00627,Router,BAN-Router-628,SITE-0042,Bandung,Nokia,NOK-Router-8496,Active,Customer Premises,40 Gbps,2018-08-10,2022-08-09,2025-08-02,2026-04-14
AST-00628,Router,BAN-Router-629,SITE-0042,Bandung,ZTE,ZTE-Router-4643,Active,NusaTel Owned,40 Gbps,2023-10-13,2026-10-12,2025-07-29,2026-12-23
AST-00629,Router,BAN-Router-630,SITE-0042,Bandung,Juniper,JUN-Router-4866,Active,NusaTel Owned,40 Gbps,2018-06-09,2025-06-07,2025-08-06,2026-02-23
AST-00630,Router,BAN-Router-631,SITE-0042,Bandung,Juniper,JUN-Router-2393,Maintenance,NusaTel Owned,40 Gbps,2019-09-24,2025-09-22,2025-10-07,2026-10-21
AST-00631,Switch,BAN-Switch-632,SITE-0042,Bandung,Huawei,HUA-Switch-2889,Active,Customer Premises,10 Gbps,2020-11-19,2023-11-19,2025-10-30,2026-01-11
AST-00632,Transmission,BAN-Transmission-633,SITE-0042,Bandung,Huawei,HUA-Transmission-1288,Active,Partner,100 Gbps,2018-05-31,2022-05-30,2025-07-13,2026-01-02
AST-00633,Transmission,BAN-Transmission-634,SITE-0042,Bandung,Nokia,NOK-Transmission-9849,Active,NusaTel Owned,100 Gbps,2017-12-22,2020-12-21,2025-11-05,2026-02-05
AST-00634,Transmission,BAN-Transmission-635,SITE-0042,Bandung,ZTE,ZTE-Transmission-9000,Active,NusaTel Owned,100 Gbps,2024-12-18,2028-12-17,2025-07-29,2026-10-02
AST-00635,Transmission,BAN-Transmission-636,SITE-0042,Bandung,ZTE,ZTE-Transmission-5117,Active,NusaTel Owned,100 Gbps,2023-04-27,2026-04-26,2025-12-17,2026-02-27
AST-00636,BTS,SUR-BTS-637,SITE-0043,Surabaya,Ericsson,ERI-BTS-4954,Active,NusaTel Owned,100 MHz,2018-01-28,2022-01-27,2025-09-19,2026-01-06
AST-00637,BTS,SUR-BTS-638,SITE-0043,Surabaya,Cisco,CIS-BTS-5079,Active,NusaTel Owned,100 MHz,2019-04-14,2021-04-13,2025-07-16,2026-01-02
AST-00638,BTS,SUR-BTS-639,SITE-0043,Surabaya,Nokia,NOK-BTS-3184,Active,NusaTel Owned,100 MHz,2023-03-04,2025-03-03,2025-11-10,2026-06-03
AST-00639,BTS,SUR-BTS-640,SITE-0043,Surabaya,Cisco,CIS-BTS-7581,Active,NusaTel Owned,100 MHz,2023-12-22,2028-12-20,2025-09-12,2026-09-08
AST-00640,OLT,SUR-OLT-641,SITE-0043,Surabaya,Ericsson,ERI-OLT-7104,Active,NusaTel Owned,10 Gbps,2023-02-11,2029-02-09,2025-09-29,2026-03-21
AST-00641,OLT,SUR-OLT-642,SITE-0043,Surabaya,Juniper,JUN-OLT-5001,Active,NusaTel Owned,10 Gbps,2020-11-03,2022-11-03,2025-08-01,2026-06-27
AST-00642,OLT,SUR-OLT-643,SITE-0043,Surabaya,ZTE,ZTE-OLT-1120,Maintenance,NusaTel Owned,10 Gbps,2019-12-05,2024-12-03,2025-07-27,2026-09-12
AST-00643,ODP,SUR-ODP-644,SITE-0043,Surabaya,Cisco,CIS-ODP-6963,Active,NusaTel Owned,1 Gbps,2020-03-06,2027-03-05,2025-12-15,2026-09-27
AST-00644,Router,SUR-Router-645,SITE-0043,Surabaya,Cisco,CIS-Router-3235,Active,Customer Premises,40 Gbps,2021-02-26,2028-02-25,2025-09-04,2026-03-13
AST-00645,Router,SUR-Router-646,SITE-0043,Surabaya,ZTE,ZTE-Router-8704,Maintenance,Partner,40 Gbps,2019-04-28,2026-04-26,2025-11-02,2026-10-27
AST-00646,Router,SUR-Router-647,SITE-0043,Surabaya,Nokia,NOK-Router-7750,Active,NusaTel Owned,40 Gbps,2022-11-02,2028-10-31,2025-09-10,2026-07-06
AST-00647,Router,SUR-Router-648,SITE-0043,Surabaya,Cisco,CIS-Router-2280,Active,Customer Premises,40 Gbps,2021-01-19,2027-01-18,2025-09-18,2026-01-21
AST-00648,Switch,SUR-Switch-649,SITE-0043,Surabaya,ZTE,ZTE-Switch-2864,Maintenance,NusaTel Owned,10 Gbps,2024-07-24,2031-07-23,2025-10-10,2026-03-31
AST-00649,Switch,SUR-Switch-650,SITE-0043,Surabaya,Juniper,JUN-Switch-6183,Active,NusaTel Owned,10 Gbps,2018-02-02,2023-02-01,2025-10-29,2026-05-21
AST-00650,Switch,SUR-Switch-651,SITE-0043,Surabaya,Nokia,NOK-Switch-6039,Faulty,NusaTel Owned,10 Gbps,2020-11-26,2027-11-25,2025-12-26,2026-01-17
AST-00651,Transmission,SUR-Transmission-652,SITE-0043,Surabaya,Nokia,NOK-Transmission-7779,Active,Partner,100 Gbps,2021-02-20,2025-02-19,2025-11-08,2026-08-26
AST-00652,Transmission,SUR-Transmission-653,SITE-0043,Surabaya,Huawei,HUA-Transmission-4757,Active,NusaTel Owned,100 Gbps,2023-11-13,2030-11-11,2025-12-11,2026-08-28
AST-00653,Transmission,SUR-Transmission-654,SITE-0043,Surabaya,Huawei,HUA-Transmission-6098,Maintenance,NusaTel Owned,100 Gbps,2024-01-17,2026-01-16,2025-08-29,2026-03-27
AST-00654,Transmission,SUR-Transmission-655,SITE-0043,Surabaya,ZTE,ZTE-Transmission-8050,Active,Leased,100 Gbps,2021-12-12,2026-12-11,2025-10-13,2026-04-08
AST-00655,BTS,MED-BTS-656,SITE-0044,Medan,ZTE,ZTE-BTS-9239,Active,NusaTel Owned,100 MHz,2022-04-01,2029-03-30,2025-12-13,2026-06-19
AST-00656,BTS,MED-BTS-657,SITE-0044,Medan,Huawei,HUA-BTS-8430,Active,NusaTel Owned,100 MHz,2025-10-31,2030-10-30,2025-09-28,2026-11-27
AST-00657,BTS,MED-BTS-658,SITE-0044,Medan,Nokia,NOK-BTS-9196,Active,NusaTel Owned,100 MHz,2021-05-04,2023-05-04,2025-08-29,2026-12-13
AST-00658,OLT,MED-OLT-659,SITE-0044,Medan,Nokia,NOK-OLT-5183,Active,NusaTel Owned,10 Gbps,2021-08-21,2023-08-21,2025-11-16,2026-06-29
AST-00659,OLT,MED-OLT-660,SITE-0044,Medan,Ericsson,ERI-OLT-9278,Decommissioned,NusaTel Owned,10 Gbps,2018-08-19,2023-08-18,2025-07-11,2026-08-07
AST-00660,OLT,MED-OLT-661,SITE-0044,Medan,Cisco,CIS-OLT-6161,Active,NusaTel Owned,10 Gbps,2023-11-14,2027-11-13,2025-10-07,2026-09-09
AST-00661,OLT,MED-OLT-662,SITE-0044,Medan,Nokia,NOK-OLT-6347,Active,Customer Premises,10 Gbps,2023-03-12,2029-03-10,2025-11-09,2026-06-27
AST-00662,ODP,MED-ODP-663,SITE-0044,Medan,ZTE,ZTE-ODP-3617,Active,NusaTel Owned,1 Gbps,2018-05-28,2020-05-27,2025-08-09,2026-02-24
AST-00663,Router,MED-Router-664,SITE-0044,Medan,Nokia,NOK-Router-2365,Active,Partner,40 Gbps,2020-02-25,2027-02-23,2025-10-25,2026-12-17
AST-00664,Switch,MED-Switch-665,SITE-0044,Medan,ZTE,ZTE-Switch-9196,Maintenance,NusaTel Owned,10 Gbps,2024-07-27,2029-07-26,2025-08-06,2026-02-27
AST-00665,Switch,MED-Switch-666,SITE-0044,Medan,Nokia,NOK-Switch-1193,Decommissioned,NusaTel Owned,10 Gbps,2023-06-03,2025-06-02,2025-10-06,2026-05-17
AST-00666,Switch,MED-Switch-667,SITE-0044,Medan,Cisco,CIS-Switch-3815,Active,Leased,10 Gbps,2024-11-02,2026-11-02,2025-07-10,2026-03-09
AST-00667,Transmission,MED-Transmission-668,SITE-0044,Medan,ZTE,ZTE-Transmission-7889,Maintenance,NusaTel Owned,100 Gbps,2024-07-15,2031-07-14,2025-10-13,2026-08-21
AST-00668,BTS,MAK-BTS-669,SITE-0045,Makassar,Huawei,HUA-BTS-2596,Active,NusaTel Owned,100 MHz,2023-07-08,2030-07-06,2025-11-11,2026-10-13
AST-00669,BTS,MAK-BTS-670,SITE-0045,Makassar,ZTE,ZTE-BTS-9036,Active,NusaTel Owned,100 MHz,2025-01-12,2030-01-11,2025-09-22,2026-03-29
AST-00670,OLT,MAK-OLT-671,SITE-0045,Makassar,ZTE,ZTE-OLT-7345,Active,Partner,10 Gbps,2023-08-19,2026-08-18,2025-10-15,2026-07-27
AST-00671,OLT,MAK-OLT-672,SITE-0045,Makassar,Ericsson,ERI-OLT-4063,Active,Leased,10 Gbps,2024-12-18,2028-12-17,2025-10-07,2026-09-11
AST-00672,ODP,MAK-ODP-673,SITE-0045,Makassar,Nokia,NOK-ODP-8616,Active,NusaTel Owned,1 Gbps,2021-09-25,2023-09-25,2025-08-26,2026-04-23
AST-00673,ODP,MAK-ODP-674,SITE-0045,Makassar,Juniper,JUN-ODP-6867,Active,NusaTel Owned,1 Gbps,2020-08-16,2027-08-15,2025-07-05,2026-05-21
AST-00674,ODP,MAK-ODP-675,SITE-0045,Makassar,Ericsson,ERI-ODP-2424,Active,Partner,1 Gbps,2019-02-20,2023-02-19,2025-10-28,2026-04-04
AST-00675,ODP,MAK-ODP-676,SITE-0045,Makassar,Huawei,HUA-ODP-2456,Active,Leased,1 Gbps,2018-12-20,2025-12-18,2025-07-20,2026-11-08
AST-00676,Router,MAK-Router-677,SITE-0045,Makassar,Nokia,NOK-Router-6530,Active,NusaTel Owned,40 Gbps,2024-12-25,2026-12-25,2025-09-19,2026-01-12
AST-00677,Router,MAK-Router-678,SITE-0045,Makassar,Juniper,JUN-Router-6398,Active,NusaTel Owned,40 Gbps,2018-09-04,2025-09-02,2025-08-09,2026-08-20
AST-00678,Router,MAK-Router-679,SITE-0045,Makassar,Cisco,CIS-Router-6460,Maintenance,NusaTel Owned,40 Gbps,2025-05-29,2029-05-28,2025-09-13,2026-08-13
AST-00679,Router,MAK-Router-680,SITE-0045,Makassar,ZTE,ZTE-Router-8297,Active,NusaTel Owned,40 Gbps,2023-04-05,2027-04-04,2025-07-25,2026-02-01
AST-00680,Switch,MAK-Switch-681,SITE-0045,Makassar,Juniper,JUN-Switch-4506,Active,NusaTel Owned,10 Gbps,2020-08-30,2026-08-29,2025-12-06,2026-10-20
AST-00681,Switch,MAK-Switch-682,SITE-0045,Makassar,Nokia,NOK-Switch-9353,Active,NusaTel Owned,10 Gbps,2025-11-20,2028-11-19,2025-07-24,2026-05-15
AST-00682,Transmission,MAK-Transmission-683,SITE-0045,Makassar,Huawei,HUA-Transmission-4156,Faulty,NusaTel Owned,100 Gbps,2022-12-27,2024-12-26,2025-10-15,2026-02-23
AST-00683,Transmission,MAK-Transmission-684,SITE-0045,Makassar,Ericsson,ERI-Transmission-8137,Maintenance,Customer Premises,100 Gbps,2019-04-11,2025-04-09,2025-09-16,2026-12-20
AST-00684,Transmission,MAK-Transmission-685,SITE-0045,Makassar,Juniper,JUN-Transmission-6572,Active,NusaTel Owned,100 Gbps,2021-05-07,2025-05-06,2025-10-01,2026-04-15
AST-00685,BTS,SEM-BTS-686,SITE-0046,Semarang,Huawei,HUA-BTS-4747,Maintenance,NusaTel Owned,100 MHz,2024-01-23,2026-01-22,2025-10-19,2026-10-03
AST-00686,OLT,SEM-OLT-687,SITE-0046,Semarang,Huawei,HUA-OLT-3471,Active,NusaTel Owned,10 Gbps,2021-12-15,2028-12-13,2025-09-01,2026-02-13
AST-00687,OLT,SEM-OLT-688,SITE-0046,Semarang,ZTE,ZTE-OLT-8787,Active,NusaTel Owned,10 Gbps,2020-07-02,2027-07-01,2025-11-02,2026-11-15
AST-00688,ODP,SEM-ODP-689,SITE-0046,Semarang,Ericsson,ERI-ODP-3808,Active,NusaTel Owned,1 Gbps,2018-10-29,2021-10-28,2025-10-21,2026-12-25
AST-00689,Router,SEM-Router-690,SITE-0046,Semarang,Juniper,JUN-Router-9516,Active,NusaTel Owned,40 Gbps,2023-05-27,2025-05-26,2025-08-18,2026-12-27
AST-00690,Switch,SEM-Switch-691,SITE-0046,Semarang,ZTE,ZTE-Switch-8774,Active,NusaTel Owned,10 Gbps,2020-03-11,2022-03-11,2025-09-20,2026-05-06
AST-00691,Switch,SEM-Switch-692,SITE-0046,Semarang,Ericsson,ERI-Switch-2973,Active,Customer Premises,10 Gbps,2018-06-17,2025-06-15,2025-12-03,2026-01-17
AST-00692,Switch,SEM-Switch-693,SITE-0046,Semarang,ZTE,ZTE-Switch-1258,Active,NusaTel Owned,10 Gbps,2024-02-20,2027-02-19,2025-08-28,2026-04-22
AST-00693,Transmission,SEM-Transmission-694,SITE-0046,Semarang,Huawei,HUA-Transmission-8484,Active,NusaTel Owned,100 Gbps,2018-09-25,2025-09-23,2025-12-12,2026-06-30
AST-00694,BTS,YOG-BTS-695,SITE-0047,Yogyakarta,ZTE,ZTE-BTS-9509,Active,NusaTel Owned,100 MHz,2022-11-26,2028-11-24,2025-08-29,2026-03-06
AST-00695,BTS,YOG-BTS-696,SITE-0047,Yogyakarta,Juniper,JUN-BTS-7524,Active,Leased,100 MHz,2023-02-28,2030-02-26,2025-09-17,2026-10-19
AST-00696,OLT,YOG-OLT-697,SITE-0047,Yogyakarta,Juniper,JUN-OLT-9618,Decommissioned,NusaTel Owned,10 Gbps,2022-09-28,2024-09-27,2025-10-17,2026-12-11
AST-00697,OLT,YOG-OLT-698,SITE-0047,Yogyakarta,Ericsson,ERI-OLT-8455,Active,NusaTel Owned,10 Gbps,2019-09-03,2022-09-02,2025-11-17,2026-11-12
AST-00698,ODP,YOG-ODP-699,SITE-0047,Yogyakarta,Cisco,CIS-ODP-3841,Decommissioned,Customer Premises,1 Gbps,2019-05-24,2023-05-23,2025-12-16,2026-08-30
AST-00699,ODP,YOG-ODP-700,SITE-0047,Yogyakarta,ZTE,ZTE-ODP-9744,Active,Leased,1 Gbps,2019-04-14,2025-04-12,2025-12-04,2026-04-10
AST-00700,ODP,YOG-ODP-701,SITE-0047,Yogyakarta,Ericsson,ERI-ODP-4858,Active,NusaTel Owned,1 Gbps,2020-12-10,2022-12-10,2025-08-20,2026-08-25
AST-00701,Router,YOG-Router-702,SITE-0047,Yogyakarta,Ericsson,ERI-Router-9015,Active,NusaTel Owned,40 Gbps,2018-05-23,2022-05-22,2025-07-17,2026-05-07
AST-00702,Router,YOG-Router-703,SITE-0047,Yogyakarta,Juniper,JUN-Router-1417,Active,Customer Premises,40 Gbps,2019-01-05,2024-01-04,2025-12-19,2026-09-23
AST-00703,Router,YOG-Router-704,SITE-0047,Yogyakarta,Juniper,JUN-Router-2987,Active,Customer Premises,40 Gbps,2019-12-25,2024-12-23,2025-10-11,2026-11-12
AST-00704,Router,YOG-Router-705,SITE-0047,Yogyakarta,Huawei,HUA-Router-4307,Active,Leased,40 Gbps,2025-11-29,2032-11-27,2025-11-28,2026-09-11
AST-00705,Switch,YOG-Switch-706,SITE-0047,Yogyakarta,ZTE,ZTE-Switch-8001,Decommissioned,NusaTel Owned,10 Gbps,2024-03-16,2027-03-16,2025-10-04,2026-08-25
AST-00706,Switch,YOG-Switch-707,SITE-0047,Yogyakarta,Cisco,CIS-Switch-3731,Active,NusaTel Owned,10 Gbps,2025-09-05,2028-09-04,2025-11-21,2026-11-08
AST-00707,Switch,YOG-Switch-708,SITE-0047,Yogyakarta,ZTE,ZTE-Switch-3415,Maintenance,NusaTel Owned,10 Gbps,2025-10-10,2030-10-09,2025-08-25,2026-07-19
AST-00708,Transmission,YOG-Transmission-709,SITE-0047,Yogyakarta,ZTE,ZTE-Transmission-1548,Maintenance,Leased,100 Gbps,2021-03-26,2025-03-25,2025-10-23,2026-05-24
AST-00709,BTS,DEN-BTS-710,SITE-0048,Denpasar,Juniper,JUN-BTS-6977,Active,NusaTel Owned,100 MHz,2020-05-20,2027-05-19,2025-08-27,2026-07-10
AST-00710,BTS,DEN-BTS-711,SITE-0048,Denpasar,Cisco,CIS-BTS-6682,Maintenance,Customer Premises,100 MHz,2025-05-11,2031-05-10,2025-11-05,2026-05-30
AST-00711,OLT,DEN-OLT-712,SITE-0048,Denpasar,Huawei,HUA-OLT-5369,Decommissioned,Leased,10 Gbps,2024-11-24,2028-11-23,2025-09-03,2026-08-13
AST-00712,OLT,DEN-OLT-713,SITE-0048,Denpasar,Cisco,CIS-OLT-5787,Active,NusaTel Owned,10 Gbps,2021-09-02,2027-09-01,2025-07-19,2026-05-28
AST-00713,ODP,DEN-ODP-714,SITE-0048,Denpasar,ZTE,ZTE-ODP-7877,Active,NusaTel Owned,1 Gbps,2022-12-25,2027-12-24,2025-07-15,2026-02-14
AST-00714,ODP,DEN-ODP-715,SITE-0048,Denpasar,ZTE,ZTE-ODP-4419,Active,NusaTel Owned,1 Gbps,2022-02-15,2024-02-15,2025-12-01,2026-06-18
AST-00715,Router,DEN-Router-716,SITE-0048,Denpasar,ZTE,ZTE-Router-8398,Active,NusaTel Owned,40 Gbps,2019-11-13,2025-11-11,2025-10-29,2026-04-19
AST-00716,Router,DEN-Router-717,SITE-0048,Denpasar,Juniper,JUN-Router-8226,Faulty,NusaTel Owned,40 Gbps,2021-02-05,2025-02-04,2025-08-31,2026-08-07
AST-00717,Router,DEN-Router-718,SITE-0048,Denpasar,Juniper,JUN-Router-5554,Active,NusaTel Owned,40 Gbps,2023-11-23,2028-11-21,2025-10-16,2026-09-17
AST-00718,Router,DEN-Router-719,SITE-0048,Denpasar,Huawei,HUA-Router-3227,Active,NusaTel Owned,40 Gbps,2018-09-05,2022-09-04,2025-08-10,2026-07-09
AST-00719,Switch,DEN-Switch-720,SITE-0048,Denpasar,Huawei,HUA-Switch-6579,Active,NusaTel Owned,10 Gbps,2021-07-29,2024-07-28,2025-11-13,2026-10-25
AST-00720,Switch,DEN-Switch-721,SITE-0048,Denpasar,Huawei,HUA-Switch-9103,Active,NusaTel Owned,10 Gbps,2023-01-09,2026-01-08,2025-07-13,2026-02-04
AST-00721,Switch,DEN-Switch-722,SITE-0048,Denpasar,ZTE,ZTE-Switch-2998,Active,NusaTel Owned,10 Gbps,2018-08-27,2023-08-26,2025-10-19,2026-11-26
AST-00722,Transmission,DEN-Transmission-723,SITE-0048,Denpasar,Juniper,JUN-Transmission-6071,Active,NusaTel Owned,100 Gbps,2020-05-26,2026-05-25,2025-09-04,2026-11-24
AST-00723,Transmission,DEN-Transmission-724,SITE-0048,Denpasar,Huawei,HUA-Transmission-2893,Active,Customer Premises,100 Gbps,2021-05-24,2023-05-24,2025-07-24,2026-10-13
AST-00724,Transmission,DEN-Transmission-725,SITE-0048,Denpasar,Juniper,JUN-Transmission-5800,Active,Customer Premises,100 Gbps,2024-04-17,2026-04-17,2025-12-31,2026-12-20
AST-00725,BTS,PAL-BTS-726,SITE-0049,Palembang,Ericsson,ERI-BTS-1823,Active,NusaTel Owned,100 MHz,2022-02-09,2025-02-08,2025-10-13,2026-04-02
AST-00726,BTS,PAL-BTS-727,SITE-0049,Palembang,Huawei,HUA-BTS-2013,Active,NusaTel Owned,100 MHz,2019-02-28,2023-02-27,2025-11-15,2026-02-15
AST-00727,BTS,PAL-BTS-728,SITE-0049,Palembang,Ericsson,ERI-BTS-2315,Maintenance,NusaTel Owned,100 MHz,2020-04-16,2024-04-15,2025-11-09,2026-07-31
AST-00728,OLT,PAL-OLT-729,SITE-0049,Palembang,Nokia,NOK-OLT-7501,Decommissioned,NusaTel Owned,10 Gbps,2022-06-01,2024-05-31,2025-08-06,2026-08-05
AST-00729,ODP,PAL-ODP-730,SITE-0049,Palembang,Nokia,NOK-ODP-3794,Active,NusaTel Owned,1 Gbps,2021-11-11,2023-11-11,2025-12-28,2026-08-19
AST-00730,ODP,PAL-ODP-731,SITE-0049,Palembang,Nokia,NOK-ODP-5731,Active,NusaTel Owned,1 Gbps,2024-12-30,2030-12-29,2025-08-09,2026-01-15
AST-00731,Router,PAL-Router-732,SITE-0049,Palembang,Ericsson,ERI-Router-8697,Active,Customer Premises,40 Gbps,2020-06-05,2025-06-04,2025-12-04,2026-07-27
AST-00732,Router,PAL-Router-733,SITE-0049,Palembang,Juniper,JUN-Router-1153,Active,NusaTel Owned,40 Gbps,2024-07-15,2029-07-14,2025-07-30,2026-04-19
AST-00733,Router,PAL-Router-734,SITE-0049,Palembang,Nokia,NOK-Router-2339,Active,NusaTel Owned,40 Gbps,2025-11-17,2032-11-15,2025-11-14,2026-04-29
AST-00734,Switch,PAL-Switch-735,SITE-0049,Palembang,Cisco,CIS-Switch-2371,Active,NusaTel Owned,10 Gbps,2020-11-13,2025-11-12,2025-12-17,2026-08-20
AST-00735,Switch,PAL-Switch-736,SITE-0049,Palembang,ZTE,ZTE-Switch-1000,Active,NusaTel Owned,10 Gbps,2025-05-18,2029-05-17,2025-08-05,2026-05-02
AST-00736,Switch,PAL-Switch-737,SITE-0049,Palembang,Huawei,HUA-Switch-4156,Maintenance,NusaTel Owned,10 Gbps,2021-08-28,2023-08-28,2025-09-09,2026-04-04
AST-00737,Transmission,PAL-Transmission-738,SITE-0049,Palembang,Juniper,JUN-Transmission-9900,Active,NusaTel Owned,100 Gbps,2018-04-15,2021-04-14,2025-12-14,2026-12-26
AST-00738,BTS,BAL-BTS-739,SITE-0050,Balikpapan,Ericsson,ERI-BTS-8729,Maintenance,NusaTel Owned,100 MHz,2018-09-05,2022-09-04,2025-09-17,2026-04-04
AST-00739,OLT,BAL-OLT-740,SITE-0050,Balikpapan,Ericsson,ERI-OLT-9187,Active,NusaTel Owned,10 Gbps,2025-04-08,2031-04-07,2025-11-02,2026-03-10
AST-00740,ODP,BAL-ODP-741,SITE-0050,Balikpapan,Juniper,JUN-ODP-8441,Active,NusaTel Owned,1 Gbps,2022-03-04,2029-03-02,2025-12-27,2026-09-12
AST-00741,ODP,BAL-ODP-742,SITE-0050,Balikpapan,ZTE,ZTE-ODP-6876,Maintenance,NusaTel Owned,1 Gbps,2023-02-04,2029-02-02,2025-09-03,2026-12-22
AST-00742,ODP,BAL-ODP-743,SITE-0050,Balikpapan,Juniper,JUN-ODP-7262,Active,Leased,1 Gbps,2024-07-29,2029-07-28,2025-12-26,2026-12-03
AST-00743,Router,BAL-Router-744,SITE-0050,Balikpapan,Cisco,CIS-Router-7415,Active,NusaTel Owned,40 Gbps,2023-04-08,2030-04-06,2025-10-23,2026-04-20
AST-00744,Router,BAL-Router-745,SITE-0050,Balikpapan,Cisco,CIS-Router-5694,Active,NusaTel Owned,40 Gbps,2017-11-03,2023-11-02,2025-08-20,2026-05-03
AST-00745,Switch,BAL-Switch-746,SITE-0050,Balikpapan,Cisco,CIS-Switch-4910,Active,NusaTel Owned,10 Gbps,2024-03-19,2027-03-19,2025-10-21,2026-12-05
AST-00746,Switch,BAL-Switch-747,SITE-0050,Balikpapan,Cisco,CIS-Switch-6336,Active,NusaTel Owned,10 Gbps,2023-12-12,2030-12-10,2025-12-16,2026-06-26
AST-00747,Switch,BAL-Switch-748,SITE-0050,Balikpapan,Huawei,HUA-Switch-9956,Active,Leased,10 Gbps,2019-05-03,2022-05-02,2025-08-11,2026-06-09
AST-00748,Transmission,BAL-Transmission-749,SITE-0050,Balikpapan,Juniper,JUN-Transmission-9161,Active,NusaTel Owned,100 Gbps,2020-12-20,2025-12-19,2025-07-17,2026-06-24
AST-00749,BTS,JAK-BTS-750,SITE-0051,Jakarta,Huawei,HUA-BTS-8167,Active,NusaTel Owned,100 MHz,2018-10-02,2023-10-01,2025-11-02,2026-03-05
AST-00750,BTS,JAK-BTS-751,SITE-0051,Jakarta,Huawei,HUA-BTS-3563,Active,NusaTel Owned,100 MHz,2018-03-10,2022-03-09,2025-12-04,2026-02-24
AST-00751,BTS,JAK-BTS-752,SITE-0051,Jakarta,Cisco,CIS-BTS-5155,Active,NusaTel Owned,100 MHz,2023-02-12,2030-02-10,2025-08-07,2026-10-26
AST-00752,BTS,JAK-BTS-753,SITE-0051,Jakarta,Cisco,CIS-BTS-1347,Active,Leased,100 MHz,2021-10-21,2028-10-19,2025-10-10,2026-04-04
AST-00753,OLT,JAK-OLT-754,SITE-0051,Jakarta,ZTE,ZTE-OLT-8206,Active,NusaTel Owned,10 Gbps,2024-10-25,2030-10-24,2025-09-16,2026-02-25
AST-00754,OLT,JAK-OLT-755,SITE-0051,Jakarta,Cisco,CIS-OLT-8369,Active,NusaTel Owned,10 Gbps,2023-11-18,2028-11-16,2025-07-23,2026-01-08
AST-00755,OLT,JAK-OLT-756,SITE-0051,Jakarta,Ericsson,ERI-OLT-1983,Active,NusaTel Owned,10 Gbps,2020-03-27,2022-03-27,2025-11-28,2026-07-27
AST-00756,ODP,JAK-ODP-757,SITE-0051,Jakarta,Cisco,CIS-ODP-1536,Active,Leased,1 Gbps,2019-01-20,2026-01-18,2025-07-10,2026-06-19
AST-00757,ODP,JAK-ODP-758,SITE-0051,Jakarta,Ericsson,ERI-ODP-9949,Active,Leased,1 Gbps,2017-11-24,2022-11-23,2025-08-17,2026-07-04
AST-00758,Router,JAK-Router-759,SITE-0051,Jakarta,Juniper,JUN-Router-3389,Maintenance,NusaTel Owned,40 Gbps,2022-12-28,2029-12-26,2025-12-12,2026-01-20
AST-00759,Router,JAK-Router-760,SITE-0051,Jakarta,Cisco,CIS-Router-1369,Active,NusaTel Owned,40 Gbps,2024-04-22,2029-04-21,2025-12-12,2026-07-30
AST-00760,Router,JAK-Router-761,SITE-0051,Jakarta,ZTE,ZTE-Router-7454,Active,Leased,40 Gbps,2022-09-17,2027-09-16,2025-09-13,2026-04-05
AST-00761,Switch,JAK-Switch-762,SITE-0051,Jakarta,ZTE,ZTE-Switch-4272,Active,NusaTel Owned,10 Gbps,2020-04-19,2022-04-19,2025-07-17,2026-04-20
AST-00762,Switch,JAK-Switch-763,SITE-0051,Jakarta,Cisco,CIS-Switch-5030,Maintenance,Leased,10 Gbps,2019-09-02,2024-08-31,2025-11-26,2027-01-01
AST-00763,Transmission,JAK-Transmission-764,SITE-0051,Jakarta,Nokia,NOK-Transmission-9043,Active,NusaTel Owned,100 Gbps,2018-02-07,2022-02-06,2025-10-04,2026-02-10
AST-00764,Transmission,JAK-Transmission-765,SITE-0051,Jakarta,Ericsson,ERI-Transmission-1578,Active,NusaTel Owned,100 Gbps,2024-09-29,2030-09-28,2025-10-05,2026-10-13
AST-00765,Transmission,JAK-Transmission-766,SITE-0051,Jakarta,ZTE,ZTE-Transmission-1089,Active,NusaTel Owned,100 Gbps,2023-06-29,2029-06-27,2025-11-09,2026-08-04
AST-00766,BTS,BAN-BTS-767,SITE-0052,Bandung,Cisco,CIS-BTS-9504,Active,Leased,100 MHz,2018-02-13,2025-02-11,2025-08-01,2026-11-07
AST-00767,BTS,BAN-BTS-768,SITE-0052,Bandung,Cisco,CIS-BTS-5477,Active,NusaTel Owned,100 MHz,2019-05-17,2025-05-15,2025-07-30,2026-10-15
AST-00768,BTS,BAN-BTS-769,SITE-0052,Bandung,Cisco,CIS-BTS-6499,Active,Leased,100 MHz,2019-01-31,2024-01-30,2025-12-28,2026-11-05
AST-00769,BTS,BAN-BTS-770,SITE-0052,Bandung,Nokia,NOK-BTS-8381,Active,NusaTel Owned,100 MHz,2024-01-07,2027-01-06,2025-10-25,2026-09-13
AST-00770,OLT,BAN-OLT-771,SITE-0052,Bandung,Juniper,JUN-OLT-1083,Active,NusaTel Owned,10 Gbps,2019-08-02,2022-08-01,2025-07-16,2026-12-11
AST-00771,ODP,BAN-ODP-772,SITE-0052,Bandung,Ericsson,ERI-ODP-5512,Active,NusaTel Owned,1 Gbps,2024-10-22,2028-10-21,2025-11-06,2026-09-21
AST-00772,ODP,BAN-ODP-773,SITE-0052,Bandung,Juniper,JUN-ODP-8663,Active,NusaTel Owned,1 Gbps,2023-07-10,2030-07-08,2025-12-10,2026-01-11
AST-00773,ODP,BAN-ODP-774,SITE-0052,Bandung,Ericsson,ERI-ODP-9538,Active,Partner,1 Gbps,2022-03-08,2024-03-07,2025-12-22,2026-05-15
AST-00774,ODP,BAN-ODP-775,SITE-0052,Bandung,Juniper,JUN-ODP-1676,Active,NusaTel Owned,1 Gbps,2025-01-08,2028-01-08,2025-08-31,2026-04-26
AST-00775,Router,BAN-Router-776,SITE-0052,Bandung,Huawei,HUA-Router-5400,Active,NusaTel Owned,40 Gbps,2024-01-30,2028-01-29,2025-10-10,2026-06-04
AST-00776,Switch,BAN-Switch-777,SITE-0052,Bandung,Juniper,JUN-Switch-5162,Active,NusaTel Owned,10 Gbps,2018-07-22,2022-07-21,2025-10-23,2026-03-05
AST-00777,Switch,BAN-Switch-778,SITE-0052,Bandung,Juniper,JUN-Switch-6015,Maintenance,NusaTel Owned,10 Gbps,2020-02-22,2023-02-21,2025-08-22,2026-04-24
AST-00778,Transmission,BAN-Transmission-779,SITE-0052,Bandung,Huawei,HUA-Transmission-3372,Maintenance,NusaTel Owned,100 Gbps,2025-08-06,2030-08-05,2025-09-02,2026-12-27
AST-00779,BTS,SUR-BTS-780,SITE-0053,Surabaya,Huawei,HUA-BTS-6589,Active,Customer Premises,100 MHz,2019-02-02,2025-01-31,2025-12-22,2026-12-28
AST-00780,BTS,SUR-BTS-781,SITE-0053,Surabaya,Juniper,JUN-BTS-4529,Active,NusaTel Owned,100 MHz,2022-11-20,2027-11-19,2025-07-22,2026-01-03
AST-00781,BTS,SUR-BTS-782,SITE-0053,Surabaya,Huawei,HUA-BTS-9246,Faulty,NusaTel Owned,100 MHz,2019-12-19,2022-12-18,2025-11-14,2026-04-20
AST-00782,OLT,SUR-OLT-783,SITE-0053,Surabaya,Huawei,HUA-OLT-9293,Active,NusaTel Owned,10 Gbps,2020-11-06,2024-11-05,2025-08-24,2026-09-23
AST-00783,OLT,SUR-OLT-784,SITE-0053,Surabaya,Ericsson,ERI-OLT-3760,Faulty,NusaTel Owned,10 Gbps,2021-09-16,2024-09-15,2025-11-05,2026-10-16
AST-00784,ODP,SUR-ODP-785,SITE-0053,Surabaya,Cisco,CIS-ODP-1722,Active,Leased,1 Gbps,2024-12-25,2031-12-24,2025-08-19,2026-03-10
AST-00785,ODP,SUR-ODP-786,SITE-0053,Surabaya,Ericsson,ERI-ODP-1382,Active,NusaTel Owned,1 Gbps,2024-11-12,2026-11-12,2025-11-16,2026-07-11
AST-00786,ODP,SUR-ODP-787,SITE-0053,Surabaya,Cisco,CIS-ODP-2891,Active,NusaTel Owned,1 Gbps,2024-03-02,2030-03-01,2025-10-16,2026-04-21
AST-00787,ODP,SUR-ODP-788,SITE-0053,Surabaya,Nokia,NOK-ODP-9261,Active,NusaTel Owned,1 Gbps,2022-03-12,2024-03-11,2025-08-16,2026-12-31
AST-00788,Router,SUR-Router-789,SITE-0053,Surabaya,Cisco,CIS-Router-5368,Active,Customer Premises,40 Gbps,2020-03-20,2025-03-19,2025-09-15,2026-04-14
AST-00789,Router,SUR-Router-790,SITE-0053,Surabaya,ZTE,ZTE-Router-5968,Active,NusaTel Owned,40 Gbps,2021-12-13,2027-12-12,2025-08-23,2026-10-03
AST-00790,Router,SUR-Router-791,SITE-0053,Surabaya,Juniper,JUN-Router-8448,Active,NusaTel Owned,40 Gbps,2021-01-11,2027-01-10,2025-11-06,2026-05-16
AST-00791,Router,SUR-Router-792,SITE-0053,Surabaya,ZTE,ZTE-Router-9559,Active,NusaTel Owned,40 Gbps,2023-07-15,2028-07-13,2025-09-08,2026-05-26
AST-00792,Switch,SUR-Switch-793,SITE-0053,Surabaya,Nokia,NOK-Switch-5901,Active,NusaTel Owned,10 Gbps,2021-06-11,2025-06-10,2025-12-08,2026-12-09
AST-00793,Switch,SUR-Switch-794,SITE-0053,Surabaya,Cisco,CIS-Switch-8940,Active,Leased,10 Gbps,2025-07-09,2028-07-08,2025-12-04,2026-10-15
AST-00794,Transmission,SUR-Transmission-795,SITE-0053,Surabaya,Nokia,NOK-Transmission-5163,Active,NusaTel Owned,100 Gbps,2022-07-10,2024-07-09,2025-07-15,2026-06-09
AST-00795,Transmission,SUR-Transmission-796,SITE-0053,Surabaya,Ericsson,ERI-Transmission-7649,Active,NusaTel Owned,100 Gbps,2019-09-19,2022-09-18,2025-08-12,2026-10-12
AST-00796,BTS,MED-BTS-797,SITE-0054,Medan,Juniper,JUN-BTS-2027,Active,NusaTel Owned,100 MHz,2021-01-29,2028-01-28,2025-07-13,2026-02-26
AST-00797,BTS,MED-BTS-798,SITE-0054,Medan,Nokia,NOK-BTS-8142,Active,NusaTel Owned,100 MHz,2020-11-12,2027-11-11,2025-12-21,2026-09-20
AST-00798,OLT,MED-OLT-799,SITE-0054,Medan,Ericsson,ERI-OLT-4488,Active,Customer Premises,10 Gbps,2018-05-08,2024-05-06,2025-12-06,2026-02-04
AST-00799,OLT,MED-OLT-800,SITE-0054,Medan,Huawei,HUA-OLT-8503,Active,NusaTel Owned,10 Gbps,2019-08-09,2023-08-08,2025-07-05,2026-05-21
AST-00800,OLT,MED-OLT-801,SITE-0054,Medan,Cisco,CIS-OLT-6553,Active,NusaTel Owned,10 Gbps,2023-05-27,2030-05-25,2025-12-06,2026-04-12
AST-00801,OLT,MED-OLT-802,SITE-0054,Medan,Nokia,NOK-OLT-5186,Active,Partner,10 Gbps,2021-06-25,2025-06-24,2025-11-03,2026-01-03
AST-00802,ODP,MED-ODP-803,SITE-0054,Medan,Cisco,CIS-ODP-4006,Active,NusaTel Owned,1 Gbps,2022-01-01,2024-12-31,2025-11-15,2026-12-19
AST-00803,ODP,MED-ODP-804,SITE-0054,Medan,Juniper,JUN-ODP-2761,Active,NusaTel Owned,1 Gbps,2023-06-25,2025-06-24,2025-12-14,2026-08-17
AST-00804,ODP,MED-ODP-805,SITE-0054,Medan,Huawei,HUA-ODP-6819,Active,NusaTel Owned,1 Gbps,2022-06-30,2029-06-28,2025-07-21,2026-08-17
AST-00805,ODP,MED-ODP-806,SITE-0054,Medan,Juniper,JUN-ODP-2626,Active,NusaTel Owned,1 Gbps,2023-07-02,2026-07-01,2025-10-23,2026-11-21
AST-00806,Router,MED-Router-807,SITE-0054,Medan,Cisco,CIS-Router-5476,Decommissioned,NusaTel Owned,40 Gbps,2018-10-19,2020-10-18,2025-08-27,2026-11-25
AST-00807,Router,MED-Router-808,SITE-0054,Medan,Cisco,CIS-Router-1918,Active,Leased,40 Gbps,2020-09-11,2023-09-11,2025-10-26,2026-08-20
AST-00808,Router,MED-Router-809,SITE-0054,Medan,Ericsson,ERI-Router-6778,Active,NusaTel Owned,40 Gbps,2021-11-03,2027-11-02,2025-08-12,2026-10-19
AST-00809,Router,MED-Router-810,SITE-0054,Medan,ZTE,ZTE-Router-2586,Active,Customer Premises,40 Gbps,2020-05-26,2023-05-26,2025-08-24,2026-07-02
AST-00810,Switch,MED-Switch-811,SITE-0054,Medan,Juniper,JUN-Switch-8094,Active,NusaTel Owned,10 Gbps,2024-09-29,2026-09-29,2025-08-22,2026-12-27
AST-00811,Switch,MED-Switch-812,SITE-0054,Medan,ZTE,ZTE-Switch-2283,Active,NusaTel Owned,10 Gbps,2021-01-08,2026-01-07,2025-08-05,2026-12-31
AST-00812,Transmission,MED-Transmission-813,SITE-0054,Medan,Nokia,NOK-Transmission-9764,Active,Leased,100 Gbps,2018-11-11,2020-11-10,2025-07-21,2026-05-21
AST-00813,Transmission,MED-Transmission-814,SITE-0054,Medan,Huawei,HUA-Transmission-2399,Active,Customer Premises,100 Gbps,2022-07-14,2028-07-12,2025-08-25,2026-02-25
AST-00814,BTS,MAK-BTS-815,SITE-0055,Makassar,Huawei,HUA-BTS-7990,Maintenance,NusaTel Owned,100 MHz,2017-12-15,2024-12-13,2025-07-07,2026-08-29
AST-00815,BTS,MAK-BTS-816,SITE-0055,Makassar,Ericsson,ERI-BTS-5056,Active,NusaTel Owned,100 MHz,2019-06-17,2023-06-16,2025-12-14,2026-10-18
AST-00816,OLT,MAK-OLT-817,SITE-0055,Makassar,Juniper,JUN-OLT-3100,Active,Leased,10 Gbps,2023-01-30,2026-01-29,2025-09-09,2026-08-15
AST-00817,OLT,MAK-OLT-818,SITE-0055,Makassar,Huawei,HUA-OLT-8615,Active,Customer Premises,10 Gbps,2024-02-19,2028-02-18,2025-08-19,2026-03-02
AST-00818,OLT,MAK-OLT-819,SITE-0055,Makassar,ZTE,ZTE-OLT-6960,Active,NusaTel Owned,10 Gbps,2020-11-01,2025-10-31,2025-11-24,2026-04-03
AST-00819,ODP,MAK-ODP-820,SITE-0055,Makassar,Ericsson,ERI-ODP-3278,Maintenance,NusaTel Owned,1 Gbps,2022-01-01,2025-12-31,2025-08-07,2026-06-19
AST-00820,Router,MAK-Router-821,SITE-0055,Makassar,Ericsson,ERI-Router-8204,Maintenance,Partner,40 Gbps,2021-06-15,2028-06-13,2025-12-03,2026-09-13
AST-00821,Router,MAK-Router-822,SITE-0055,Makassar,Nokia,NOK-Router-5492,Active,NusaTel Owned,40 Gbps,2024-08-21,2031-08-20,2025-08-02,2026-09-09
AST-00822,Switch,MAK-Switch-823,SITE-0055,Makassar,ZTE,ZTE-Switch-6790,Maintenance,NusaTel Owned,10 Gbps,2022-01-07,2029-01-05,2025-07-23,2026-06-20
AST-00823,Switch,MAK-Switch-824,SITE-0055,Makassar,Huawei,HUA-Switch-9827,Active,NusaTel Owned,10 Gbps,2020-10-26,2025-10-25,2025-10-04,2026-12-26
AST-00824,Transmission,MAK-Transmission-825,SITE-0055,Makassar,Cisco,CIS-Transmission-3781,Active,NusaTel Owned,100 Gbps,2024-01-24,2031-01-22,2025-10-13,2026-10-01
AST-00825,BTS,SEM-BTS-826,SITE-0056,Semarang,Ericsson,ERI-BTS-6840,Active,Leased,100 MHz,2019-02-02,2022-02-01,2025-11-14,2026-07-16
AST-00826,BTS,SEM-BTS-827,SITE-0056,Semarang,ZTE,ZTE-BTS-6218,Active,NusaTel Owned,100 MHz,2019-02-14,2023-02-13,2025-12-13,2026-11-12
AST-00827,OLT,SEM-OLT-828,SITE-0056,Semarang,Nokia,NOK-OLT-4082,Active,NusaTel Owned,10 Gbps,2024-05-24,2029-05-23,2025-08-25,2026-12-15
AST-00828,OLT,SEM-OLT-829,SITE-0056,Semarang,Cisco,CIS-OLT-4085,Faulty,NusaTel Owned,10 Gbps,2019-06-17,2021-06-16,2025-08-10,2026-12-20
AST-00829,ODP,SEM-ODP-830,SITE-0056,Semarang,Cisco,CIS-ODP-9011,Active,NusaTel Owned,1 Gbps,2019-08-19,2024-08-17,2025-09-07,2026-01-03
AST-00830,ODP,SEM-ODP-831,SITE-0056,Semarang,Huawei,HUA-ODP-9655,Active,NusaTel Owned,1 Gbps,2019-07-26,2026-07-24,2025-09-27,2026-03-17
AST-00831,Router,SEM-Router-832,SITE-0056,Semarang,Huawei,HUA-Router-3318,Active,NusaTel Owned,40 Gbps,2019-02-19,2026-02-17,2025-11-14,2026-06-13
AST-00832,Router,SEM-Router-833,SITE-0056,Semarang,Nokia,NOK-Router-2308,Active,Customer Premises,40 Gbps,2019-06-08,2025-06-06,2025-08-30,2026-08-22
AST-00833,Router,SEM-Router-834,SITE-0056,Semarang,Huawei,HUA-Router-9674,Active,NusaTel Owned,40 Gbps,2023-10-07,2025-10-06,2025-11-25,2026-04-07
AST-00834,Switch,SEM-Switch-835,SITE-0056,Semarang,Ericsson,ERI-Switch-1749,Active,NusaTel Owned,10 Gbps,2022-06-09,2027-06-08,2025-07-31,2026-10-13
AST-00835,Transmission,SEM-Transmission-836,SITE-0056,Semarang,Cisco,CIS-Transmission-8949,Active,NusaTel Owned,100 Gbps,2023-03-08,2029-03-06,2025-10-03,2026-08-30
AST-00836,Transmission,SEM-Transmission-837,SITE-0056,Semarang,Nokia,NOK-Transmission-4065,Active,NusaTel Owned,100 Gbps,2022-01-22,2029-01-20,2025-12-24,2026-11-14
AST-00837,Transmission,SEM-Transmission-838,SITE-0056,Semarang,Huawei,HUA-Transmission-9800,Active,NusaTel Owned,100 Gbps,2021-07-02,2025-07-01,2025-07-23,2026-01-10
AST-00838,Transmission,SEM-Transmission-839,SITE-0056,Semarang,ZTE,ZTE-Transmission-5887,Active,NusaTel Owned,100 Gbps,2022-04-15,2027-04-14,2025-11-06,2026-02-06
AST-00839,BTS,YOG-BTS-840,SITE-0057,Yogyakarta,Huawei,HUA-BTS-7244,Active,Customer Premises,100 MHz,2017-12-28,2021-12-27,2025-10-23,2026-02-10
AST-00840,BTS,YOG-BTS-841,SITE-0057,Yogyakarta,Juniper,JUN-BTS-8967,Active,Customer Premises,100 MHz,2022-01-27,2026-01-26,2025-07-30,2026-07-19
AST-00841,OLT,YOG-OLT-842,SITE-0057,Yogyakarta,Huawei,HUA-OLT-2487,Active,NusaTel Owned,10 Gbps,2017-12-03,2019-12-03,2025-09-29,2026-09-01
AST-00842,OLT,YOG-OLT-843,SITE-0057,Yogyakarta,ZTE,ZTE-OLT-6108,Active,Leased,10 Gbps,2018-05-30,2023-05-29,2025-11-12,2026-07-16
AST-00843,ODP,YOG-ODP-844,SITE-0057,Yogyakarta,Ericsson,ERI-ODP-1577,Maintenance,Customer Premises,1 Gbps,2022-03-31,2027-03-30,2025-10-10,2026-05-09
AST-00844,Router,YOG-Router-845,SITE-0057,Yogyakarta,ZTE,ZTE-Router-4082,Maintenance,NusaTel Owned,40 Gbps,2024-03-13,2031-03-12,2025-10-06,2026-07-17
AST-00845,Router,YOG-Router-846,SITE-0057,Yogyakarta,Ericsson,ERI-Router-9656,Active,NusaTel Owned,40 Gbps,2018-04-30,2020-04-29,2025-07-05,2026-06-18
AST-00846,Router,YOG-Router-847,SITE-0057,Yogyakarta,Juniper,JUN-Router-2809,Active,NusaTel Owned,40 Gbps,2021-07-28,2027-07-27,2025-10-19,2026-09-03
AST-00847,Router,YOG-Router-848,SITE-0057,Yogyakarta,ZTE,ZTE-Router-3541,Active,Customer Premises,40 Gbps,2025-07-30,2032-07-28,2025-10-10,2026-09-29
AST-00848,Switch,YOG-Switch-849,SITE-0057,Yogyakarta,Juniper,JUN-Switch-4113,Active,Customer Premises,10 Gbps,2021-01-21,2028-01-20,2025-12-31,2026-08-04
AST-00849,Switch,YOG-Switch-850,SITE-0057,Yogyakarta,Juniper,JUN-Switch-2058,Active,NusaTel Owned,10 Gbps,2019-06-30,2023-06-29,2025-09-11,2026-04-20
AST-00850,Transmission,YOG-Transmission-851,SITE-0057,Yogyakarta,Juniper,JUN-Transmission-6965,Active,NusaTel Owned,100 Gbps,2018-05-04,2023-05-03,2025-12-24,2026-08-22
AST-00851,Transmission,YOG-Transmission-852,SITE-0057,Yogyakarta,ZTE,ZTE-Transmission-5989,Active,NusaTel Owned,100 Gbps,2018-05-08,2023-05-07,2025-09-28,2026-07-16
AST-00852,Transmission,YOG-Transmission-853,SITE-0057,Yogyakarta,Nokia,NOK-Transmission-3806,Active,NusaTel Owned,100 Gbps,2023-04-02,2027-04-01,2025-08-15,2026-05-28
AST-00853,Transmission,YOG-Transmission-854,SITE-0057,Yogyakarta,Cisco,CIS-Transmission-7367,Active,NusaTel Owned,100 Gbps,2020-06-27,2022-06-27,2025-12-15,2026-01-27
AST-00854,BTS,DEN-BTS-855,SITE-0058,Denpasar,Ericsson,ERI-BTS-5475,Active,NusaTel Owned,100 MHz,2022-07-04,2028-07-02,2025-09-10,2026-05-10
AST-00855,BTS,DEN-BTS-856,SITE-0058,Denpasar,Huawei,HUA-BTS-1038,Active,NusaTel Owned,100 MHz,2021-02-28,2023-02-28,2025-12-11,2026-01-17
AST-00856,BTS,DEN-BTS-857,SITE-0058,Denpasar,Juniper,JUN-BTS-8143,Maintenance,Leased,100 MHz,2025-06-08,2032-06-06,2025-10-29,2026-07-01
AST-00857,BTS,DEN-BTS-858,SITE-0058,Denpasar,Cisco,CIS-BTS-7005,Maintenance,NusaTel Owned,100 MHz,2017-12-15,2021-12-14,2025-11-20,2026-11-27
AST-00858,OLT,DEN-OLT-859,SITE-0058,Denpasar,ZTE,ZTE-OLT-6386,Active,NusaTel Owned,10 Gbps,2019-10-20,2022-10-19,2025-12-31,2026-07-27
AST-00859,OLT,DEN-OLT-860,SITE-0058,Denpasar,ZTE,ZTE-OLT-3506,Active,Leased,10 Gbps,2021-04-18,2027-04-17,2025-11-13,2026-08-02
AST-00860,ODP,DEN-ODP-861,SITE-0058,Denpasar,Nokia,NOK-ODP-2791,Active,NusaTel Owned,1 Gbps,2025-09-24,2031-09-23,2025-08-19,2026-07-26
AST-00861,ODP,DEN-ODP-862,SITE-0058,Denpasar,Ericsson,ERI-ODP-8793,Maintenance,NusaTel Owned,1 Gbps,2020-01-23,2023-01-22,2025-10-16,2026-12-03
AST-00862,ODP,DEN-ODP-863,SITE-0058,Denpasar,ZTE,ZTE-ODP-9800,Active,NusaTel Owned,1 Gbps,2022-09-28,2026-09-27,2025-10-18,2026-05-03
AST-00863,Router,DEN-Router-864,SITE-0058,Denpasar,Juniper,JUN-Router-4587,Maintenance,NusaTel Owned,40 Gbps,2021-07-19,2026-07-18,2025-08-12,2026-07-05
AST-00864,Switch,DEN-Switch-865,SITE-0058,Denpasar,Huawei,HUA-Switch-4315,Active,NusaTel Owned,10 Gbps,2019-06-23,2024-06-21,2025-08-31,2026-02-02
AST-00865,Switch,DEN-Switch-866,SITE-0058,Denpasar,Juniper,JUN-Switch-6862,Active,NusaTel Owned,10 Gbps,2018-05-27,2020-05-26,2025-08-12,2026-05-18
AST-00866,Transmission,DEN-Transmission-867,SITE-0058,Denpasar,Ericsson,ERI-Transmission-6737,Active,Customer Premises,100 Gbps,2023-06-12,2030-06-10,2025-07-12,2026-12-01
AST-00867,BTS,PAL-BTS-868,SITE-0059,Palembang,ZTE,ZTE-BTS-1642,Active,NusaTel Owned,100 MHz,2021-08-27,2023-08-27,2025-10-03,2026-03-17
AST-00868,BTS,PAL-BTS-869,SITE-0059,Palembang,ZTE,ZTE-BTS-9315,Active,Customer Premises,100 MHz,2018-08-23,2020-08-22,2025-09-05,2026-02-21
AST-00869,OLT,PAL-OLT-870,SITE-0059,Palembang,ZTE,ZTE-OLT-8114,Active,Partner,10 Gbps,2025-09-19,2032-09-17,2025-07-23,2026-05-25
AST-00870,OLT,PAL-OLT-871,SITE-0059,Palembang,Cisco,CIS-OLT-1917,Active,NusaTel Owned,10 Gbps,2021-06-16,2025-06-15,2025-07-09,2026-02-09
AST-00871,OLT,PAL-OLT-872,SITE-0059,Palembang,Huawei,HUA-OLT-9850,Active,NusaTel Owned,10 Gbps,2023-07-22,2025-07-21,2025-10-16,2026-09-26
AST-00872,OLT,PAL-OLT-873,SITE-0059,Palembang,Nokia,NOK-OLT-3426,Active,Customer Premises,10 Gbps,2021-05-03,2025-05-02,2025-11-25,2026-09-28
AST-00873,ODP,PAL-ODP-874,SITE-0059,Palembang,Cisco,CIS-ODP-9696,Active,Leased,1 Gbps,2020-04-06,2027-04-05,2025-12-30,2026-08-19
AST-00874,ODP,PAL-ODP-875,SITE-0059,Palembang,Nokia,NOK-ODP-6510,Faulty,NusaTel Owned,1 Gbps,2018-04-13,2022-04-12,2025-10-18,2026-10-24
AST-00875,ODP,PAL-ODP-876,SITE-0059,Palembang,Juniper,JUN-ODP-5944,Active,NusaTel Owned,1 Gbps,2018-10-16,2020-10-15,2025-10-30,2026-03-31
AST-00876,Router,PAL-Router-877,SITE-0059,Palembang,Nokia,NOK-Router-2713,Active,Customer Premises,40 Gbps,2024-03-18,2028-03-17,2025-08-04,2026-01-21
AST-00877,Router,PAL-Router-878,SITE-0059,Palembang,Ericsson,ERI-Router-6290,Active,Leased,40 Gbps,2021-05-21,2023-05-21,2025-07-06,2026-04-03
AST-00878,Switch,PAL-Switch-879,SITE-0059,Palembang,Ericsson,ERI-Switch-1365,Active,Customer Premises,10 Gbps,2019-08-25,2026-08-23,2025-08-03,2026-06-29
AST-00879,Switch,PAL-Switch-880,SITE-0059,Palembang,Ericsson,ERI-Switch-7131,Maintenance,NusaTel Owned,10 Gbps,2018-01-21,2025-01-19,2025-09-12,2026-02-25
AST-00880,Switch,PAL-Switch-881,SITE-0059,Palembang,Cisco,CIS-Switch-9193,Active,NusaTel Owned,10 Gbps,2018-08-13,2022-08-12,2025-07-16,2026-11-17
AST-00881,Switch,PAL-Switch-882,SITE-0059,Palembang,Huawei,HUA-Switch-5931,Active,NusaTel Owned,10 Gbps,2021-10-25,2025-10-24,2025-09-28,2026-12-23
AST-00882,Transmission,PAL-Transmission-883,SITE-0059,Palembang,Ericsson,ERI-Transmission-4598,Maintenance,NusaTel Owned,100 Gbps,2023-08-14,2030-08-12,2025-09-25,2026-08-19
AST-00883,Transmission,PAL-Transmission-884,SITE-0059,Palembang,ZTE,ZTE-Transmission-5752,Active,NusaTel Owned,100 Gbps,2023-09-07,2026-09-06,2025-07-08,2026-03-16
AST-00884,Transmission,PAL-Transmission-885,SITE-0059,Palembang,Nokia,NOK-Transmission-9231,Active,NusaTel Owned,100 Gbps,2022-04-09,2028-04-07,2025-10-28,2026-07-04
AST-00885,BTS,BAL-BTS-886,SITE-0060,Balikpapan,Cisco,CIS-BTS-4062,Active,Partner,100 MHz,2024-10-26,2028-10-25,2025-07-25,2026-03-25
AST-00886,OLT,BAL-OLT-887,SITE-0060,Balikpapan,Huawei,HUA-OLT-1191,Active,NusaTel Owned,10 Gbps,2018-02-10,2021-02-09,2025-12-04,2026-03-03
AST-00887,OLT,BAL-OLT-888,SITE-0060,Balikpapan,Ericsson,ERI-OLT-1844,Active,NusaTel Owned,10 Gbps,2021-11-21,2027-11-20,2025-10-28,2026-10-31
AST-00888,OLT,BAL-OLT-889,SITE-0060,Balikpapan,Cisco,CIS-OLT-7483,Active,NusaTel Owned,10 Gbps,2024-07-15,2031-07-14,2025-08-15,2026-02-23
AST-00889,ODP,BAL-ODP-890,SITE-0060,Balikpapan,ZTE,ZTE-ODP-1516,Active,Leased,1 Gbps,2024-01-16,2028-01-15,2025-07-31,2026-02-06
AST-00890,ODP,BAL-ODP-891,SITE-0060,Balikpapan,Nokia,NOK-ODP-5727,Active,Leased,1 Gbps,2024-03-09,2028-03-08,2025-11-01,2026-03-30
AST-00891,Router,BAL-Router-892,SITE-0060,Balikpapan,Nokia,NOK-Router-8615,Active,Customer Premises,40 Gbps,2018-10-13,2020-10-12,2025-11-06,2026-10-23
AST-00892,Router,BAL-Router-893,SITE-0060,Balikpapan,Nokia,NOK-Router-8807,Active,Leased,40 Gbps,2023-04-11,2026-04-10,2025-08-29,2026-09-06
AST-00893,Router,BAL-Router-894,SITE-0060,Balikpapan,Juniper,JUN-Router-3458,Active,NusaTel Owned,40 Gbps,2024-02-04,2026-02-03,2025-09-11,2026-06-12
AST-00894,Switch,BAL-Switch-895,SITE-0060,Balikpapan,Ericsson,ERI-Switch-4334,Decommissioned,Leased,10 Gbps,2025-05-29,2029-05-28,2025-09-20,2026-05-27
AST-00895,Switch,BAL-Switch-896,SITE-0060,Balikpapan,Ericsson,ERI-Switch-8496,Active,NusaTel Owned,10 Gbps,2022-11-14,2027-11-13,2025-09-24,2026-07-13
AST-00896,Switch,BAL-Switch-897,SITE-0060,Balikpapan,Nokia,NOK-Switch-7467,Active,NusaTel Owned,10 Gbps,2018-03-09,2023-03-08,2025-12-11,2026-09-12
AST-00897,Transmission,BAL-Transmission-898,SITE-0060,Balikpapan,Cisco,CIS-Transmission-3102,Active,NusaTel Owned,100 Gbps,2020-09-20,2027-09-19,2025-08-19,2026-10-16
AST-00898,Transmission,BAL-Transmission-899,SITE-0060,Balikpapan,Nokia,NOK-Transmission-6298,Active,NusaTel Owned,100 Gbps,2017-11-16,2023-11-15,2025-11-05,2026-12-04
AST-00899,BTS,JAK-BTS-900,SITE-0061,Jakarta,Ericsson,ERI-BTS-2541,Active,Partner,100 MHz,2019-03-14,2026-03-12,2025-07-10,2026-03-14
AST-00900,BTS,JAK-BTS-901,SITE-0061,Jakarta,Juniper,JUN-BTS-3216,Active,NusaTel Owned,100 MHz,2022-02-02,2028-02-01,2025-08-03,2026-09-09
AST-00901,BTS,JAK-BTS-902,SITE-0061,Jakarta,Ericsson,ERI-BTS-7825,Active,Customer Premises,100 MHz,2018-06-14,2020-06-13,2025-08-08,2026-11-21
AST-00902,BTS,JAK-BTS-903,SITE-0061,Jakarta,Juniper,JUN-BTS-5201,Faulty,Leased,100 MHz,2025-03-03,2027-03-03,2025-12-15,2026-12-25
AST-00903,OLT,JAK-OLT-904,SITE-0061,Jakarta,Juniper,JUN-OLT-6709,Active,NusaTel Owned,10 Gbps,2022-09-05,2028-09-03,2025-08-31,2026-03-18
AST-00904,OLT,JAK-OLT-905,SITE-0061,Jakarta,Ericsson,ERI-OLT-4121,Active,Leased,10 Gbps,2018-12-30,2025-12-28,2025-10-19,2026-11-08
AST-00905,OLT,JAK-OLT-906,SITE-0061,Jakarta,Ericsson,ERI-OLT-7610,Active,NusaTel Owned,10 Gbps,2020-07-14,2024-07-13,2025-11-01,2026-08-28
AST-00906,ODP,JAK-ODP-907,SITE-0061,Jakarta,Huawei,HUA-ODP-2330,Active,NusaTel Owned,1 Gbps,2025-05-26,2029-05-25,2025-12-10,2026-08-04
AST-00907,ODP,JAK-ODP-908,SITE-0061,Jakarta,Huawei,HUA-ODP-3338,Active,NusaTel Owned,1 Gbps,2018-03-11,2020-03-10,2025-09-04,2026-04-25
AST-00908,Router,JAK-Router-909,SITE-0061,Jakarta,Cisco,CIS-Router-8308,Active,NusaTel Owned,40 Gbps,2021-06-30,2023-06-30,2025-11-17,2026-03-28
AST-00909,Switch,JAK-Switch-910,SITE-0061,Jakarta,ZTE,ZTE-Switch-1160,Maintenance,Leased,10 Gbps,2019-03-28,2023-03-27,2025-09-05,2026-04-22
AST-00910,Switch,JAK-Switch-911,SITE-0061,Jakarta,Juniper,JUN-Switch-8117,Active,NusaTel Owned,10 Gbps,2020-03-09,2027-03-08,2025-11-26,2026-05-08
AST-00911,Switch,JAK-Switch-912,SITE-0061,Jakarta,Nokia,NOK-Switch-1015,Active,NusaTel Owned,10 Gbps,2017-11-28,2019-11-28,2025-07-15,2026-01-28
AST-00912,Transmission,JAK-Transmission-913,SITE-0061,Jakarta,Cisco,CIS-Transmission-5023,Active,NusaTel Owned,100 Gbps,2019-07-29,2022-07-28,2025-09-02,2026-05-08
AST-00913,Transmission,JAK-Transmission-914,SITE-0061,Jakarta,Cisco,CIS-Transmission-5699,Active,NusaTel Owned,100 Gbps,2023-10-11,2028-10-09,2025-12-16,2026-02-17
AST-00914,BTS,BAN-BTS-915,SITE-0062,Bandung,Nokia,NOK-BTS-6109,Active,Leased,100 MHz,2018-06-06,2025-06-04,2025-09-23,2026-12-02
AST-00915,BTS,BAN-BTS-916,SITE-0062,Bandung,Nokia,NOK-BTS-2757,Active,NusaTel Owned,100 MHz,2023-08-15,2025-08-14,2025-12-04,2026-02-21
AST-00916,BTS,BAN-BTS-917,SITE-0062,Bandung,Ericsson,ERI-BTS-5442,Active,NusaTel Owned,100 MHz,2024-11-14,2031-11-13,2025-09-13,2026-05-21
AST-00917,OLT,BAN-OLT-918,SITE-0062,Bandung,ZTE,ZTE-OLT-7910,Active,Customer Premises,10 Gbps,2025-10-09,2027-10-09,2025-09-06,2026-06-18
AST-00918,OLT,BAN-OLT-919,SITE-0062,Bandung,Ericsson,ERI-OLT-9302,Active,Leased,10 Gbps,2020-05-23,2027-05-22,2025-08-27,2026-11-28
AST-00919,OLT,BAN-OLT-920,SITE-0062,Bandung,Juniper,JUN-OLT-7459,Active,NusaTel Owned,10 Gbps,2020-03-19,2023-03-19,2025-11-16,2026-06-24
AST-00920,OLT,BAN-OLT-921,SITE-0062,Bandung,Cisco,CIS-OLT-2985,Active,NusaTel Owned,10 Gbps,2025-08-06,2029-08-05,2025-11-20,2026-10-03
AST-00921,ODP,BAN-ODP-922,SITE-0062,Bandung,Huawei,HUA-ODP-4289,Active,NusaTel Owned,1 Gbps,2021-06-30,2026-06-29,2025-08-31,2026-05-14
AST-00922,ODP,BAN-ODP-923,SITE-0062,Bandung,Ericsson,ERI-ODP-3584,Maintenance,NusaTel Owned,1 Gbps,2025-05-14,2029-05-13,2025-12-26,2026-09-27
AST-00923,ODP,BAN-ODP-924,SITE-0062,Bandung,Cisco,CIS-ODP-4419,Active,NusaTel Owned,1 Gbps,2025-02-15,2030-02-14,2025-10-24,2026-12-09
AST-00924,ODP,BAN-ODP-925,SITE-0062,Bandung,Cisco,CIS-ODP-9691,Active,Customer Premises,1 Gbps,2023-11-02,2030-10-31,2025-10-22,2026-05-21
AST-00925,Router,BAN-Router-926,SITE-0062,Bandung,Nokia,NOK-Router-2353,Active,NusaTel Owned,40 Gbps,2021-11-01,2027-10-31,2025-08-12,2026-04-27
AST-00926,Switch,BAN-Switch-927,SITE-0062,Bandung,Juniper,JUN-Switch-5147,Maintenance,NusaTel Owned,10 Gbps,2023-10-16,2030-10-14,2025-11-30,2026-02-28
AST-00927,Transmission,BAN-Transmission-928,SITE-0062,Bandung,Cisco,CIS-Transmission-6332,Active,NusaTel Owned,100 Gbps,2019-09-21,2022-09-20,2025-11-19,2026-10-31
AST-00928,Transmission,BAN-Transmission-929,SITE-0062,Bandung,Ericsson,ERI-Transmission-7358,Active,Leased,100 Gbps,2024-06-26,2028-06-25,2025-11-30,2026-09-17
AST-00929,BTS,SUR-BTS-930,SITE-0063,Surabaya,Cisco,CIS-BTS-2746,Active,NusaTel Owned,100 MHz,2024-12-21,2031-12-20,2025-10-05,2026-06-23
AST-00930,BTS,SUR-BTS-931,SITE-0063,Surabaya,Cisco,CIS-BTS-1343,Active,Customer Premises,100 MHz,2019-01-11,2021-01-10,2025-08-05,2026-03-21
AST-00931,BTS,SUR-BTS-932,SITE-0063,Surabaya,Huawei,HUA-BTS-5707,Maintenance,NusaTel Owned,100 MHz,2019-06-02,2021-06-01,2025-09-22,2026-05-26
AST-00932,BTS,SUR-BTS-933,SITE-0063,Surabaya,Cisco,CIS-BTS-9822,Faulty,NusaTel Owned,100 MHz,2023-12-13,2028-12-11,2025-10-29,2026-07-22
AST-00933,OLT,SUR-OLT-934,SITE-0063,Surabaya,Huawei,HUA-OLT-4129,Maintenance,NusaTel Owned,10 Gbps,2019-01-04,2026-01-02,2025-07-10,2026-10-25
AST-00934,OLT,SUR-OLT-935,SITE-0063,Surabaya,ZTE,ZTE-OLT-8123,Active,NusaTel Owned,10 Gbps,2024-02-24,2026-02-23,2025-08-07,2026-01-23
AST-00935,ODP,SUR-ODP-936,SITE-0063,Surabaya,Ericsson,ERI-ODP-8721,Active,NusaTel Owned,1 Gbps,2025-02-22,2032-02-21,2025-11-12,2026-11-05
AST-00936,ODP,SUR-ODP-937,SITE-0063,Surabaya,Ericsson,ERI-ODP-8933,Active,NusaTel Owned,1 Gbps,2025-08-26,2027-08-26,2025-10-16,2026-08-18
AST-00937,ODP,SUR-ODP-938,SITE-0063,Surabaya,Juniper,JUN-ODP-8385,Active,Leased,1 Gbps,2021-01-20,2026-01-19,2025-09-05,2026-01-22
AST-00938,ODP,SUR-ODP-939,SITE-0063,Surabaya,Cisco,CIS-ODP-5278,Active,Leased,1 Gbps,2018-09-22,2025-09-20,2025-10-04,2026-09-12
AST-00939,Router,SUR-Router-940,SITE-0063,Surabaya,Cisco,CIS-Router-3867,Active,NusaTel Owned,40 Gbps,2021-08-30,2027-08-29,2025-09-08,2026-11-03
AST-00940,Router,SUR-Router-941,SITE-0063,Surabaya,Juniper,JUN-Router-2087,Active,NusaTel Owned,40 Gbps,2020-06-11,2022-06-11,2025-12-16,2026-07-02
AST-00941,Switch,SUR-Switch-942,SITE-0063,Surabaya,Juniper,JUN-Switch-2261,Faulty,NusaTel Owned,10 Gbps,2019-07-31,2021-07-30,2025-09-27,2026-02-04
AST-00942,Switch,SUR-Switch-943,SITE-0063,Surabaya,Ericsson,ERI-Switch-7763,Active,NusaTel Owned,10 Gbps,2019-02-07,2026-02-05,2025-12-31,2026-07-21
AST-00943,Transmission,SUR-Transmission-944,SITE-0063,Surabaya,Nokia,NOK-Transmission-7076,Active,NusaTel Owned,100 Gbps,2021-01-19,2028-01-18,2025-10-16,2026-05-23
AST-00944,Transmission,SUR-Transmission-945,SITE-0063,Surabaya,Huawei,HUA-Transmission-2138,Maintenance,NusaTel Owned,100 Gbps,2025-11-06,2031-11-05,2025-11-25,2026-10-19
AST-00945,Transmission,SUR-Transmission-946,SITE-0063,Surabaya,Huawei,HUA-Transmission-6091,Active,NusaTel Owned,100 Gbps,2025-01-29,2030-01-28,2025-10-18,2026-02-16
AST-00946,BTS,MED-BTS-947,SITE-0064,Medan,Ericsson,ERI-BTS-9128,Active,Customer Premises,100 MHz,2021-10-30,2027-10-29,2025-09-06,2026-07-09
AST-00947,BTS,MED-BTS-948,SITE-0064,Medan,ZTE,ZTE-BTS-4289,Maintenance,NusaTel Owned,100 MHz,2019-09-08,2024-09-06,2025-07-20,2026-01-11
AST-00948,OLT,MED-OLT-949,SITE-0064,Medan,Juniper,JUN-OLT-2779,Active,NusaTel Owned,10 Gbps,2017-10-15,2024-10-13,2025-11-18,2026-04-24
AST-00949,OLT,MED-OLT-950,SITE-0064,Medan,ZTE,ZTE-OLT-2810,Active,NusaTel Owned,10 Gbps,2019-08-28,2025-08-26,2025-07-12,2026-06-23
AST-00950,OLT,MED-OLT-951,SITE-0064,Medan,Ericsson,ERI-OLT-4355,Active,NusaTel Owned,10 Gbps,2025-05-13,2030-05-12,2025-11-27,2026-12-09
AST-00951,ODP,MED-ODP-952,SITE-0064,Medan,ZTE,ZTE-ODP-9492,Active,NusaTel Owned,1 Gbps,2023-05-24,2028-05-22,2025-10-31,2026-04-29
AST-00952,ODP,MED-ODP-953,SITE-0064,Medan,Huawei,HUA-ODP-9327,Maintenance,Customer Premises,1 Gbps,2019-04-10,2025-04-08,2025-11-03,2026-06-28
AST-00953,ODP,MED-ODP-954,SITE-0064,Medan,Ericsson,ERI-ODP-3551,Active,NusaTel Owned,1 Gbps,2021-01-11,2026-01-10,2025-07-09,2026-09-08
AST-00954,Router,MED-Router-955,SITE-0064,Medan,Cisco,CIS-Router-4211,Active,NusaTel Owned,40 Gbps,2018-10-31,2025-10-29,2025-09-16,2026-01-21
AST-00955,Router,MED-Router-956,SITE-0064,Medan,ZTE,ZTE-Router-7274,Maintenance,Customer Premises,40 Gbps,2020-05-20,2025-05-19,2025-09-26,2026-02-10
AST-00956,Router,MED-Router-957,SITE-0064,Medan,Huawei,HUA-Router-7661,Active,NusaTel Owned,40 Gbps,2021-02-06,2026-02-05,2025-07-14,2026-03-22
AST-00957,Switch,MED-Switch-958,SITE-0064,Medan,Huawei,HUA-Switch-9023,Active,Customer Premises,10 Gbps,2024-09-28,2030-09-27,2025-08-27,2026-05-05
AST-00958,Switch,MED-Switch-959,SITE-0064,Medan,Nokia,NOK-Switch-3762,Active,NusaTel Owned,10 Gbps,2022-01-12,2026-01-11,2025-09-07,2026-06-27
AST-00959,Transmission,MED-Transmission-960,SITE-0064,Medan,Ericsson,ERI-Transmission-6787,Active,NusaTel Owned,100 Gbps,2021-03-27,2027-03-26,2025-11-19,2026-10-16
AST-00960,BTS,MAK-BTS-961,SITE-0065,Makassar,Ericsson,ERI-BTS-1506,Active,NusaTel Owned,100 MHz,2020-08-24,2024-08-23,2025-12-05,2026-09-27
AST-00961,BTS,MAK-BTS-962,SITE-0065,Makassar,Juniper,JUN-BTS-2703,Active,NusaTel Owned,100 MHz,2021-04-08,2025-04-07,2025-07-17,2026-06-19
AST-00962,BTS,MAK-BTS-963,SITE-0065,Makassar,Juniper,JUN-BTS-5332,Active,NusaTel Owned,100 MHz,2025-09-03,2029-09-02,2025-12-01,2026-08-18
AST-00963,OLT,MAK-OLT-964,SITE-0065,Makassar,Juniper,JUN-OLT-3324,Active,NusaTel Owned,10 Gbps,2018-05-17,2021-05-16,2025-08-12,2026-01-03
AST-00964,OLT,MAK-OLT-965,SITE-0065,Makassar,Juniper,JUN-OLT-4328,Active,NusaTel Owned,10 Gbps,2023-08-05,2026-08-04,2025-08-10,2026-12-05
AST-00965,OLT,MAK-OLT-966,SITE-0065,Makassar,Huawei,HUA-OLT-5894,Active,NusaTel Owned,10 Gbps,2024-12-05,2027-12-05,2025-08-14,2026-03-15
AST-00966,OLT,MAK-OLT-967,SITE-0065,Makassar,Ericsson,ERI-OLT-4517,Maintenance,NusaTel Owned,10 Gbps,2025-07-09,2027-07-09,2025-09-22,2026-01-20
AST-00967,ODP,MAK-ODP-968,SITE-0065,Makassar,Ericsson,ERI-ODP-3015,Active,NusaTel Owned,1 Gbps,2025-07-11,2029-07-10,2025-11-19,2026-05-22
AST-00968,ODP,MAK-ODP-969,SITE-0065,Makassar,ZTE,ZTE-ODP-1398,Active,NusaTel Owned,1 Gbps,2023-03-02,2025-03-01,2025-12-17,2026-05-29
AST-00969,ODP,MAK-ODP-970,SITE-0065,Makassar,Ericsson,ERI-ODP-3211,Active,NusaTel Owned,1 Gbps,2023-11-13,2027-11-12,2025-11-24,2026-09-08
AST-00970,Router,MAK-Router-971,SITE-0065,Makassar,Ericsson,ERI-Router-5571,Active,Customer Premises,40 Gbps,2018-11-14,2024-11-12,2025-08-01,2026-02-08
AST-00971,Switch,MAK-Switch-972,SITE-0065,Makassar,Juniper,JUN-Switch-6870,Active,NusaTel Owned,10 Gbps,2018-03-20,2021-03-19,2025-09-05,2026-10-22
AST-00972,Transmission,MAK-Transmission-973,SITE-0065,Makassar,Cisco,CIS-Transmission-7736,Active,NusaTel Owned,100 Gbps,2022-05-01,2029-04-29,2025-11-14,2026-03-09
AST-00973,BTS,SEM-BTS-974,SITE-0066,Semarang,Ericsson,ERI-BTS-4182,Active,NusaTel Owned,100 MHz,2018-06-01,2020-05-31,2025-11-13,2026-12-07
AST-00974,BTS,SEM-BTS-975,SITE-0066,Semarang,Juniper,JUN-BTS-7274,Active,NusaTel Owned,100 MHz,2023-02-14,2029-02-12,2025-07-26,2026-01-19
AST-00975,BTS,SEM-BTS-976,SITE-0066,Semarang,Cisco,CIS-BTS-6210,Decommissioned,Leased,100 MHz,2024-08-04,2026-08-04,2025-10-25,2026-02-27
AST-00976,OLT,SEM-OLT-977,SITE-0066,Semarang,Juniper,JUN-OLT-1265,Active,NusaTel Owned,10 Gbps,2019-11-06,2022-11-05,2025-10-30,2026-09-28
AST-00977,OLT,SEM-OLT-978,SITE-0066,Semarang,Huawei,HUA-OLT-9522,Decommissioned,NusaTel Owned,10 Gbps,2023-07-21,2027-07-20,2025-09-24,2026-06-05
AST-00978,OLT,SEM-OLT-979,SITE-0066,Semarang,Cisco,CIS-OLT-8921,Active,NusaTel Owned,10 Gbps,2024-05-30,2027-05-30,2025-10-05,2026-08-25
AST-00979,OLT,SEM-OLT-980,SITE-0066,Semarang,ZTE,ZTE-OLT-9414,Active,Leased,10 Gbps,2025-11-28,2029-11-27,2025-09-17,2026-09-28
AST-00980,ODP,SEM-ODP-981,SITE-0066,Semarang,Huawei,HUA-ODP-3941,Active,NusaTel Owned,1 Gbps,2024-10-06,2029-10-05,2025-08-16,2026-07-23
AST-00981,ODP,SEM-ODP-982,SITE-0066,Semarang,ZTE,ZTE-ODP-7869,Active,NusaTel Owned,1 Gbps,2022-01-18,2024-01-18,2025-12-24,2026-07-05
AST-00982,ODP,SEM-ODP-983,SITE-0066,Semarang,ZTE,ZTE-ODP-7116,Active,NusaTel Owned,1 Gbps,2018-03-27,2025-03-25,2025-11-18,2026-04-02
AST-00983,ODP,SEM-ODP-984,SITE-0066,Semarang,ZTE,ZTE-ODP-6103,Active,NusaTel Owned,1 Gbps,2024-05-18,2030-05-17,2025-09-13,2026-05-05
AST-00984,Router,SEM-Router-985,SITE-0066,Semarang,Huawei,HUA-Router-6259,Active,NusaTel Owned,40 Gbps,2024-02-18,2031-02-16,2025-09-22,2026-03-03
AST-00985,Router,SEM-Router-986,SITE-0066,Semarang,Nokia,NOK-Router-8713,Active,NusaTel Owned,40 Gbps,2018-12-11,2020-12-10,2025-08-11,2026-10-21
AST-00986,Switch,SEM-Switch-987,SITE-0066,Semarang,Ericsson,ERI-Switch-9606,Active,Leased,10 Gbps,2020-05-26,2025-05-25,2025-08-07,2026-09-19
AST-00987,Transmission,SEM-Transmission-988,SITE-0066,Semarang,Nokia,NOK-Transmission-2463,Active,NusaTel Owned,100 Gbps,2021-04-03,2025-04-02,2025-07-21,2026-05-17
AST-00988,BTS,YOG-BTS-989,SITE-0067,Yogyakarta,Juniper,JUN-BTS-3204,Active,NusaTel Owned,100 MHz,2019-04-06,2022-04-05,2025-12-25,2026-01-22
AST-00989,OLT,YOG-OLT-990,SITE-0067,Yogyakarta,Nokia,NOK-OLT-8811,Faulty,NusaTel Owned,10 Gbps,2021-07-14,2024-07-13,2025-10-24,2026-03-09
AST-00990,OLT,YOG-OLT-991,SITE-0067,Yogyakarta,Cisco,CIS-OLT-4279,Active,Partner,10 Gbps,2024-02-24,2031-02-22,2025-12-15,2026-04-06
AST-00991,OLT,YOG-OLT-992,SITE-0067,Yogyakarta,Nokia,NOK-OLT-6289,Active,NusaTel Owned,10 Gbps,2021-04-19,2024-04-18,2025-08-21,2026-12-30
AST-00992,ODP,YOG-ODP-993,SITE-0067,Yogyakarta,Cisco,CIS-ODP-1196,Active,NusaTel Owned,1 Gbps,2024-10-16,2026-10-16,2025-10-09,2026-11-09
AST-00993,ODP,YOG-ODP-994,SITE-0067,Yogyakarta,Nokia,NOK-ODP-2699,Active,Leased,1 Gbps,2021-12-02,2024-12-01,2025-12-31,2026-01-11
AST-00994,ODP,YOG-ODP-995,SITE-0067,Yogyakarta,Juniper,JUN-ODP-9830,Active,Leased,1 Gbps,2020-09-02,2026-09-01,2025-08-11,2026-02-18
AST-00995,ODP,YOG-ODP-996,SITE-0067,Yogyakarta,Huawei,HUA-ODP-2266,Active,Leased,1 Gbps,2022-07-15,2027-07-14,2025-11-22,2026-04-23
AST-00996,Router,YOG-Router-997,SITE-0067,Yogyakarta,Cisco,CIS-Router-3640,Active,Customer Premises,40 Gbps,2024-10-25,2031-10-24,2025-11-02,2026-09-19
AST-00997,Router,YOG-Router-998,SITE-0067,Yogyakarta,Cisco,CIS-Router-9863,Maintenance,NusaTel Owned,40 Gbps,2022-06-19,2028-06-17,2025-08-04,2026-08-08
AST-00998,Router,YOG-Router-999,SITE-0067,Yogyakarta,Huawei,HUA-Router-2587,Maintenance,Customer Premises,40 Gbps,2023-10-23,2027-10-22,2025-11-09,2026-06-27
AST-00999,Router,YOG-Router-1000,SITE-0067,Yogyakarta,Cisco,CIS-Router-5100,Active,Partner,40 Gbps,2024-07-02,2026-07-02,2025-10-22,2026-09-02
AST-01000,Switch,YOG-Switch-1001,SITE-0067,Yogyakarta,Huawei,HUA-Switch-7903,Active,Leased,10 Gbps,2024-05-31,2031-05-30,2025-07-21,2026-01-28
AST-01001,Switch,YOG-Switch-1002,SITE-0067,Yogyakarta,Cisco,CIS-Switch-5782,Active,Leased,10 Gbps,2020-04-08,2024-04-07,2025-08-02,2026-08-05
AST-01002,Transmission,YOG-Transmission-1003,SITE-0067,Yogyakarta,Juniper,JUN-Transmission-9798,Maintenance,NusaTel Owned,100 Gbps,2021-07-08,2024-07-07,2025-09-10,2026-08-08
AST-01003,Transmission,YOG-Transmission-1004,SITE-0067,Yogyakarta,ZTE,ZTE-Transmission-6988,Active,NusaTel Owned,100 Gbps,2021-04-20,2024-04-19,2025-11-05,2026-03-25
AST-01004,BTS,DEN-BTS-1005,SITE-0068,Denpasar,Juniper,JUN-BTS-3005,Active,NusaTel Owned,100 MHz,2019-05-13,2024-05-11,2025-12-01,2026-02-17
AST-01005,BTS,DEN-BTS-1006,SITE-0068,Denpasar,Juniper,JUN-BTS-3341,Active,NusaTel Owned,100 MHz,2022-11-12,2028-11-10,2025-08-23,2026-03-08
AST-01006,BTS,DEN-BTS-1007,SITE-0068,Denpasar,ZTE,ZTE-BTS-8469,Active,Leased,100 MHz,2021-03-07,2026-03-06,2025-07-18,2026-10-10
AST-01007,BTS,DEN-BTS-1008,SITE-0068,Denpasar,Ericsson,ERI-BTS-9870,Active,NusaTel Owned,100 MHz,2020-05-10,2024-05-09,2025-12-16,2026-08-19
AST-01008,OLT,DEN-OLT-1009,SITE-0068,Denpasar,Ericsson,ERI-OLT-4187,Active,Leased,10 Gbps,2023-11-23,2026-11-22,2025-08-09,2026-06-21
AST-01009,OLT,DEN-OLT-1010,SITE-0068,Denpasar,Juniper,JUN-OLT-7860,Active,NusaTel Owned,10 Gbps,2020-06-15,2026-06-14,2025-09-01,2026-08-04
AST-01010,OLT,DEN-OLT-1011,SITE-0068,Denpasar,Huawei,HUA-OLT-3052,Active,Leased,10 Gbps,2021-12-11,2023-12-11,2025-07-30,2026-01-04
AST-01011,ODP,DEN-ODP-1012,SITE-0068,Denpasar,Cisco,CIS-ODP-7806,Active,Leased,1 Gbps,2020-08-23,2026-08-22,2025-11-01,2026-07-18
AST-01012,ODP,DEN-ODP-1013,SITE-0068,Denpasar,Cisco,CIS-ODP-9561,Active,NusaTel Owned,1 Gbps,2023-02-16,2026-02-15,2025-07-18,2026-04-23
AST-01013,ODP,DEN-ODP-1014,SITE-0068,Denpasar,Cisco,CIS-ODP-6718,Active,NusaTel Owned,1 Gbps,2021-02-28,2028-02-27,2025-09-11,2026-04-05
AST-01014,ODP,DEN-ODP-1015,SITE-0068,Denpasar,Nokia,NOK-ODP-7921,Active,Leased,1 Gbps,2018-03-23,2025-03-21,2025-12-04,2026-04-19
AST-01015,Router,DEN-Router-1016,SITE-0068,Denpasar,Juniper,JUN-Router-5360,Active,Customer Premises,40 Gbps,2020-06-26,2024-06-25,2025-08-10,2026-11-04
AST-01016,Router,DEN-Router-1017,SITE-0068,Denpasar,ZTE,ZTE-Router-4274,Active,Leased,40 Gbps,2024-11-28,2029-11-27,2025-07-13,2026-12-01
AST-01017,Router,DEN-Router-1018,SITE-0068,Denpasar,Ericsson,ERI-Router-6176,Active,Partner,40 Gbps,2017-11-25,2020-11-24,2025-09-11,2026-10-15
AST-01018,Router,DEN-Router-1019,SITE-0068,Denpasar,Cisco,CIS-Router-7008,Active,NusaTel Owned,40 Gbps,2023-05-04,2030-05-02,2025-10-30,2027-01-01
AST-01019,Switch,DEN-Switch-1020,SITE-0068,Denpasar,Huawei,HUA-Switch-5192,Active,NusaTel Owned,10 Gbps,2023-01-19,2028-01-18,2025-09-07,2026-03-26
AST-01020,Switch,DEN-Switch-1021,SITE-0068,Denpasar,Ericsson,ERI-Switch-9700,Maintenance,NusaTel Owned,10 Gbps,2023-04-05,2029-04-03,2025-09-11,2026-05-18
AST-01021,Transmission,DEN-Transmission-1022,SITE-0068,Denpasar,Cisco,CIS-Transmission-5935,Active,NusaTel Owned,100 Gbps,2020-07-05,2026-07-04,2025-08-20,2026-11-19
AST-01022,Transmission,DEN-Transmission-1023,SITE-0068,Denpasar,Nokia,NOK-Transmission-6930,Active,Leased,100 Gbps,2025-08-26,2027-08-26,2025-10-05,2026-12-24
AST-01023,Transmission,DEN-Transmission-1024,SITE-0068,Denpasar,ZTE,ZTE-Transmission-7509,Active,NusaTel Owned,100 Gbps,2022-10-08,2028-10-06,2025-10-13,2026-12-17
AST-01024,BTS,PAL-BTS-1025,SITE-0069,Palembang,Juniper,JUN-BTS-4967,Active,NusaTel Owned,100 MHz,2019-01-06,2023-01-05,2025-11-19,2026-11-05
AST-01025,OLT,PAL-OLT-1026,SITE-0069,Palembang,Nokia,NOK-OLT-3204,Active,NusaTel Owned,10 Gbps,2021-01-02,2028-01-01,2025-07-10,2026-01-11
AST-01026,ODP,PAL-ODP-1027,SITE-0069,Palembang,Juniper,JUN-ODP-1187,Active,NusaTel Owned,1 Gbps,2019-11-29,2024-11-27,2025-08-04,2026-04-30
AST-01027,ODP,PAL-ODP-1028,SITE-0069,Palembang,Huawei,HUA-ODP-3819,Active,NusaTel Owned,1 Gbps,2025-09-06,2030-09-05,2025-10-24,2026-06-11
AST-01028,ODP,PAL-ODP-1029,SITE-0069,Palembang,Cisco,CIS-ODP-5542,Active,NusaTel Owned,1 Gbps,2023-03-01,2027-02-28,2025-11-13,2026-09-30
AST-01029,Router,PAL-Router-1030,SITE-0069,Palembang,Juniper,JUN-Router-6273,Maintenance,NusaTel Owned,40 Gbps,2025-11-29,2029-11-28,2025-10-09,2026-11-15
AST-01030,Switch,PAL-Switch-1031,SITE-0069,Palembang,Huawei,HUA-Switch-7254,Active,Customer Premises,10 Gbps,2025-03-30,2032-03-28,2025-08-31,2026-03-20
AST-01031,Switch,PAL-Switch-1032,SITE-0069,Palembang,Nokia,NOK-Switch-4130,Active,Leased,10 Gbps,2018-08-27,2021-08-26,2025-12-29,2026-04-17
AST-01032,Switch,PAL-Switch-1033,SITE-0069,Palembang,Ericsson,ERI-Switch-1782,Active,Leased,10 Gbps,2021-04-16,2027-04-15,2025-12-23,2026-05-18
AST-01033,Switch,PAL-Switch-1034,SITE-0069,Palembang,Huawei,HUA-Switch-4063,Maintenance,NusaTel Owned,10 Gbps,2025-05-12,2028-05-11,2025-09-10,2026-10-22
AST-01034,Transmission,PAL-Transmission-1035,SITE-0069,Palembang,Cisco,CIS-Transmission-5323,Active,NusaTel Owned,100 Gbps,2019-08-03,2026-08-01,2025-12-12,2026-01-05
AST-01035,BTS,BAL-BTS-1036,SITE-0070,Balikpapan,Huawei,HUA-BTS-6249,Active,NusaTel Owned,100 MHz,2020-12-24,2023-12-24,2025-12-19,2026-06-08
AST-01036,BTS,BAL-BTS-1037,SITE-0070,Balikpapan,Juniper,JUN-BTS-9849,Faulty,NusaTel Owned,100 MHz,2022-03-02,2028-02-29,2025-10-20,2026-11-28
AST-01037,BTS,BAL-BTS-1038,SITE-0070,Balikpapan,Juniper,JUN-BTS-2665,Maintenance,NusaTel Owned,100 MHz,2025-03-10,2030-03-09,2025-08-16,2026-05-04
AST-01038,OLT,BAL-OLT-1039,SITE-0070,Balikpapan,Ericsson,ERI-OLT-6186,Active,NusaTel Owned,10 Gbps,2021-10-15,2026-10-14,2025-12-02,2026-06-02
AST-01039,OLT,BAL-OLT-1040,SITE-0070,Balikpapan,Nokia,NOK-OLT-8461,Active,Leased,10 Gbps,2019-09-14,2024-09-12,2025-08-08,2026-11-27
AST-01040,ODP,BAL-ODP-1041,SITE-0070,Balikpapan,Ericsson,ERI-ODP-1728,Active,NusaTel Owned,1 Gbps,2019-10-02,2022-10-01,2025-12-20,2026-10-01
AST-01041,ODP,BAL-ODP-1042,SITE-0070,Balikpapan,ZTE,ZTE-ODP-5439,Active,NusaTel Owned,1 Gbps,2024-02-07,2029-02-05,2025-08-17,2026-04-13
AST-01042,ODP,BAL-ODP-1043,SITE-0070,Balikpapan,Cisco,CIS-ODP-6863,Maintenance,Leased,1 Gbps,2021-09-03,2024-09-02,2025-08-06,2026-09-25
AST-01043,ODP,BAL-ODP-1044,SITE-0070,Balikpapan,Nokia,NOK-ODP-2040,Active,NusaTel Owned,1 Gbps,2019-06-21,2023-06-20,2025-07-16,2026-09-02
AST-01044,Router,BAL-Router-1045,SITE-0070,Balikpapan,Cisco,CIS-Router-6699,Maintenance,NusaTel Owned,40 Gbps,2021-06-20,2027-06-19,2025-12-23,2026-07-14
AST-01045,Router,BAL-Router-1046,SITE-0070,Balikpapan,Juniper,JUN-Router-1987,Active,NusaTel Owned,40 Gbps,2021-07-14,2027-07-13,2025-09-18,2026-06-10
AST-01046,Router,BAL-Router-1047,SITE-0070,Balikpapan,Ericsson,ERI-Router-5552,Active,NusaTel Owned,40 Gbps,2023-12-06,2030-12-04,2025-12-25,2026-04-03
AST-01047,Switch,BAL-Switch-1048,SITE-0070,Balikpapan,Juniper,JUN-Switch-5125,Active,NusaTel Owned,10 Gbps,2019-11-27,2021-11-26,2025-09-14,2026-08-17
AST-01048,Switch,BAL-Switch-1049,SITE-0070,Balikpapan,ZTE,ZTE-Switch-8236,Active,NusaTel Owned,10 Gbps,2019-02-11,2025-02-09,2025-12-28,2026-01-31
AST-01049,Switch,BAL-Switch-1050,SITE-0070,Balikpapan,Ericsson,ERI-Switch-1569,Active,Leased,10 Gbps,2022-12-30,2026-12-29,2025-12-14,2026-11-01
AST-01050,Switch,BAL-Switch-1051,SITE-0070,Balikpapan,ZTE,ZTE-Switch-3599,Active,NusaTel Owned,10 Gbps,2019-05-03,2024-05-01,2025-10-12,2026-11-10
AST-01051,Transmission,BAL-Transmission-1052,SITE-0070,Balikpapan,ZTE,ZTE-Transmission-2089,Active,NusaTel Owned,100 Gbps,2018-02-14,2020-02-14,2025-10-24,2026-12-21
AST-01052,Transmission,BAL-Transmission-1053,SITE-0070,Balikpapan,Ericsson,ERI-Transmission-1574,Active,Customer Premises,100 Gbps,2025-08-31,2031-08-30,2025-12-29,2026-12-25
AST-01053,Transmission,BAL-Transmission-1054,SITE-0070,Balikpapan,Cisco,CIS-Transmission-4117,Active,NusaTel Owned,100 Gbps,2019-03-03,2024-03-01,2025-10-14,2026-11-14
AST-01054,Transmission,BAL-Transmission-1055,SITE-0070,Balikpapan,ZTE,ZTE-Transmission-6829,Active,NusaTel Owned,100 Gbps,2017-12-31,2020-12-30,2025-11-05,2026-10-18
AST-01055,BTS,JAK-BTS-1056,SITE-0071,Jakarta,Ericsson,ERI-BTS-6835,Active,NusaTel Owned,100 MHz,2022-08-05,2029-08-03,2025-08-26,2026-10-01
AST-01056,BTS,JAK-BTS-1057,SITE-0071,Jakarta,Juniper,JUN-BTS-9490,Faulty,NusaTel Owned,100 MHz,2022-02-20,2028-02-19,2025-10-10,2026-04-07
AST-01057,BTS,JAK-BTS-1058,SITE-0071,Jakarta,Huawei,HUA-BTS-8032,Active,NusaTel Owned,100 MHz,2020-06-03,2022-06-03,2025-12-16,2026-07-07
AST-01058,OLT,JAK-OLT-1059,SITE-0071,Jakarta,Ericsson,ERI-OLT-6148,Active,NusaTel Owned,10 Gbps,2018-12-31,2021-12-30,2025-07-26,2026-01-23
AST-01059,ODP,JAK-ODP-1060,SITE-0071,Jakarta,Cisco,CIS-ODP-3329,Active,Leased,1 Gbps,2022-12-09,2025-12-08,2025-07-25,2026-05-05
AST-01060,Router,JAK-Router-1061,SITE-0071,Jakarta,Juniper,JUN-Router-7894,Active,NusaTel Owned,40 Gbps,2023-06-21,2028-06-19,2025-07-09,2026-09-11
AST-01061,Router,JAK-Router-1062,SITE-0071,Jakarta,Cisco,CIS-Router-1393,Active,NusaTel Owned,40 Gbps,2023-02-25,2026-02-24,2025-11-30,2026-03-10
AST-01062,Router,JAK-Router-1063,SITE-0071,Jakarta,Nokia,NOK-Router-4306,Active,NusaTel Owned,40 Gbps,2022-11-15,2029-11-13,2025-11-02,2026-03-23
AST-01063,Switch,JAK-Switch-1064,SITE-0071,Jakarta,Juniper,JUN-Switch-9197,Active,NusaTel Owned,10 Gbps,2023-09-15,2027-09-14,2025-11-16,2026-07-07
AST-01064,Switch,JAK-Switch-1065,SITE-0071,Jakarta,Juniper,JUN-Switch-9717,Active,NusaTel Owned,10 Gbps,2018-06-07,2024-06-05,2025-07-08,2026-12-19
AST-01065,Switch,JAK-Switch-1066,SITE-0071,Jakarta,Cisco,CIS-Switch-8202,Active,NusaTel Owned,10 Gbps,2021-12-10,2024-12-09,2025-12-23,2026-06-13
AST-01066,Switch,JAK-Switch-1067,SITE-0071,Jakarta,Nokia,NOK-Switch-9741,Faulty,NusaTel Owned,10 Gbps,2025-11-24,2032-11-22,2025-08-20,2026-06-04
AST-01067,Transmission,JAK-Transmission-1068,SITE-0071,Jakarta,Nokia,NOK-Transmission-2319,Active,NusaTel Owned,100 Gbps,2024-06-30,2027-06-30,2025-07-19,2026-10-05
AST-01068,BTS,BAN-BTS-1069,SITE-0072,Bandung,Juniper,JUN-BTS-6779,Active,NusaTel Owned,100 MHz,2020-03-09,2027-03-08,2025-10-11,2026-04-16
AST-01069,OLT,BAN-OLT-1070,SITE-0072,Bandung,Ericsson,ERI-OLT-1997,Active,Partner,10 Gbps,2025-07-28,2028-07-27,2025-07-19,2026-07-27
AST-01070,OLT,BAN-OLT-1071,SITE-0072,Bandung,Cisco,CIS-OLT-7763,Active,NusaTel Owned,10 Gbps,2019-11-15,2025-11-13,2025-09-08,2026-11-02
AST-01071,ODP,BAN-ODP-1072,SITE-0072,Bandung,Ericsson,ERI-ODP-7208,Active,NusaTel Owned,1 Gbps,2022-06-10,2029-06-08,2025-09-14,2026-02-24
AST-01072,ODP,BAN-ODP-1073,SITE-0072,Bandung,Juniper,JUN-ODP-1266,Faulty,NusaTel Owned,1 Gbps,2020-10-21,2027-10-20,2025-08-15,2026-10-20
AST-01073,Router,BAN-Router-1074,SITE-0072,Bandung,Huawei,HUA-Router-4173,Active,NusaTel Owned,40 Gbps,2023-01-31,2028-01-30,2025-08-19,2026-07-19
AST-01074,Router,BAN-Router-1075,SITE-0072,Bandung,Huawei,HUA-Router-3847,Active,Partner,40 Gbps,2021-08-06,2026-08-05,2025-10-10,2026-10-25
AST-01075,Router,BAN-Router-1076,SITE-0072,Bandung,ZTE,ZTE-Router-5600,Active,NusaTel Owned,40 Gbps,2017-11-12,2024-11-10,2025-11-24,2026-07-19
AST-01076,Switch,BAN-Switch-1077,SITE-0072,Bandung,Nokia,NOK-Switch-8882,Active,Leased,10 Gbps,2025-10-14,2031-10-13,2025-11-24,2026-06-01
AST-01077,Transmission,BAN-Transmission-1078,SITE-0072,Bandung,ZTE,ZTE-Transmission-8678,Active,NusaTel Owned,100 Gbps,2020-06-12,2027-06-11,2025-12-05,2026-03-13
AST-01078,Transmission,BAN-Transmission-1079,SITE-0072,Bandung,Ericsson,ERI-Transmission-7996,Active,NusaTel Owned,100 Gbps,2020-11-02,2023-11-02,2025-08-23,2026-06-02
AST-01079,Transmission,BAN-Transmission-1080,SITE-0072,Bandung,Ericsson,ERI-Transmission-8205,Active,NusaTel Owned,100 Gbps,2023-05-25,2030-05-23,2025-11-05,2026-11-10
AST-01080,Transmission,BAN-Transmission-1081,SITE-0072,Bandung,Cisco,CIS-Transmission-4184,Active,Leased,100 Gbps,2025-03-01,2027-03-01,2025-12-09,2026-04-28
AST-01081,BTS,SUR-BTS-1082,SITE-0073,Surabaya,Cisco,CIS-BTS-7879,Maintenance,NusaTel Owned,100 MHz,2023-09-04,2030-09-02,2025-11-02,2026-02-26
AST-01082,BTS,SUR-BTS-1083,SITE-0073,Surabaya,Juniper,JUN-BTS-2309,Active,NusaTel Owned,100 MHz,2021-05-22,2027-05-21,2025-08-13,2026-07-24
AST-01083,BTS,SUR-BTS-1084,SITE-0073,Surabaya,Ericsson,ERI-BTS-9232,Active,Customer Premises,100 MHz,2021-03-27,2025-03-26,2025-07-08,2026-12-17
AST-01084,OLT,SUR-OLT-1085,SITE-0073,Surabaya,Nokia,NOK-OLT-5302,Active,NusaTel Owned,10 Gbps,2020-10-13,2027-10-12,2025-08-22,2026-08-30
AST-01085,OLT,SUR-OLT-1086,SITE-0073,Surabaya,Juniper,JUN-OLT-5753,Maintenance,Leased,10 Gbps,2020-06-25,2022-06-25,2025-09-26,2026-03-19
AST-01086,ODP,SUR-ODP-1087,SITE-0073,Surabaya,ZTE,ZTE-ODP-4639,Active,NusaTel Owned,1 Gbps,2023-02-02,2030-01-31,2025-07-23,2026-08-14
AST-01087,ODP,SUR-ODP-1088,SITE-0073,Surabaya,Cisco,CIS-ODP-3715,Active,NusaTel Owned,1 Gbps,2025-10-26,2031-10-25,2025-10-01,2026-04-06
AST-01088,ODP,SUR-ODP-1089,SITE-0073,Surabaya,Cisco,CIS-ODP-3026,Active,NusaTel Owned,1 Gbps,2023-10-14,2025-10-13,2025-08-07,2026-12-31
AST-01089,Router,SUR-Router-1090,SITE-0073,Surabaya,Nokia,NOK-Router-8918,Active,NusaTel Owned,40 Gbps,2023-12-25,2025-12-24,2025-11-24,2026-05-09
AST-01090,Router,SUR-Router-1091,SITE-0073,Surabaya,Juniper,JUN-Router-5312,Maintenance,NusaTel Owned,40 Gbps,2021-04-25,2025-04-24,2025-10-21,2026-11-25
AST-01091,Router,SUR-Router-1092,SITE-0073,Surabaya,Huawei,HUA-Router-6140,Active,NusaTel Owned,40 Gbps,2019-12-23,2024-12-21,2025-09-11,2026-12-30
AST-01092,Router,SUR-Router-1093,SITE-0073,Surabaya,Huawei,HUA-Router-9460,Active,Leased,40 Gbps,2020-05-16,2022-05-16,2025-08-14,2026-10-28
AST-01093,Switch,SUR-Switch-1094,SITE-0073,Surabaya,Ericsson,ERI-Switch-5270,Maintenance,NusaTel Owned,10 Gbps,2020-09-11,2024-09-10,2025-12-20,2026-06-24
AST-01094,Switch,SUR-Switch-1095,SITE-0073,Surabaya,Cisco,CIS-Switch-6687,Active,NusaTel Owned,10 Gbps,2024-01-05,2029-01-03,2025-10-22,2026-11-14
AST-01095,Switch,SUR-Switch-1096,SITE-0073,Surabaya,ZTE,ZTE-Switch-8519,Active,NusaTel Owned,10 Gbps,2023-04-05,2028-04-03,2025-10-28,2026-10-25
AST-01096,Switch,SUR-Switch-1097,SITE-0073,Surabaya,Cisco,CIS-Switch-2473,Active,NusaTel Owned,10 Gbps,2021-07-29,2026-07-28,2025-12-13,2026-10-29
AST-01097,Transmission,SUR-Transmission-1098,SITE-0073,Surabaya,Juniper,JUN-Transmission-8668,Active,Partner,100 Gbps,2024-08-21,2031-08-20,2025-08-29,2026-02-07
AST-01098,Transmission,SUR-Transmission-1099,SITE-0073,Surabaya,Juniper,JUN-Transmission-4971,Active,NusaTel Owned,100 Gbps,2022-01-20,2028-01-19,2025-09-05,2026-06-02
AST-01099,Transmission,SUR-Transmission-1100,SITE-0073,Surabaya,ZTE,ZTE-Transmission-6948,Active,NusaTel Owned,100 Gbps,2024-08-30,2028-08-29,2025-11-14,2026-03-07
AST-01100,BTS,MED-BTS-1101,SITE-0074,Medan,Huawei,HUA-BTS-8391,Active,NusaTel Owned,100 MHz,2025-02-05,2032-02-04,2025-08-08,2026-04-13
AST-01101,BTS,MED-BTS-1102,SITE-0074,Medan,ZTE,ZTE-BTS-7077,Active,Partner,100 MHz,2019-06-16,2025-06-14,2025-09-26,2026-11-03
AST-01102,BTS,MED-BTS-1103,SITE-0074,Medan,Juniper,JUN-BTS-5164,Active,Customer Premises,100 MHz,2021-03-28,2025-03-27,2025-07-19,2026-04-25
AST-01103,OLT,MED-OLT-1104,SITE-0074,Medan,Cisco,CIS-OLT-1418,Active,Leased,10 Gbps,2022-10-11,2025-10-10,2025-11-25,2026-08-27
AST-01104,OLT,MED-OLT-1105,SITE-0074,Medan,Juniper,JUN-OLT-2903,Faulty,NusaTel Owned,10 Gbps,2025-04-20,2027-04-20,2025-08-09,2026-11-20
AST-01105,ODP,MED-ODP-1106,SITE-0074,Medan,Nokia,NOK-ODP-9249,Faulty,NusaTel Owned,1 Gbps,2019-12-14,2025-12-12,2025-08-10,2026-02-14
AST-01106,ODP,MED-ODP-1107,SITE-0074,Medan,Huawei,HUA-ODP-6178,Maintenance,NusaTel Owned,1 Gbps,2023-03-26,2026-03-25,2025-09-30,2026-11-13
AST-01107,ODP,MED-ODP-1108,SITE-0074,Medan,Ericsson,ERI-ODP-8314,Faulty,NusaTel Owned,1 Gbps,2024-05-03,2030-05-02,2025-08-16,2026-06-07
AST-01108,ODP,MED-ODP-1109,SITE-0074,Medan,Cisco,CIS-ODP-7678,Active,NusaTel Owned,1 Gbps,2025-01-09,2031-01-08,2025-09-05,2026-11-06
AST-01109,Router,MED-Router-1110,SITE-0074,Medan,Juniper,JUN-Router-7539,Active,NusaTel Owned,40 Gbps,2019-05-29,2026-05-27,2025-10-28,2026-02-01
AST-01110,Router,MED-Router-1111,SITE-0074,Medan,Nokia,NOK-Router-8613,Active,NusaTel Owned,40 Gbps,2020-02-11,2027-02-09,2025-07-10,2026-06-27
AST-01111,Router,MED-Router-1112,SITE-0074,Medan,Juniper,JUN-Router-9334,Maintenance,NusaTel Owned,40 Gbps,2018-07-07,2021-07-06,2025-11-23,2026-05-10
AST-01112,Switch,MED-Switch-1113,SITE-0074,Medan,Juniper,JUN-Switch-6130,Active,NusaTel Owned,10 Gbps,2019-05-17,2025-05-15,2025-10-19,2026-04-18
AST-01113,Switch,MED-Switch-1114,SITE-0074,Medan,Cisco,CIS-Switch-4015,Active,Leased,10 Gbps,2022-01-04,2025-01-03,2025-10-15,2026-12-25
AST-01114,Switch,MED-Switch-1115,SITE-0074,Medan,Nokia,NOK-Switch-4669,Active,NusaTel Owned,10 Gbps,2024-10-20,2031-10-19,2025-12-15,2026-01-24
AST-01115,Transmission,MED-Transmission-1116,SITE-0074,Medan,Nokia,NOK-Transmission-4156,Active,NusaTel Owned,100 Gbps,2024-04-20,2028-04-19,2025-12-27,2026-05-29
AST-01116,Transmission,MED-Transmission-1117,SITE-0074,Medan,Huawei,HUA-Transmission-9016,Active,NusaTel Owned,100 Gbps,2023-06-01,2028-05-30,2025-09-18,2026-07-14
AST-01117,Transmission,MED-Transmission-1118,SITE-0074,Medan,Cisco,CIS-Transmission-8270,Active,Leased,100 Gbps,2019-10-19,2026-10-17,2025-11-21,2026-01-03
AST-01118,BTS,MAK-BTS-1119,SITE-0075,Makassar,Ericsson,ERI-BTS-4855,Active,NusaTel Owned,100 MHz,2022-05-30,2029-05-28,2025-11-25,2026-10-14
AST-01119,OLT,MAK-OLT-1120,SITE-0075,Makassar,Ericsson,ERI-OLT-6659,Active,NusaTel Owned,10 Gbps,2023-08-27,2025-08-26,2025-12-18,2026-04-08
AST-01120,OLT,MAK-OLT-1121,SITE-0075,Makassar,Cisco,CIS-OLT-2595,Active,NusaTel Owned,10 Gbps,2020-07-29,2025-07-28,2025-11-15,2026-12-19
AST-01121,OLT,MAK-OLT-1122,SITE-0075,Makassar,Juniper,JUN-OLT-1211,Active,NusaTel Owned,10 Gbps,2023-04-20,2026-04-19,2025-09-20,2026-10-10
AST-01122,OLT,MAK-OLT-1123,SITE-0075,Makassar,Cisco,CIS-OLT-7522,Maintenance,Leased,10 Gbps,2025-01-22,2030-01-21,2025-07-25,2026-03-26
AST-01123,ODP,MAK-ODP-1124,SITE-0075,Makassar,ZTE,ZTE-ODP-7336,Active,NusaTel Owned,1 Gbps,2025-08-14,2028-08-13,2025-09-01,2026-03-31
AST-01124,ODP,MAK-ODP-1125,SITE-0075,Makassar,Nokia,NOK-ODP-2460,Active,NusaTel Owned,1 Gbps,2025-11-12,2029-11-11,2025-10-30,2026-01-02
AST-01125,ODP,MAK-ODP-1126,SITE-0075,Makassar,Ericsson,ERI-ODP-3094,Active,NusaTel Owned,1 Gbps,2019-08-05,2024-08-03,2025-08-30,2026-03-26
AST-01126,Router,MAK-Router-1127,SITE-0075,Makassar,Cisco,CIS-Router-7071,Active,NusaTel Owned,40 Gbps,2022-06-04,2024-06-03,2025-10-25,2026-06-21
AST-01127,Router,MAK-Router-1128,SITE-0075,Makassar,Huawei,HUA-Router-5681,Active,NusaTel Owned,40 Gbps,2022-05-17,2024-05-16,2025-11-07,2026-03-04
AST-01128,Router,MAK-Router-1129,SITE-0075,Makassar,Ericsson,ERI-Router-7285,Active,Customer Premises,40 Gbps,2019-01-26,2026-01-24,2025-08-18,2026-01-20
AST-01129,Switch,MAK-Switch-1130,SITE-0075,Makassar,Ericsson,ERI-Switch-9931,Active,NusaTel Owned,10 Gbps,2020-01-17,2027-01-15,2025-08-17,2026-05-08
AST-01130,Switch,MAK-Switch-1131,SITE-0075,Makassar,Ericsson,ERI-Switch-1193,Active,Leased,10 Gbps,2024-12-09,2027-12-09,2025-11-23,2026-09-27
AST-01131,Switch,MAK-Switch-1132,SITE-0075,Makassar,Juniper,JUN-Switch-7617,Active,Partner,10 Gbps,2019-12-21,2022-12-20,2025-11-23,2026-01-18
AST-01132,Transmission,MAK-Transmission-1133,SITE-0075,Makassar,Nokia,NOK-Transmission-9757,Active,Partner,100 Gbps,2020-12-20,2022-12-20,2025-12-24,2026-11-14
AST-01133,Transmission,MAK-Transmission-1134,SITE-0075,Makassar,ZTE,ZTE-Transmission-2709,Active,NusaTel Owned,100 Gbps,2018-04-15,2024-04-13,2025-08-22,2026-08-01
AST-01134,Transmission,MAK-Transmission-1135,SITE-0075,Makassar,Cisco,CIS-Transmission-4565,Decommissioned,NusaTel Owned,100 Gbps,2021-09-21,2024-09-20,2025-08-27,2026-02-20
AST-01135,BTS,SEM-BTS-1136,SITE-0076,Semarang,Huawei,HUA-BTS-4761,Active,NusaTel Owned,100 MHz,2021-12-16,2025-12-15,2025-07-29,2026-09-05
AST-01136,OLT,SEM-OLT-1137,SITE-0076,Semarang,Juniper,JUN-OLT-1760,Decommissioned,NusaTel Owned,10 Gbps,2021-07-24,2026-07-23,2025-12-08,2026-01-28
AST-01137,ODP,SEM-ODP-1138,SITE-0076,Semarang,Huawei,HUA-ODP-4892,Active,NusaTel Owned,1 Gbps,2023-12-17,2030-12-15,2025-07-26,2026-09-17
AST-01138,ODP,SEM-ODP-1139,SITE-0076,Semarang,Cisco,CIS-ODP-8409,Active,NusaTel Owned,1 Gbps,2017-12-04,2024-12-02,2025-10-30,2026-11-09
AST-01139,ODP,SEM-ODP-1140,SITE-0076,Semarang,Cisco,CIS-ODP-9996,Active,NusaTel Owned,1 Gbps,2025-08-08,2028-08-07,2025-08-05,2026-01-25
AST-01140,Router,SEM-Router-1141,SITE-0076,Semarang,Ericsson,ERI-Router-2420,Active,NusaTel Owned,40 Gbps,2023-01-01,2025-12-31,2025-09-16,2026-08-20
AST-01141,Switch,SEM-Switch-1142,SITE-0076,Semarang,Ericsson,ERI-Switch-4083,Active,Leased,10 Gbps,2020-06-16,2022-06-16,2025-08-10,2026-01-16
AST-01142,Transmission,SEM-Transmission-1143,SITE-0076,Semarang,Nokia,NOK-Transmission-7366,Active,NusaTel Owned,100 Gbps,2025-09-03,2031-09-02,2025-07-21,2026-07-08
AST-01143,Transmission,SEM-Transmission-1144,SITE-0076,Semarang,Ericsson,ERI-Transmission-6458,Active,Leased,100 Gbps,2025-06-08,2030-06-07,2025-12-24,2026-01-27
AST-01144,Transmission,SEM-Transmission-1145,SITE-0076,Semarang,Ericsson,ERI-Transmission-8864,Active,Leased,100 Gbps,2020-04-17,2025-04-16,2025-11-20,2026-07-15
AST-01145,Transmission,SEM-Transmission-1146,SITE-0076,Semarang,ZTE,ZTE-Transmission-9308,Active,Partner,100 Gbps,2020-02-20,2026-02-18,2025-09-02,2026-08-03
AST-01146,BTS,YOG-BTS-1147,SITE-0077,Yogyakarta,Cisco,CIS-BTS-2773,Active,NusaTel Owned,100 MHz,2021-04-27,2025-04-26,2025-10-13,2026-12-20
AST-01147,BTS,YOG-BTS-1148,SITE-0077,Yogyakarta,Cisco,CIS-BTS-2051,Active,NusaTel Owned,100 MHz,2025-07-15,2029-07-14,2025-10-21,2026-04-07
AST-01148,OLT,YOG-OLT-1149,SITE-0077,Yogyakarta,Cisco,CIS-OLT-5733,Maintenance,Leased,10 Gbps,2018-05-18,2021-05-17,2025-08-19,2026-10-24
AST-01149,OLT,YOG-OLT-1150,SITE-0077,Yogyakarta,Juniper,JUN-OLT-4050,Active,Customer Premises,10 Gbps,2018-01-03,2025-01-01,2025-07-20,2026-12-21
AST-01150,OLT,YOG-OLT-1151,SITE-0077,Yogyakarta,Ericsson,ERI-OLT-6874,Active,Leased,10 Gbps,2022-01-12,2029-01-10,2025-12-01,2026-12-28
AST-01151,OLT,YOG-OLT-1152,SITE-0077,Yogyakarta,Ericsson,ERI-OLT-5930,Faulty,NusaTel Owned,10 Gbps,2023-02-23,2026-02-22,2025-07-28,2026-10-31
AST-01152,ODP,YOG-ODP-1153,SITE-0077,Yogyakarta,Juniper,JUN-ODP-8355,Active,Partner,1 Gbps,2025-02-17,2031-02-16,2025-12-25,2026-03-27
AST-01153,ODP,YOG-ODP-1154,SITE-0077,Yogyakarta,ZTE,ZTE-ODP-4363,Decommissioned,NusaTel Owned,1 Gbps,2019-08-17,2022-08-16,2025-08-01,2026-09-12
AST-01154,ODP,YOG-ODP-1155,SITE-0077,Yogyakarta,Juniper,JUN-ODP-3740,Active,NusaTel Owned,1 Gbps,2021-09-15,2024-09-14,2025-10-13,2026-12-07
AST-01155,Router,YOG-Router-1156,SITE-0077,Yogyakarta,Juniper,JUN-Router-8792,Active,Leased,40 Gbps,2018-12-31,2022-12-30,2025-10-08,2026-01-29
AST-01156,Router,YOG-Router-1157,SITE-0077,Yogyakarta,Juniper,JUN-Router-6722,Active,NusaTel Owned,40 Gbps,2025-08-24,2032-08-22,2025-09-09,2026-12-15
AST-01157,Router,YOG-Router-1158,SITE-0077,Yogyakarta,Nokia,NOK-Router-4922,Active,Leased,40 Gbps,2024-04-13,2026-04-13,2025-08-18,2026-11-17
AST-01158,Switch,YOG-Switch-1159,SITE-0077,Yogyakarta,Nokia,NOK-Switch-2860,Active,Customer Premises,10 Gbps,2023-05-23,2028-05-21,2025-10-05,2026-01-24
AST-01159,Switch,YOG-Switch-1160,SITE-0077,Yogyakarta,Huawei,HUA-Switch-9011,Active,NusaTel Owned,10 Gbps,2018-10-21,2020-10-20,2025-08-07,2026-02-17
AST-01160,Transmission,YOG-Transmission-1161,SITE-0077,Yogyakarta,ZTE,ZTE-Transmission-7943,Active,NusaTel Owned,100 Gbps,2024-01-29,2031-01-27,2025-09-14,2026-10-20
AST-01161,Transmission,YOG-Transmission-1162,SITE-0077,Yogyakarta,Nokia,NOK-Transmission-1627,Decommissioned,NusaTel Owned,100 Gbps,2019-06-15,2024-06-13,2025-07-05,2026-09-15
AST-01162,BTS,DEN-BTS-1163,SITE-0078,Denpasar,Huawei,HUA-BTS-8375,Active,NusaTel Owned,100 MHz,2018-08-02,2025-07-31,2025-08-28,2026-02-16
AST-01163,BTS,DEN-BTS-1164,SITE-0078,Denpasar,ZTE,ZTE-BTS-8069,Faulty,NusaTel Owned,100 MHz,2025-01-03,2029-01-02,2025-08-03,2026-05-28
AST-01164,BTS,DEN-BTS-1165,SITE-0078,Denpasar,Nokia,NOK-BTS-6042,Active,NusaTel Owned,100 MHz,2023-03-18,2030-03-16,2025-10-08,2026-10-10
AST-01165,BTS,DEN-BTS-1166,SITE-0078,Denpasar,Huawei,HUA-BTS-9758,Active,NusaTel Owned,100 MHz,2020-12-13,2027-12-12,2025-12-15,2026-01-27
AST-01166,OLT,DEN-OLT-1167,SITE-0078,Denpasar,ZTE,ZTE-OLT-9323,Active,NusaTel Owned,10 Gbps,2024-01-31,2027-01-30,2025-09-03,2026-07-21
AST-01167,OLT,DEN-OLT-1168,SITE-0078,Denpasar,Ericsson,ERI-OLT-8571,Active,NusaTel Owned,10 Gbps,2022-08-28,2028-08-26,2025-09-10,2026-05-01
AST-01168,OLT,DEN-OLT-1169,SITE-0078,Denpasar,Juniper,JUN-OLT-1311,Active,NusaTel Owned,10 Gbps,2025-01-01,2030-12-31,2025-09-05,2026-05-26
AST-01169,OLT,DEN-OLT-1170,SITE-0078,Denpasar,ZTE,ZTE-OLT-4689,Active,NusaTel Owned,10 Gbps,2022-04-21,2029-04-19,2025-09-29,2026-06-13
AST-01170,ODP,DEN-ODP-1171,SITE-0078,Denpasar,Huawei,HUA-ODP-4108,Active,Customer Premises,1 Gbps,2019-06-17,2024-06-15,2025-11-05,2026-07-13
AST-01171,Router,DEN-Router-1172,SITE-0078,Denpasar,Huawei,HUA-Router-6731,Maintenance,NusaTel Owned,40 Gbps,2019-01-06,2022-01-05,2025-11-10,2026-04-23
AST-01172,Switch,DEN-Switch-1173,SITE-0078,Denpasar,Cisco,CIS-Switch-2167,Active,NusaTel Owned,10 Gbps,2024-07-24,2030-07-23,2025-07-11,2026-09-13
AST-01173,Switch,DEN-Switch-1174,SITE-0078,Denpasar,ZTE,ZTE-Switch-4226,Active,Partner,10 Gbps,2023-08-11,2026-08-10,2025-09-29,2026-07-26
AST-01174,Switch,DEN-Switch-1175,SITE-0078,Denpasar,ZTE,ZTE-Switch-2442,Active,NusaTel Owned,10 Gbps,2021-01-12,2025-01-11,2025-11-25,2026-12-31
AST-01175,Switch,DEN-Switch-1176,SITE-0078,Denpasar,Ericsson,ERI-Switch-5779,Active,NusaTel Owned,10 Gbps,2023-02-26,2029-02-24,2025-10-01,2026-12-22
AST-01176,Transmission,DEN-Transmission-1177,SITE-0078,Denpasar,Huawei,HUA-Transmission-5341,Maintenance,Customer Premises,100 Gbps,2018-04-27,2020-04-26,2025-10-31,2026-02-24
AST-01177,Transmission,DEN-Transmission-1178,SITE-0078,Denpasar,Juniper,JUN-Transmission-3132,Active,NusaTel Owned,100 Gbps,2023-01-24,2028-01-23,2025-10-22,2026-10-05
AST-01178,BTS,PAL-BTS-1179,SITE-0079,Palembang,ZTE,ZTE-BTS-6933,Active,NusaTel Owned,100 MHz,2019-09-27,2024-09-25,2025-11-18,2026-09-16
AST-01179,BTS,PAL-BTS-1180,SITE-0079,Palembang,Ericsson,ERI-BTS-4925,Active,Partner,100 MHz,2022-11-14,2029-11-12,2025-11-02,2026-08-30
AST-01180,OLT,PAL-OLT-1181,SITE-0079,Palembang,Nokia,NOK-OLT-9470,Active,NusaTel Owned,10 Gbps,2022-12-08,2027-12-07,2025-08-29,2026-09-09
AST-01181,ODP,PAL-ODP-1182,SITE-0079,Palembang,Juniper,JUN-ODP-1020,Maintenance,NusaTel Owned,1 Gbps,2024-10-31,2029-10-30,2025-12-14,2026-05-14
AST-01182,ODP,PAL-ODP-1183,SITE-0079,Palembang,ZTE,ZTE-ODP-4496,Active,Customer Premises,1 Gbps,2022-03-12,2025-03-11,2025-08-04,2026-04-04
AST-01183,ODP,PAL-ODP-1184,SITE-0079,Palembang,Ericsson,ERI-ODP-7975,Active,NusaTel Owned,1 Gbps,2021-11-27,2028-11-25,2025-10-17,2026-08-04
AST-01184,Router,PAL-Router-1185,SITE-0079,Palembang,Nokia,NOK-Router-5047,Active,NusaTel Owned,40 Gbps,2019-10-21,2026-10-19,2025-07-06,2026-10-27
AST-01185,Router,PAL-Router-1186,SITE-0079,Palembang,Cisco,CIS-Router-4113,Active,NusaTel Owned,40 Gbps,2023-11-08,2025-11-07,2025-09-09,2026-08-24
AST-01186,Switch,PAL-Switch-1187,SITE-0079,Palembang,Juniper,JUN-Switch-7070,Active,NusaTel Owned,10 Gbps,2018-06-20,2020-06-19,2025-08-11,2026-11-12
AST-01187,Switch,PAL-Switch-1188,SITE-0079,Palembang,Cisco,CIS-Switch-8701,Active,Leased,10 Gbps,2023-06-29,2030-06-27,2025-07-05,2026-08-23
AST-01188,Switch,PAL-Switch-1189,SITE-0079,Palembang,Cisco,CIS-Switch-6054,Active,NusaTel Owned,10 Gbps,2020-04-17,2026-04-16,2025-12-20,2026-07-01
AST-01189,Transmission,PAL-Transmission-1190,SITE-0079,Palembang,Juniper,JUN-Transmission-4372,Active,NusaTel Owned,100 Gbps,2018-09-18,2024-09-16,2025-08-05,2026-12-14
AST-01190,Transmission,PAL-Transmission-1191,SITE-0079,Palembang,Cisco,CIS-Transmission-9059,Active,Leased,100 Gbps,2023-06-08,2030-06-06,2025-10-05,2026-11-22
AST-01191,Transmission,PAL-Transmission-1192,SITE-0079,Palembang,ZTE,ZTE-Transmission-1137,Faulty,Customer Premises,100 Gbps,2023-11-18,2026-11-17,2025-11-07,2026-01-20
AST-01192,BTS,BAL-BTS-1193,SITE-0080,Balikpapan,Nokia,NOK-BTS-2525,Active,Leased,100 MHz,2024-01-26,2030-01-24,2025-07-18,2026-08-15
AST-01193,BTS,BAL-BTS-1194,SITE-0080,Balikpapan,Nokia,NOK-BTS-8266,Active,Customer Premises,100 MHz,2023-05-30,2030-05-28,2025-07-12,2026-10-31
AST-01194,OLT,BAL-OLT-1195,SITE-0080,Balikpapan,Cisco,CIS-OLT-4237,Active,NusaTel Owned,10 Gbps,2024-06-11,2031-06-10,2025-10-05,2026-11-04
AST-01195,ODP,BAL-ODP-1196,SITE-0080,Balikpapan,Huawei,HUA-ODP-5124,Active,NusaTel Owned,1 Gbps,2022-11-18,2027-11-17,2025-08-18,2026-11-19
AST-01196,ODP,BAL-ODP-1197,SITE-0080,Balikpapan,Juniper,JUN-ODP-5915,Active,NusaTel Owned,1 Gbps,2024-03-25,2027-03-25,2025-09-29,2026-07-14
AST-01197,Router,BAL-Router-1198,SITE-0080,Balikpapan,Juniper,JUN-Router-5364,Active,NusaTel Owned,40 Gbps,2023-06-26,2025-06-25,2025-08-07,2026-06-15
AST-01198,Switch,BAL-Switch-1199,SITE-0080,Balikpapan,Cisco,CIS-Switch-8848,Active,NusaTel Owned,10 Gbps,2023-12-10,2025-12-09,2025-12-17,2026-03-10
AST-01199,Switch,BAL-Switch-1200,SITE-0080,Balikpapan,Cisco,CIS-Switch-7836,Active,Customer Premises,10 Gbps,2023-01-20,2028-01-19,2025-07-08,2026-03-14
AST-01200,Switch,BAL-Switch-1201,SITE-0080,Balikpapan,Ericsson,ERI-Switch-4534,Active,Customer Premises,10 Gbps,2018-08-04,2021-08-03,2025-10-30,2026-07-04
AST-01201,Transmission,BAL-Transmission-1202,SITE-0080,Balikpapan,Huawei,HUA-Transmission-6757,Active,NusaTel Owned,100 Gbps,2020-11-26,2024-11-25,2025-08-18,2026-02-21
AST-01202,Transmission,BAL-Transmission-1203,SITE-0080,Balikpapan,ZTE,ZTE-Transmission-8216,Active,NusaTel Owned,100 Gbps,2020-04-05,2023-04-05,2025-11-05,2026-07-06
AST-01203,BTS,JAK-BTS-1204,SITE-0081,Jakarta,Nokia,NOK-BTS-3246,Maintenance,NusaTel Owned,100 MHz,2023-03-02,2030-02-28,2025-11-20,2026-02-12
AST-01204,BTS,JAK-BTS-1205,SITE-0081,Jakarta,Cisco,CIS-BTS-8467,Active,NusaTel Owned,100 MHz,2024-05-12,2027-05-12,2025-12-10,2026-09-05
AST-01205,OLT,JAK-OLT-1206,SITE-0081,Jakarta,Ericsson,ERI-OLT-8244,Active,Leased,10 Gbps,2021-01-01,2027-12-31,2025-10-05,2026-10-29
AST-01206,ODP,JAK-ODP-1207,SITE-0081,Jakarta,Cisco,CIS-ODP-3335,Active,Leased,1 Gbps,2021-12-16,2025-12-15,2025-09-24,2026-12-31
AST-01207,Router,JAK-Router-1208,SITE-0081,Jakarta,Ericsson,ERI-Router-5808,Faulty,NusaTel Owned,40 Gbps,2018-04-14,2024-04-12,2025-10-30,2026-09-12
AST-01208,Switch,JAK-Switch-1209,SITE-0081,Jakarta,Huawei,HUA-Switch-2448,Faulty,NusaTel Owned,10 Gbps,2023-08-21,2030-08-19,2025-08-09,2026-07-11
AST-01209,Transmission,JAK-Transmission-1210,SITE-0081,Jakarta,Nokia,NOK-Transmission-8810,Active,NusaTel Owned,100 Gbps,2018-04-17,2024-04-15,2025-12-06,2026-06-30
AST-01210,Transmission,JAK-Transmission-1211,SITE-0081,Jakarta,Huawei,HUA-Transmission-4244,Active,NusaTel Owned,100 Gbps,2024-01-29,2031-01-27,2025-10-29,2026-11-12
AST-01211,Transmission,JAK-Transmission-1212,SITE-0081,Jakarta,Ericsson,ERI-Transmission-7349,Active,Customer Premises,100 Gbps,2022-03-01,2027-02-28,2025-10-30,2026-09-08
AST-01212,BTS,BAN-BTS-1213,SITE-0082,Bandung,Nokia,NOK-BTS-5009,Active,NusaTel Owned,100 MHz,2018-01-16,2024-01-15,2025-10-14,2026-11-11
AST-01213,BTS,BAN-BTS-1214,SITE-0082,Bandung,Nokia,NOK-BTS-3944,Faulty,Leased,100 MHz,2019-12-13,2026-12-11,2025-08-25,2026-09-08
AST-01214,BTS,BAN-BTS-1215,SITE-0082,Bandung,ZTE,ZTE-BTS-2203,Active,Customer Premises,100 MHz,2024-07-08,2026-07-08,2025-08-07,2026-07-31
AST-01215,BTS,BAN-BTS-1216,SITE-0082,Bandung,Juniper,JUN-BTS-2128,Maintenance,Partner,100 MHz,2020-01-14,2025-01-12,2025-09-11,2026-02-14
AST-01216,OLT,BAN-OLT-1217,SITE-0082,Bandung,ZTE,ZTE-OLT-6915,Active,NusaTel Owned,10 Gbps,2019-04-13,2026-04-11,2025-11-17,2026-03-04
AST-01217,OLT,BAN-OLT-1218,SITE-0082,Bandung,Nokia,NOK-OLT-3178,Active,NusaTel Owned,10 Gbps,2021-12-28,2026-12-27,2025-11-02,2026-09-03
AST-01218,OLT,BAN-OLT-1219,SITE-0082,Bandung,Cisco,CIS-OLT-8500,Active,NusaTel Owned,10 Gbps,2025-06-08,2029-06-07,2025-08-28,2026-12-12
AST-01219,ODP,BAN-ODP-1220,SITE-0082,Bandung,Nokia,NOK-ODP-2143,Maintenance,NusaTel Owned,1 Gbps,2019-07-05,2026-07-03,2025-07-19,2026-07-05
AST-01220,ODP,BAN-ODP-1221,SITE-0082,Bandung,Juniper,JUN-ODP-8300,Active,NusaTel Owned,1 Gbps,2024-02-09,2027-02-08,2025-10-22,2026-03-05
AST-01221,Router,BAN-Router-1222,SITE-0082,Bandung,Nokia,NOK-Router-1227,Active,NusaTel Owned,40 Gbps,2025-03-19,2029-03-18,2025-08-20,2026-01-22
AST-01222,Router,BAN-Router-1223,SITE-0082,Bandung,ZTE,ZTE-Router-9418,Active,NusaTel Owned,40 Gbps,2018-02-23,2020-02-23,2025-09-21,2026-06-16
AST-01223,Router,BAN-Router-1224,SITE-0082,Bandung,ZTE,ZTE-Router-2127,Active,NusaTel Owned,40 Gbps,2021-06-10,2024-06-09,2025-10-15,2026-10-09
AST-01224,Switch,BAN-Switch-1225,SITE-0082,Bandung,ZTE,ZTE-Switch-5833,Active,NusaTel Owned,10 Gbps,2017-11-30,2020-11-29,2025-07-27,2026-10-04
AST-01225,Switch,BAN-Switch-1226,SITE-0082,Bandung,Nokia,NOK-Switch-8546,Active,Customer Premises,10 Gbps,2023-05-26,2028-05-24,2025-08-26,2026-09-05
AST-01226,Transmission,BAN-Transmission-1227,SITE-0082,Bandung,ZTE,ZTE-Transmission-5809,Active,NusaTel Owned,100 Gbps,2021-08-13,2027-08-12,2025-07-14,2026-03-07
AST-01227,Transmission,BAN-Transmission-1228,SITE-0082,Bandung,Juniper,JUN-Transmission-1957,Active,NusaTel Owned,100 Gbps,2023-08-09,2025-08-08,2025-10-01,2026-10-22
AST-01228,Transmission,BAN-Transmission-1229,SITE-0082,Bandung,ZTE,ZTE-Transmission-9352,Decommissioned,NusaTel Owned,100 Gbps,2020-08-28,2026-08-27,2025-11-04,2026-04-15
AST-01229,BTS,SUR-BTS-1230,SITE-0083,Surabaya,Huawei,HUA-BTS-4723,Active,Leased,100 MHz,2022-09-29,2027-09-28,2025-07-27,2026-08-23
AST-01230,BTS,SUR-BTS-1231,SITE-0083,Surabaya,Cisco,CIS-BTS-6679,Active,NusaTel Owned,100 MHz,2018-12-19,2023-12-18,2025-07-29,2026-02-04
AST-01231,BTS,SUR-BTS-1232,SITE-0083,Surabaya,Cisco,CIS-BTS-7353,Maintenance,NusaTel Owned,100 MHz,2021-08-12,2027-08-11,2025-07-13,2026-02-14
AST-01232,BTS,SUR-BTS-1233,SITE-0083,Surabaya,Nokia,NOK-BTS-6883,Active,Leased,100 MHz,2024-12-30,2030-12-29,2025-08-09,2026-02-11
AST-01233,OLT,SUR-OLT-1234,SITE-0083,Surabaya,Cisco,CIS-OLT-2811,Active,Leased,10 Gbps,2019-02-06,2023-02-05,2025-12-30,2026-09-24
AST-01234,OLT,SUR-OLT-1235,SITE-0083,Surabaya,Juniper,JUN-OLT-7004,Decommissioned,NusaTel Owned,10 Gbps,2025-11-24,2028-11-23,2025-11-22,2026-03-10
AST-01235,OLT,SUR-OLT-1236,SITE-0083,Surabaya,Nokia,NOK-OLT-5058,Active,NusaTel Owned,10 Gbps,2019-09-11,2022-09-10,2025-12-28,2026-09-18
AST-01236,ODP,SUR-ODP-1237,SITE-0083,Surabaya,ZTE,ZTE-ODP-8230,Active,Leased,1 Gbps,2020-06-07,2027-06-06,2025-07-31,2026-03-26
AST-01237,ODP,SUR-ODP-1238,SITE-0083,Surabaya,Huawei,HUA-ODP-7512,Active,NusaTel Owned,1 Gbps,2018-12-10,2023-12-09,2025-11-15,2026-03-18
AST-01238,ODP,SUR-ODP-1239,SITE-0083,Surabaya,Juniper,JUN-ODP-6910,Decommissioned,NusaTel Owned,1 Gbps,2025-09-26,2032-09-24,2025-08-25,2026-08-19
AST-01239,Router,SUR-Router-1240,SITE-0083,Surabaya,Huawei,HUA-Router-7068,Active,NusaTel Owned,40 Gbps,2025-03-12,2027-03-12,2025-12-04,2026-01-27
AST-01240,Router,SUR-Router-1241,SITE-0083,Surabaya,Huawei,HUA-Router-5292,Active,Leased,40 Gbps,2017-11-17,2020-11-16,2025-07-16,2026-02-04
AST-01241,Switch,SUR-Switch-1242,SITE-0083,Surabaya,Cisco,CIS-Switch-3603,Maintenance,Leased,10 Gbps,2021-12-15,2027-12-14,2025-09-27,2026-09-15
AST-01242,Transmission,SUR-Transmission-1243,SITE-0083,Surabaya,Cisco,CIS-Transmission-4030,Active,Leased,100 Gbps,2021-11-04,2024-11-03,2025-07-23,2026-08-16
AST-01243,BTS,MED-BTS-1244,SITE-0084,Medan,Huawei,HUA-BTS-4867,Active,NusaTel Owned,100 MHz,2022-08-10,2026-08-09,2025-08-23,2026-07-10
AST-01244,BTS,MED-BTS-1245,SITE-0084,Medan,Nokia,NOK-BTS-3161,Maintenance,NusaTel Owned,100 MHz,2020-11-02,2025-11-01,2025-07-16,2026-09-03
AST-01245,OLT,MED-OLT-1246,SITE-0084,Medan,Huawei,HUA-OLT-4015,Active,NusaTel Owned,10 Gbps,2019-07-01,2025-06-29,2025-12-18,2026-09-24
AST-01246,OLT,MED-OLT-1247,SITE-0084,Medan,Cisco,CIS-OLT-8529,Active,NusaTel Owned,10 Gbps,2021-06-01,2028-05-30,2025-07-14,2026-12-31
AST-01247,ODP,MED-ODP-1248,SITE-0084,Medan,Nokia,NOK-ODP-5632,Active,NusaTel Owned,1 Gbps,2020-03-11,2027-03-10,2025-11-28,2026-08-10
AST-01248,Router,MED-Router-1249,SITE-0084,Medan,Huawei,HUA-Router-4377,Active,Customer Premises,40 Gbps,2018-01-21,2022-01-20,2025-12-24,2026-02-12
AST-01249,Switch,MED-Switch-1250,SITE-0084,Medan,Huawei,HUA-Switch-3604,Active,NusaTel Owned,10 Gbps,2024-11-05,2031-11-04,2025-12-02,2026-01-10
AST-01250,Switch,MED-Switch-1251,SITE-0084,Medan,Nokia,NOK-Switch-4661,Faulty,Leased,10 Gbps,2024-11-09,2031-11-08,2025-10-21,2026-02-23
AST-01251,Transmission,MED-Transmission-1252,SITE-0084,Medan,Nokia,NOK-Transmission-6269,Active,NusaTel Owned,100 Gbps,2021-11-21,2025-11-20,2025-07-20,2026-03-15
AST-01252,BTS,MAK-BTS-1253,SITE-0085,Makassar,Ericsson,ERI-BTS-9724,Active,NusaTel Owned,100 MHz,2020-03-24,2027-03-23,2025-10-17,2026-04-11
AST-01253,BTS,MAK-BTS-1254,SITE-0085,Makassar,Huawei,HUA-BTS-1228,Active,NusaTel Owned,100 MHz,2020-08-27,2025-08-26,2025-08-11,2026-10-06
AST-01254,BTS,MAK-BTS-1255,SITE-0085,Makassar,Huawei,HUA-BTS-4021,Maintenance,Customer Premises,100 MHz,2022-01-19,2027-01-18,2025-09-05,2026-08-01
AST-01255,OLT,MAK-OLT-1256,SITE-0085,Makassar,Juniper,JUN-OLT-9833,Active,NusaTel Owned,10 Gbps,2023-08-26,2026-08-25,2025-09-10,2026-07-16
AST-01256,ODP,MAK-ODP-1257,SITE-0085,Makassar,Ericsson,ERI-ODP-4659,Active,Partner,1 Gbps,2024-01-16,2026-01-15,2025-11-01,2026-08-10
AST-01257,ODP,MAK-ODP-1258,SITE-0085,Makassar,Juniper,JUN-ODP-8930,Active,NusaTel Owned,1 Gbps,2019-08-09,2021-08-08,2025-11-17,2026-05-31
AST-01258,ODP,MAK-ODP-1259,SITE-0085,Makassar,Juniper,JUN-ODP-2991,Active,Leased,1 Gbps,2020-10-05,2023-10-05,2025-12-09,2026-03-13
AST-01259,ODP,MAK-ODP-1260,SITE-0085,Makassar,Nokia,NOK-ODP-3213,Active,NusaTel Owned,1 Gbps,2019-07-12,2021-07-11,2025-08-12,2026-12-26
AST-01260,Router,MAK-Router-1261,SITE-0085,Makassar,ZTE,ZTE-Router-6377,Maintenance,Partner,40 Gbps,2022-05-10,2025-05-09,2025-12-20,2026-07-07
AST-01261,Router,MAK-Router-1262,SITE-0085,Makassar,Cisco,CIS-Router-4126,Active,NusaTel Owned,40 Gbps,2019-11-08,2022-11-07,2025-08-31,2026-06-07
AST-01262,Switch,MAK-Switch-1263,SITE-0085,Makassar,Cisco,CIS-Switch-5853,Active,NusaTel Owned,10 Gbps,2024-07-05,2027-07-05,2025-08-31,2026-11-16
AST-01263,Switch,MAK-Switch-1264,SITE-0085,Makassar,Nokia,NOK-Switch-6781,Faulty,Customer Premises,10 Gbps,2022-06-06,2024-06-05,2025-08-22,2026-10-27
AST-01264,Switch,MAK-Switch-1265,SITE-0085,Makassar,Juniper,JUN-Switch-4192,Active,Partner,10 Gbps,2018-08-24,2024-08-22,2025-10-10,2026-08-19
AST-01265,Transmission,MAK-Transmission-1266,SITE-0085,Makassar,Huawei,HUA-Transmission-7345,Active,NusaTel Owned,100 Gbps,2024-08-27,2028-08-26,2025-08-26,2026-02-18
AST-01266,Transmission,MAK-Transmission-1267,SITE-0085,Makassar,Ericsson,ERI-Transmission-6316,Active,NusaTel Owned,100 Gbps,2018-07-14,2020-07-13,2025-08-23,2026-08-07
AST-01267,Transmission,MAK-Transmission-1268,SITE-0085,Makassar,Huawei,HUA-Transmission-2286,Active,NusaTel Owned,100 Gbps,2024-09-01,2029-08-31,2025-09-25,2026-08-17
AST-01268,BTS,SEM-BTS-1269,SITE-0086,Semarang,Cisco,CIS-BTS-9127,Active,NusaTel Owned,100 MHz,2025-11-08,2028-11-07,2025-11-10,2026-04-06
AST-01269,BTS,SEM-BTS-1270,SITE-0086,Semarang,Huawei,HUA-BTS-9259,Active,Partner,100 MHz,2024-03-08,2029-03-07,2025-10-23,2026-11-18
AST-01270,BTS,SEM-BTS-1271,SITE-0086,Semarang,Ericsson,ERI-BTS-6506,Active,NusaTel Owned,100 MHz,2023-07-26,2025-07-25,2025-11-09,2026-10-11
AST-01271,OLT,SEM-OLT-1272,SITE-0086,Semarang,Juniper,JUN-OLT-7174,Active,Leased,10 Gbps,2022-11-02,2024-11-01,2025-12-29,2026-11-03
AST-01272,ODP,SEM-ODP-1273,SITE-0086,Semarang,Juniper,JUN-ODP-4130,Maintenance,NusaTel Owned,1 Gbps,2022-01-24,2027-01-23,2025-10-26,2026-11-23
AST-01273,ODP,SEM-ODP-1274,SITE-0086,Semarang,Cisco,CIS-ODP-5806,Active,NusaTel Owned,1 Gbps,2021-06-30,2027-06-29,2025-12-17,2026-07-10
AST-01274,ODP,SEM-ODP-1275,SITE-0086,Semarang,ZTE,ZTE-ODP-1932,Active,NusaTel Owned,1 Gbps,2023-09-19,2025-09-18,2025-09-28,2026-02-05
AST-01275,Router,SEM-Router-1276,SITE-0086,Semarang,ZTE,ZTE-Router-6196,Active,Leased,40 Gbps,2025-01-24,2031-01-23,2025-07-19,2026-07-17
AST-01276,Router,SEM-Router-1277,SITE-0086,Semarang,Ericsson,ERI-Router-8399,Faulty,NusaTel Owned,40 Gbps,2017-11-15,2024-11-13,2025-11-08,2026-01-04
AST-01277,Router,SEM-Router-1278,SITE-0086,Semarang,Juniper,JUN-Router-7423,Active,Leased,40 Gbps,2025-06-28,2031-06-27,2025-08-29,2026-03-03
AST-01278,Router,SEM-Router-1279,SITE-0086,Semarang,Juniper,JUN-Router-1502,Active,Customer Premises,40 Gbps,2019-09-12,2023-09-11,2025-10-15,2026-12-14
AST-01279,Switch,SEM-Switch-1280,SITE-0086,Semarang,ZTE,ZTE-Switch-6089,Active,NusaTel Owned,10 Gbps,2021-06-02,2026-06-01,2025-12-16,2026-10-15
AST-01280,Switch,SEM-Switch-1281,SITE-0086,Semarang,Cisco,CIS-Switch-2265,Active,Leased,10 Gbps,2019-03-06,2021-03-05,2025-07-24,2026-05-27
AST-01281,Switch,SEM-Switch-1282,SITE-0086,Semarang,ZTE,ZTE-Switch-1903,Active,NusaTel Owned,10 Gbps,2022-08-17,2026-08-16,2025-12-23,2026-08-29
AST-01282,Switch,SEM-Switch-1283,SITE-0086,Semarang,Nokia,NOK-Switch-2338,Active,NusaTel Owned,10 Gbps,2022-01-25,2026-01-24,2025-10-25,2026-03-28
AST-01283,Transmission,SEM-Transmission-1284,SITE-0086,Semarang,Nokia,NOK-Transmission-6563,Active,NusaTel Owned,100 Gbps,2019-02-05,2025-02-03,2025-08-18,2026-10-03
AST-01284,Transmission,SEM-Transmission-1285,SITE-0086,Semarang,Ericsson,ERI-Transmission-2217,Active,Leased,100 Gbps,2023-10-22,2029-10-20,2025-10-02,2026-01-09
AST-01285,Transmission,SEM-Transmission-1286,SITE-0086,Semarang,Juniper,JUN-Transmission-2345,Active,NusaTel Owned,100 Gbps,2025-08-01,2029-07-31,2025-09-27,2026-12-30
AST-01286,Transmission,SEM-Transmission-1287,SITE-0086,Semarang,Juniper,JUN-Transmission-9014,Decommissioned,NusaTel Owned,100 Gbps,2022-01-30,2026-01-29,2025-12-04,2026-12-14
AST-01287,BTS,YOG-BTS-1288,SITE-0087,Yogyakarta,Nokia,NOK-BTS-3650,Active,NusaTel Owned,100 MHz,2025-06-12,2028-06-11,2025-07-30,2026-03-11
AST-01288,BTS,YOG-BTS-1289,SITE-0087,Yogyakarta,Nokia,NOK-BTS-4190,Active,NusaTel Owned,100 MHz,2023-07-31,2029-07-29,2025-07-06,2026-05-24
AST-01289,BTS,YOG-BTS-1290,SITE-0087,Yogyakarta,Ericsson,ERI-BTS-6567,Maintenance,NusaTel Owned,100 MHz,2021-06-03,2024-06-02,2025-07-25,2026-09-28
AST-01290,OLT,YOG-OLT-1291,SITE-0087,Yogyakarta,Nokia,NOK-OLT-9983,Active,NusaTel Owned,10 Gbps,2020-03-04,2025-03-03,2025-12-11,2026-11-23
AST-01291,OLT,YOG-OLT-1292,SITE-0087,Yogyakarta,ZTE,ZTE-OLT-8576,Active,NusaTel Owned,10 Gbps,2019-02-26,2024-02-25,2025-11-24,2026-10-27
AST-01292,OLT,YOG-OLT-1293,SITE-0087,Yogyakarta,Nokia,NOK-OLT-7114,Active,Leased,10 Gbps,2023-06-23,2029-06-21,2025-12-20,2026-10-15
AST-01293,OLT,YOG-OLT-1294,SITE-0087,Yogyakarta,Ericsson,ERI-OLT-9067,Active,Leased,10 Gbps,2020-03-26,2023-03-26,2025-08-25,2026-11-03
AST-01294,ODP,YOG-ODP-1295,SITE-0087,Yogyakarta,Huawei,HUA-ODP-9364,Active,NusaTel Owned,1 Gbps,2021-04-27,2026-04-26,2025-08-16,2026-12-12
AST-01295,ODP,YOG-ODP-1296,SITE-0087,Yogyakarta,Huawei,HUA-ODP-1063,Active,NusaTel Owned,1 Gbps,2022-10-02,2026-10-01,2025-12-07,2026-08-09
AST-01296,Router,YOG-Router-1297,SITE-0087,Yogyakarta,Nokia,NOK-Router-3052,Active,NusaTel Owned,40 Gbps,2025-10-04,2029-10-03,2025-10-13,2026-03-26
AST-01297,Router,YOG-Router-1298,SITE-0087,Yogyakarta,ZTE,ZTE-Router-2023,Faulty,NusaTel Owned,40 Gbps,2022-03-04,2024-03-03,2025-12-07,2026-12-15
AST-01298,Router,YOG-Router-1299,SITE-0087,Yogyakarta,Cisco,CIS-Router-9794,Active,NusaTel Owned,40 Gbps,2021-01-16,2025-01-15,2025-09-15,2026-03-18
AST-01299,Switch,YOG-Switch-1300,SITE-0087,Yogyakarta,Nokia,NOK-Switch-8488,Active,NusaTel Owned,10 Gbps,2023-04-27,2025-04-26,2025-10-16,2026-03-22
AST-01300,Switch,YOG-Switch-1301,SITE-0087,Yogyakarta,Cisco,CIS-Switch-6904,Active,Leased,10 Gbps,2023-02-25,2028-02-24,2025-11-21,2026-07-22
AST-01301,Switch,YOG-Switch-1302,SITE-0087,Yogyakarta,Nokia,NOK-Switch-1675,Active,NusaTel Owned,10 Gbps,2024-10-19,2026-10-19,2025-09-17,2026-04-27
AST-01302,Transmission,YOG-Transmission-1303,SITE-0087,Yogyakarta,Juniper,JUN-Transmission-2645,Active,NusaTel Owned,100 Gbps,2018-05-25,2023-05-24,2025-10-22,2026-11-05
AST-01303,BTS,DEN-BTS-1304,SITE-0088,Denpasar,Ericsson,ERI-BTS-8964,Active,Customer Premises,100 MHz,2025-04-14,2028-04-13,2025-07-15,2026-05-08
AST-01304,BTS,DEN-BTS-1305,SITE-0088,Denpasar,Ericsson,ERI-BTS-1510,Active,Customer Premises,100 MHz,2020-02-21,2023-02-20,2025-12-24,2026-08-08
AST-01305,BTS,DEN-BTS-1306,SITE-0088,Denpasar,Huawei,HUA-BTS-9607,Faulty,Leased,100 MHz,2018-01-23,2022-01-22,2025-11-28,2026-08-01
AST-01306,BTS,DEN-BTS-1307,SITE-0088,Denpasar,Huawei,HUA-BTS-6494,Decommissioned,Leased,100 MHz,2021-12-03,2026-12-02,2025-10-12,2026-09-04
AST-01307,OLT,DEN-OLT-1308,SITE-0088,Denpasar,Nokia,NOK-OLT-8989,Active,NusaTel Owned,10 Gbps,2025-06-13,2029-06-12,2025-11-09,2026-01-11
AST-01308,OLT,DEN-OLT-1309,SITE-0088,Denpasar,Nokia,NOK-OLT-5168,Active,NusaTel Owned,10 Gbps,2024-12-05,2031-12-04,2025-12-21,2026-12-23
AST-01309,OLT,DEN-OLT-1310,SITE-0088,Denpasar,Cisco,CIS-OLT-9742,Active,NusaTel Owned,10 Gbps,2021-11-13,2026-11-12,2025-09-13,2026-11-15
AST-01310,OLT,DEN-OLT-1311,SITE-0088,Denpasar,Cisco,CIS-OLT-6600,Active,NusaTel Owned,10 Gbps,2022-10-06,2027-10-05,2025-11-11,2026-07-29
AST-01311,ODP,DEN-ODP-1312,SITE-0088,Denpasar,Juniper,JUN-ODP-3223,Active,NusaTel Owned,1 Gbps,2024-02-24,2029-02-22,2025-08-28,2026-02-19
AST-01312,ODP,DEN-ODP-1313,SITE-0088,Denpasar,Cisco,CIS-ODP-8700,Active,NusaTel Owned,1 Gbps,2022-07-12,2028-07-10,2025-09-30,2026-01-20
AST-01313,ODP,DEN-ODP-1314,SITE-0088,Denpasar,Juniper,JUN-ODP-4575,Active,NusaTel Owned,1 Gbps,2022-03-13,2028-03-11,2025-12-20,2026-02-02
AST-01314,ODP,DEN-ODP-1315,SITE-0088,Denpasar,Nokia,NOK-ODP-7536,Active,Partner,1 Gbps,2021-07-09,2026-07-08,2025-11-03,2026-08-02
AST-01315,Router,DEN-Router-1316,SITE-0088,Denpasar,Cisco,CIS-Router-9829,Active,Partner,40 Gbps,2024-10-12,2027-10-12,2025-08-24,2026-01-07
AST-01316,Switch,DEN-Switch-1317,SITE-0088,Denpasar,Nokia,NOK-Switch-5202,Active,NusaTel Owned,10 Gbps,2021-01-13,2024-01-13,2025-09-08,2026-09-27
AST-01317,Switch,DEN-Switch-1318,SITE-0088,Denpasar,Nokia,NOK-Switch-9228,Active,NusaTel Owned,10 Gbps,2023-08-28,2028-08-26,2025-11-15,2026-02-06
AST-01318,Switch,DEN-Switch-1319,SITE-0088,Denpasar,Juniper,JUN-Switch-3675,Active,Customer Premises,10 Gbps,2025-10-24,2028-10-23,2025-07-19,2026-08-04
AST-01319,Switch,DEN-Switch-1320,SITE-0088,Denpasar,Huawei,HUA-Switch-1376,Active,NusaTel Owned,10 Gbps,2019-05-11,2026-05-09,2025-08-12,2026-11-10
AST-01320,Transmission,DEN-Transmission-1321,SITE-0088,Denpasar,Ericsson,ERI-Transmission-3807,Active,NusaTel Owned,100 Gbps,2022-03-08,2024-03-07,2025-11-06,2026-09-10
AST-01321,Transmission,DEN-Transmission-1322,SITE-0088,Denpasar,Nokia,NOK-Transmission-1392,Active,NusaTel Owned,100 Gbps,2025-02-23,2030-02-22,2025-10-05,2026-03-17
AST-01322,BTS,PAL-BTS-1323,SITE-0089,Palembang,Huawei,HUA-BTS-9410,Active,NusaTel Owned,100 MHz,2023-06-05,2030-06-03,2025-10-21,2026-04-03
AST-01323,OLT,PAL-OLT-1324,SITE-0089,Palembang,Juniper,JUN-OLT-7406,Active,NusaTel Owned,10 Gbps,2025-11-08,2029-11-07,2025-10-21,2026-05-28
AST-01324,OLT,PAL-OLT-1325,SITE-0089,Palembang,Cisco,CIS-OLT-1831,Active,Leased,10 Gbps,2025-06-02,2031-06-01,2025-11-20,2026-11-28
AST-01325,OLT,PAL-OLT-1326,SITE-0089,Palembang,Nokia,NOK-OLT-9492,Active,NusaTel Owned,10 Gbps,2021-04-04,2026-04-03,2025-10-16,2026-05-31
AST-01326,OLT,PAL-OLT-1327,SITE-0089,Palembang,Nokia,NOK-OLT-6664,Active,NusaTel Owned,10 Gbps,2022-11-08,2025-11-07,2025-12-06,2026-05-23
AST-01327,ODP,PAL-ODP-1328,SITE-0089,Palembang,Ericsson,ERI-ODP-8658,Active,Customer Premises,1 Gbps,2020-07-03,2024-07-02,2025-07-28,2026-01-05
AST-01328,Router,PAL-Router-1329,SITE-0089,Palembang,Cisco,CIS-Router-7755,Active,NusaTel Owned,40 Gbps,2023-08-06,2028-08-04,2025-10-10,2026-02-06
AST-01329,Router,PAL-Router-1330,SITE-0089,Palembang,Juniper,JUN-Router-3118,Active,Leased,40 Gbps,2019-04-19,2023-04-18,2025-08-10,2026-07-31
AST-01330,Router,PAL-Router-1331,SITE-0089,Palembang,Huawei,HUA-Router-6508,Active,NusaTel Owned,40 Gbps,2019-07-18,2023-07-17,2025-10-25,2026-05-14
AST-01331,Router,PAL-Router-1332,SITE-0089,Palembang,Ericsson,ERI-Router-5849,Active,NusaTel Owned,40 Gbps,2021-08-27,2025-08-26,2025-12-23,2026-10-06
AST-01332,Switch,PAL-Switch-1333,SITE-0089,Palembang,Cisco,CIS-Switch-2996,Active,NusaTel Owned,10 Gbps,2018-08-03,2023-08-02,2025-10-12,2026-02-08
AST-01333,Switch,PAL-Switch-1334,SITE-0089,Palembang,Huawei,HUA-Switch-9331,Faulty,NusaTel Owned,10 Gbps,2023-05-21,2025-05-20,2025-07-31,2026-09-20
AST-01334,Switch,PAL-Switch-1335,SITE-0089,Palembang,Huawei,HUA-Switch-8404,Active,NusaTel Owned,10 Gbps,2018-04-29,2022-04-28,2025-12-14,2026-12-30
AST-01335,Switch,PAL-Switch-1336,SITE-0089,Palembang,Huawei,HUA-Switch-7781,Active,NusaTel Owned,10 Gbps,2023-04-29,2029-04-27,2025-09-29,2026-01-21
AST-01336,Transmission,PAL-Transmission-1337,SITE-0089,Palembang,ZTE,ZTE-Transmission-6313,Active,NusaTel Owned,100 Gbps,2021-07-29,2023-07-29,2025-07-22,2026-03-17
AST-01337,Transmission,PAL-Transmission-1338,SITE-0089,Palembang,ZTE,ZTE-Transmission-3703,Active,Leased,100 Gbps,2019-06-09,2024-06-07,2025-11-17,2026-11-05
AST-01338,Transmission,PAL-Transmission-1339,SITE-0089,Palembang,Juniper,JUN-Transmission-1171,Active,Customer Premises,100 Gbps,2022-11-05,2029-11-03,2025-08-18,2026-05-08
AST-01339,BTS,BAL-BTS-1340,SITE-0090,Balikpapan,Juniper,JUN-BTS-6226,Maintenance,NusaTel Owned,100 MHz,2025-08-09,2030-08-08,2025-12-29,2026-03-11
AST-01340,BTS,BAL-BTS-1341,SITE-0090,Balikpapan,Juniper,JUN-BTS-7720,Active,NusaTel Owned,100 MHz,2021-03-30,2026-03-29,2025-07-07,2026-05-08
AST-01341,OLT,BAL-OLT-1342,SITE-0090,Balikpapan,Huawei,HUA-OLT-6907,Active,Leased,10 Gbps,2019-04-19,2023-04-18,2025-12-04,2026-01-02
AST-01342,OLT,BAL-OLT-1343,SITE-0090,Balikpapan,Huawei,HUA-OLT-1713,Active,Customer Premises,10 Gbps,2018-10-12,2021-10-11,2025-11-22,2026-08-13
AST-01343,OLT,BAL-OLT-1344,SITE-0090,Balikpapan,Cisco,CIS-OLT-5699,Active,NusaTel Owned,10 Gbps,2017-11-25,2020-11-24,2025-08-14,2026-06-10
AST-01344,ODP,BAL-ODP-1345,SITE-0090,Balikpapan,Juniper,JUN-ODP-2462,Decommissioned,NusaTel Owned,1 Gbps,2021-01-07,2026-01-06,2025-11-17,2026-06-17
AST-01345,ODP,BAL-ODP-1346,SITE-0090,Balikpapan,Ericsson,ERI-ODP-5405,Maintenance,Partner,1 Gbps,2020-07-23,2024-07-22,2025-07-30,2026-11-19
AST-01346,ODP,BAL-ODP-1347,SITE-0090,Balikpapan,Cisco,CIS-ODP-5758,Active,NusaTel Owned,1 Gbps,2021-12-13,2028-12-11,2025-09-09,2026-02-27
AST-01347,Router,BAL-Router-1348,SITE-0090,Balikpapan,Ericsson,ERI-Router-5644,Active,NusaTel Owned,40 Gbps,2018-06-19,2022-06-18,2025-09-12,2026-01-31
AST-01348,Router,BAL-Router-1349,SITE-0090,Balikpapan,Juniper,JUN-Router-4365,Active,Leased,40 Gbps,2019-03-29,2021-03-28,2025-08-17,2026-11-20
AST-01349,Router,BAL-Router-1350,SITE-0090,Balikpapan,Ericsson,ERI-Router-8090,Active,NusaTel Owned,40 Gbps,2021-08-01,2026-07-31,2025-09-16,2026-08-30
AST-01350,Switch,BAL-Switch-1351,SITE-0090,Balikpapan,ZTE,ZTE-Switch-7991,Active,Leased,10 Gbps,2018-12-29,2020-12-28,2025-11-01,2026-11-05
AST-01351,Switch,BAL-Switch-1352,SITE-0090,Balikpapan,Juniper,JUN-Switch-9206,Active,Customer Premises,10 Gbps,2022-04-05,2026-04-04,2025-11-08,2026-04-22
AST-01352,Switch,BAL-Switch-1353,SITE-0090,Balikpapan,Juniper,JUN-Switch-7213,Faulty,NusaTel Owned,10 Gbps,2018-01-26,2020-01-26,2025-10-05,2026-06-29
AST-01353,Switch,BAL-Switch-1354,SITE-0090,Balikpapan,Juniper,JUN-Switch-2348,Active,NusaTel Owned,10 Gbps,2022-09-28,2024-09-27,2025-10-03,2026-08-02
AST-01354,Transmission,BAL-Transmission-1355,SITE-0090,Balikpapan,Juniper,JUN-Transmission-8929,Maintenance,NusaTel Owned,100 Gbps,2019-06-24,2023-06-23,2025-11-01,2026-10-23
AST-01355,Transmission,BAL-Transmission-1356,SITE-0090,Balikpapan,Ericsson,ERI-Transmission-4882,Active,Partner,100 Gbps,2018-06-28,2021-06-27,2025-07-17,2026-10-27
AST-01356,Transmission,BAL-Transmission-1357,SITE-0090,Balikpapan,Nokia,NOK-Transmission-4227,Active,NusaTel Owned,100 Gbps,2022-05-31,2026-05-30,2025-07-29,2026-01-12
AST-01357,BTS,JAK-BTS-1358,SITE-0091,Jakarta,ZTE,ZTE-BTS-2450,Decommissioned,NusaTel Owned,100 MHz,2025-04-07,2030-04-06,2025-09-21,2026-11-09
AST-01358,OLT,JAK-OLT-1359,SITE-0091,Jakarta,Juniper,JUN-OLT-5411,Active,Leased,10 Gbps,2023-02-21,2026-02-20,2025-07-23,2026-10-04
AST-01359,OLT,JAK-OLT-1360,SITE-0091,Jakarta,Nokia,NOK-OLT-7125,Maintenance,Customer Premises,10 Gbps,2018-04-06,2021-04-05,2025-09-01,2026-06-03
AST-01360,OLT,JAK-OLT-1361,SITE-0091,Jakarta,Ericsson,ERI-OLT-1205,Maintenance,NusaTel Owned,10 Gbps,2019-12-26,2025-12-24,2025-10-22,2026-10-29
AST-01361,OLT,JAK-OLT-1362,SITE-0091,Jakarta,Cisco,CIS-OLT-9590,Active,NusaTel Owned,10 Gbps,2025-10-03,2030-10-02,2025-10-05,2026-12-12
AST-01362,ODP,JAK-ODP-1363,SITE-0091,Jakarta,Ericsson,ERI-ODP-1599,Active,NusaTel Owned,1 Gbps,2022-08-20,2026-08-19,2025-07-22,2026-10-24
AST-01363,ODP,JAK-ODP-1364,SITE-0091,Jakarta,Cisco,CIS-ODP-6136,Active,Customer Premises,1 Gbps,2018-06-16,2023-06-15,2025-07-22,2026-02-02
AST-01364,ODP,JAK-ODP-1365,SITE-0091,Jakarta,Huawei,HUA-ODP-3262,Maintenance,NusaTel Owned,1 Gbps,2022-08-18,2024-08-17,2025-09-07,2026-05-27
AST-01365,ODP,JAK-ODP-1366,SITE-0091,Jakarta,Cisco,CIS-ODP-1397,Active,NusaTel Owned,1 Gbps,2019-08-31,2023-08-30,2025-07-08,2026-12-12
AST-01366,Router,JAK-Router-1367,SITE-0091,Jakarta,Cisco,CIS-Router-8819,Faulty,Leased,40 Gbps,2022-10-07,2027-10-06,2025-07-31,2026-02-09
AST-01367,Switch,JAK-Switch-1368,SITE-0091,Jakarta,Juniper,JUN-Switch-4076,Decommissioned,NusaTel Owned,10 Gbps,2023-09-09,2029-09-07,2025-12-04,2026-11-10
AST-01368,Transmission,JAK-Transmission-1369,SITE-0091,Jakarta,Ericsson,ERI-Transmission-6325,Active,NusaTel Owned,100 Gbps,2025-06-02,2027-06-02,2025-08-15,2026-01-05
AST-01369,Transmission,JAK-Transmission-1370,SITE-0091,Jakarta,Ericsson,ERI-Transmission-4904,Active,NusaTel Owned,100 Gbps,2023-07-13,2030-07-11,2025-07-31,2026-10-15
AST-01370,BTS,BAN-BTS-1371,SITE-0092,Bandung,Ericsson,ERI-BTS-9778,Active,NusaTel Owned,100 MHz,2023-06-06,2028-06-04,2025-12-22,2026-05-21
AST-01371,BTS,BAN-BTS-1372,SITE-0092,Bandung,Cisco,CIS-BTS-1686,Active,Leased,100 MHz,2024-07-05,2027-07-05,2025-10-16,2026-07-04
AST-01372,BTS,BAN-BTS-1373,SITE-0092,Bandung,Ericsson,ERI-BTS-4612,Active,Partner,100 MHz,2024-04-13,2027-04-13,2025-11-23,2026-04-19
AST-01373,OLT,BAN-OLT-1374,SITE-0092,Bandung,Nokia,NOK-OLT-6054,Active,NusaTel Owned,10 Gbps,2020-07-09,2026-07-08,2025-10-22,2026-11-13
AST-01374,OLT,BAN-OLT-1375,SITE-0092,Bandung,ZTE,ZTE-OLT-7430,Active,NusaTel Owned,10 Gbps,2023-07-18,2025-07-17,2025-10-17,2026-01-10
AST-01375,ODP,BAN-ODP-1376,SITE-0092,Bandung,ZTE,ZTE-ODP-4771,Active,Customer Premises,1 Gbps,2022-01-06,2029-01-04,2025-09-02,2026-07-11
AST-01376,Router,BAN-Router-1377,SITE-0092,Bandung,Huawei,HUA-Router-4870,Active,Leased,40 Gbps,2018-07-02,2024-06-30,2025-08-12,2026-02-24
AST-01377,Router,BAN-Router-1378,SITE-0092,Bandung,Ericsson,ERI-Router-4572,Maintenance,Partner,40 Gbps,2025-04-22,2031-04-21,2025-09-02,2026-01-25
AST-01378,Router,BAN-Router-1379,SITE-0092,Bandung,Nokia,NOK-Router-6117,Faulty,NusaTel Owned,40 Gbps,2023-06-21,2025-06-20,2025-11-27,2026-07-24
AST-01379,Switch,BAN-Switch-1380,SITE-0092,Bandung,Cisco,CIS-Switch-1147,Active,NusaTel Owned,10 Gbps,2018-01-18,2025-01-16,2025-11-07,2026-08-08
AST-01380,Switch,BAN-Switch-1381,SITE-0092,Bandung,Nokia,NOK-Switch-3783,Active,NusaTel Owned,10 Gbps,2021-12-14,2025-12-13,2025-07-31,2026-08-14
AST-01381,Switch,BAN-Switch-1382,SITE-0092,Bandung,Nokia,NOK-Switch-6802,Maintenance,Customer Premises,10 Gbps,2025-08-12,2028-08-11,2025-08-14,2026-12-11
AST-01382,Transmission,BAN-Transmission-1383,SITE-0092,Bandung,Cisco,CIS-Transmission-2207,Maintenance,Partner,100 Gbps,2024-01-02,2028-12-31,2025-11-28,2026-01-14
AST-01383,Transmission,BAN-Transmission-1384,SITE-0092,Bandung,ZTE,ZTE-Transmission-9658,Active,Partner,100 Gbps,2018-09-22,2021-09-21,2025-10-08,2026-06-08
AST-01384,Transmission,BAN-Transmission-1385,SITE-0092,Bandung,Cisco,CIS-Transmission-2816,Active,NusaTel Owned,100 Gbps,2025-03-24,2030-03-23,2025-10-25,2026-04-13
AST-01385,BTS,SUR-BTS-1386,SITE-0093,Surabaya,Nokia,NOK-BTS-4923,Maintenance,NusaTel Owned,100 MHz,2022-08-19,2026-08-18,2025-10-12,2026-08-22
AST-01386,BTS,SUR-BTS-1387,SITE-0093,Surabaya,Huawei,HUA-BTS-5443,Active,Leased,100 MHz,2022-06-07,2025-06-06,2025-09-07,2026-02-04
AST-01387,BTS,SUR-BTS-1388,SITE-0093,Surabaya,Nokia,NOK-BTS-2407,Active,NusaTel Owned,100 MHz,2019-10-31,2025-10-29,2025-07-24,2026-08-26
AST-01388,OLT,SUR-OLT-1389,SITE-0093,Surabaya,Nokia,NOK-OLT-4485,Active,NusaTel Owned,10 Gbps,2019-05-13,2025-05-11,2025-11-10,2026-10-12
AST-01389,OLT,SUR-OLT-1390,SITE-0093,Surabaya,Ericsson,ERI-OLT-6356,Active,NusaTel Owned,10 Gbps,2018-07-01,2022-06-30,2025-10-25,2026-06-13
AST-01390,OLT,SUR-OLT-1391,SITE-0093,Surabaya,Huawei,HUA-OLT-1492,Active,NusaTel Owned,10 Gbps,2020-10-22,2024-10-21,2025-12-27,2026-01-26
AST-01391,ODP,SUR-ODP-1392,SITE-0093,Surabaya,Juniper,JUN-ODP-7641,Active,NusaTel Owned,1 Gbps,2020-06-19,2024-06-18,2025-07-14,2026-07-10
AST-01392,ODP,SUR-ODP-1393,SITE-0093,Surabaya,Ericsson,ERI-ODP-7822,Active,NusaTel Owned,1 Gbps,2025-03-19,2031-03-18,2025-12-31,2026-09-30
AST-01393,ODP,SUR-ODP-1394,SITE-0093,Surabaya,Huawei,HUA-ODP-1013,Active,Partner,1 Gbps,2021-03-13,2023-03-13,2025-08-30,2026-10-21
AST-01394,ODP,SUR-ODP-1395,SITE-0093,Surabaya,Nokia,NOK-ODP-5021,Active,Leased,1 Gbps,2022-12-15,2029-12-13,2025-11-27,2026-01-13
AST-01395,Router,SUR-Router-1396,SITE-0093,Surabaya,Nokia,NOK-Router-3561,Active,Customer Premises,40 Gbps,2020-05-07,2026-05-06,2025-12-06,2026-05-26
AST-01396,Switch,SUR-Switch-1397,SITE-0093,Surabaya,Huawei,HUA-Switch-6855,Active,Partner,10 Gbps,2022-12-11,2028-12-09,2025-09-20,2026-05-21
AST-01397,Switch,SUR-Switch-1398,SITE-0093,Surabaya,Ericsson,ERI-Switch-4691,Active,NusaTel Owned,10 Gbps,2020-12-26,2022-12-26,2025-11-05,2026-05-19
AST-01398,Switch,SUR-Switch-1399,SITE-0093,Surabaya,ZTE,ZTE-Switch-3481,Active,Customer Premises,10 Gbps,2021-02-16,2026-02-15,2025-09-22,2026-01-22
AST-01399,Transmission,SUR-Transmission-1400,SITE-0093,Surabaya,Ericsson,ERI-Transmission-8314,Active,NusaTel Owned,100 Gbps,2021-01-18,2028-01-17,2025-10-19,2026-03-16
AST-01400,Transmission,SUR-Transmission-1401,SITE-0093,Surabaya,Juniper,JUN-Transmission-7795,Active,NusaTel Owned,100 Gbps,2025-08-18,2030-08-17,2025-12-21,2026-11-22
AST-01401,Transmission,SUR-Transmission-1402,SITE-0093,Surabaya,Huawei,HUA-Transmission-4459,Active,NusaTel Owned,100 Gbps,2019-06-28,2025-06-26,2025-09-15,2026-09-09
AST-01402,BTS,MED-BTS-1403,SITE-0094,Medan,Cisco,CIS-BTS-3124,Active,NusaTel Owned,100 MHz,2021-01-27,2025-01-26,2025-09-04,2026-07-10
AST-01403,OLT,MED-OLT-1404,SITE-0094,Medan,Huawei,HUA-OLT-3435,Active,Customer Premises,10 Gbps,2020-10-15,2022-10-15,2025-08-11,2026-05-11
AST-01404,OLT,MED-OLT-1405,SITE-0094,Medan,Huawei,HUA-OLT-4821,Faulty,NusaTel Owned,10 Gbps,2018-09-23,2025-09-21,2025-11-01,2026-01-26
AST-01405,OLT,MED-OLT-1406,SITE-0094,Medan,Huawei,HUA-OLT-4337,Active,Leased,10 Gbps,2021-09-24,2028-09-22,2025-07-31,2026-11-29
AST-01406,ODP,MED-ODP-1407,SITE-0094,Medan,ZTE,ZTE-ODP-4119,Active,NusaTel Owned,1 Gbps,2024-10-03,2031-10-02,2025-11-23,2026-05-30
AST-01407,ODP,MED-ODP-1408,SITE-0094,Medan,Cisco,CIS-ODP-5430,Active,NusaTel Owned,1 Gbps,2023-04-06,2030-04-04,2025-07-15,2026-04-30
AST-01408,ODP,MED-ODP-1409,SITE-0094,Medan,Cisco,CIS-ODP-7853,Active,NusaTel Owned,1 Gbps,2024-04-20,2030-04-19,2025-07-06,2026-09-15
AST-01409,Router,MED-Router-1410,SITE-0094,Medan,Huawei,HUA-Router-7264,Active,NusaTel Owned,40 Gbps,2025-08-20,2030-08-19,2025-09-19,2026-02-25
AST-01410,Router,MED-Router-1411,SITE-0094,Medan,Nokia,NOK-Router-7017,Active,NusaTel Owned,40 Gbps,2025-03-23,2027-03-23,2025-10-21,2026-10-30
AST-01411,Switch,MED-Switch-1412,SITE-0094,Medan,Nokia,NOK-Switch-6488,Active,NusaTel Owned,10 Gbps,2020-10-20,2022-10-20,2025-09-29,2026-06-09
AST-01412,Transmission,MED-Transmission-1413,SITE-0094,Medan,Ericsson,ERI-Transmission-8159,Maintenance,NusaTel Owned,100 Gbps,2022-02-25,2027-02-24,2025-08-28,2026-10-12
AST-01413,Transmission,MED-Transmission-1414,SITE-0094,Medan,Cisco,CIS-Transmission-8517,Active,NusaTel Owned,100 Gbps,2021-09-05,2025-09-04,2025-09-25,2026-11-02
AST-01414,Transmission,MED-Transmission-1415,SITE-0094,Medan,Nokia,NOK-Transmission-8568,Active,Leased,100 Gbps,2024-05-31,2031-05-30,2025-12-01,2026-06-14
AST-01415,BTS,MAK-BTS-1416,SITE-0095,Makassar,ZTE,ZTE-BTS-8806,Active,NusaTel Owned,100 MHz,2025-06-14,2032-06-12,2025-09-23,2026-10-08
AST-01416,BTS,MAK-BTS-1417,SITE-0095,Makassar,Nokia,NOK-BTS-2730,Active,NusaTel Owned,100 MHz,2022-11-08,2025-11-07,2025-08-09,2026-02-07
AST-01417,BTS,MAK-BTS-1418,SITE-0095,Makassar,Ericsson,ERI-BTS-4944,Maintenance,NusaTel Owned,100 MHz,2020-03-17,2026-03-16,2025-11-12,2026-07-30
AST-01418,OLT,MAK-OLT-1419,SITE-0095,Makassar,Ericsson,ERI-OLT-7121,Active,NusaTel Owned,10 Gbps,2025-09-07,2032-09-05,2025-09-05,2026-09-21
AST-01419,OLT,MAK-OLT-1420,SITE-0095,Makassar,Cisco,CIS-OLT-7964,Active,NusaTel Owned,10 Gbps,2023-11-03,2030-11-01,2025-10-02,2026-05-11
AST-01420,OLT,MAK-OLT-1421,SITE-0095,Makassar,Huawei,HUA-OLT-1091,Active,NusaTel Owned,10 Gbps,2024-01-10,2030-01-08,2025-09-11,2026-11-16
AST-01421,OLT,MAK-OLT-1422,SITE-0095,Makassar,Huawei,HUA-OLT-6376,Active,NusaTel Owned,10 Gbps,2025-10-19,2027-10-19,2025-11-08,2026-10-17
AST-01422,ODP,MAK-ODP-1423,SITE-0095,Makassar,Huawei,HUA-ODP-2218,Maintenance,NusaTel Owned,1 Gbps,2025-01-26,2028-01-26,2025-07-15,2026-08-31
AST-01423,Router,MAK-Router-1424,SITE-0095,Makassar,Juniper,JUN-Router-9171,Maintenance,NusaTel Owned,40 Gbps,2025-09-22,2028-09-21,2025-12-10,2026-07-05
AST-01424,Router,MAK-Router-1425,SITE-0095,Makassar,Ericsson,ERI-Router-3909,Active,NusaTel Owned,40 Gbps,2025-05-09,2028-05-08,2025-10-22,2026-10-28
AST-01425,Router,MAK-Router-1426,SITE-0095,Makassar,Juniper,JUN-Router-8977,Active,NusaTel Owned,40 Gbps,2023-01-11,2027-01-10,2025-11-19,2026-07-13
AST-01426,Router,MAK-Router-1427,SITE-0095,Makassar,Ericsson,ERI-Router-9285,Maintenance,Leased,40 Gbps,2022-01-07,2029-01-05,2025-08-03,2026-07-08
AST-01427,Switch,MAK-Switch-1428,SITE-0095,Makassar,Juniper,JUN-Switch-9213,Maintenance,NusaTel Owned,10 Gbps,2022-09-20,2028-09-18,2025-09-12,2026-02-25
AST-01428,Switch,MAK-Switch-1429,SITE-0095,Makassar,ZTE,ZTE-Switch-7959,Active,NusaTel Owned,10 Gbps,2024-11-14,2026-11-14,2025-11-21,2026-06-09
AST-01429,Switch,MAK-Switch-1430,SITE-0095,Makassar,Nokia,NOK-Switch-4088,Active,NusaTel Owned,10 Gbps,2020-06-17,2025-06-16,2025-08-19,2026-08-30
AST-01430,Switch,MAK-Switch-1431,SITE-0095,Makassar,ZTE,ZTE-Switch-8811,Active,NusaTel Owned,10 Gbps,2019-05-13,2022-05-12,2025-10-31,2026-12-05
AST-01431,Transmission,MAK-Transmission-1432,SITE-0095,Makassar,Cisco,CIS-Transmission-7422,Active,Customer Premises,100 Gbps,2018-01-20,2024-01-19,2025-12-27,2026-03-13
AST-01432,Transmission,MAK-Transmission-1433,SITE-0095,Makassar,Huawei,HUA-Transmission-2303,Active,NusaTel Owned,100 Gbps,2024-11-30,2030-11-29,2025-08-23,2026-07-18
AST-01433,Transmission,MAK-Transmission-1434,SITE-0095,Makassar,Cisco,CIS-Transmission-4129,Active,Customer Premises,100 Gbps,2022-08-27,2026-08-26,2025-12-09,2026-06-14
AST-01434,BTS,SEM-BTS-1435,SITE-0096,Semarang,Ericsson,ERI-BTS-5557,Active,NusaTel Owned,100 MHz,2018-05-21,2023-05-20,2025-12-16,2026-09-04
AST-01435,BTS,SEM-BTS-1436,SITE-0096,Semarang,Cisco,CIS-BTS-6382,Active,NusaTel Owned,100 MHz,2024-10-07,2029-10-06,2025-12-09,2026-12-03
AST-01436,BTS,SEM-BTS-1437,SITE-0096,Semarang,Juniper,JUN-BTS-4499,Active,Customer Premises,100 MHz,2023-07-22,2029-07-20,2025-11-06,2026-08-26
AST-01437,OLT,SEM-OLT-1438,SITE-0096,Semarang,Cisco,CIS-OLT-9714,Maintenance,NusaTel Owned,10 Gbps,2021-01-29,2024-01-29,2025-09-17,2026-05-04
AST-01438,OLT,SEM-OLT-1439,SITE-0096,Semarang,Juniper,JUN-OLT-8360,Active,Customer Premises,10 Gbps,2020-07-23,2023-07-23,2025-12-02,2026-08-08
AST-01439,ODP,SEM-ODP-1440,SITE-0096,Semarang,Juniper,JUN-ODP-8561,Maintenance,NusaTel Owned,1 Gbps,2024-06-14,2027-06-14,2025-11-23,2026-08-08
AST-01440,Router,SEM-Router-1441,SITE-0096,Semarang,Cisco,CIS-Router-2913,Maintenance,NusaTel Owned,40 Gbps,2025-01-02,2032-01-01,2025-10-20,2026-01-13
AST-01441,Router,SEM-Router-1442,SITE-0096,Semarang,Juniper,JUN-Router-3786,Active,NusaTel Owned,40 Gbps,2020-08-09,2025-08-08,2025-10-16,2026-12-20
AST-01442,Router,SEM-Router-1443,SITE-0096,Semarang,Huawei,HUA-Router-4735,Active,NusaTel Owned,40 Gbps,2019-12-23,2026-12-21,2025-11-01,2026-01-11
AST-01443,Router,SEM-Router-1444,SITE-0096,Semarang,Ericsson,ERI-Router-6892,Active,NusaTel Owned,40 Gbps,2022-10-03,2027-10-02,2025-08-29,2026-04-13
AST-01444,Switch,SEM-Switch-1445,SITE-0096,Semarang,ZTE,ZTE-Switch-2946,Faulty,NusaTel Owned,10 Gbps,2018-10-30,2020-10-29,2025-11-15,2026-01-30
AST-01445,Switch,SEM-Switch-1446,SITE-0096,Semarang,Nokia,NOK-Switch-8713,Active,NusaTel Owned,10 Gbps,2022-06-01,2025-05-31,2025-11-04,2026-05-02
AST-01446,Transmission,SEM-Transmission-1447,SITE-0096,Semarang,ZTE,ZTE-Transmission-3024,Active,NusaTel Owned,100 Gbps,2022-11-09,2028-11-07,2025-07-26,2026-05-12
AST-01447,Transmission,SEM-Transmission-1448,SITE-0096,Semarang,Ericsson,ERI-Transmission-3733,Active,NusaTel Owned,100 Gbps,2019-05-30,2025-05-28,2025-07-31,2026-10-14
AST-01448,Transmission,SEM-Transmission-1449,SITE-0096,Semarang,Cisco,CIS-Transmission-9089,Active,Leased,100 Gbps,2021-09-28,2026-09-27,2025-10-04,2026-08-18
AST-01449,BTS,YOG-BTS-1450,SITE-0097,Yogyakarta,ZTE,ZTE-BTS-4033,Active,NusaTel Owned,100 MHz,2025-07-03,2028-07-02,2025-08-21,2026-04-27
AST-01450,OLT,YOG-OLT-1451,SITE-0097,Yogyakarta,ZTE,ZTE-OLT-6746,Maintenance,NusaTel Owned,10 Gbps,2019-06-30,2026-06-28,2025-12-17,2026-05-25
AST-01451,ODP,YOG-ODP-1452,SITE-0097,Yogyakarta,Cisco,CIS-ODP-7917,Active,Customer Premises,1 Gbps,2018-01-26,2021-01-25,2025-08-23,2026-06-21
AST-01452,ODP,YOG-ODP-1453,SITE-0097,Yogyakarta,Huawei,HUA-ODP-4214,Active,NusaTel Owned,1 Gbps,2023-09-18,2030-09-16,2025-08-27,2026-12-11
AST-01453,ODP,YOG-ODP-1454,SITE-0097,Yogyakarta,Huawei,HUA-ODP-5313,Active,Customer Premises,1 Gbps,2018-06-08,2023-06-07,2025-08-03,2026-01-21
AST-01454,Router,YOG-Router-1455,SITE-0097,Yogyakarta,Huawei,HUA-Router-1158,Active,NusaTel Owned,40 Gbps,2023-03-23,2027-03-22,2025-08-02,2026-05-02
AST-01455,Router,YOG-Router-1456,SITE-0097,Yogyakarta,Nokia,NOK-Router-4081,Active,Partner,40 Gbps,2022-08-19,2027-08-18,2025-10-31,2026-07-15
AST-01456,Switch,YOG-Switch-1457,SITE-0097,Yogyakarta,Huawei,HUA-Switch-5959,Active,NusaTel Owned,10 Gbps,2024-09-24,2027-09-24,2025-09-24,2026-06-17
AST-01457,Switch,YOG-Switch-1458,SITE-0097,Yogyakarta,Cisco,CIS-Switch-2315,Active,NusaTel Owned,10 Gbps,2022-12-28,2029-12-26,2025-09-09,2026-08-26
AST-01458,Transmission,YOG-Transmission-1459,SITE-0097,Yogyakarta,Ericsson,ERI-Transmission-2979,Active,Customer Premises,100 Gbps,2019-12-03,2024-12-01,2025-12-15,2026-05-22
AST-01459,Transmission,YOG-Transmission-1460,SITE-0097,Yogyakarta,ZTE,ZTE-Transmission-8902,Decommissioned,NusaTel Owned,100 Gbps,2019-11-26,2026-11-24,2025-11-15,2026-05-06
AST-01460,BTS,DEN-BTS-1461,SITE-0098,Denpasar,Ericsson,ERI-BTS-9142,Active,Leased,100 MHz,2022-11-29,2025-11-28,2025-10-06,2026-11-12
AST-01461,BTS,DEN-BTS-1462,SITE-0098,Denpasar,ZTE,ZTE-BTS-1213,Active,NusaTel Owned,100 MHz,2021-12-18,2025-12-17,2025-08-08,2026-07-05
AST-01462,BTS,DEN-BTS-1463,SITE-0098,Denpasar,Huawei,HUA-BTS-9352,Decommissioned,Leased,100 MHz,2017-12-27,2023-12-26,2025-07-29,2026-04-16
AST-01463,OLT,DEN-OLT-1464,SITE-0098,Denpasar,ZTE,ZTE-OLT-5195,Active,NusaTel Owned,10 Gbps,2019-06-05,2023-06-04,2025-09-04,2026-11-06
AST-01464,ODP,DEN-ODP-1465,SITE-0098,Denpasar,Nokia,NOK-ODP-4820,Active,NusaTel Owned,1 Gbps,2018-05-09,2020-05-08,2025-10-14,2026-02-13
AST-01465,ODP,DEN-ODP-1466,SITE-0098,Denpasar,Huawei,HUA-ODP-4169,Active,NusaTel Owned,1 Gbps,2020-12-09,2027-12-08,2025-08-27,2026-10-11
AST-01466,Router,DEN-Router-1467,SITE-0098,Denpasar,Ericsson,ERI-Router-1725,Active,NusaTel Owned,40 Gbps,2025-05-06,2032-05-04,2025-11-29,2026-02-19
AST-01467,Router,DEN-Router-1468,SITE-0098,Denpasar,Nokia,NOK-Router-6844,Active,NusaTel Owned,40 Gbps,2023-03-01,2029-02-27,2025-11-25,2026-06-05
AST-01468,Router,DEN-Router-1469,SITE-0098,Denpasar,Huawei,HUA-Router-7561,Active,NusaTel Owned,40 Gbps,2020-11-23,2023-11-23,2025-08-06,2026-02-25
AST-01469,Switch,DEN-Switch-1470,SITE-0098,Denpasar,ZTE,ZTE-Switch-6774,Active,Customer Premises,10 Gbps,2022-08-08,2026-08-07,2025-11-14,2026-04-07
AST-01470,Switch,DEN-Switch-1471,SITE-0098,Denpasar,ZTE,ZTE-Switch-7615,Maintenance,NusaTel Owned,10 Gbps,2023-09-05,2028-09-03,2025-09-08,2026-05-12
AST-01471,Transmission,DEN-Transmission-1472,SITE-0098,Denpasar,Nokia,NOK-Transmission-3751,Active,NusaTel Owned,100 Gbps,2025-10-17,2027-10-17,2025-12-11,2026-12-20
AST-01472,Transmission,DEN-Transmission-1473,SITE-0098,Denpasar,Ericsson,ERI-Transmission-7223,Active,Partner,100 Gbps,2018-02-21,2021-02-20,2025-10-21,2026-06-05
AST-01473,Transmission,DEN-Transmission-1474,SITE-0098,Denpasar,Cisco,CIS-Transmission-5840,Active,Leased,100 Gbps,2025-01-23,2028-01-23,2025-12-04,2026-03-03
AST-01474,Transmission,DEN-Transmission-1475,SITE-0098,Denpasar,ZTE,ZTE-Transmission-3955,Maintenance,NusaTel Owned,100 Gbps,2021-05-04,2028-05-02,2025-09-06,2026-07-22
AST-01475,BTS,PAL-BTS-1476,SITE-0099,Palembang,Nokia,NOK-BTS-1595,Active,NusaTel Owned,100 MHz,2020-08-13,2022-08-13,2025-09-17,2026-08-26
AST-01476,BTS,PAL-BTS-1477,SITE-0099,Palembang,Juniper,JUN-BTS-4886,Active,NusaTel Owned,100 MHz,2020-12-03,2025-12-02,2025-08-30,2026-03-24
AST-01477,OLT,PAL-OLT-1478,SITE-0099,Palembang,Juniper,JUN-OLT-9193,Active,NusaTel Owned,10 Gbps,2018-09-18,2022-09-17,2025-10-23,2026-10-31
AST-01478,OLT,PAL-OLT-1479,SITE-0099,Palembang,Ericsson,ERI-OLT-1059,Active,NusaTel Owned,10 Gbps,2022-03-15,2028-03-13,2025-11-20,2026-05-30
AST-01479,OLT,PAL-OLT-1480,SITE-0099,Palembang,Ericsson,ERI-OLT-5860,Maintenance,NusaTel Owned,10 Gbps,2019-09-29,2026-09-27,2025-12-20,2026-03-15
AST-01480,ODP,PAL-ODP-1481,SITE-0099,Palembang,Cisco,CIS-ODP-5772,Active,Leased,1 Gbps,2018-06-29,2021-06-28,2025-11-27,2026-12-02
AST-01481,ODP,PAL-ODP-1482,SITE-0099,Palembang,Nokia,NOK-ODP-5932,Active,NusaTel Owned,1 Gbps,2024-07-08,2031-07-07,2025-11-25,2026-06-23
AST-01482,ODP,PAL-ODP-1483,SITE-0099,Palembang,Cisco,CIS-ODP-4113,Active,NusaTel Owned,1 Gbps,2024-12-25,2028-12-24,2025-08-12,2026-11-15
AST-01483,ODP,PAL-ODP-1484,SITE-0099,Palembang,Ericsson,ERI-ODP-3583,Active,NusaTel Owned,1 Gbps,2017-10-31,2020-10-30,2025-09-17,2026-05-05
AST-01484,Router,PAL-Router-1485,SITE-0099,Palembang,Nokia,NOK-Router-6999,Active,NusaTel Owned,40 Gbps,2019-05-22,2024-05-20,2025-09-17,2026-03-20
AST-01485,Switch,PAL-Switch-1486,SITE-0099,Palembang,Nokia,NOK-Switch-3760,Active,NusaTel Owned,10 Gbps,2021-05-25,2027-05-24,2025-12-30,2026-09-29
AST-01486,Switch,PAL-Switch-1487,SITE-0099,Palembang,Cisco,CIS-Switch-1672,Faulty,NusaTel Owned,10 Gbps,2024-05-04,2026-05-04,2025-12-01,2026-02-13
AST-01487,Switch,PAL-Switch-1488,SITE-0099,Palembang,Ericsson,ERI-Switch-3051,Active,NusaTel Owned,10 Gbps,2025-08-26,2030-08-25,2025-12-21,2026-03-05
AST-01488,Transmission,PAL-Transmission-1489,SITE-0099,Palembang,Huawei,HUA-Transmission-3200,Active,NusaTel Owned,100 Gbps,2021-10-08,2028-10-06,2025-12-11,2026-01-25
AST-01489,BTS,BAL-BTS-1490,SITE-0100,Balikpapan,Nokia,NOK-BTS-5814,Active,NusaTel Owned,100 MHz,2019-12-23,2024-12-21,2025-09-13,2026-03-03
AST-01490,BTS,BAL-BTS-1491,SITE-0100,Balikpapan,Juniper,JUN-BTS-4413,Active,NusaTel Owned,100 MHz,2020-01-01,2023-12-31,2025-12-14,2026-04-04
AST-01491,BTS,BAL-BTS-1492,SITE-0100,Balikpapan,Nokia,NOK-BTS-3223,Active,Customer Premises,100 MHz,2023-12-10,2027-12-09,2025-08-01,2026-12-22
AST-01492,BTS,BAL-BTS-1493,SITE-0100,Balikpapan,Ericsson,ERI-BTS-4322,Active,Leased,100 MHz,2023-04-26,2027-04-25,2025-08-28,2026-06-10
AST-01493,OLT,BAL-OLT-1494,SITE-0100,Balikpapan,Nokia,NOK-OLT-3305,Maintenance,Leased,10 Gbps,2023-06-02,2029-05-31,2025-11-23,2026-06-23
AST-01494,ODP,BAL-ODP-1495,SITE-0100,Balikpapan,Nokia,NOK-ODP-4342,Active,NusaTel Owned,1 Gbps,2020-01-18,2025-01-16,2025-12-07,2026-10-11
AST-01495,ODP,BAL-ODP-1496,SITE-0100,Balikpapan,Juniper,JUN-ODP-6270,Active,Partner,1 Gbps,2022-11-05,2027-11-04,2025-12-28,2026-09-25
AST-01496,Router,BAL-Router-1497,SITE-0100,Balikpapan,Huawei,HUA-Router-2125,Active,Leased,40 Gbps,2024-12-07,2029-12-06,2025-10-13,2026-11-04
AST-01497,Router,BAL-Router-1498,SITE-0100,Balikpapan,Ericsson,ERI-Router-7836,Active,NusaTel Owned,40 Gbps,2025-05-07,2031-05-06,2025-10-30,2026-04-29
AST-01498,Switch,BAL-Switch-1499,SITE-0100,Balikpapan,ZTE,ZTE-Switch-8211,Active,NusaTel Owned,10 Gbps,2025-03-11,2032-03-09,2025-08-17,2026-10-30
AST-01499,Switch,BAL-Switch-1500,SITE-0100,Balikpapan,ZTE,ZTE-Switch-3644,Faulty,NusaTel Owned,10 Gbps,2024-02-26,2030-02-24,2025-10-29,2026-03-26
AST-01500,Switch,BAL-Switch-1501,SITE-0100,Balikpapan,ZTE,ZTE-Switch-7864,Maintenance,NusaTel Owned,10 Gbps,2019-12-28,2024-12-26,2025-08-27,2026-06-08
AST-01501,Switch,BAL-Switch-1502,SITE-0100,Balikpapan,Ericsson,ERI-Switch-4909,Active,NusaTel Owned,10 Gbps,2023-01-18,2029-01-16,2025-09-18,2026-06-18
AST-01502,Transmission,BAL-Transmission-1503,SITE-0100,Balikpapan,Ericsson,ERI-Transmission-9184,Faulty,NusaTel Owned,100 Gbps,2019-05-08,2025-05-06,2025-11-22,2026-04-25
AST-01503,Transmission,BAL-Transmission-1504,SITE-0100,Balikpapan,Huawei,HUA-Transmission-2440,Active,NusaTel Owned,100 Gbps,2021-05-02,2026-05-01,2025-08-30,2026-04-08
AST-01504,Transmission,BAL-Transmission-1505,SITE-0100,Balikpapan,Ericsson,ERI-Transmission-4836,Active,NusaTel Owned,100 Gbps,2020-02-16,2023-02-15,2025-08-03,2026-11-23
AST-01505,BTS,JAK-BTS-1506,SITE-0101,Jakarta,Huawei,HUA-BTS-1163,Faulty,NusaTel Owned,100 MHz,2022-03-17,2029-03-15,2025-08-21,2026-09-01
AST-01506,BTS,JAK-BTS-1507,SITE-0101,Jakarta,Juniper,JUN-BTS-4341,Active,Partner,100 MHz,2023-08-22,2030-08-20,2025-11-02,2026-06-28
AST-01507,BTS,JAK-BTS-1508,SITE-0101,Jakarta,Juniper,JUN-BTS-8025,Active,Customer Premises,100 MHz,2024-10-31,2026-10-31,2025-11-08,2026-10-19
AST-01508,OLT,JAK-OLT-1509,SITE-0101,Jakarta,Juniper,JUN-OLT-3444,Active,Partner,10 Gbps,2024-05-18,2028-05-17,2025-11-30,2026-05-06
AST-01509,ODP,JAK-ODP-1510,SITE-0101,Jakarta,Cisco,CIS-ODP-3671,Active,NusaTel Owned,1 Gbps,2021-04-12,2026-04-11,2025-11-10,2026-11-10
AST-01510,Router,JAK-Router-1511,SITE-0101,Jakarta,Juniper,JUN-Router-3141,Active,NusaTel Owned,40 Gbps,2021-06-28,2024-06-27,2025-08-09,2026-12-30
AST-01511,Switch,JAK-Switch-1512,SITE-0101,Jakarta,Huawei,HUA-Switch-1666,Active,NusaTel Owned,10 Gbps,2021-02-21,2027-02-20,2025-12-19,2026-06-04
AST-01512,Switch,JAK-Switch-1513,SITE-0101,Jakarta,Cisco,CIS-Switch-9540,Faulty,NusaTel Owned,10 Gbps,2020-08-23,2027-08-22,2025-11-11,2026-10-21
AST-01513,Transmission,JAK-Transmission-1514,SITE-0101,Jakarta,Cisco,CIS-Transmission-3925,Active,NusaTel Owned,100 Gbps,2020-10-09,2026-10-08,2025-07-07,2026-04-25
AST-01514,Transmission,JAK-Transmission-1515,SITE-0101,Jakarta,Huawei,HUA-Transmission-8607,Active,NusaTel Owned,100 Gbps,2020-05-05,2027-05-04,2025-11-18,2026-05-06
AST-01515,Transmission,JAK-Transmission-1516,SITE-0101,Jakarta,Juniper,JUN-Transmission-5505,Active,Leased,100 Gbps,2025-12-02,2028-12-01,2025-08-27,2026-06-02
AST-01516,Transmission,JAK-Transmission-1517,SITE-0101,Jakarta,Nokia,NOK-Transmission-1639,Active,Leased,100 Gbps,2019-02-09,2023-02-08,2025-09-12,2026-10-10
AST-01517,BTS,BAN-BTS-1518,SITE-0102,Bandung,Cisco,CIS-BTS-7899,Active,Leased,100 MHz,2022-07-04,2024-07-03,2025-12-12,2026-02-03
AST-01518,BTS,BAN-BTS-1519,SITE-0102,Bandung,Nokia,NOK-BTS-9867,Decommissioned,Leased,100 MHz,2019-09-28,2025-09-26,2025-10-28,2026-05-07
AST-01519,BTS,BAN-BTS-1520,SITE-0102,Bandung,Huawei,HUA-BTS-2300,Active,NusaTel Owned,100 MHz,2024-09-13,2026-09-13,2025-09-09,2026-08-17
AST-01520,OLT,BAN-OLT-1521,SITE-0102,Bandung,Ericsson,ERI-OLT-4525,Active,Leased,10 Gbps,2018-06-26,2023-06-25,2025-09-15,2026-11-11
AST-01521,OLT,BAN-OLT-1522,SITE-0102,Bandung,Ericsson,ERI-OLT-5391,Decommissioned,Partner,10 Gbps,2019-05-27,2023-05-26,2025-10-21,2026-07-18
AST-01522,OLT,BAN-OLT-1523,SITE-0102,Bandung,ZTE,ZTE-OLT-5959,Maintenance,NusaTel Owned,10 Gbps,2020-02-29,2026-02-27,2025-11-20,2026-08-25
AST-01523,ODP,BAN-ODP-1524,SITE-0102,Bandung,ZTE,ZTE-ODP-5959,Maintenance,NusaTel Owned,1 Gbps,2024-10-29,2031-10-28,2025-09-19,2026-11-01
AST-01524,ODP,BAN-ODP-1525,SITE-0102,Bandung,ZTE,ZTE-ODP-2729,Faulty,Leased,1 Gbps,2025-05-28,2031-05-27,2025-09-16,2026-05-21
AST-01525,ODP,BAN-ODP-1526,SITE-0102,Bandung,Nokia,NOK-ODP-6276,Active,Leased,1 Gbps,2024-04-07,2030-04-06,2025-07-31,2026-11-22
AST-01526,Router,BAN-Router-1527,SITE-0102,Bandung,Juniper,JUN-Router-6830,Faulty,NusaTel Owned,40 Gbps,2022-12-10,2024-12-09,2025-12-20,2026-10-17
AST-01527,Router,BAN-Router-1528,SITE-0102,Bandung,ZTE,ZTE-Router-6591,Decommissioned,Leased,40 Gbps,2021-11-09,2026-11-08,2025-10-26,2026-04-26
AST-01528,Router,BAN-Router-1529,SITE-0102,Bandung,ZTE,ZTE-Router-7469,Maintenance,NusaTel Owned,40 Gbps,2023-03-19,2026-03-18,2025-09-05,2026-08-23
AST-01529,Switch,BAN-Switch-1530,SITE-0102,Bandung,Cisco,CIS-Switch-5956,Active,NusaTel Owned,10 Gbps,2023-01-03,2026-01-02,2025-07-08,2026-07-23
AST-01530,Switch,BAN-Switch-1531,SITE-0102,Bandung,Ericsson,ERI-Switch-2315,Active,NusaTel Owned,10 Gbps,2024-10-17,2030-10-16,2025-08-05,2026-11-06
AST-01531,Transmission,BAN-Transmission-1532,SITE-0102,Bandung,Cisco,CIS-Transmission-3256,Active,NusaTel Owned,100 Gbps,2020-10-30,2024-10-29,2025-12-13,2026-10-21
AST-01532,Transmission,BAN-Transmission-1533,SITE-0102,Bandung,Cisco,CIS-Transmission-4943,Active,NusaTel Owned,100 Gbps,2018-03-05,2021-03-04,2025-07-20,2026-06-11
AST-01533,Transmission,BAN-Transmission-1534,SITE-0102,Bandung,Juniper,JUN-Transmission-2065,Active,NusaTel Owned,100 Gbps,2023-03-26,2026-03-25,2025-09-22,2026-07-14
AST-01534,Transmission,BAN-Transmission-1535,SITE-0102,Bandung,Huawei,HUA-Transmission-4915,Active,Partner,100 Gbps,2023-01-19,2029-01-17,2025-11-25,2026-03-16
AST-01535,BTS,SUR-BTS-1536,SITE-0103,Surabaya,Huawei,HUA-BTS-3152,Maintenance,NusaTel Owned,100 MHz,2021-02-02,2024-02-02,2025-11-28,2026-03-05
AST-01536,BTS,SUR-BTS-1537,SITE-0103,Surabaya,ZTE,ZTE-BTS-1761,Active,Customer Premises,100 MHz,2022-10-12,2025-10-11,2025-10-09,2026-08-01
AST-01537,BTS,SUR-BTS-1538,SITE-0103,Surabaya,Ericsson,ERI-BTS-9553,Active,NusaTel Owned,100 MHz,2017-11-28,2023-11-27,2025-09-14,2026-04-30
AST-01538,OLT,SUR-OLT-1539,SITE-0103,Surabaya,ZTE,ZTE-OLT-7736,Active,Partner,10 Gbps,2025-08-01,2031-07-31,2025-10-20,2026-04-13
AST-01539,ODP,SUR-ODP-1540,SITE-0103,Surabaya,Juniper,JUN-ODP-1412,Active,Customer Premises,1 Gbps,2019-10-01,2022-09-30,2025-10-24,2026-05-13
AST-01540,ODP,SUR-ODP-1541,SITE-0103,Surabaya,Huawei,HUA-ODP-5376,Active,NusaTel Owned,1 Gbps,2020-12-13,2022-12-13,2025-07-28,2026-11-19
AST-01541,ODP,SUR-ODP-1542,SITE-0103,Surabaya,Juniper,JUN-ODP-2025,Active,NusaTel Owned,1 Gbps,2022-04-24,2026-04-23,2025-11-30,2026-10-24
AST-01542,ODP,SUR-ODP-1543,SITE-0103,Surabaya,Huawei,HUA-ODP-3379,Maintenance,NusaTel Owned,1 Gbps,2018-08-30,2021-08-29,2025-08-23,2026-08-16
AST-01543,Router,SUR-Router-1544,SITE-0103,Surabaya,Nokia,NOK-Router-5754,Active,NusaTel Owned,40 Gbps,2023-02-01,2029-01-30,2025-12-21,2026-11-27
AST-01544,Switch,SUR-Switch-1545,SITE-0103,Surabaya,Juniper,JUN-Switch-5456,Active,Customer Premises,10 Gbps,2023-06-13,2027-06-12,2025-11-16,2026-04-10
AST-01545,Switch,SUR-Switch-1546,SITE-0103,Surabaya,ZTE,ZTE-Switch-8460,Active,NusaTel Owned,10 Gbps,2023-02-14,2030-02-12,2025-12-11,2026-09-19
AST-01546,Switch,SUR-Switch-1547,SITE-0103,Surabaya,ZTE,ZTE-Switch-1090,Active,NusaTel Owned,10 Gbps,2020-02-28,2025-02-26,2025-08-10,2026-07-07
AST-01547,Switch,SUR-Switch-1548,SITE-0103,Surabaya,Nokia,NOK-Switch-4302,Active,NusaTel Owned,10 Gbps,2017-11-23,2023-11-22,2025-12-24,2026-11-19
AST-01548,Transmission,SUR-Transmission-1549,SITE-0103,Surabaya,ZTE,ZTE-Transmission-9827,Active,NusaTel Owned,100 Gbps,2023-08-14,2026-08-13,2025-09-01,2026-02-18
AST-01549,Transmission,SUR-Transmission-1550,SITE-0103,Surabaya,Cisco,CIS-Transmission-3777,Active,NusaTel Owned,100 Gbps,2024-08-12,2028-08-11,2025-09-25,2026-04-10
AST-01550,Transmission,SUR-Transmission-1551,SITE-0103,Surabaya,ZTE,ZTE-Transmission-5723,Active,Leased,100 Gbps,2022-01-08,2024-01-08,2025-09-26,2026-01-08
AST-01551,Transmission,SUR-Transmission-1552,SITE-0103,Surabaya,Ericsson,ERI-Transmission-9406,Active,NusaTel Owned,100 Gbps,2023-07-23,2028-07-21,2025-12-18,2026-06-08
AST-01552,BTS,MED-BTS-1553,SITE-0104,Medan,Cisco,CIS-BTS-8865,Active,Partner,100 MHz,2019-08-12,2023-08-11,2025-08-17,2026-06-09
AST-01553,OLT,MED-OLT-1554,SITE-0104,Medan,Nokia,NOK-OLT-1141,Active,Leased,10 Gbps,2019-06-30,2023-06-29,2025-12-31,2026-02-10
AST-01554,OLT,MED-OLT-1555,SITE-0104,Medan,Cisco,CIS-OLT-6790,Decommissioned,Partner,10 Gbps,2023-09-03,2028-09-01,2025-12-26,2026-03-15
AST-01555,ODP,MED-ODP-1556,SITE-0104,Medan,Cisco,CIS-ODP-8636,Active,NusaTel Owned,1 Gbps,2018-12-10,2021-12-09,2025-08-14,2026-08-04
AST-01556,ODP,MED-ODP-1557,SITE-0104,Medan,Ericsson,ERI-ODP-6716,Maintenance,NusaTel Owned,1 Gbps,2019-01-25,2023-01-24,2025-12-26,2026-12-23
AST-01557,ODP,MED-ODP-1558,SITE-0104,Medan,Nokia,NOK-ODP-2506,Active,NusaTel Owned,1 Gbps,2020-09-25,2022-09-25,2025-12-05,2026-04-20
AST-01558,Router,MED-Router-1559,SITE-0104,Medan,Nokia,NOK-Router-3716,Active,Partner,40 Gbps,2019-02-18,2026-02-16,2025-09-03,2026-10-11
AST-01559,Router,MED-Router-1560,SITE-0104,Medan,Cisco,CIS-Router-7817,Active,Partner,40 Gbps,2018-08-30,2020-08-29,2025-07-28,2026-06-09
AST-01560,Router,MED-Router-1561,SITE-0104,Medan,Juniper,JUN-Router-1799,Maintenance,NusaTel Owned,40 Gbps,2020-12-25,2022-12-25,2025-10-31,2026-02-17
AST-01561,Router,MED-Router-1562,SITE-0104,Medan,Ericsson,ERI-Router-8055,Active,NusaTel Owned,40 Gbps,2019-08-26,2021-08-25,2025-07-14,2026-05-09
AST-01562,Switch,MED-Switch-1563,SITE-0104,Medan,Huawei,HUA-Switch-5856,Active,NusaTel Owned,10 Gbps,2018-09-17,2022-09-16,2025-10-23,2026-09-11
AST-01563,Switch,MED-Switch-1564,SITE-0104,Medan,Juniper,JUN-Switch-9980,Maintenance,NusaTel Owned,10 Gbps,2020-02-22,2022-02-21,2025-11-07,2026-04-28
AST-01564,Transmission,MED-Transmission-1565,SITE-0104,Medan,Juniper,JUN-Transmission-4446,Active,NusaTel Owned,100 Gbps,2018-01-01,2020-01-01,2025-07-05,2026-09-07
AST-01565,BTS,MAK-BTS-1566,SITE-0105,Makassar,Nokia,NOK-BTS-6627,Maintenance,NusaTel Owned,100 MHz,2019-02-08,2024-02-07,2025-10-31,2026-01-10
AST-01566,BTS,MAK-BTS-1567,SITE-0105,Makassar,Juniper,JUN-BTS-9742,Active,Leased,100 MHz,2025-04-05,2030-04-04,2025-08-23,2026-02-27
AST-01567,BTS,MAK-BTS-1568,SITE-0105,Makassar,Cisco,CIS-BTS-9735,Active,NusaTel Owned,100 MHz,2020-12-07,2022-12-07,2025-08-09,2026-09-26
AST-01568,OLT,MAK-OLT-1569,SITE-0105,Makassar,Huawei,HUA-OLT-5463,Active,NusaTel Owned,10 Gbps,2019-11-22,2025-11-20,2025-08-13,2026-05-26
AST-01569,ODP,MAK-ODP-1570,SITE-0105,Makassar,Ericsson,ERI-ODP-4139,Active,NusaTel Owned,1 Gbps,2022-02-04,2024-02-04,2025-10-11,2026-07-01
AST-01570,ODP,MAK-ODP-1571,SITE-0105,Makassar,ZTE,ZTE-ODP-6244,Active,NusaTel Owned,1 Gbps,2020-04-20,2023-04-20,2025-12-15,2026-06-17
AST-01571,ODP,MAK-ODP-1572,SITE-0105,Makassar,ZTE,ZTE-ODP-3401,Active,NusaTel Owned,1 Gbps,2022-03-17,2025-03-16,2025-09-24,2026-01-19
AST-01572,Router,MAK-Router-1573,SITE-0105,Makassar,ZTE,ZTE-Router-9610,Active,NusaTel Owned,40 Gbps,2020-09-09,2024-09-08,2025-09-08,2026-05-21
AST-01573,Router,MAK-Router-1574,SITE-0105,Makassar,Ericsson,ERI-Router-3797,Active,NusaTel Owned,40 Gbps,2020-07-31,2025-07-30,2025-07-17,2026-08-01
AST-01574,Switch,MAK-Switch-1575,SITE-0105,Makassar,Cisco,CIS-Switch-9911,Active,NusaTel Owned,10 Gbps,2021-01-12,2026-01-11,2025-09-15,2026-03-26
AST-01575,Switch,MAK-Switch-1576,SITE-0105,Makassar,Nokia,NOK-Switch-8287,Active,Partner,10 Gbps,2020-04-25,2024-04-24,2025-09-17,2026-01-02
AST-01576,Switch,MAK-Switch-1577,SITE-0105,Makassar,Ericsson,ERI-Switch-6103,Active,NusaTel Owned,10 Gbps,2021-09-26,2025-09-25,2025-12-12,2026-07-23
AST-01577,Switch,MAK-Switch-1578,SITE-0105,Makassar,Huawei,HUA-Switch-9392,Active,NusaTel Owned,10 Gbps,2024-02-19,2030-02-17,2025-12-01,2026-07-24
AST-01578,Transmission,MAK-Transmission-1579,SITE-0105,Makassar,ZTE,ZTE-Transmission-2403,Active,NusaTel Owned,100 Gbps,2022-10-13,2027-10-12,2025-12-30,2026-03-27
AST-01579,BTS,SEM-BTS-1580,SITE-0106,Semarang,Huawei,HUA-BTS-4544,Active,NusaTel Owned,100 MHz,2024-06-01,2027-06-01,2025-11-01,2026-12-18
AST-01580,BTS,SEM-BTS-1581,SITE-0106,Semarang,Nokia,NOK-BTS-3416,Active,NusaTel Owned,100 MHz,2019-03-11,2021-03-10,2025-08-03,2026-03-08
AST-01581,BTS,SEM-BTS-1582,SITE-0106,Semarang,ZTE,ZTE-BTS-7861,Active,Partner,100 MHz,2022-02-03,2029-02-01,2025-11-19,2026-03-30
AST-01582,BTS,SEM-BTS-1583,SITE-0106,Semarang,Huawei,HUA-BTS-6043,Active,NusaTel Owned,100 MHz,2018-07-05,2023-07-04,2025-08-03,2026-04-30
AST-01583,OLT,SEM-OLT-1584,SITE-0106,Semarang,ZTE,ZTE-OLT-1726,Active,NusaTel Owned,10 Gbps,2019-11-22,2022-11-21,2025-09-02,2026-02-15
AST-01584,ODP,SEM-ODP-1585,SITE-0106,Semarang,Huawei,HUA-ODP-5891,Active,NusaTel Owned,1 Gbps,2024-11-10,2031-11-09,2025-08-25,2026-07-16
AST-01585,Router,SEM-Router-1586,SITE-0106,Semarang,Juniper,JUN-Router-7319,Active,NusaTel Owned,40 Gbps,2018-12-04,2021-12-03,2025-09-04,2026-12-11
AST-01586,Router,SEM-Router-1587,SITE-0106,Semarang,Ericsson,ERI-Router-9811,Active,NusaTel Owned,40 Gbps,2024-04-14,2028-04-13,2025-07-24,2026-08-22
AST-01587,Router,SEM-Router-1588,SITE-0106,Semarang,ZTE,ZTE-Router-5439,Active,NusaTel Owned,40 Gbps,2024-09-07,2030-09-06,2025-11-18,2026-10-09
AST-01588,Switch,SEM-Switch-1589,SITE-0106,Semarang,Ericsson,ERI-Switch-1076,Active,NusaTel Owned,10 Gbps,2024-09-18,2026-09-18,2025-09-01,2026-03-13
AST-01589,Switch,SEM-Switch-1590,SITE-0106,Semarang,Ericsson,ERI-Switch-3873,Active,NusaTel Owned,10 Gbps,2017-12-05,2023-12-04,2025-11-04,2026-02-08
AST-01590,Switch,SEM-Switch-1591,SITE-0106,Semarang,Cisco,CIS-Switch-2345,Active,Leased,10 Gbps,2018-01-31,2020-01-31,2025-11-05,2026-08-02
AST-01591,Transmission,SEM-Transmission-1592,SITE-0106,Semarang,Juniper,JUN-Transmission-8599,Active,Leased,100 Gbps,2017-11-01,2020-10-31,2025-09-17,2026-09-06
AST-01592,Transmission,SEM-Transmission-1593,SITE-0106,Semarang,ZTE,ZTE-Transmission-6073,Active,Leased,100 Gbps,2022-12-14,2024-12-13,2025-10-08,2026-10-17
AST-01593,Transmission,SEM-Transmission-1594,SITE-0106,Semarang,Juniper,JUN-Transmission-1668,Active,Leased,100 Gbps,2022-08-02,2027-08-01,2025-11-07,2026-09-25
AST-01594,BTS,YOG-BTS-1595,SITE-0107,Yogyakarta,Nokia,NOK-BTS-8950,Active,NusaTel Owned,100 MHz,2024-04-06,2026-04-06,2025-07-28,2026-12-03
AST-01595,BTS,YOG-BTS-1596,SITE-0107,Yogyakarta,Ericsson,ERI-BTS-3207,Maintenance,NusaTel Owned,100 MHz,2023-01-27,2029-01-25,2025-10-30,2026-04-17
AST-01596,BTS,YOG-BTS-1597,SITE-0107,Yogyakarta,Nokia,NOK-BTS-4815,Maintenance,Customer Premises,100 MHz,2024-06-05,2027-06-05,2025-07-13,2026-03-17
AST-01597,OLT,YOG-OLT-1598,SITE-0107,Yogyakarta,Cisco,CIS-OLT-3551,Maintenance,NusaTel Owned,10 Gbps,2025-07-10,2032-07-08,2025-12-03,2026-05-26
AST-01598,OLT,YOG-OLT-1599,SITE-0107,Yogyakarta,Huawei,HUA-OLT-6128,Active,NusaTel Owned,10 Gbps,2025-01-01,2027-01-01,2025-08-11,2026-03-02
AST-01599,ODP,YOG-ODP-1600,SITE-0107,Yogyakarta,Nokia,NOK-ODP-2983,Active,NusaTel Owned,1 Gbps,2023-11-18,2029-11-16,2025-10-24,2026-10-28
AST-01600,ODP,YOG-ODP-1601,SITE-0107,Yogyakarta,Nokia,NOK-ODP-9413,Maintenance,Leased,1 Gbps,2024-08-24,2030-08-23,2025-10-13,2026-01-30
AST-01601,ODP,YOG-ODP-1602,SITE-0107,Yogyakarta,Juniper,JUN-ODP-3569,Maintenance,Leased,1 Gbps,2020-08-07,2024-08-06,2025-07-09,2026-07-18
AST-01602,ODP,YOG-ODP-1603,SITE-0107,Yogyakarta,Cisco,CIS-ODP-8053,Active,NusaTel Owned,1 Gbps,2019-06-07,2025-06-05,2025-08-31,2026-12-11
AST-01603,Router,YOG-Router-1604,SITE-0107,Yogyakarta,Juniper,JUN-Router-6668,Active,Leased,40 Gbps,2019-11-19,2022-11-18,2025-08-04,2026-07-10
AST-01604,Router,YOG-Router-1605,SITE-0107,Yogyakarta,Huawei,HUA-Router-1691,Active,Leased,40 Gbps,2021-11-12,2023-11-12,2025-07-18,2026-11-09
AST-01605,Switch,YOG-Switch-1606,SITE-0107,Yogyakarta,Nokia,NOK-Switch-6117,Active,Leased,10 Gbps,2022-08-24,2027-08-23,2025-08-11,2026-11-24
AST-01606,Switch,YOG-Switch-1607,SITE-0107,Yogyakarta,Ericsson,ERI-Switch-8763,Active,NusaTel Owned,10 Gbps,2019-11-10,2024-11-08,2025-08-23,2026-12-25
AST-01607,Switch,YOG-Switch-1608,SITE-0107,Yogyakarta,Juniper,JUN-Switch-3500,Active,NusaTel Owned,10 Gbps,2024-09-03,2030-09-02,2025-07-12,2026-01-15
AST-01608,Switch,YOG-Switch-1609,SITE-0107,Yogyakarta,Huawei,HUA-Switch-1866,Faulty,NusaTel Owned,10 Gbps,2023-03-12,2029-03-10,2025-11-12,2026-03-12
AST-01609,Transmission,YOG-Transmission-1610,SITE-0107,Yogyakarta,Nokia,NOK-Transmission-6906,Active,Partner,100 Gbps,2025-11-29,2030-11-28,2025-07-28,2026-10-15
AST-01610,Transmission,YOG-Transmission-1611,SITE-0107,Yogyakarta,Nokia,NOK-Transmission-4164,Active,NusaTel Owned,100 Gbps,2021-12-13,2024-12-12,2025-08-13,2026-02-22
AST-01611,BTS,DEN-BTS-1612,SITE-0108,Denpasar,Ericsson,ERI-BTS-5572,Active,NusaTel Owned,100 MHz,2023-10-19,2030-10-17,2025-11-03,2026-02-15
AST-01612,BTS,DEN-BTS-1613,SITE-0108,Denpasar,Huawei,HUA-BTS-4112,Active,Customer Premises,100 MHz,2019-07-31,2021-07-30,2025-07-07,2026-12-17
AST-01613,OLT,DEN-OLT-1614,SITE-0108,Denpasar,Huawei,HUA-OLT-8314,Active,NusaTel Owned,10 Gbps,2021-04-14,2025-04-13,2025-07-18,2026-12-30
AST-01614,OLT,DEN-OLT-1615,SITE-0108,Denpasar,Huawei,HUA-OLT-9058,Active,NusaTel Owned,10 Gbps,2022-04-01,2029-03-30,2025-07-09,2026-05-11
AST-01615,OLT,DEN-OLT-1616,SITE-0108,Denpasar,ZTE,ZTE-OLT-6147,Decommissioned,NusaTel Owned,10 Gbps,2023-10-06,2028-10-04,2025-07-15,2026-01-11
AST-01616,ODP,DEN-ODP-1617,SITE-0108,Denpasar,Juniper,JUN-ODP-3806,Active,NusaTel Owned,1 Gbps,2021-04-10,2027-04-09,2025-07-10,2026-03-15
AST-01617,Router,DEN-Router-1618,SITE-0108,Denpasar,ZTE,ZTE-Router-1927,Active,NusaTel Owned,40 Gbps,2021-02-16,2025-02-15,2025-07-11,2026-02-20
AST-01618,Router,DEN-Router-1619,SITE-0108,Denpasar,ZTE,ZTE-Router-1630,Active,NusaTel Owned,40 Gbps,2022-11-12,2026-11-11,2025-07-29,2026-07-13
AST-01619,Router,DEN-Router-1620,SITE-0108,Denpasar,Cisco,CIS-Router-4185,Maintenance,NusaTel Owned,40 Gbps,2024-09-22,2026-09-22,2025-11-04,2026-05-02
AST-01620,Router,DEN-Router-1621,SITE-0108,Denpasar,Cisco,CIS-Router-7287,Decommissioned,NusaTel Owned,40 Gbps,2022-01-19,2025-01-18,2025-10-14,2026-03-01
AST-01621,Switch,DEN-Switch-1622,SITE-0108,Denpasar,ZTE,ZTE-Switch-7744,Active,NusaTel Owned,10 Gbps,2020-11-14,2024-11-13,2025-07-07,2026-10-02
AST-01622,Switch,DEN-Switch-1623,SITE-0108,Denpasar,Nokia,NOK-Switch-4065,Active,Leased,10 Gbps,2019-10-14,2026-10-12,2025-11-22,2026-09-24
AST-01623,Switch,DEN-Switch-1624,SITE-0108,Denpasar,Huawei,HUA-Switch-5154,Active,NusaTel Owned,10 Gbps,2021-09-25,2027-09-24,2025-11-11,2026-06-24
AST-01624,Transmission,DEN-Transmission-1625,SITE-0108,Denpasar,Nokia,NOK-Transmission-8475,Active,Leased,100 Gbps,2025-10-14,2030-10-13,2025-12-19,2026-08-22
AST-01625,BTS,PAL-BTS-1626,SITE-0109,Palembang,Nokia,NOK-BTS-6636,Active,NusaTel Owned,100 MHz,2021-08-09,2026-08-08,2025-08-19,2026-12-07
AST-01626,BTS,PAL-BTS-1627,SITE-0109,Palembang,Juniper,JUN-BTS-8706,Active,NusaTel Owned,100 MHz,2020-02-29,2024-02-28,2025-12-16,2026-12-09
AST-01627,OLT,PAL-OLT-1628,SITE-0109,Palembang,Juniper,JUN-OLT-3672,Active,NusaTel Owned,10 Gbps,2018-04-20,2025-04-18,2025-09-13,2026-01-29
AST-01628,OLT,PAL-OLT-1629,SITE-0109,Palembang,Cisco,CIS-OLT-2674,Maintenance,NusaTel Owned,10 Gbps,2020-11-12,2026-11-11,2025-10-23,2026-04-05
AST-01629,ODP,PAL-ODP-1630,SITE-0109,Palembang,Juniper,JUN-ODP-3644,Active,NusaTel Owned,1 Gbps,2024-11-28,2030-11-27,2025-11-03,2026-07-08
AST-01630,ODP,PAL-ODP-1631,SITE-0109,Palembang,Cisco,CIS-ODP-8519,Active,Partner,1 Gbps,2022-03-15,2028-03-13,2025-09-09,2026-03-16
AST-01631,ODP,PAL-ODP-1632,SITE-0109,Palembang,ZTE,ZTE-ODP-6272,Active,Leased,1 Gbps,2023-01-19,2027-01-18,2025-07-30,2026-08-13
AST-01632,Router,PAL-Router-1633,SITE-0109,Palembang,ZTE,ZTE-Router-4104,Maintenance,NusaTel Owned,40 Gbps,2020-03-10,2027-03-09,2025-10-27,2026-05-21
AST-01633,Router,PAL-Router-1634,SITE-0109,Palembang,ZTE,ZTE-Router-6865,Active,NusaTel Owned,40 Gbps,2018-05-01,2022-04-30,2025-11-05,2026-01-15
AST-01634,Router,PAL-Router-1635,SITE-0109,Palembang,Nokia,NOK-Router-3463,Active,NusaTel Owned,40 Gbps,2025-11-13,2027-11-13,2025-10-06,2026-05-31
AST-01635,Router,PAL-Router-1636,SITE-0109,Palembang,Juniper,JUN-Router-4226,Active,Customer Premises,40 Gbps,2017-10-15,2021-10-14,2025-10-29,2026-02-14
AST-01636,Switch,PAL-Switch-1637,SITE-0109,Palembang,ZTE,ZTE-Switch-1545,Active,Leased,10 Gbps,2018-08-25,2020-08-24,2025-07-05,2026-09-08
AST-01637,Switch,PAL-Switch-1638,SITE-0109,Palembang,Huawei,HUA-Switch-5237,Active,Leased,10 Gbps,2019-04-14,2024-04-12,2025-09-06,2026-11-12
AST-01638,Transmission,PAL-Transmission-1639,SITE-0109,Palembang,Cisco,CIS-Transmission-3184,Active,NusaTel Owned,100 Gbps,2023-01-01,2029-12-30,2025-08-25,2026-01-02
AST-01639,Transmission,PAL-Transmission-1640,SITE-0109,Palembang,Ericsson,ERI-Transmission-6897,Decommissioned,NusaTel Owned,100 Gbps,2018-11-08,2020-11-07,2025-10-21,2026-02-21
AST-01640,BTS,BAL-BTS-1641,SITE-0110,Balikpapan,Ericsson,ERI-BTS-1233,Active,NusaTel Owned,100 MHz,2018-12-05,2025-12-03,2025-10-01,2026-10-06
AST-01641,OLT,BAL-OLT-1642,SITE-0110,Balikpapan,Cisco,CIS-OLT-9186,Active,NusaTel Owned,10 Gbps,2022-06-26,2025-06-25,2025-08-05,2026-12-12
AST-01642,ODP,BAL-ODP-1643,SITE-0110,Balikpapan,Cisco,CIS-ODP-4554,Active,NusaTel Owned,1 Gbps,2021-06-30,2028-06-28,2025-09-08,2026-08-12
AST-01643,ODP,BAL-ODP-1644,SITE-0110,Balikpapan,Cisco,CIS-ODP-4341,Active,Leased,1 Gbps,2025-08-27,2031-08-26,2025-07-11,2026-05-22
AST-01644,Router,BAL-Router-1645,SITE-0110,Balikpapan,Huawei,HUA-Router-6317,Active,Leased,40 Gbps,2020-01-13,2026-01-11,2025-09-28,2026-06-15
AST-01645,Switch,BAL-Switch-1646,SITE-0110,Balikpapan,Juniper,JUN-Switch-7235,Maintenance,NusaTel Owned,10 Gbps,2020-01-29,2022-01-28,2025-09-28,2026-05-07
AST-01646,Switch,BAL-Switch-1647,SITE-0110,Balikpapan,Ericsson,ERI-Switch-5903,Active,NusaTel Owned,10 Gbps,2025-08-30,2029-08-29,2025-09-07,2026-01-05
AST-01647,Switch,BAL-Switch-1648,SITE-0110,Balikpapan,Ericsson,ERI-Switch-1828,Active,NusaTel Owned,10 Gbps,2023-02-23,2026-02-22,2025-11-20,2026-01-21
AST-01648,Transmission,BAL-Transmission-1649,SITE-0110,Balikpapan,Huawei,HUA-Transmission-1866,Maintenance,Leased,100 Gbps,2021-09-07,2024-09-06,2025-07-08,2026-08-28
AST-01649,Transmission,BAL-Transmission-1650,SITE-0110,Balikpapan,ZTE,ZTE-Transmission-7682,Active,NusaTel Owned,100 Gbps,2019-12-08,2026-12-06,2025-08-03,2026-08-06
AST-01650,Transmission,BAL-Transmission-1651,SITE-0110,Balikpapan,Ericsson,ERI-Transmission-7256,Maintenance,NusaTel Owned,100 Gbps,2025-07-15,2029-07-14,2025-12-17,2026-03-16
AST-01651,BTS,JAK-BTS-1652,SITE-0111,Jakarta,Cisco,CIS-BTS-7148,Active,NusaTel Owned,100 MHz,2021-05-13,2024-05-12,2025-07-16,2026-11-22
AST-01652,BTS,JAK-BTS-1653,SITE-0111,Jakarta,Ericsson,ERI-BTS-4951,Active,Leased,100 MHz,2020-04-17,2026-04-16,2025-08-05,2026-04-10
AST-01653,OLT,JAK-OLT-1654,SITE-0111,Jakarta,Nokia,NOK-OLT-6137,Active,Leased,10 Gbps,2019-08-26,2025-08-24,2025-11-21,2026-02-08
AST-01654,ODP,JAK-ODP-1655,SITE-0111,Jakarta,Juniper,JUN-ODP-4866,Active,NusaTel Owned,1 Gbps,2022-06-13,2026-06-12,2025-07-19,2026-10-17
AST-01655,ODP,JAK-ODP-1656,SITE-0111,Jakarta,Cisco,CIS-ODP-2013,Active,NusaTel Owned,1 Gbps,2019-07-21,2025-07-19,2025-07-28,2026-07-08
AST-01656,Router,JAK-Router-1657,SITE-0111,Jakarta,Nokia,NOK-Router-5151,Active,NusaTel Owned,40 Gbps,2023-07-07,2030-07-05,2025-11-27,2026-02-10
AST-01657,Switch,JAK-Switch-1658,SITE-0111,Jakarta,ZTE,ZTE-Switch-9530,Active,NusaTel Owned,10 Gbps,2023-01-04,2029-01-02,2025-07-30,2026-04-24
AST-01658,Transmission,JAK-Transmission-1659,SITE-0111,Jakarta,Nokia,NOK-Transmission-3126,Active,NusaTel Owned,100 Gbps,2021-12-03,2023-12-03,2025-08-22,2026-10-02
AST-01659,Transmission,JAK-Transmission-1660,SITE-0111,Jakarta,Juniper,JUN-Transmission-1597,Active,NusaTel Owned,100 Gbps,2017-12-10,2021-12-09,2025-11-26,2026-11-19
AST-01660,BTS,BAN-BTS-1661,SITE-0112,Bandung,Nokia,NOK-BTS-5664,Active,NusaTel Owned,100 MHz,2022-11-26,2026-11-25,2025-10-14,2026-03-06
AST-01661,BTS,BAN-BTS-1662,SITE-0112,Bandung,Cisco,CIS-BTS-7094,Active,NusaTel Owned,100 MHz,2020-01-08,2025-01-06,2025-12-12,2026-09-01
AST-01662,BTS,BAN-BTS-1663,SITE-0112,Bandung,Cisco,CIS-BTS-7400,Active,NusaTel Owned,100 MHz,2023-12-10,2027-12-09,2025-10-25,2026-01-06
AST-01663,OLT,BAN-OLT-1664,SITE-0112,Bandung,Huawei,HUA-OLT-2723,Active,Leased,10 Gbps,2019-08-15,2024-08-13,2025-11-22,2026-03-26
AST-01664,OLT,BAN-OLT-1665,SITE-0112,Bandung,Huawei,HUA-OLT-7230,Maintenance,NusaTel Owned,10 Gbps,2018-06-23,2024-06-21,2025-11-05,2026-06-27
AST-01665,OLT,BAN-OLT-1666,SITE-0112,Bandung,Cisco,CIS-OLT-1686,Active,NusaTel Owned,10 Gbps,2022-04-25,2029-04-23,2025-12-16,2026-02-02
AST-01666,OLT,BAN-OLT-1667,SITE-0112,Bandung,Juniper,JUN-OLT-2237,Active,NusaTel Owned,10 Gbps,2018-04-16,2020-04-15,2025-11-09,2026-12-25
AST-01667,ODP,BAN-ODP-1668,SITE-0112,Bandung,Huawei,HUA-ODP-3285,Active,Leased,1 Gbps,2018-09-30,2021-09-29,2025-11-19,2026-10-17
AST-01668,ODP,BAN-ODP-1669,SITE-0112,Bandung,Huawei,HUA-ODP-9316,Active,NusaTel Owned,1 Gbps,2025-07-30,2027-07-30,2025-10-21,2026-01-24
AST-01669,ODP,BAN-ODP-1670,SITE-0112,Bandung,Ericsson,ERI-ODP-5473,Active,Leased,1 Gbps,2025-09-03,2030-09-02,2025-08-25,2026-11-07
AST-01670,ODP,BAN-ODP-1671,SITE-0112,Bandung,Cisco,CIS-ODP-5749,Active,NusaTel Owned,1 Gbps,2020-06-25,2027-06-24,2025-11-27,2026-04-15
AST-01671,Router,BAN-Router-1672,SITE-0112,Bandung,Cisco,CIS-Router-9110,Active,NusaTel Owned,40 Gbps,2020-10-08,2023-10-08,2025-10-26,2026-05-17
AST-01672,Router,BAN-Router-1673,SITE-0112,Bandung,Nokia,NOK-Router-7310,Active,NusaTel Owned,40 Gbps,2020-06-13,2023-06-13,2025-09-27,2026-02-18
AST-01673,Router,BAN-Router-1674,SITE-0112,Bandung,Nokia,NOK-Router-3051,Active,Leased,40 Gbps,2020-04-13,2025-04-12,2025-09-15,2026-12-30
AST-01674,Switch,BAN-Switch-1675,SITE-0112,Bandung,Nokia,NOK-Switch-2570,Active,Customer Premises,10 Gbps,2020-04-09,2025-04-08,2025-09-04,2026-07-01
AST-01675,Transmission,BAN-Transmission-1676,SITE-0112,Bandung,Ericsson,ERI-Transmission-4747,Active,NusaTel Owned,100 Gbps,2023-08-12,2028-08-10,2025-11-14,2026-05-06
AST-01676,Transmission,BAN-Transmission-1677,SITE-0112,Bandung,Huawei,HUA-Transmission-1089,Active,NusaTel Owned,100 Gbps,2020-04-28,2024-04-27,2025-09-20,2026-01-30
AST-01677,BTS,SUR-BTS-1678,SITE-0113,Surabaya,Ericsson,ERI-BTS-9570,Active,NusaTel Owned,100 MHz,2021-03-24,2024-03-23,2025-11-11,2026-09-23
AST-01678,OLT,SUR-OLT-1679,SITE-0113,Surabaya,Cisco,CIS-OLT-5298,Active,NusaTel Owned,10 Gbps,2023-04-06,2030-04-04,2025-08-30,2026-10-01
AST-01679,OLT,SUR-OLT-1680,SITE-0113,Surabaya,Nokia,NOK-OLT-3407,Maintenance,Leased,10 Gbps,2024-08-12,2031-08-11,2025-07-05,2026-08-03
AST-01680,OLT,SUR-OLT-1681,SITE-0113,Surabaya,Cisco,CIS-OLT-4856,Active,NusaTel Owned,10 Gbps,2018-04-18,2025-04-16,2025-12-21,2026-01-19
AST-01681,ODP,SUR-ODP-1682,SITE-0113,Surabaya,Cisco,CIS-ODP-6202,Active,NusaTel Owned,1 Gbps,2021-02-28,2028-02-27,2025-08-12,2026-10-19
AST-01682,ODP,SUR-ODP-1683,SITE-0113,Surabaya,Ericsson,ERI-ODP-2009,Active,Customer Premises,1 Gbps,2021-12-29,2024-12-28,2025-08-03,2026-10-29
AST-01683,Router,SUR-Router-1684,SITE-0113,Surabaya,Ericsson,ERI-Router-8211,Maintenance,NusaTel Owned,40 Gbps,2023-05-18,2025-05-17,2025-09-27,2026-04-13
AST-01684,Switch,SUR-Switch-1685,SITE-0113,Surabaya,Cisco,CIS-Switch-5891,Maintenance,NusaTel Owned,10 Gbps,2024-05-14,2031-05-13,2025-12-04,2026-06-04
AST-01685,Switch,SUR-Switch-1686,SITE-0113,Surabaya,Juniper,JUN-Switch-9209,Active,NusaTel Owned,10 Gbps,2021-02-22,2025-02-21,2025-11-14,2026-05-10
AST-01686,Switch,SUR-Switch-1687,SITE-0113,Surabaya,Juniper,JUN-Switch-8528,Active,NusaTel Owned,10 Gbps,2018-11-26,2025-11-24,2025-07-23,2026-06-19
AST-01687,Transmission,SUR-Transmission-1688,SITE-0113,Surabaya,Cisco,CIS-Transmission-3279,Active,NusaTel Owned,100 Gbps,2024-01-09,2031-01-07,2025-09-06,2026-02-23
AST-01688,BTS,MED-BTS-1689,SITE-0114,Medan,Nokia,NOK-BTS-8031,Active,NusaTel Owned,100 MHz,2020-06-08,2022-06-08,2025-10-14,2026-09-01
AST-01689,BTS,MED-BTS-1690,SITE-0114,Medan,Cisco,CIS-BTS-3540,Active,NusaTel Owned,100 MHz,2020-12-17,2024-12-16,2025-09-10,2026-01-27
AST-01690,BTS,MED-BTS-1691,SITE-0114,Medan,Huawei,HUA-BTS-4669,Active,NusaTel Owned,100 MHz,2018-10-29,2022-10-28,2025-10-24,2026-12-15
AST-01691,BTS,MED-BTS-1692,SITE-0114,Medan,ZTE,ZTE-BTS-1174,Active,Leased,100 MHz,2018-04-04,2023-04-03,2025-12-30,2026-05-30
AST-01692,OLT,MED-OLT-1693,SITE-0114,Medan,Ericsson,ERI-OLT-8003,Active,NusaTel Owned,10 Gbps,2021-07-27,2023-07-27,2025-12-28,2026-02-16
AST-01693,OLT,MED-OLT-1694,SITE-0114,Medan,Cisco,CIS-OLT-9508,Active,NusaTel Owned,10 Gbps,2025-01-22,2029-01-21,2025-12-14,2026-08-30
AST-01694,OLT,MED-OLT-1695,SITE-0114,Medan,Juniper,JUN-OLT-2169,Active,Leased,10 Gbps,2024-08-28,2030-08-27,2025-12-10,2026-07-15
AST-01695,OLT,MED-OLT-1696,SITE-0114,Medan,Nokia,NOK-OLT-2629,Active,NusaTel Owned,10 Gbps,2018-09-06,2022-09-05,2025-07-05,2026-10-24
AST-01696,ODP,MED-ODP-1697,SITE-0114,Medan,Cisco,CIS-ODP-1454,Active,NusaTel Owned,1 Gbps,2025-10-13,2031-10-12,2025-10-21,2026-12-25
AST-01697,Router,MED-Router-1698,SITE-0114,Medan,Ericsson,ERI-Router-2937,Active,NusaTel Owned,40 Gbps,2018-11-15,2020-11-14,2025-12-11,2026-10-18
AST-01698,Router,MED-Router-1699,SITE-0114,Medan,Huawei,HUA-Router-6028,Active,NusaTel Owned,40 Gbps,2018-07-27,2021-07-26,2025-07-20,2026-01-25
AST-01699,Router,MED-Router-1700,SITE-0114,Medan,ZTE,ZTE-Router-8294,Active,NusaTel Owned,40 Gbps,2024-02-18,2030-02-16,2025-09-12,2026-03-23
AST-01700,Router,MED-Router-1701,SITE-0114,Medan,ZTE,ZTE-Router-3430,Active,NusaTel Owned,40 Gbps,2025-05-23,2032-05-21,2025-07-10,2026-05-12
AST-01701,Switch,MED-Switch-1702,SITE-0114,Medan,Nokia,NOK-Switch-1799,Active,NusaTel Owned,10 Gbps,2023-04-19,2029-04-17,2025-09-10,2026-01-29
AST-01702,Switch,MED-Switch-1703,SITE-0114,Medan,ZTE,ZTE-Switch-2187,Maintenance,NusaTel Owned,10 Gbps,2020-12-31,2024-12-30,2025-12-28,2026-08-14
AST-01703,Switch,MED-Switch-1704,SITE-0114,Medan,Cisco,CIS-Switch-4968,Active,NusaTel Owned,10 Gbps,2024-08-29,2027-08-29,2025-09-12,2026-12-19
AST-01704,Transmission,MED-Transmission-1705,SITE-0114,Medan,Ericsson,ERI-Transmission-8159,Active,NusaTel Owned,100 Gbps,2023-12-16,2027-12-15,2025-08-02,2026-12-18
AST-01705,BTS,MAK-BTS-1706,SITE-0115,Makassar,Juniper,JUN-BTS-3236,Active,Leased,100 MHz,2018-08-06,2022-08-05,2025-10-29,2026-01-02
AST-01706,BTS,MAK-BTS-1707,SITE-0115,Makassar,Juniper,JUN-BTS-1868,Active,Customer Premises,100 MHz,2018-03-31,2021-03-30,2025-12-16,2026-02-14
AST-01707,BTS,MAK-BTS-1708,SITE-0115,Makassar,Huawei,HUA-BTS-8445,Active,NusaTel Owned,100 MHz,2022-10-03,2027-10-02,2025-09-13,2026-12-19
AST-01708,OLT,MAK-OLT-1709,SITE-0115,Makassar,Juniper,JUN-OLT-9447,Active,NusaTel Owned,10 Gbps,2024-04-05,2031-04-04,2025-09-18,2026-06-26
AST-01709,OLT,MAK-OLT-1710,SITE-0115,Makassar,Huawei,HUA-OLT-3171,Active,Leased,10 Gbps,2018-03-07,2021-03-06,2025-09-15,2026-07-14
AST-01710,ODP,MAK-ODP-1711,SITE-0115,Makassar,Huawei,HUA-ODP-4827,Active,NusaTel Owned,1 Gbps,2018-10-09,2024-10-07,2025-11-09,2026-02-09
AST-01711,ODP,MAK-ODP-1712,SITE-0115,Makassar,ZTE,ZTE-ODP-1915,Active,NusaTel Owned,1 Gbps,2017-10-25,2022-10-24,2025-12-10,2026-03-19
AST-01712,ODP,MAK-ODP-1713,SITE-0115,Makassar,Cisco,CIS-ODP-3320,Active,NusaTel Owned,1 Gbps,2020-08-17,2025-08-16,2025-07-21,2026-06-15
AST-01713,Router,MAK-Router-1714,SITE-0115,Makassar,Juniper,JUN-Router-4611,Active,NusaTel Owned,40 Gbps,2022-08-01,2027-07-31,2025-07-24,2026-09-12
AST-01714,Router,MAK-Router-1715,SITE-0115,Makassar,Juniper,JUN-Router-7797,Maintenance,NusaTel Owned,40 Gbps,2017-11-19,2021-11-18,2025-10-09,2026-08-06
AST-01715,Switch,MAK-Switch-1716,SITE-0115,Makassar,Nokia,NOK-Switch-4232,Active,Customer Premises,10 Gbps,2019-08-17,2024-08-15,2025-12-17,2026-07-08
AST-01716,Switch,MAK-Switch-1717,SITE-0115,Makassar,Cisco,CIS-Switch-2477,Active,Customer Premises,10 Gbps,2025-07-19,2031-07-18,2025-12-01,2026-08-23
AST-01717,Transmission,MAK-Transmission-1718,SITE-0115,Makassar,Ericsson,ERI-Transmission-4887,Active,NusaTel Owned,100 Gbps,2018-04-26,2020-04-25,2025-08-25,2026-04-13
AST-01718,Transmission,MAK-Transmission-1719,SITE-0115,Makassar,Ericsson,ERI-Transmission-6176,Decommissioned,NusaTel Owned,100 Gbps,2018-11-09,2025-11-07,2025-10-26,2026-06-29
AST-01719,Transmission,MAK-Transmission-1720,SITE-0115,Makassar,Ericsson,ERI-Transmission-1222,Active,NusaTel Owned,100 Gbps,2022-03-22,2024-03-21,2025-09-26,2026-09-06
AST-01720,BTS,SEM-BTS-1721,SITE-0116,Semarang,Nokia,NOK-BTS-5251,Active,Partner,100 MHz,2025-04-12,2027-04-12,2025-11-04,2026-09-26
AST-01721,BTS,SEM-BTS-1722,SITE-0116,Semarang,Huawei,HUA-BTS-2273,Active,NusaTel Owned,100 MHz,2018-05-29,2021-05-28,2025-07-23,2026-02-25
AST-01722,OLT,SEM-OLT-1723,SITE-0116,Semarang,Huawei,HUA-OLT-3976,Active,Partner,10 Gbps,2021-02-20,2025-02-19,2025-10-24,2026-03-20
AST-01723,OLT,SEM-OLT-1724,SITE-0116,Semarang,Huawei,HUA-OLT-1887,Active,NusaTel Owned,10 Gbps,2025-11-15,2032-11-13,2025-08-04,2026-10-01
AST-01724,ODP,SEM-ODP-1725,SITE-0116,Semarang,Juniper,JUN-ODP-6199,Active,Leased,1 Gbps,2018-12-08,2021-12-07,2025-12-09,2026-04-15
AST-01725,ODP,SEM-ODP-1726,SITE-0116,Semarang,Juniper,JUN-ODP-8313,Active,NusaTel Owned,1 Gbps,2020-04-13,2023-04-13,2025-12-07,2026-11-04
AST-01726,ODP,SEM-ODP-1727,SITE-0116,Semarang,Ericsson,ERI-ODP-9420,Active,NusaTel Owned,1 Gbps,2019-05-11,2021-05-10,2025-09-30,2026-09-08
AST-01727,Router,SEM-Router-1728,SITE-0116,Semarang,Cisco,CIS-Router-9542,Active,NusaTel Owned,40 Gbps,2018-11-07,2020-11-06,2025-10-11,2026-03-17
AST-01728,Router,SEM-Router-1729,SITE-0116,Semarang,Huawei,HUA-Router-2455,Active,NusaTel Owned,40 Gbps,2022-12-29,2025-12-28,2025-11-29,2026-10-09
AST-01729,Router,SEM-Router-1730,SITE-0116,Semarang,Cisco,CIS-Router-2181,Faulty,NusaTel Owned,40 Gbps,2025-06-05,2030-06-04,2025-12-10,2026-06-01
AST-01730,Switch,SEM-Switch-1731,SITE-0116,Semarang,Cisco,CIS-Switch-9336,Active,NusaTel Owned,10 Gbps,2025-11-23,2031-11-22,2025-11-02,2026-07-03
AST-01731,Transmission,SEM-Transmission-1732,SITE-0116,Semarang,Ericsson,ERI-Transmission-5601,Active,NusaTel Owned,100 Gbps,2024-05-12,2029-05-11,2025-07-16,2026-11-26
AST-01732,Transmission,SEM-Transmission-1733,SITE-0116,Semarang,Nokia,NOK-Transmission-3492,Active,Customer Premises,100 Gbps,2018-02-24,2021-02-23,2025-12-08,2026-01-08
AST-01733,BTS,YOG-BTS-1734,SITE-0117,Yogyakarta,Nokia,NOK-BTS-8947,Active,NusaTel Owned,100 MHz,2021-08-18,2026-08-17,2025-07-15,2026-05-12
AST-01734,BTS,YOG-BTS-1735,SITE-0117,Yogyakarta,ZTE,ZTE-BTS-7547,Maintenance,NusaTel Owned,100 MHz,2021-11-04,2025-11-03,2025-07-15,2026-04-12
AST-01735,OLT,YOG-OLT-1736,SITE-0117,Yogyakarta,Juniper,JUN-OLT-7859,Maintenance,NusaTel Owned,10 Gbps,2024-07-13,2029-07-12,2025-08-25,2026-08-16
AST-01736,OLT,YOG-OLT-1737,SITE-0117,Yogyakarta,Juniper,JUN-OLT-4345,Active,NusaTel Owned,10 Gbps,2020-04-20,2023-04-20,2025-07-17,2026-06-30
AST-01737,ODP,YOG-ODP-1738,SITE-0117,Yogyakarta,Ericsson,ERI-ODP-3320,Active,Partner,1 Gbps,2020-07-26,2022-07-26,2025-11-22,2026-05-29
AST-01738,ODP,YOG-ODP-1739,SITE-0117,Yogyakarta,Ericsson,ERI-ODP-8007,Active,NusaTel Owned,1 Gbps,2020-08-23,2026-08-22,2025-10-30,2026-02-05
AST-01739,ODP,YOG-ODP-1740,SITE-0117,Yogyakarta,Juniper,JUN-ODP-3799,Active,Partner,1 Gbps,2018-09-26,2020-09-25,2025-08-04,2026-10-20
AST-01740,Router,YOG-Router-1741,SITE-0117,Yogyakarta,Ericsson,ERI-Router-1217,Active,NusaTel Owned,40 Gbps,2019-01-12,2024-01-11,2025-11-22,2026-10-20
AST-01741,Router,YOG-Router-1742,SITE-0117,Yogyakarta,ZTE,ZTE-Router-9101,Active,NusaTel Owned,40 Gbps,2024-08-02,2026-08-02,2025-11-09,2026-11-26
AST-01742,Switch,YOG-Switch-1743,SITE-0117,Yogyakarta,Juniper,JUN-Switch-2469,Active,Customer Premises,10 Gbps,2021-02-12,2027-02-11,2025-11-10,2026-05-24
AST-01743,Switch,YOG-Switch-1744,SITE-0117,Yogyakarta,ZTE,ZTE-Switch-7398,Active,NusaTel Owned,10 Gbps,2025-04-06,2028-04-05,2025-07-28,2026-07-07
AST-01744,Switch,YOG-Switch-1745,SITE-0117,Yogyakarta,Nokia,NOK-Switch-3626,Active,NusaTel Owned,10 Gbps,2021-01-04,2023-01-04,2025-10-12,2026-08-01
AST-01745,Switch,YOG-Switch-1746,SITE-0117,Yogyakarta,ZTE,ZTE-Switch-9127,Active,NusaTel Owned,10 Gbps,2022-09-29,2027-09-28,2025-12-01,2026-10-12
AST-01746,Transmission,YOG-Transmission-1747,SITE-0117,Yogyakarta,Juniper,JUN-Transmission-5839,Active,Customer Premises,100 Gbps,2018-09-10,2022-09-09,2025-12-09,2026-01-08
AST-01747,Transmission,YOG-Transmission-1748,SITE-0117,Yogyakarta,Ericsson,ERI-Transmission-2002,Active,NusaTel Owned,100 Gbps,2020-04-03,2022-04-03,2025-07-31,2026-07-18
AST-01748,Transmission,YOG-Transmission-1749,SITE-0117,Yogyakarta,Cisco,CIS-Transmission-8234,Active,NusaTel Owned,100 Gbps,2019-04-05,2025-04-03,2025-09-28,2026-09-16
AST-01749,BTS,DEN-BTS-1750,SITE-0118,Denpasar,ZTE,ZTE-BTS-5782,Maintenance,NusaTel Owned,100 MHz,2018-02-02,2021-02-01,2025-10-14,2026-07-23
AST-01750,BTS,DEN-BTS-1751,SITE-0118,Denpasar,Nokia,NOK-BTS-7949,Active,Customer Premises,100 MHz,2022-05-26,2027-05-25,2025-08-12,2026-03-09
AST-01751,OLT,DEN-OLT-1752,SITE-0118,Denpasar,ZTE,ZTE-OLT-8304,Active,NusaTel Owned,10 Gbps,2023-01-13,2025-01-12,2025-10-05,2026-11-26
AST-01752,OLT,DEN-OLT-1753,SITE-0118,Denpasar,Cisco,CIS-OLT-4507,Active,NusaTel Owned,10 Gbps,2019-06-11,2021-06-10,2025-12-24,2026-01-13
AST-01753,OLT,DEN-OLT-1754,SITE-0118,Denpasar,Nokia,NOK-OLT-8148,Active,Customer Premises,10 Gbps,2019-03-04,2024-03-02,2025-11-26,2026-09-14
AST-01754,ODP,DEN-ODP-1755,SITE-0118,Denpasar,Nokia,NOK-ODP-8787,Active,NusaTel Owned,1 Gbps,2021-12-28,2023-12-28,2025-11-23,2026-03-09
AST-01755,ODP,DEN-ODP-1756,SITE-0118,Denpasar,Ericsson,ERI-ODP-7823,Active,NusaTel Owned,1 Gbps,2022-01-30,2027-01-29,2025-10-14,2026-10-16
AST-01756,Router,DEN-Router-1757,SITE-0118,Denpasar,ZTE,ZTE-Router-2232,Faulty,NusaTel Owned,40 Gbps,2020-04-18,2024-04-17,2025-07-13,2026-01-18
AST-01757,Router,DEN-Router-1758,SITE-0118,Denpasar,Ericsson,ERI-Router-4009,Active,NusaTel Owned,40 Gbps,2019-10-16,2026-10-14,2025-09-15,2026-04-02
AST-01758,Switch,DEN-Switch-1759,SITE-0118,Denpasar,Juniper,JUN-Switch-9765,Active,Leased,10 Gbps,2021-05-05,2024-05-04,2025-09-09,2026-10-24
AST-01759,Switch,DEN-Switch-1760,SITE-0118,Denpasar,Huawei,HUA-Switch-4609,Maintenance,NusaTel Owned,10 Gbps,2025-01-08,2028-01-08,2025-09-14,2026-12-13
AST-01760,Transmission,DEN-Transmission-1761,SITE-0118,Denpasar,Cisco,CIS-Transmission-9781,Active,NusaTel Owned,100 Gbps,2024-08-25,2031-08-24,2025-07-26,2026-12-12
AST-01761,Transmission,DEN-Transmission-1762,SITE-0118,Denpasar,Nokia,NOK-Transmission-9506,Active,NusaTel Owned,100 Gbps,2021-02-06,2023-02-06,2025-09-21,2026-11-21
AST-01762,Transmission,DEN-Transmission-1763,SITE-0118,Denpasar,ZTE,ZTE-Transmission-4238,Active,Leased,100 Gbps,2019-04-17,2023-04-16,2025-12-13,2026-12-03
AST-01763,BTS,PAL-BTS-1764,SITE-0119,Palembang,Nokia,NOK-BTS-3404,Maintenance,NusaTel Owned,100 MHz,2021-05-29,2026-05-28,2025-11-27,2026-12-13
AST-01764,BTS,PAL-BTS-1765,SITE-0119,Palembang,Huawei,HUA-BTS-7775,Active,NusaTel Owned,100 MHz,2021-03-29,2028-03-27,2025-12-13,2026-03-15
AST-01765,BTS,PAL-BTS-1766,SITE-0119,Palembang,Cisco,CIS-BTS-5787,Active,Leased,100 MHz,2019-11-12,2024-11-10,2025-11-18,2026-05-28
AST-01766,OLT,PAL-OLT-1767,SITE-0119,Palembang,Nokia,NOK-OLT-5389,Active,Customer Premises,10 Gbps,2021-04-22,2028-04-20,2025-11-04,2026-12-02
AST-01767,ODP,PAL-ODP-1768,SITE-0119,Palembang,Cisco,CIS-ODP-7650,Maintenance,NusaTel Owned,1 Gbps,2025-05-13,2029-05-12,2025-12-16,2026-11-28
AST-01768,ODP,PAL-ODP-1769,SITE-0119,Palembang,Cisco,CIS-ODP-6792,Active,Customer Premises,1 Gbps,2022-06-24,2026-06-23,2025-12-22,2026-02-15
AST-01769,Router,PAL-Router-1770,SITE-0119,Palembang,Juniper,JUN-Router-4250,Active,NusaTel Owned,40 Gbps,2019-03-12,2024-03-10,2025-10-01,2026-06-10
AST-01770,Router,PAL-Router-1771,SITE-0119,Palembang,Nokia,NOK-Router-5060,Active,NusaTel Owned,40 Gbps,2020-03-25,2023-03-25,2025-11-26,2026-06-11
AST-01771,Router,PAL-Router-1772,SITE-0119,Palembang,Juniper,JUN-Router-3116,Faulty,NusaTel Owned,40 Gbps,2020-01-31,2022-01-30,2025-07-28,2026-07-01
AST-01772,Router,PAL-Router-1773,SITE-0119,Palembang,Juniper,JUN-Router-1173,Active,NusaTel Owned,40 Gbps,2021-03-20,2024-03-19,2025-11-26,2026-06-04
AST-01773,Switch,PAL-Switch-1774,SITE-0119,Palembang,Ericsson,ERI-Switch-4776,Active,Leased,10 Gbps,2019-06-26,2024-06-24,2025-07-16,2026-06-07
AST-01774,Switch,PAL-Switch-1775,SITE-0119,Palembang,Huawei,HUA-Switch-1526,Active,NusaTel Owned,10 Gbps,2023-10-03,2028-10-01,2025-09-01,2026-07-10
AST-01775,Switch,PAL-Switch-1776,SITE-0119,Palembang,Juniper,JUN-Switch-3569,Decommissioned,NusaTel Owned,10 Gbps,2023-07-31,2026-07-30,2025-07-18,2026-03-27
AST-01776,Transmission,PAL-Transmission-1777,SITE-0119,Palembang,Huawei,HUA-Transmission-8804,Active,NusaTel Owned,100 Gbps,2025-02-06,2027-02-06,2025-12-15,2026-04-10
AST-01777,BTS,BAL-BTS-1778,SITE-0120,Balikpapan,Juniper,JUN-BTS-1125,Active,NusaTel Owned,100 MHz,2020-09-09,2024-09-08,2025-10-01,2026-05-09
AST-01778,BTS,BAL-BTS-1779,SITE-0120,Balikpapan,Huawei,HUA-BTS-7190,Faulty,Leased,100 MHz,2020-03-05,2022-03-05,2025-07-17,2026-12-28
AST-01779,BTS,BAL-BTS-1780,SITE-0120,Balikpapan,Cisco,CIS-BTS-5265,Active,NusaTel Owned,100 MHz,2025-09-16,2027-09-16,2025-07-19,2026-04-16
AST-01780,OLT,BAL-OLT-1781,SITE-0120,Balikpapan,Nokia,NOK-OLT-3126,Active,Customer Premises,10 Gbps,2025-05-28,2029-05-27,2025-09-03,2026-07-28
AST-01781,OLT,BAL-OLT-1782,SITE-0120,Balikpapan,Cisco,CIS-OLT-8691,Active,NusaTel Owned,10 Gbps,2018-10-29,2021-10-28,2025-08-13,2026-05-23
AST-01782,OLT,BAL-OLT-1783,SITE-0120,Balikpapan,Juniper,JUN-OLT-1486,Active,NusaTel Owned,10 Gbps,2023-03-22,2025-03-21,2025-09-07,2026-04-15
AST-01783,OLT,BAL-OLT-1784,SITE-0120,Balikpapan,Cisco,CIS-OLT-5923,Active,Customer Premises,10 Gbps,2022-04-20,2025-04-19,2025-08-01,2026-01-10
AST-01784,ODP,BAL-ODP-1785,SITE-0120,Balikpapan,Huawei,HUA-ODP-3221,Active,NusaTel Owned,1 Gbps,2018-11-08,2020-11-07,2025-12-04,2026-10-22
AST-01785,ODP,BAL-ODP-1786,SITE-0120,Balikpapan,Ericsson,ERI-ODP-9619,Active,Leased,1 Gbps,2019-05-11,2024-05-09,2025-09-12,2026-03-25
AST-01786,ODP,BAL-ODP-1787,SITE-0120,Balikpapan,Cisco,CIS-ODP-9150,Active,NusaTel Owned,1 Gbps,2018-10-07,2025-10-05,2025-08-24,2026-06-22
AST-01787,ODP,BAL-ODP-1788,SITE-0120,Balikpapan,Nokia,NOK-ODP-5162,Maintenance,NusaTel Owned,1 Gbps,2021-10-18,2024-10-17,2025-08-03,2026-05-07
AST-01788,Router,BAL-Router-1789,SITE-0120,Balikpapan,ZTE,ZTE-Router-6049,Active,NusaTel Owned,40 Gbps,2024-09-13,2029-09-12,2025-10-04,2026-10-08
AST-01789,Router,BAL-Router-1790,SITE-0120,Balikpapan,Juniper,JUN-Router-3600,Active,NusaTel Owned,40 Gbps,2021-07-04,2028-07-02,2025-07-27,2026-11-29
AST-01790,Router,BAL-Router-1791,SITE-0120,Balikpapan,Cisco,CIS-Router-8150,Maintenance,NusaTel Owned,40 Gbps,2022-06-25,2027-06-24,2025-08-22,2026-01-25
AST-01791,Switch,BAL-Switch-1792,SITE-0120,Balikpapan,Nokia,NOK-Switch-4080,Maintenance,NusaTel Owned,10 Gbps,2022-07-11,2025-07-10,2025-10-07,2026-10-02
AST-01792,Switch,BAL-Switch-1793,SITE-0120,Balikpapan,ZTE,ZTE-Switch-9925,Faulty,NusaTel Owned,10 Gbps,2019-11-15,2025-11-13,2025-10-08,2026-01-30
AST-01793,Transmission,BAL-Transmission-1794,SITE-0120,Balikpapan,Juniper,JUN-Transmission-2025,Active,Leased,100 Gbps,2020-01-12,2025-01-10,2025-07-28,2026-04-07
AST-01794,BTS,JAK-BTS-1795,SITE-0121,Jakarta,Nokia,NOK-BTS-9586,Decommissioned,NusaTel Owned,100 MHz,2021-01-08,2028-01-07,2025-07-26,2026-10-21
AST-01795,BTS,JAK-BTS-1796,SITE-0121,Jakarta,Juniper,JUN-BTS-8521,Active,NusaTel Owned,100 MHz,2022-05-14,2028-05-12,2025-08-30,2026-07-06
AST-01796,BTS,JAK-BTS-1797,SITE-0121,Jakarta,ZTE,ZTE-BTS-1146,Active,NusaTel Owned,100 MHz,2018-06-30,2024-06-28,2025-10-12,2026-05-11
AST-01797,BTS,JAK-BTS-1798,SITE-0121,Jakarta,Nokia,NOK-BTS-4098,Active,NusaTel Owned,100 MHz,2023-03-21,2030-03-19,2025-07-31,2026-05-04
AST-01798,OLT,JAK-OLT-1799,SITE-0121,Jakarta,ZTE,ZTE-OLT-5179,Active,Leased,10 Gbps,2020-02-01,2023-01-31,2025-12-19,2026-10-05
AST-01799,ODP,JAK-ODP-1800,SITE-0121,Jakarta,ZTE,ZTE-ODP-3087,Maintenance,NusaTel Owned,1 Gbps,2018-07-05,2025-07-03,2025-11-29,2026-06-23
AST-01800,ODP,JAK-ODP-1801,SITE-0121,Jakarta,Ericsson,ERI-ODP-5252,Maintenance,Customer Premises,1 Gbps,2023-06-07,2030-06-05,2025-10-14,2026-04-18
AST-01801,ODP,JAK-ODP-1802,SITE-0121,Jakarta,Huawei,HUA-ODP-8148,Active,Partner,1 Gbps,2018-02-21,2024-02-20,2025-12-19,2026-11-16
AST-01802,ODP,JAK-ODP-1803,SITE-0121,Jakarta,Ericsson,ERI-ODP-7676,Active,NusaTel Owned,1 Gbps,2024-07-28,2027-07-28,2025-11-18,2026-06-05
AST-01803,Router,JAK-Router-1804,SITE-0121,Jakarta,Huawei,HUA-Router-5186,Active,Leased,40 Gbps,2025-08-05,2031-08-04,2025-08-24,2026-06-22
AST-01804,Router,JAK-Router-1805,SITE-0121,Jakarta,ZTE,ZTE-Router-3362,Active,NusaTel Owned,40 Gbps,2023-01-03,2026-01-02,2025-07-05,2026-07-22
AST-01805,Router,JAK-Router-1806,SITE-0121,Jakarta,Nokia,NOK-Router-8912,Active,NusaTel Owned,40 Gbps,2025-10-10,2031-10-09,2025-11-27,2026-02-23
AST-01806,Router,JAK-Router-1807,SITE-0121,Jakarta,Juniper,JUN-Router-2889,Active,NusaTel Owned,40 Gbps,2021-11-10,2028-11-08,2025-09-25,2026-04-10
AST-01807,Switch,JAK-Switch-1808,SITE-0121,Jakarta,Huawei,HUA-Switch-9424,Decommissioned,NusaTel Owned,10 Gbps,2020-11-10,2024-11-09,2025-11-13,2026-02-21
AST-01808,Switch,JAK-Switch-1809,SITE-0121,Jakarta,Juniper,JUN-Switch-6888,Active,NusaTel Owned,10 Gbps,2018-09-11,2020-09-10,2025-11-04,2026-10-27
AST-01809,Switch,JAK-Switch-1810,SITE-0121,Jakarta,Cisco,CIS-Switch-7686,Active,NusaTel Owned,10 Gbps,2023-11-17,2026-11-16,2025-10-19,2026-11-04
AST-01810,Transmission,JAK-Transmission-1811,SITE-0121,Jakarta,Nokia,NOK-Transmission-3941,Active,Leased,100 Gbps,2021-03-31,2023-03-31,2025-09-21,2026-06-03
AST-01811,BTS,BAN-BTS-1812,SITE-0122,Bandung,Ericsson,ERI-BTS-9166,Active,NusaTel Owned,100 MHz,2022-05-20,2026-05-19,2025-11-02,2026-03-18
AST-01812,BTS,BAN-BTS-1813,SITE-0122,Bandung,Nokia,NOK-BTS-3595,Active,NusaTel Owned,100 MHz,2020-04-15,2023-04-15,2025-09-27,2026-10-09
AST-01813,OLT,BAN-OLT-1814,SITE-0122,Bandung,Nokia,NOK-OLT-2334,Active,NusaTel Owned,10 Gbps,2022-10-26,2024-10-25,2025-10-25,2026-11-25
AST-01814,OLT,BAN-OLT-1815,SITE-0122,Bandung,Huawei,HUA-OLT-7486,Active,Leased,10 Gbps,2025-07-31,2031-07-30,2025-08-10,2026-11-20
AST-01815,OLT,BAN-OLT-1816,SITE-0122,Bandung,Cisco,CIS-OLT-2232,Active,NusaTel Owned,10 Gbps,2020-04-02,2026-04-01,2025-12-11,2026-07-24
AST-01816,ODP,BAN-ODP-1817,SITE-0122,Bandung,Cisco,CIS-ODP-1551,Active,NusaTel Owned,1 Gbps,2018-05-25,2024-05-23,2025-07-30,2026-03-10
AST-01817,ODP,BAN-ODP-1818,SITE-0122,Bandung,Cisco,CIS-ODP-4285,Active,NusaTel Owned,1 Gbps,2023-10-16,2030-10-14,2025-10-31,2026-02-15
AST-01818,Router,BAN-Router-1819,SITE-0122,Bandung,Cisco,CIS-Router-3613,Active,NusaTel Owned,40 Gbps,2021-08-09,2027-08-08,2025-08-05,2026-12-31
AST-01819,Router,BAN-Router-1820,SITE-0122,Bandung,Nokia,NOK-Router-9049,Maintenance,NusaTel Owned,40 Gbps,2019-05-04,2025-05-02,2025-12-01,2026-04-20
AST-01820,Router,BAN-Router-1821,SITE-0122,Bandung,Huawei,HUA-Router-4471,Faulty,NusaTel Owned,40 Gbps,2025-09-21,2027-09-21,2025-10-04,2026-10-25
AST-01821,Router,BAN-Router-1822,SITE-0122,Bandung,Cisco,CIS-Router-9121,Active,Customer Premises,40 Gbps,2018-01-16,2025-01-14,2025-12-22,2026-06-09
AST-01822,Switch,BAN-Switch-1823,SITE-0122,Bandung,Ericsson,ERI-Switch-4469,Active,NusaTel Owned,10 Gbps,2024-06-12,2026-06-12,2025-08-23,2026-04-06
AST-01823,Switch,BAN-Switch-1824,SITE-0122,Bandung,Nokia,NOK-Switch-5247,Active,Leased,10 Gbps,2025-05-22,2027-05-22,2025-07-23,2026-10-15
AST-01824,Transmission,BAN-Transmission-1825,SITE-0122,Bandung,ZTE,ZTE-Transmission-7556,Active,NusaTel Owned,100 Gbps,2019-03-24,2026-03-22,2025-12-20,2026-09-17
AST-01825,BTS,SUR-BTS-1826,SITE-0123,Surabaya,ZTE,ZTE-BTS-7513,Maintenance,Leased,100 MHz,2023-05-24,2028-05-22,2025-12-16,2026-07-24
AST-01826,BTS,SUR-BTS-1827,SITE-0123,Surabaya,Nokia,NOK-BTS-6809,Active,Leased,100 MHz,2022-07-22,2026-07-21,2025-07-13,2026-02-18
AST-01827,OLT,SUR-OLT-1828,SITE-0123,Surabaya,Cisco,CIS-OLT-8420,Active,NusaTel Owned,10 Gbps,2019-08-28,2026-08-26,2025-11-21,2026-10-16
AST-01828,OLT,SUR-OLT-1829,SITE-0123,Surabaya,Cisco,CIS-OLT-3063,Faulty,Leased,10 Gbps,2022-04-10,2024-04-09,2025-08-17,2026-04-17
AST-01829,OLT,SUR-OLT-1830,SITE-0123,Surabaya,Nokia,NOK-OLT-8535,Active,NusaTel Owned,10 Gbps,2024-02-21,2027-02-20,2025-08-03,2026-02-02
AST-01830,ODP,SUR-ODP-1831,SITE-0123,Surabaya,Nokia,NOK-ODP-4683,Active,NusaTel Owned,1 Gbps,2021-10-21,2025-10-20,2025-08-10,2026-09-09
AST-01831,Router,SUR-Router-1832,SITE-0123,Surabaya,ZTE,ZTE-Router-6658,Active,Partner,40 Gbps,2025-03-25,2028-03-24,2025-07-21,2026-06-08
AST-01832,Router,SUR-Router-1833,SITE-0123,Surabaya,Nokia,NOK-Router-8169,Active,NusaTel Owned,40 Gbps,2024-02-16,2026-02-15,2025-11-26,2026-01-24
AST-01833,Router,SUR-Router-1834,SITE-0123,Surabaya,ZTE,ZTE-Router-6137,Active,NusaTel Owned,40 Gbps,2021-05-27,2023-05-27,2025-11-13,2026-10-14
AST-01834,Switch,SUR-Switch-1835,SITE-0123,Surabaya,Ericsson,ERI-Switch-1973,Active,NusaTel Owned,10 Gbps,2021-11-12,2024-11-11,2025-12-14,2026-10-31
AST-01835,Switch,SUR-Switch-1836,SITE-0123,Surabaya,Juniper,JUN-Switch-9130,Active,NusaTel Owned,10 Gbps,2021-11-19,2024-11-18,2025-10-13,2026-08-02
AST-01836,Switch,SUR-Switch-1837,SITE-0123,Surabaya,Juniper,JUN-Switch-4432,Active,NusaTel Owned,10 Gbps,2020-10-16,2026-10-15,2025-07-13,2026-02-25
AST-01837,Switch,SUR-Switch-1838,SITE-0123,Surabaya,Huawei,HUA-Switch-8759,Active,NusaTel Owned,10 Gbps,2022-11-04,2024-11-03,2025-11-19,2026-08-22
AST-01838,Transmission,SUR-Transmission-1839,SITE-0123,Surabaya,Cisco,CIS-Transmission-9133,Active,Customer Premises,100 Gbps,2021-08-05,2024-08-04,2025-07-23,2026-01-29
AST-01839,Transmission,SUR-Transmission-1840,SITE-0123,Surabaya,Nokia,NOK-Transmission-4164,Active,Customer Premises,100 Gbps,2023-05-14,2027-05-13,2025-08-14,2026-05-04
AST-01840,Transmission,SUR-Transmission-1841,SITE-0123,Surabaya,ZTE,ZTE-Transmission-2791,Active,Leased,100 Gbps,2021-04-11,2023-04-11,2025-09-18,2026-02-20
AST-01841,BTS,MED-BTS-1842,SITE-0124,Medan,Ericsson,ERI-BTS-7145,Active,Partner,100 MHz,2022-03-27,2024-03-26,2025-10-26,2026-11-15
AST-01842,BTS,MED-BTS-1843,SITE-0124,Medan,Cisco,CIS-BTS-6798,Active,Customer Premises,100 MHz,2023-05-31,2026-05-30,2025-07-25,2026-09-17
AST-01843,OLT,MED-OLT-1844,SITE-0124,Medan,Huawei,HUA-OLT-8777,Active,Customer Premises,10 Gbps,2018-02-26,2023-02-25,2025-07-13,2026-01-29
AST-01844,OLT,MED-OLT-1845,SITE-0124,Medan,Huawei,HUA-OLT-1948,Active,NusaTel Owned,10 Gbps,2021-03-12,2027-03-11,2025-11-28,2026-01-31
AST-01845,OLT,MED-OLT-1846,SITE-0124,Medan,Juniper,JUN-OLT-8327,Active,Leased,10 Gbps,2018-05-06,2025-05-04,2025-11-02,2026-11-09
AST-01846,OLT,MED-OLT-1847,SITE-0124,Medan,ZTE,ZTE-OLT-5235,Active,NusaTel Owned,10 Gbps,2023-01-28,2029-01-26,2025-08-04,2026-08-19
AST-01847,ODP,MED-ODP-1848,SITE-0124,Medan,ZTE,ZTE-ODP-4598,Active,NusaTel Owned,1 Gbps,2024-05-13,2026-05-13,2025-12-15,2026-02-26
AST-01848,ODP,MED-ODP-1849,SITE-0124,Medan,Cisco,CIS-ODP-1568,Active,NusaTel Owned,1 Gbps,2018-05-26,2021-05-25,2025-08-25,2026-04-19
AST-01849,Router,MED-Router-1850,SITE-0124,Medan,Juniper,JUN-Router-4080,Active,NusaTel Owned,40 Gbps,2025-05-04,2027-05-04,2025-07-14,2026-04-11
AST-01850,Router,MED-Router-1851,SITE-0124,Medan,Huawei,HUA-Router-7198,Active,Partner,40 Gbps,2022-08-05,2028-08-03,2025-07-23,2026-10-27
AST-01851,Switch,MED-Switch-1852,SITE-0124,Medan,Juniper,JUN-Switch-5144,Active,NusaTel Owned,10 Gbps,2020-04-03,2026-04-02,2025-11-18,2026-03-08
AST-01852,Switch,MED-Switch-1853,SITE-0124,Medan,ZTE,ZTE-Switch-2217,Active,NusaTel Owned,10 Gbps,2023-11-04,2030-11-02,2025-11-16,2026-02-01
AST-01853,Transmission,MED-Transmission-1854,SITE-0124,Medan,Ericsson,ERI-Transmission-7584,Active,Leased,100 Gbps,2024-03-26,2029-03-25,2025-12-02,2026-04-12
AST-01854,Transmission,MED-Transmission-1855,SITE-0124,Medan,Juniper,JUN-Transmission-8417,Maintenance,NusaTel Owned,100 Gbps,2022-07-10,2028-07-08,2025-10-20,2026-05-17
AST-01855,Transmission,MED-Transmission-1856,SITE-0124,Medan,Nokia,NOK-Transmission-3028,Active,NusaTel Owned,100 Gbps,2020-01-09,2026-01-07,2025-07-17,2026-11-22
AST-01856,Transmission,MED-Transmission-1857,SITE-0124,Medan,Nokia,NOK-Transmission-4110,Active,NusaTel Owned,100 Gbps,2023-03-05,2028-03-03,2025-09-24,2026-12-18
AST-01857,BTS,MAK-BTS-1858,SITE-0125,Makassar,Cisco,CIS-BTS-5680,Active,Leased,100 MHz,2023-08-31,2030-08-29,2025-11-06,2026-04-02
AST-01858,BTS,MAK-BTS-1859,SITE-0125,Makassar,Huawei,HUA-BTS-8492,Active,Partner,100 MHz,2019-04-10,2023-04-09,2025-10-11,2026-11-10
AST-01859,BTS,MAK-BTS-1860,SITE-0125,Makassar,Ericsson,ERI-BTS-5143,Maintenance,NusaTel Owned,100 MHz,2024-08-16,2028-08-15,2025-10-27,2026-08-09
AST-01860,BTS,MAK-BTS-1861,SITE-0125,Makassar,Ericsson,ERI-BTS-5918,Faulty,NusaTel Owned,100 MHz,2018-11-04,2023-11-03,2025-07-23,2026-12-08
AST-01861,OLT,MAK-OLT-1862,SITE-0125,Makassar,Cisco,CIS-OLT-1113,Active,NusaTel Owned,10 Gbps,2025-09-29,2030-09-28,2025-11-06,2026-08-29
AST-01862,OLT,MAK-OLT-1863,SITE-0125,Makassar,ZTE,ZTE-OLT-8264,Active,NusaTel Owned,10 Gbps,2022-07-28,2029-07-26,2025-12-06,2026-04-19
AST-01863,OLT,MAK-OLT-1864,SITE-0125,Makassar,Juniper,JUN-OLT-7045,Active,Customer Premises,10 Gbps,2022-09-12,2027-09-11,2025-08-30,2026-11-20
AST-01864,ODP,MAK-ODP-1865,SITE-0125,Makassar,ZTE,ZTE-ODP-9808,Active,NusaTel Owned,1 Gbps,2022-02-05,2024-02-05,2025-12-30,2026-07-17
AST-01865,ODP,MAK-ODP-1866,SITE-0125,Makassar,Huawei,HUA-ODP-3376,Active,Customer Premises,1 Gbps,2021-11-12,2024-11-11,2025-10-12,2026-10-28
AST-01866,ODP,MAK-ODP-1867,SITE-0125,Makassar,Juniper,JUN-ODP-8799,Active,NusaTel Owned,1 Gbps,2023-12-31,2027-12-30,2025-09-20,2026-03-23
AST-01867,ODP,MAK-ODP-1868,SITE-0125,Makassar,ZTE,ZTE-ODP-7387,Active,Customer Premises,1 Gbps,2021-10-26,2023-10-26,2025-12-17,2026-02-06
AST-01868,Router,MAK-Router-1869,SITE-0125,Makassar,Cisco,CIS-Router-1487,Active,Leased,40 Gbps,2020-08-18,2024-08-17,2025-10-10,2026-03-19
AST-01869,Router,MAK-Router-1870,SITE-0125,Makassar,Cisco,CIS-Router-3340,Active,NusaTel Owned,40 Gbps,2023-04-17,2028-04-15,2025-11-26,2026-08-02
AST-01870,Router,MAK-Router-1871,SITE-0125,Makassar,Juniper,JUN-Router-4052,Active,NusaTel Owned,40 Gbps,2018-06-03,2022-06-02,2025-10-31,2026-12-11
AST-01871,Switch,MAK-Switch-1872,SITE-0125,Makassar,Juniper,JUN-Switch-1391,Active,NusaTel Owned,10 Gbps,2022-09-21,2024-09-20,2025-09-22,2026-08-07
AST-01872,Switch,MAK-Switch-1873,SITE-0125,Makassar,Ericsson,ERI-Switch-7610,Active,NusaTel Owned,10 Gbps,2019-02-19,2025-02-17,2025-07-19,2026-07-31
AST-01873,Transmission,MAK-Transmission-1874,SITE-0125,Makassar,Nokia,NOK-Transmission-7258,Active,NusaTel Owned,100 Gbps,2023-01-06,2027-01-05,2025-07-12,2026-06-23
AST-01874,Transmission,MAK-Transmission-1875,SITE-0125,Makassar,Cisco,CIS-Transmission-2114,Active,NusaTel Owned,100 Gbps,2021-07-24,2027-07-23,2025-12-31,2026-10-23
AST-01875,BTS,SEM-BTS-1876,SITE-0126,Semarang,Ericsson,ERI-BTS-3978,Active,NusaTel Owned,100 MHz,2022-04-07,2026-04-06,2025-09-02,2026-06-11
AST-01876,BTS,SEM-BTS-1877,SITE-0126,Semarang,Juniper,JUN-BTS-8021,Faulty,NusaTel Owned,100 MHz,2018-11-16,2024-11-14,2025-12-17,2026-03-31
AST-01877,BTS,SEM-BTS-1878,SITE-0126,Semarang,Nokia,NOK-BTS-7397,Active,NusaTel Owned,100 MHz,2025-08-25,2031-08-24,2025-10-03,2026-01-04
AST-01878,OLT,SEM-OLT-1879,SITE-0126,Semarang,ZTE,ZTE-OLT-4358,Faulty,NusaTel Owned,10 Gbps,2019-05-01,2024-04-29,2025-08-26,2026-03-24
AST-01879,OLT,SEM-OLT-1880,SITE-0126,Semarang,Huawei,HUA-OLT-1209,Active,Leased,10 Gbps,2022-07-28,2026-07-27,2025-12-16,2026-09-24
AST-01880,OLT,SEM-OLT-1881,SITE-0126,Semarang,Nokia,NOK-OLT-9216,Active,Leased,10 Gbps,2024-02-16,2031-02-14,2025-08-21,2026-05-13
AST-01881,ODP,SEM-ODP-1882,SITE-0126,Semarang,Cisco,CIS-ODP-8992,Active,NusaTel Owned,1 Gbps,2022-02-12,2027-02-11,2025-07-18,2026-04-06
AST-01882,ODP,SEM-ODP-1883,SITE-0126,Semarang,Ericsson,ERI-ODP-4167,Active,NusaTel Owned,1 Gbps,2022-12-06,2027-12-05,2025-11-18,2026-08-17
AST-01883,ODP,SEM-ODP-1884,SITE-0126,Semarang,Huawei,HUA-ODP-1377,Active,Customer Premises,1 Gbps,2019-02-16,2026-02-14,2025-10-07,2026-11-10
AST-01884,ODP,SEM-ODP-1885,SITE-0126,Semarang,Nokia,NOK-ODP-4008,Active,NusaTel Owned,1 Gbps,2021-10-18,2026-10-17,2025-08-04,2026-10-04
AST-01885,Router,SEM-Router-1886,SITE-0126,Semarang,ZTE,ZTE-Router-6240,Active,NusaTel Owned,40 Gbps,2024-04-28,2027-04-28,2025-08-23,2026-06-24
AST-01886,Router,SEM-Router-1887,SITE-0126,Semarang,Huawei,HUA-Router-7821,Active,NusaTel Owned,40 Gbps,2024-08-05,2031-08-04,2025-10-04,2026-06-17
AST-01887,Router,SEM-Router-1888,SITE-0126,Semarang,Nokia,NOK-Router-8072,Maintenance,NusaTel Owned,40 Gbps,2018-07-22,2021-07-21,2025-09-05,2026-08-10
AST-01888,Router,SEM-Router-1889,SITE-0126,Semarang,Huawei,HUA-Router-1048,Active,NusaTel Owned,40 Gbps,2024-05-14,2029-05-13,2025-11-06,2026-04-21
AST-01889,Switch,SEM-Switch-1890,SITE-0126,Semarang,Ericsson,ERI-Switch-4674,Maintenance,NusaTel Owned,10 Gbps,2024-12-02,2027-12-02,2025-08-05,2026-07-23
AST-01890,Transmission,SEM-Transmission-1891,SITE-0126,Semarang,Cisco,CIS-Transmission-2592,Active,NusaTel Owned,100 Gbps,2023-01-31,2030-01-29,2025-07-28,2026-04-14
AST-01891,BTS,YOG-BTS-1892,SITE-0127,Yogyakarta,Ericsson,ERI-BTS-3575,Active,Leased,100 MHz,2025-02-07,2028-02-07,2025-08-15,2026-03-14
AST-01892,OLT,YOG-OLT-1893,SITE-0127,Yogyakarta,Ericsson,ERI-OLT-1962,Active,Leased,10 Gbps,2023-11-03,2026-11-02,2025-10-09,2026-08-06
AST-01893,ODP,YOG-ODP-1894,SITE-0127,Yogyakarta,Juniper,JUN-ODP-4864,Active,NusaTel Owned,1 Gbps,2023-05-12,2026-05-11,2025-07-25,2026-01-11
AST-01894,Router,YOG-Router-1895,SITE-0127,Yogyakarta,Cisco,CIS-Router-9320,Active,NusaTel Owned,40 Gbps,2020-02-12,2027-02-10,2025-08-02,2026-03-24
AST-01895,Router,YOG-Router-1896,SITE-0127,Yogyakarta,Nokia,NOK-Router-5955,Active,NusaTel Owned,40 Gbps,2018-02-28,2022-02-27,2025-11-02,2026-09-11
AST-01896,Router,YOG-Router-1897,SITE-0127,Yogyakarta,ZTE,ZTE-Router-6674,Active,NusaTel Owned,40 Gbps,2021-12-12,2025-12-11,2025-10-07,2026-07-13
AST-01897,Router,YOG-Router-1898,SITE-0127,Yogyakarta,Huawei,HUA-Router-4567,Active,NusaTel Owned,40 Gbps,2019-04-17,2023-04-16,2025-10-01,2026-01-04
AST-01898,Switch,YOG-Switch-1899,SITE-0127,Yogyakarta,ZTE,ZTE-Switch-8036,Active,NusaTel Owned,10 Gbps,2020-08-16,2022-08-16,2025-08-11,2026-08-07
AST-01899,Transmission,YOG-Transmission-1900,SITE-0127,Yogyakarta,Huawei,HUA-Transmission-6101,Active,NusaTel Owned,100 Gbps,2018-09-15,2022-09-14,2025-12-09,2026-11-14
AST-01900,BTS,DEN-BTS-1901,SITE-0128,Denpasar,Nokia,NOK-BTS-9351,Active,NusaTel Owned,100 MHz,2021-11-06,2026-11-05,2025-10-16,2026-10-05
AST-01901,OLT,DEN-OLT-1902,SITE-0128,Denpasar,Nokia,NOK-OLT-4964,Active,NusaTel Owned,10 Gbps,2019-04-28,2026-04-26,2025-12-05,2026-05-12
AST-01902,OLT,DEN-OLT-1903,SITE-0128,Denpasar,Ericsson,ERI-OLT-4815,Active,Leased,10 Gbps,2022-01-04,2029-01-02,2025-07-05,2026-05-13
AST-01903,ODP,DEN-ODP-1904,SITE-0128,Denpasar,Huawei,HUA-ODP-5503,Active,NusaTel Owned,1 Gbps,2018-06-06,2025-06-04,2025-09-03,2026-06-16
AST-01904,ODP,DEN-ODP-1905,SITE-0128,Denpasar,Cisco,CIS-ODP-8658,Active,Partner,1 Gbps,2021-02-28,2028-02-27,2025-12-04,2026-10-17
AST-01905,ODP,DEN-ODP-1906,SITE-0128,Denpasar,Huawei,HUA-ODP-1159,Active,Customer Premises,1 Gbps,2018-07-27,2021-07-26,2025-11-23,2026-07-12
AST-01906,ODP,DEN-ODP-1907,SITE-0128,Denpasar,Juniper,JUN-ODP-2711,Active,Partner,1 Gbps,2017-11-17,2019-11-17,2025-12-27,2026-06-25
AST-01907,Router,DEN-Router-1908,SITE-0128,Denpasar,Juniper,JUN-Router-2241,Active,NusaTel Owned,40 Gbps,2021-12-28,2024-12-27,2025-07-18,2026-01-26
AST-01908,Router,DEN-Router-1909,SITE-0128,Denpasar,Juniper,JUN-Router-8662,Active,Customer Premises,40 Gbps,2017-11-06,2024-11-04,2025-09-03,2026-10-08
AST-01909,Switch,DEN-Switch-1910,SITE-0128,Denpasar,Cisco,CIS-Switch-6117,Active,NusaTel Owned,10 Gbps,2021-01-27,2023-01-27,2025-12-13,2026-03-12
AST-01910,Switch,DEN-Switch-1911,SITE-0128,Denpasar,Nokia,NOK-Switch-9270,Active,NusaTel Owned,10 Gbps,2024-11-04,2026-11-04,2025-12-11,2026-10-03
AST-01911,Switch,DEN-Switch-1912,SITE-0128,Denpasar,Juniper,JUN-Switch-2168,Active,Partner,10 Gbps,2024-06-29,2031-06-28,2025-08-13,2026-03-06
AST-01912,Transmission,DEN-Transmission-1913,SITE-0128,Denpasar,Juniper,JUN-Transmission-4200,Active,Customer Premises,100 Gbps,2021-09-08,2023-09-08,2025-12-22,2026-04-16
AST-01913,Transmission,DEN-Transmission-1914,SITE-0128,Denpasar,ZTE,ZTE-Transmission-8495,Active,NusaTel Owned,100 Gbps,2023-02-14,2027-02-13,2025-08-02,2026-06-27
AST-01914,Transmission,DEN-Transmission-1915,SITE-0128,Denpasar,Ericsson,ERI-Transmission-4055,Active,NusaTel Owned,100 Gbps,2021-01-14,2027-01-13,2025-08-16,2026-08-02
AST-01915,Transmission,DEN-Transmission-1916,SITE-0128,Denpasar,Nokia,NOK-Transmission-3669,Maintenance,NusaTel Owned,100 Gbps,2024-08-03,2030-08-02,2025-12-28,2026-10-26
AST-01916,BTS,PAL-BTS-1917,SITE-0129,Palembang,Nokia,NOK-BTS-8167,Active,NusaTel Owned,100 MHz,2018-08-15,2021-08-14,2025-10-02,2026-02-23
AST-01917,BTS,PAL-BTS-1918,SITE-0129,Palembang,Juniper,JUN-BTS-4650,Active,NusaTel Owned,100 MHz,2021-12-24,2028-12-22,2025-11-01,2026-12-05
AST-01918,BTS,PAL-BTS-1919,SITE-0129,Palembang,ZTE,ZTE-BTS-3072,Active,NusaTel Owned,100 MHz,2023-06-12,2027-06-11,2025-09-27,2026-06-03
AST-01919,OLT,PAL-OLT-1920,SITE-0129,Palembang,Juniper,JUN-OLT-3772,Faulty,NusaTel Owned,10 Gbps,2021-12-03,2024-12-02,2025-09-07,2026-10-24
AST-01920,OLT,PAL-OLT-1921,SITE-0129,Palembang,Ericsson,ERI-OLT-6312,Active,NusaTel Owned,10 Gbps,2025-06-03,2029-06-02,2025-08-16,2026-08-09
AST-01921,OLT,PAL-OLT-1922,SITE-0129,Palembang,Huawei,HUA-OLT-3435,Decommissioned,NusaTel Owned,10 Gbps,2021-06-29,2027-06-28,2025-09-06,2026-02-23
AST-01922,ODP,PAL-ODP-1923,SITE-0129,Palembang,Juniper,JUN-ODP-8268,Active,NusaTel Owned,1 Gbps,2023-05-15,2025-05-14,2025-12-18,2026-02-01
AST-01923,ODP,PAL-ODP-1924,SITE-0129,Palembang,Nokia,NOK-ODP-1947,Active,NusaTel Owned,1 Gbps,2025-10-03,2027-10-03,2025-10-01,2026-03-30
AST-01924,ODP,PAL-ODP-1925,SITE-0129,Palembang,Nokia,NOK-ODP-8408,Active,NusaTel Owned,1 Gbps,2025-07-29,2031-07-28,2025-12-14,2026-12-14
AST-01925,Router,PAL-Router-1926,SITE-0129,Palembang,ZTE,ZTE-Router-1363,Active,Leased,40 Gbps,2021-03-27,2026-03-26,2025-09-17,2026-01-17
AST-01926,Switch,PAL-Switch-1927,SITE-0129,Palembang,ZTE,ZTE-Switch-4524,Active,NusaTel Owned,10 Gbps,2024-03-05,2026-03-05,2025-08-30,2026-03-15
AST-01927,Transmission,PAL-Transmission-1928,SITE-0129,Palembang,Cisco,CIS-Transmission-8244,Active,NusaTel Owned,100 Gbps,2023-01-25,2030-01-23,2025-10-29,2026-04-06
AST-01928,Transmission,PAL-Transmission-1929,SITE-0129,Palembang,Ericsson,ERI-Transmission-5444,Active,NusaTel Owned,100 Gbps,2021-09-18,2024-09-17,2025-10-18,2026-01-15
AST-01929,BTS,BAL-BTS-1930,SITE-0130,Balikpapan,ZTE,ZTE-BTS-1252,Active,NusaTel Owned,100 MHz,2019-07-23,2025-07-21,2025-09-28,2026-06-28
AST-01930,OLT,BAL-OLT-1931,SITE-0130,Balikpapan,Cisco,CIS-OLT-5659,Active,NusaTel Owned,10 Gbps,2024-06-03,2028-06-02,2025-08-14,2026-07-13
AST-01931,ODP,BAL-ODP-1932,SITE-0130,Balikpapan,Cisco,CIS-ODP-9302,Active,NusaTel Owned,1 Gbps,2023-09-03,2027-09-02,2025-07-28,2026-07-12
AST-01932,Router,BAL-Router-1933,SITE-0130,Balikpapan,Juniper,JUN-Router-5939,Active,NusaTel Owned,40 Gbps,2022-11-30,2024-11-29,2025-08-11,2026-03-04
AST-01933,Router,BAL-Router-1934,SITE-0130,Balikpapan,Cisco,CIS-Router-2263,Active,NusaTel Owned,40 Gbps,2024-06-18,2028-06-17,2025-07-20,2026-01-20
AST-01934,Router,BAL-Router-1935,SITE-0130,Balikpapan,Juniper,JUN-Router-3422,Maintenance,Customer Premises,40 Gbps,2024-08-28,2026-08-28,2025-11-09,2026-11-13
AST-01935,Switch,BAL-Switch-1936,SITE-0130,Balikpapan,Cisco,CIS-Switch-6045,Active,NusaTel Owned,10 Gbps,2022-10-03,2027-10-02,2025-12-13,2026-10-15
AST-01936,Transmission,BAL-Transmission-1937,SITE-0130,Balikpapan,Juniper,JUN-Transmission-8912,Active,NusaTel Owned,100 Gbps,2021-06-21,2023-06-21,2025-09-24,2026-05-07
AST-01937,BTS,JAK-BTS-1938,SITE-0131,Jakarta,Ericsson,ERI-BTS-1190,Active,Leased,100 MHz,2024-09-12,2028-09-11,2025-09-24,2026-11-18
AST-01938,OLT,JAK-OLT-1939,SITE-0131,Jakarta,Nokia,NOK-OLT-4444,Active,Customer Premises,10 Gbps,2022-09-05,2027-09-04,2025-08-02,2026-09-24
AST-01939,OLT,JAK-OLT-1940,SITE-0131,Jakarta,Ericsson,ERI-OLT-8017,Active,NusaTel Owned,10 Gbps,2023-05-04,2030-05-02,2025-11-20,2026-07-27
AST-01940,OLT,JAK-OLT-1941,SITE-0131,Jakarta,Cisco,CIS-OLT-9608,Maintenance,Leased,10 Gbps,2020-04-18,2024-04-17,2025-08-05,2026-05-11
AST-01941,ODP,JAK-ODP-1942,SITE-0131,Jakarta,Ericsson,ERI-ODP-7385,Active,NusaTel Owned,1 Gbps,2022-03-23,2025-03-22,2025-09-14,2026-03-21
AST-01942,Router,JAK-Router-1943,SITE-0131,Jakarta,Huawei,HUA-Router-3682,Active,NusaTel Owned,40 Gbps,2024-07-30,2031-07-29,2025-10-10,2026-04-26
AST-01943,Router,JAK-Router-1944,SITE-0131,Jakarta,Cisco,CIS-Router-5270,Active,Partner,40 Gbps,2019-01-11,2024-01-10,2025-09-05,2026-02-06
AST-01944,Router,JAK-Router-1945,SITE-0131,Jakarta,Ericsson,ERI-Router-9658,Active,Partner,40 Gbps,2020-04-25,2027-04-24,2025-10-05,2026-10-09
AST-01945,Router,JAK-Router-1946,SITE-0131,Jakarta,Cisco,CIS-Router-9214,Active,NusaTel Owned,40 Gbps,2023-09-24,2027-09-23,2025-12-04,2026-02-11
AST-01946,Switch,JAK-Switch-1947,SITE-0131,Jakarta,Ericsson,ERI-Switch-7674,Active,NusaTel Owned,10 Gbps,2025-04-19,2029-04-18,2025-11-26,2026-02-04
AST-01947,Transmission,JAK-Transmission-1948,SITE-0131,Jakarta,Cisco,CIS-Transmission-8359,Active,Leased,100 Gbps,2024-03-14,2026-03-14,2025-07-28,2026-07-10
AST-01948,Transmission,JAK-Transmission-1949,SITE-0131,Jakarta,Cisco,CIS-Transmission-1697,Active,Leased,100 Gbps,2023-07-13,2029-07-11,2025-08-07,2026-10-09
AST-01949,Transmission,JAK-Transmission-1950,SITE-0131,Jakarta,Ericsson,ERI-Transmission-8604,Active,Partner,100 Gbps,2023-05-28,2029-05-26,2025-09-03,2026-04-14
AST-01950,BTS,BAN-BTS-1951,SITE-0132,Bandung,Cisco,CIS-BTS-5818,Faulty,Leased,100 MHz,2021-11-17,2025-11-16,2025-11-12,2026-01-16
AST-01951,BTS,BAN-BTS-1952,SITE-0132,Bandung,Juniper,JUN-BTS-8515,Maintenance,NusaTel Owned,100 MHz,2021-08-23,2025-08-22,2025-08-17,2026-05-30
AST-01952,BTS,BAN-BTS-1953,SITE-0132,Bandung,Huawei,HUA-BTS-2774,Active,NusaTel Owned,100 MHz,2020-10-23,2027-10-22,2025-07-27,2026-03-30
AST-01953,BTS,BAN-BTS-1954,SITE-0132,Bandung,Cisco,CIS-BTS-2872,Active,NusaTel Owned,100 MHz,2020-08-03,2023-08-03,2025-08-02,2026-07-04
AST-01954,OLT,BAN-OLT-1955,SITE-0132,Bandung,Huawei,HUA-OLT-2905,Active,NusaTel Owned,10 Gbps,2020-01-06,2025-01-04,2025-12-06,2026-04-09
AST-01955,OLT,BAN-OLT-1956,SITE-0132,Bandung,Cisco,CIS-OLT-1867,Decommissioned,NusaTel Owned,10 Gbps,2023-02-21,2026-02-20,2025-11-16,2026-06-20
AST-01956,OLT,BAN-OLT-1957,SITE-0132,Bandung,Huawei,HUA-OLT-7559,Active,NusaTel Owned,10 Gbps,2025-01-27,2027-01-27,2025-12-11,2026-01-12
AST-01957,ODP,BAN-ODP-1958,SITE-0132,Bandung,Huawei,HUA-ODP-7500,Active,NusaTel Owned,1 Gbps,2023-04-13,2030-04-11,2025-11-11,2026-01-12
AST-01958,ODP,BAN-ODP-1959,SITE-0132,Bandung,Juniper,JUN-ODP-6949,Active,NusaTel Owned,1 Gbps,2021-10-14,2025-10-13,2025-11-06,2026-11-16
AST-01959,ODP,BAN-ODP-1960,SITE-0132,Bandung,Ericsson,ERI-ODP-7127,Maintenance,NusaTel Owned,1 Gbps,2021-01-07,2026-01-06,2025-09-12,2026-07-25
AST-01960,Router,BAN-Router-1961,SITE-0132,Bandung,ZTE,ZTE-Router-6787,Active,NusaTel Owned,40 Gbps,2022-01-15,2026-01-14,2025-12-18,2026-04-07
AST-01961,Router,BAN-Router-1962,SITE-0132,Bandung,Juniper,JUN-Router-3711,Active,NusaTel Owned,40 Gbps,2025-01-17,2027-01-17,2025-07-06,2026-02-10
AST-01962,Router,BAN-Router-1963,SITE-0132,Bandung,Ericsson,ERI-Router-9547,Active,NusaTel Owned,40 Gbps,2019-09-14,2025-09-12,2025-12-22,2026-01-03
AST-01963,Router,BAN-Router-1964,SITE-0132,Bandung,Ericsson,ERI-Router-8766,Maintenance,NusaTel Owned,40 Gbps,2021-09-08,2024-09-07,2025-10-01,2026-12-19
AST-01964,Switch,BAN-Switch-1965,SITE-0132,Bandung,Huawei,HUA-Switch-3194,Active,NusaTel Owned,10 Gbps,2025-11-29,2030-11-28,2025-08-22,2026-05-14
AST-01965,Switch,BAN-Switch-1966,SITE-0132,Bandung,Huawei,HUA-Switch-7656,Active,Customer Premises,10 Gbps,2017-11-27,2022-11-26,2025-12-02,2026-01-13
AST-01966,Transmission,BAN-Transmission-1967,SITE-0132,Bandung,Huawei,HUA-Transmission-4890,Active,Partner,100 Gbps,2021-07-13,2024-07-12,2025-07-06,2026-05-10
AST-01967,BTS,SUR-BTS-1968,SITE-0133,Surabaya,Cisco,CIS-BTS-8327,Active,Leased,100 MHz,2022-03-14,2026-03-13,2025-12-23,2026-11-26
AST-01968,OLT,SUR-OLT-1969,SITE-0133,Surabaya,Juniper,JUN-OLT-7207,Active,NusaTel Owned,10 Gbps,2022-12-09,2026-12-08,2025-10-08,2026-12-06
AST-01969,OLT,SUR-OLT-1970,SITE-0133,Surabaya,Huawei,HUA-OLT-8853,Active,NusaTel Owned,10 Gbps,2018-03-20,2023-03-19,2025-12-29,2026-07-28
AST-01970,OLT,SUR-OLT-1971,SITE-0133,Surabaya,Juniper,JUN-OLT-7950,Active,Customer Premises,10 Gbps,2024-04-23,2031-04-22,2025-11-21,2026-06-05
AST-01971,OLT,SUR-OLT-1972,SITE-0133,Surabaya,Huawei,HUA-OLT-7906,Active,NusaTel Owned,10 Gbps,2021-03-09,2024-03-08,2025-10-13,2026-09-28
AST-01972,ODP,SUR-ODP-1973,SITE-0133,Surabaya,ZTE,ZTE-ODP-8316,Active,Partner,1 Gbps,2023-03-16,2028-03-14,2025-08-10,2026-12-31
AST-01973,Router,SUR-Router-1974,SITE-0133,Surabaya,ZTE,ZTE-Router-3992,Active,NusaTel Owned,40 Gbps,2022-07-16,2024-07-15,2025-12-17,2026-01-20
AST-01974,Switch,SUR-Switch-1975,SITE-0133,Surabaya,Nokia,NOK-Switch-7149,Maintenance,NusaTel Owned,10 Gbps,2021-05-09,2023-05-09,2025-11-23,2026-02-03
AST-01975,Switch,SUR-Switch-1976,SITE-0133,Surabaya,Cisco,CIS-Switch-7783,Maintenance,NusaTel Owned,10 Gbps,2022-03-05,2029-03-03,2025-07-05,2026-08-29
AST-01976,Switch,SUR-Switch-1977,SITE-0133,Surabaya,Cisco,CIS-Switch-1752,Active,NusaTel Owned,10 Gbps,2019-06-20,2026-06-18,2025-07-09,2026-08-31
AST-01977,Transmission,SUR-Transmission-1978,SITE-0133,Surabaya,ZTE,ZTE-Transmission-1240,Active,Customer Premises,100 Gbps,2020-01-02,2026-12-31,2025-11-22,2026-07-26
AST-01978,Transmission,SUR-Transmission-1979,SITE-0133,Surabaya,Juniper,JUN-Transmission-4620,Faulty,NusaTel Owned,100 Gbps,2020-11-12,2027-11-11,2025-08-02,2026-10-13
AST-01979,Transmission,SUR-Transmission-1980,SITE-0133,Surabaya,Nokia,NOK-Transmission-9083,Faulty,NusaTel Owned,100 Gbps,2022-05-04,2024-05-03,2025-07-27,2026-07-22
AST-01980,Transmission,SUR-Transmission-1981,SITE-0133,Surabaya,Cisco,CIS-Transmission-4786,Active,NusaTel Owned,100 Gbps,2019-08-15,2026-08-13,2025-07-23,2026-10-21
AST-01981,BTS,MED-BTS-1982,SITE-0134,Medan,Nokia,NOK-BTS-3796,Active,NusaTel Owned,100 MHz,2023-04-14,2030-04-12,2025-11-30,2026-01-29
AST-01982,BTS,MED-BTS-1983,SITE-0134,Medan,Cisco,CIS-BTS-2820,Maintenance,NusaTel Owned,100 MHz,2018-12-27,2025-12-25,2025-08-07,2026-08-04
AST-01983,OLT,MED-OLT-1984,SITE-0134,Medan,Ericsson,ERI-OLT-6741,Active,NusaTel Owned,10 Gbps,2021-05-11,2028-05-09,2025-07-23,2026-07-08
AST-01984,OLT,MED-OLT-1985,SITE-0134,Medan,Nokia,NOK-OLT-4412,Active,Leased,10 Gbps,2018-07-11,2022-07-10,2025-08-03,2026-11-24
AST-01985,OLT,MED-OLT-1986,SITE-0134,Medan,Ericsson,ERI-OLT-6949,Active,Leased,10 Gbps,2019-01-11,2026-01-09,2025-09-25,2026-12-09
AST-01986,OLT,MED-OLT-1987,SITE-0134,Medan,Huawei,HUA-OLT-5590,Active,NusaTel Owned,10 Gbps,2017-12-05,2022-12-04,2025-12-26,2026-06-05
AST-01987,ODP,MED-ODP-1988,SITE-0134,Medan,Ericsson,ERI-ODP-2734,Active,NusaTel Owned,1 Gbps,2022-05-04,2027-05-03,2025-10-18,2026-04-01
AST-01988,ODP,MED-ODP-1989,SITE-0134,Medan,ZTE,ZTE-ODP-8002,Active,NusaTel Owned,1 Gbps,2023-02-20,2027-02-19,2025-11-23,2026-01-30
AST-01989,ODP,MED-ODP-1990,SITE-0134,Medan,Juniper,JUN-ODP-1830,Active,NusaTel Owned,1 Gbps,2019-04-03,2025-04-01,2025-12-13,2026-02-07
AST-01990,ODP,MED-ODP-1991,SITE-0134,Medan,Juniper,JUN-ODP-7795,Active,NusaTel Owned,1 Gbps,2023-03-01,2027-02-28,2025-09-24,2026-11-01
AST-01991,Router,MED-Router-1992,SITE-0134,Medan,Cisco,CIS-Router-2887,Active,NusaTel Owned,40 Gbps,2025-02-22,2029-02-21,2025-10-06,2026-10-03
AST-01992,Router,MED-Router-1993,SITE-0134,Medan,Juniper,JUN-Router-8067,Active,NusaTel Owned,40 Gbps,2023-07-09,2029-07-07,2025-11-09,2026-03-04
AST-01993,Router,MED-Router-1994,SITE-0134,Medan,Ericsson,ERI-Router-3157,Active,Leased,40 Gbps,2017-11-15,2020-11-14,2025-08-31,2026-05-07
AST-01994,Switch,MED-Switch-1995,SITE-0134,Medan,ZTE,ZTE-Switch-7104,Active,NusaTel Owned,10 Gbps,2021-09-18,2028-09-16,2025-08-03,2026-08-27
AST-01995,Transmission,MED-Transmission-1996,SITE-0134,Medan,Cisco,CIS-Transmission-9779,Active,Customer Premises,100 Gbps,2019-12-27,2022-12-26,2025-11-30,2026-09-11
AST-01996,Transmission,MED-Transmission-1997,SITE-0134,Medan,Ericsson,ERI-Transmission-7835,Maintenance,NusaTel Owned,100 Gbps,2025-06-19,2031-06-18,2025-12-16,2026-07-13
AST-01997,Transmission,MED-Transmission-1998,SITE-0134,Medan,Juniper,JUN-Transmission-7370,Active,NusaTel Owned,100 Gbps,2022-11-27,2024-11-26,2025-12-15,2026-08-20
AST-01998,BTS,MAK-BTS-1999,SITE-0135,Makassar,ZTE,ZTE-BTS-5453,Active,Leased,100 MHz,2025-09-26,2030-09-25,2025-12-17,2026-09-21
AST-01999,OLT,MAK-OLT-2000,SITE-0135,Makassar,Juniper,JUN-OLT-9274,Active,NusaTel Owned,10 Gbps,2018-11-19,2022-11-18,2025-12-22,2026-07-22
AST-02000,ODP,MAK-ODP-2001,SITE-0135,Makassar,Huawei,HUA-ODP-7124,Active,Customer Premises,1 Gbps,2024-12-07,2026-12-07,2025-07-24,2026-12-02
AST-02001,ODP,MAK-ODP-2002,SITE-0135,Makassar,ZTE,ZTE-ODP-3448,Active,NusaTel Owned,1 Gbps,2020-08-02,2026-08-01,2025-10-31,2026-10-28
AST-02002,ODP,MAK-ODP-2003,SITE-0135,Makassar,Cisco,CIS-ODP-6826,Faulty,NusaTel Owned,1 Gbps,2020-09-05,2025-09-04,2025-09-29,2026-06-04
AST-02003,ODP,MAK-ODP-2004,SITE-0135,Makassar,Ericsson,ERI-ODP-1354,Active,NusaTel Owned,1 Gbps,2023-01-11,2027-01-10,2025-11-12,2026-06-20
AST-02004,Router,MAK-Router-2005,SITE-0135,Makassar,Nokia,NOK-Router-1632,Active,NusaTel Owned,40 Gbps,2024-09-24,2031-09-23,2025-08-13,2026-02-18
AST-02005,Router,MAK-Router-2006,SITE-0135,Makassar,Huawei,HUA-Router-3633,Active,NusaTel Owned,40 Gbps,2021-05-11,2027-05-10,2025-07-20,2026-02-27
AST-02006,Router,MAK-Router-2007,SITE-0135,Makassar,Nokia,NOK-Router-4377,Active,NusaTel Owned,40 Gbps,2024-09-10,2031-09-09,2025-07-11,2026-07-05
AST-02007,Router,MAK-Router-2008,SITE-0135,Makassar,Juniper,JUN-Router-4788,Active,NusaTel Owned,40 Gbps,2024-04-02,2027-04-02,2025-10-20,2026-06-13
AST-02008,Switch,MAK-Switch-2009,SITE-0135,Makassar,Cisco,CIS-Switch-5834,Active,NusaTel Owned,10 Gbps,2023-02-13,2030-02-11,2025-10-01,2026-01-11
AST-02009,Switch,MAK-Switch-2010,SITE-0135,Makassar,Juniper,JUN-Switch-8712,Active,NusaTel Owned,10 Gbps,2023-07-17,2026-07-16,2025-09-17,2026-07-06
AST-02010,Switch,MAK-Switch-2011,SITE-0135,Makassar,Juniper,JUN-Switch-9760,Active,Leased,10 Gbps,2018-11-16,2021-11-15,2025-08-20,2026-04-03
AST-02011,Transmission,MAK-Transmission-2012,SITE-0135,Makassar,Huawei,HUA-Transmission-1309,Active,Customer Premises,100 Gbps,2023-05-14,2025-05-13,2025-12-31,2026-09-24
AST-02012,Transmission,MAK-Transmission-2013,SITE-0135,Makassar,Huawei,HUA-Transmission-2076,Active,NusaTel Owned,100 Gbps,2021-06-25,2027-06-24,2025-08-19,2026-04-21
AST-02013,Transmission,MAK-Transmission-2014,SITE-0135,Makassar,Huawei,HUA-Transmission-4044,Active,Leased,100 Gbps,2020-04-06,2022-04-06,2025-07-08,2026-03-28
AST-02014,Transmission,MAK-Transmission-2015,SITE-0135,Makassar,Ericsson,ERI-Transmission-9435,Active,NusaTel Owned,100 Gbps,2020-05-05,2024-05-04,2025-11-10,2026-11-18
AST-02015,BTS,SEM-BTS-2016,SITE-0136,Semarang,Ericsson,ERI-BTS-6435,Active,NusaTel Owned,100 MHz,2024-08-18,2028-08-17,2025-10-09,2026-01-10
AST-02016,BTS,SEM-BTS-2017,SITE-0136,Semarang,Nokia,NOK-BTS-5556,Active,NusaTel Owned,100 MHz,2020-02-27,2024-02-26,2025-10-30,2026-11-14
AST-02017,BTS,SEM-BTS-2018,SITE-0136,Semarang,Ericsson,ERI-BTS-9515,Active,Leased,100 MHz,2019-06-22,2023-06-21,2025-12-05,2026-07-02
AST-02018,OLT,SEM-OLT-2019,SITE-0136,Semarang,Nokia,NOK-OLT-4262,Active,NusaTel Owned,10 Gbps,2022-01-25,2029-01-23,2025-09-23,2026-05-26
AST-02019,OLT,SEM-OLT-2020,SITE-0136,Semarang,Ericsson,ERI-OLT-9370,Active,NusaTel Owned,10 Gbps,2024-10-12,2028-10-11,2025-10-22,2026-01-13
AST-02020,ODP,SEM-ODP-2021,SITE-0136,Semarang,Ericsson,ERI-ODP-8011,Active,NusaTel Owned,1 Gbps,2024-06-18,2028-06-17,2025-11-15,2026-11-01
AST-02021,ODP,SEM-ODP-2022,SITE-0136,Semarang,ZTE,ZTE-ODP-2523,Active,Customer Premises,1 Gbps,2021-10-19,2023-10-19,2025-12-17,2026-12-03
AST-02022,Router,SEM-Router-2023,SITE-0136,Semarang,Cisco,CIS-Router-9623,Active,NusaTel Owned,40 Gbps,2024-12-05,2028-12-04,2025-08-03,2026-09-06
AST-02023,Router,SEM-Router-2024,SITE-0136,Semarang,ZTE,ZTE-Router-6464,Faulty,NusaTel Owned,40 Gbps,2025-06-20,2029-06-19,2025-07-19,2026-05-04
AST-02024,Switch,SEM-Switch-2025,SITE-0136,Semarang,Cisco,CIS-Switch-4595,Active,NusaTel Owned,10 Gbps,2022-12-01,2024-11-30,2025-11-01,2026-03-22
AST-02025,Switch,SEM-Switch-2026,SITE-0136,Semarang,ZTE,ZTE-Switch-7195,Active,NusaTel Owned,10 Gbps,2024-10-16,2031-10-15,2025-12-03,2026-01-24
AST-02026,Switch,SEM-Switch-2027,SITE-0136,Semarang,Ericsson,ERI-Switch-7867,Active,NusaTel Owned,10 Gbps,2021-04-25,2025-04-24,2025-12-17,2026-08-11
AST-02027,Switch,SEM-Switch-2028,SITE-0136,Semarang,Huawei,HUA-Switch-6993,Active,NusaTel Owned,10 Gbps,2018-10-29,2020-10-28,2025-09-07,2026-09-04
AST-02028,Transmission,SEM-Transmission-2029,SITE-0136,Semarang,ZTE,ZTE-Transmission-9549,Active,Partner,100 Gbps,2025-04-22,2030-04-21,2025-09-17,2026-01-28
AST-02029,BTS,YOG-BTS-2030,SITE-0137,Yogyakarta,Nokia,NOK-BTS-7373,Active,Customer Premises,100 MHz,2020-03-27,2023-03-27,2025-12-27,2026-07-23
AST-02030,BTS,YOG-BTS-2031,SITE-0137,Yogyakarta,Ericsson,ERI-BTS-4830,Active,NusaTel Owned,100 MHz,2022-03-26,2027-03-25,2025-11-21,2026-01-06
AST-02031,BTS,YOG-BTS-2032,SITE-0137,Yogyakarta,Cisco,CIS-BTS-9709,Active,Leased,100 MHz,2018-08-31,2025-08-29,2025-07-30,2026-11-19
AST-02032,OLT,YOG-OLT-2033,SITE-0137,Yogyakarta,Nokia,NOK-OLT-2994,Active,NusaTel Owned,10 Gbps,2024-03-17,2026-03-17,2025-12-05,2026-02-13
AST-02033,OLT,YOG-OLT-2034,SITE-0137,Yogyakarta,Ericsson,ERI-OLT-4020,Active,NusaTel Owned,10 Gbps,2021-05-27,2026-05-26,2025-08-01,2026-09-03
AST-02034,ODP,YOG-ODP-2035,SITE-0137,Yogyakarta,Ericsson,ERI-ODP-6017,Active,NusaTel Owned,1 Gbps,2023-09-14,2030-09-12,2025-09-13,2026-12-24
AST-02035,ODP,YOG-ODP-2036,SITE-0137,Yogyakarta,ZTE,ZTE-ODP-2829,Maintenance,NusaTel Owned,1 Gbps,2025-06-20,2030-06-19,2025-08-05,2026-03-08
AST-02036,ODP,YOG-ODP-2037,SITE-0137,Yogyakarta,Cisco,CIS-ODP-2730,Active,NusaTel Owned,1 Gbps,2020-01-18,2024-01-17,2025-12-02,2026-06-06
AST-02037,Router,YOG-Router-2038,SITE-0137,Yogyakarta,ZTE,ZTE-Router-5052,Faulty,NusaTel Owned,40 Gbps,2018-02-10,2024-02-09,2025-07-27,2026-06-20
AST-02038,Router,YOG-Router-2039,SITE-0137,Yogyakarta,Nokia,NOK-Router-3566,Active,NusaTel Owned,40 Gbps,2021-01-28,2023-01-28,2025-08-23,2026-10-06
AST-02039,Router,YOG-Router-2040,SITE-0137,Yogyakarta,Nokia,NOK-Router-3355,Active,Leased,40 Gbps,2022-04-05,2027-04-04,2025-10-23,2026-07-01
AST-02040,Switch,YOG-Switch-2041,SITE-0137,Yogyakarta,ZTE,ZTE-Switch-7731,Active,Leased,10 Gbps,2023-07-22,2026-07-21,2025-11-17,2026-04-02
AST-02041,Switch,YOG-Switch-2042,SITE-0137,Yogyakarta,Cisco,CIS-Switch-9271,Active,Leased,10 Gbps,2023-10-23,2027-10-22,2025-08-13,2026-04-21
AST-02042,Switch,YOG-Switch-2043,SITE-0137,Yogyakarta,Nokia,NOK-Switch-1822,Active,NusaTel Owned,10 Gbps,2019-02-21,2026-02-19,2025-09-06,2026-06-29
AST-02043,Transmission,YOG-Transmission-2044,SITE-0137,Yogyakarta,Ericsson,ERI-Transmission-2361,Maintenance,NusaTel Owned,100 Gbps,2023-11-20,2026-11-19,2025-07-13,2026-06-14
AST-02044,Transmission,YOG-Transmission-2045,SITE-0137,Yogyakarta,Juniper,JUN-Transmission-6648,Active,NusaTel Owned,100 Gbps,2025-09-12,2032-09-10,2025-07-19,2026-07-17
AST-02045,Transmission,YOG-Transmission-2046,SITE-0137,Yogyakarta,Huawei,HUA-Transmission-9290,Maintenance,NusaTel Owned,100 Gbps,2017-11-18,2023-11-17,2025-12-14,2026-12-05
AST-02046,BTS,DEN-BTS-2047,SITE-0138,Denpasar,ZTE,ZTE-BTS-4073,Active,Customer Premises,100 MHz,2019-08-26,2021-08-25,2025-09-13,2026-12-04
AST-02047,BTS,DEN-BTS-2048,SITE-0138,Denpasar,Ericsson,ERI-BTS-8009,Active,NusaTel Owned,100 MHz,2023-09-01,2030-08-30,2025-12-12,2026-02-28
AST-02048,BTS,DEN-BTS-2049,SITE-0138,Denpasar,Ericsson,ERI-BTS-8381,Active,NusaTel Owned,100 MHz,2020-05-13,2026-05-12,2025-08-01,2026-03-22
AST-02049,OLT,DEN-OLT-2050,SITE-0138,Denpasar,ZTE,ZTE-OLT-8209,Faulty,NusaTel Owned,10 Gbps,2021-02-07,2025-02-06,2025-12-09,2026-10-06
AST-02050,OLT,DEN-OLT-2051,SITE-0138,Denpasar,ZTE,ZTE-OLT-4691,Maintenance,Partner,10 Gbps,2025-10-07,2032-10-05,2025-12-22,2026-12-26
AST-02051,ODP,DEN-ODP-2052,SITE-0138,Denpasar,Nokia,NOK-ODP-9836,Active,NusaTel Owned,1 Gbps,2022-06-03,2027-06-02,2025-10-07,2026-10-02
AST-02052,Router,DEN-Router-2053,SITE-0138,Denpasar,Cisco,CIS-Router-3430,Active,NusaTel Owned,40 Gbps,2023-10-08,2027-10-07,2025-12-09,2026-08-03
AST-02053,Router,DEN-Router-2054,SITE-0138,Denpasar,ZTE,ZTE-Router-5397,Active,NusaTel Owned,40 Gbps,2023-10-10,2027-10-09,2025-07-19,2026-05-04
AST-02054,Router,DEN-Router-2055,SITE-0138,Denpasar,Juniper,JUN-Router-1711,Active,NusaTel Owned,40 Gbps,2020-03-10,2023-03-10,2025-09-06,2026-12-21
AST-02055,Router,DEN-Router-2056,SITE-0138,Denpasar,ZTE,ZTE-Router-4988,Active,Leased,40 Gbps,2025-07-23,2031-07-22,2025-08-04,2026-06-14
AST-02056,Switch,DEN-Switch-2057,SITE-0138,Denpasar,Huawei,HUA-Switch-4889,Maintenance,NusaTel Owned,10 Gbps,2019-02-22,2025-02-20,2025-09-23,2026-06-02
AST-02057,Switch,DEN-Switch-2058,SITE-0138,Denpasar,Cisco,CIS-Switch-4965,Active,NusaTel Owned,10 Gbps,2022-08-25,2025-08-24,2025-12-10,2026-05-17
AST-02058,Switch,DEN-Switch-2059,SITE-0138,Denpasar,ZTE,ZTE-Switch-7677,Active,Leased,10 Gbps,2023-05-27,2026-05-26,2025-11-17,2026-02-13
AST-02059,Transmission,DEN-Transmission-2060,SITE-0138,Denpasar,Nokia,NOK-Transmission-1765,Active,NusaTel Owned,100 Gbps,2022-03-05,2028-03-03,2025-09-18,2026-09-18
AST-02060,Transmission,DEN-Transmission-2061,SITE-0138,Denpasar,Juniper,JUN-Transmission-9242,Active,NusaTel Owned,100 Gbps,2018-02-10,2021-02-09,2025-08-02,2026-09-25
AST-02061,Transmission,DEN-Transmission-2062,SITE-0138,Denpasar,ZTE,ZTE-Transmission-4021,Active,NusaTel Owned,100 Gbps,2025-06-08,2030-06-07,2025-11-20,2026-11-17
AST-02062,BTS,PAL-BTS-2063,SITE-0139,Palembang,Cisco,CIS-BTS-7331,Active,Partner,100 MHz,2020-01-03,2025-01-01,2025-09-22,2026-10-27
AST-02063,OLT,PAL-OLT-2064,SITE-0139,Palembang,Ericsson,ERI-OLT-8541,Active,NusaTel Owned,10 Gbps,2022-01-03,2029-01-01,2025-12-22,2026-12-20
AST-02064,OLT,PAL-OLT-2065,SITE-0139,Palembang,Cisco,CIS-OLT-5507,Active,NusaTel Owned,10 Gbps,2018-09-05,2024-09-03,2025-11-13,2026-05-18
AST-02065,OLT,PAL-OLT-2066,SITE-0139,Palembang,Cisco,CIS-OLT-9319,Active,Leased,10 Gbps,2018-10-03,2023-10-02,2025-07-24,2026-01-30
AST-02066,ODP,PAL-ODP-2067,SITE-0139,Palembang,Huawei,HUA-ODP-6060,Maintenance,NusaTel Owned,1 Gbps,2023-03-21,2027-03-20,2025-07-18,2026-10-30
AST-02067,ODP,PAL-ODP-2068,SITE-0139,Palembang,Huawei,HUA-ODP-1565,Active,NusaTel Owned,1 Gbps,2021-11-01,2024-10-31,2025-10-23,2026-11-20
AST-02068,ODP,PAL-ODP-2069,SITE-0139,Palembang,Huawei,HUA-ODP-6792,Active,NusaTel Owned,1 Gbps,2022-11-19,2029-11-17,2025-12-15,2026-06-27
AST-02069,Router,PAL-Router-2070,SITE-0139,Palembang,Nokia,NOK-Router-5461,Active,Leased,40 Gbps,2017-12-03,2021-12-02,2025-08-04,2026-09-08
AST-02070,Switch,PAL-Switch-2071,SITE-0139,Palembang,Cisco,CIS-Switch-8023,Active,NusaTel Owned,10 Gbps,2019-10-13,2026-10-11,2025-12-28,2026-07-13
AST-02071,Transmission,PAL-Transmission-2072,SITE-0139,Palembang,Nokia,NOK-Transmission-6693,Active,NusaTel Owned,100 Gbps,2025-11-04,2031-11-03,2025-08-03,2026-11-27
AST-02072,Transmission,PAL-Transmission-2073,SITE-0139,Palembang,Huawei,HUA-Transmission-4426,Active,Leased,100 Gbps,2018-11-14,2021-11-13,2025-12-21,2026-04-13
AST-02073,Transmission,PAL-Transmission-2074,SITE-0139,Palembang,Ericsson,ERI-Transmission-8746,Active,NusaTel Owned,100 Gbps,2024-08-21,2030-08-20,2025-08-02,2026-04-02
AST-02074,BTS,BAL-BTS-2075,SITE-0140,Balikpapan,Ericsson,ERI-BTS-2059,Active,Customer Premises,100 MHz,2018-10-10,2024-10-08,2025-12-19,2026-01-30
AST-02075,OLT,BAL-OLT-2076,SITE-0140,Balikpapan,ZTE,ZTE-OLT-6780,Active,NusaTel Owned,10 Gbps,2017-12-27,2024-12-25,2025-10-17,2026-01-28
AST-02076,OLT,BAL-OLT-2077,SITE-0140,Balikpapan,Huawei,HUA-OLT-5167,Active,NusaTel Owned,10 Gbps,2025-10-19,2027-10-19,2025-12-05,2026-09-07
AST-02077,OLT,BAL-OLT-2078,SITE-0140,Balikpapan,Juniper,JUN-OLT-5039,Active,Leased,10 Gbps,2024-03-06,2026-03-06,2025-08-01,2026-03-10
AST-02078,ODP,BAL-ODP-2079,SITE-0140,Balikpapan,Nokia,NOK-ODP-4319,Active,NusaTel Owned,1 Gbps,2024-01-27,2028-01-26,2025-08-07,2026-01-09
AST-02079,ODP,BAL-ODP-2080,SITE-0140,Balikpapan,Huawei,HUA-ODP-7121,Active,NusaTel Owned,1 Gbps,2019-12-26,2025-12-24,2025-09-25,2026-09-16
AST-02080,Router,BAL-Router-2081,SITE-0140,Balikpapan,ZTE,ZTE-Router-8620,Active,NusaTel Owned,40 Gbps,2022-06-07,2027-06-06,2025-09-08,2026-05-13
AST-02081,Router,BAL-Router-2082,SITE-0140,Balikpapan,Nokia,NOK-Router-1789,Active,NusaTel Owned,40 Gbps,2022-06-26,2028-06-24,2025-11-16,2026-05-18
AST-02082,Switch,BAL-Switch-2083,SITE-0140,Balikpapan,Ericsson,ERI-Switch-1579,Active,NusaTel Owned,10 Gbps,2024-12-28,2026-12-28,2025-12-15,2026-01-17
AST-02083,Switch,BAL-Switch-2084,SITE-0140,Balikpapan,Juniper,JUN-Switch-9886,Active,NusaTel Owned,10 Gbps,2018-04-20,2022-04-19,2025-12-23,2026-07-19
AST-02084,Switch,BAL-Switch-2085,SITE-0140,Balikpapan,ZTE,ZTE-Switch-2327,Faulty,NusaTel Owned,10 Gbps,2018-03-17,2025-03-15,2025-10-27,2026-03-18
AST-02085,Switch,BAL-Switch-2086,SITE-0140,Balikpapan,ZTE,ZTE-Switch-1603,Active,NusaTel Owned,10 Gbps,2019-03-17,2023-03-16,2025-09-27,2026-03-20
AST-02086,Transmission,BAL-Transmission-2087,SITE-0140,Balikpapan,Huawei,HUA-Transmission-1322,Active,NusaTel Owned,100 Gbps,2024-06-08,2027-06-08,2025-11-08,2026-05-09
AST-02087,Transmission,BAL-Transmission-2088,SITE-0140,Balikpapan,ZTE,ZTE-Transmission-5729,Active,NusaTel Owned,100 Gbps,2024-09-09,2030-09-08,2025-08-11,2026-04-28
AST-02088,BTS,JAK-BTS-2089,SITE-0141,Jakarta,Ericsson,ERI-BTS-6828,Active,NusaTel Owned,100 MHz,2017-10-26,2024-10-24,2025-10-14,2026-01-16
AST-02089,BTS,JAK-BTS-2090,SITE-0141,Jakarta,Nokia,NOK-BTS-8225,Active,Customer Premises,100 MHz,2019-04-28,2026-04-26,2025-12-28,2026-07-12
AST-02090,OLT,JAK-OLT-2091,SITE-0141,Jakarta,Ericsson,ERI-OLT-3958,Active,NusaTel Owned,10 Gbps,2019-09-15,2024-09-13,2025-12-04,2026-07-28
AST-02091,OLT,JAK-OLT-2092,SITE-0141,Jakarta,Huawei,HUA-OLT-8187,Active,NusaTel Owned,10 Gbps,2018-01-13,2021-01-12,2025-11-27,2026-03-31
AST-02092,OLT,JAK-OLT-2093,SITE-0141,Jakarta,Ericsson,ERI-OLT-7701,Active,NusaTel Owned,10 Gbps,2024-08-06,2029-08-05,2025-07-22,2026-11-11
AST-02093,ODP,JAK-ODP-2094,SITE-0141,Jakarta,Juniper,JUN-ODP-8951,Active,Leased,1 Gbps,2019-05-21,2025-05-19,2025-10-01,2026-07-29
AST-02094,Router,JAK-Router-2095,SITE-0141,Jakarta,Ericsson,ERI-Router-3387,Faulty,NusaTel Owned,40 Gbps,2018-09-12,2020-09-11,2025-10-07,2026-04-28
AST-02095,Router,JAK-Router-2096,SITE-0141,Jakarta,Cisco,CIS-Router-8922,Active,Partner,40 Gbps,2020-02-25,2027-02-23,2025-10-16,2026-09-24
AST-02096,Switch,JAK-Switch-2097,SITE-0141,Jakarta,Ericsson,ERI-Switch-6432,Active,NusaTel Owned,10 Gbps,2022-06-19,2024-06-18,2025-10-11,2026-03-01
AST-02097,Switch,JAK-Switch-2098,SITE-0141,Jakarta,Cisco,CIS-Switch-8270,Active,NusaTel Owned,10 Gbps,2025-02-02,2032-02-01,2025-07-15,2026-06-15
AST-02098,Switch,JAK-Switch-2099,SITE-0141,Jakarta,Juniper,JUN-Switch-1456,Active,Leased,10 Gbps,2021-04-10,2026-04-09,2025-08-02,2026-06-24
AST-02099,Transmission,JAK-Transmission-2100,SITE-0141,Jakarta,Ericsson,ERI-Transmission-5308,Faulty,NusaTel Owned,100 Gbps,2023-04-20,2025-04-19,2025-07-13,2026-03-22
AST-02100,BTS,BAN-BTS-2101,SITE-0142,Bandung,Juniper,JUN-BTS-1021,Active,NusaTel Owned,100 MHz,2025-02-01,2032-01-31,2025-10-07,2026-12-29
AST-02101,BTS,BAN-BTS-2102,SITE-0142,Bandung,Juniper,JUN-BTS-8093,Active,NusaTel Owned,100 MHz,2019-08-26,2023-08-25,2025-10-22,2026-11-30
AST-02102,BTS,BAN-BTS-2103,SITE-0142,Bandung,Nokia,NOK-BTS-8451,Active,NusaTel Owned,100 MHz,2022-03-09,2025-03-08,2025-09-02,2026-11-07
AST-02103,BTS,BAN-BTS-2104,SITE-0142,Bandung,Ericsson,ERI-BTS-9355,Maintenance,Partner,100 MHz,2025-09-29,2030-09-28,2025-07-07,2026-09-22
AST-02104,OLT,BAN-OLT-2105,SITE-0142,Bandung,Ericsson,ERI-OLT-8942,Active,NusaTel Owned,10 Gbps,2021-02-10,2026-02-09,2025-09-23,2026-07-16
AST-02105,OLT,BAN-OLT-2106,SITE-0142,Bandung,ZTE,ZTE-OLT-3175,Active,NusaTel Owned,10 Gbps,2018-08-13,2025-08-11,2025-07-20,2026-01-27
AST-02106,ODP,BAN-ODP-2107,SITE-0142,Bandung,Cisco,CIS-ODP-9755,Maintenance,Leased,1 Gbps,2025-08-10,2029-08-09,2025-08-03,2026-01-14
AST-02107,ODP,BAN-ODP-2108,SITE-0142,Bandung,Huawei,HUA-ODP-7004,Active,NusaTel Owned,1 Gbps,2024-01-16,2031-01-14,2025-09-05,2026-10-15
AST-02108,ODP,BAN-ODP-2109,SITE-0142,Bandung,Juniper,JUN-ODP-8939,Active,NusaTel Owned,1 Gbps,2019-09-21,2026-09-19,2025-08-04,2026-01-15
AST-02109,ODP,BAN-ODP-2110,SITE-0142,Bandung,Ericsson,ERI-ODP-3485,Active,NusaTel Owned,1 Gbps,2018-02-23,2022-02-22,2025-12-11,2026-04-04
AST-02110,Router,BAN-Router-2111,SITE-0142,Bandung,Cisco,CIS-Router-1377,Active,NusaTel Owned,40 Gbps,2020-12-17,2027-12-16,2025-09-17,2026-09-30
AST-02111,Router,BAN-Router-2112,SITE-0142,Bandung,Ericsson,ERI-Router-2490,Active,NusaTel Owned,40 Gbps,2019-09-24,2025-09-22,2025-10-24,2026-05-02
AST-02112,Router,BAN-Router-2113,SITE-0142,Bandung,Juniper,JUN-Router-9474,Faulty,NusaTel Owned,40 Gbps,2024-10-07,2027-10-07,2025-09-12,2026-12-15
AST-02113,Router,BAN-Router-2114,SITE-0142,Bandung,Nokia,NOK-Router-8581,Active,Leased,40 Gbps,2020-03-16,2026-03-15,2025-08-30,2026-03-04
AST-02114,Switch,BAN-Switch-2115,SITE-0142,Bandung,Huawei,HUA-Switch-3644,Faulty,NusaTel Owned,10 Gbps,2023-04-10,2026-04-09,2025-09-16,2026-07-24
AST-02115,Transmission,BAN-Transmission-2116,SITE-0142,Bandung,Ericsson,ERI-Transmission-9667,Active,NusaTel Owned,100 Gbps,2022-07-18,2028-07-16,2025-10-15,2026-03-17
AST-02116,Transmission,BAN-Transmission-2117,SITE-0142,Bandung,Huawei,HUA-Transmission-9916,Active,Partner,100 Gbps,2020-07-13,2023-07-13,2025-09-20,2026-12-28
AST-02117,BTS,SUR-BTS-2118,SITE-0143,Surabaya,ZTE,ZTE-BTS-1574,Maintenance,Customer Premises,100 MHz,2024-04-15,2031-04-14,2025-10-23,2026-10-10
AST-02118,BTS,SUR-BTS-2119,SITE-0143,Surabaya,Nokia,NOK-BTS-4888,Active,NusaTel Owned,100 MHz,2025-10-14,2032-10-12,2025-12-29,2026-12-03
AST-02119,BTS,SUR-BTS-2120,SITE-0143,Surabaya,Juniper,JUN-BTS-7928,Active,Partner,100 MHz,2020-09-09,2025-09-08,2025-09-12,2026-11-10
AST-02120,OLT,SUR-OLT-2121,SITE-0143,Surabaya,Nokia,NOK-OLT-5441,Active,NusaTel Owned,10 Gbps,2021-04-17,2024-04-16,2025-07-10,2026-06-06
AST-02121,OLT,SUR-OLT-2122,SITE-0143,Surabaya,Huawei,HUA-OLT-9509,Active,NusaTel Owned,10 Gbps,2018-05-05,2021-05-04,2025-09-24,2026-08-13
AST-02122,OLT,SUR-OLT-2123,SITE-0143,Surabaya,Huawei,HUA-OLT-1529,Active,NusaTel Owned,10 Gbps,2023-02-12,2030-02-10,2025-08-14,2026-10-27
AST-02123,ODP,SUR-ODP-2124,SITE-0143,Surabaya,Nokia,NOK-ODP-5110,Active,NusaTel Owned,1 Gbps,2022-04-05,2029-04-03,2025-11-25,2026-07-31
AST-02124,ODP,SUR-ODP-2125,SITE-0143,Surabaya,Nokia,NOK-ODP-1685,Active,NusaTel Owned,1 Gbps,2018-11-11,2025-11-09,2025-09-14,2026-08-19
AST-02125,Router,SUR-Router-2126,SITE-0143,Surabaya,Cisco,CIS-Router-7334,Active,Customer Premises,40 Gbps,2023-03-25,2027-03-24,2025-12-10,2026-03-24
AST-02126,Router,SUR-Router-2127,SITE-0143,Surabaya,ZTE,ZTE-Router-2351,Active,NusaTel Owned,40 Gbps,2020-06-07,2024-06-06,2025-10-11,2026-05-12
AST-02127,Switch,SUR-Switch-2128,SITE-0143,Surabaya,ZTE,ZTE-Switch-8718,Maintenance,Leased,10 Gbps,2018-08-05,2023-08-04,2025-08-19,2026-05-19
AST-02128,Switch,SUR-Switch-2129,SITE-0143,Surabaya,Juniper,JUN-Switch-2258,Active,NusaTel Owned,10 Gbps,2024-09-20,2026-09-20,2025-10-05,2026-03-18
AST-02129,Transmission,SUR-Transmission-2130,SITE-0143,Surabaya,Ericsson,ERI-Transmission-5394,Active,NusaTel Owned,100 Gbps,2024-11-15,2027-11-15,2025-11-20,2026-09-13
AST-02130,Transmission,SUR-Transmission-2131,SITE-0143,Surabaya,Juniper,JUN-Transmission-9449,Active,NusaTel Owned,100 Gbps,2025-02-27,2027-02-27,2025-11-05,2026-07-20
AST-02131,Transmission,SUR-Transmission-2132,SITE-0143,Surabaya,Ericsson,ERI-Transmission-2156,Active,NusaTel Owned,100 Gbps,2021-08-04,2027-08-03,2025-10-12,2026-07-20
AST-02132,BTS,MED-BTS-2133,SITE-0144,Medan,Cisco,CIS-BTS-2624,Active,Leased,100 MHz,2023-10-02,2027-10-01,2025-07-27,2026-12-05
AST-02133,OLT,MED-OLT-2134,SITE-0144,Medan,Nokia,NOK-OLT-6139,Maintenance,Customer Premises,10 Gbps,2022-12-25,2024-12-24,2025-09-21,2026-08-30
AST-02134,OLT,MED-OLT-2135,SITE-0144,Medan,ZTE,ZTE-OLT-6513,Active,NusaTel Owned,10 Gbps,2022-06-14,2024-06-13,2025-10-01,2026-09-23
AST-02135,ODP,MED-ODP-2136,SITE-0144,Medan,Cisco,CIS-ODP-5725,Decommissioned,NusaTel Owned,1 Gbps,2018-12-10,2020-12-09,2025-09-11,2026-08-21
AST-02136,ODP,MED-ODP-2137,SITE-0144,Medan,Cisco,CIS-ODP-6988,Active,NusaTel Owned,1 Gbps,2024-12-08,2029-12-07,2025-07-23,2026-03-02
AST-02137,ODP,MED-ODP-2138,SITE-0144,Medan,Juniper,JUN-ODP-2333,Active,NusaTel Owned,1 Gbps,2021-03-16,2027-03-15,2025-12-18,2026-10-30
AST-02138,Router,MED-Router-2139,SITE-0144,Medan,Ericsson,ERI-Router-8369,Active,NusaTel Owned,40 Gbps,2023-06-01,2030-05-30,2025-11-23,2026-01-09
AST-02139,Router,MED-Router-2140,SITE-0144,Medan,Nokia,NOK-Router-3648,Active,Partner,40 Gbps,2017-10-19,2021-10-18,2025-11-06,2026-01-06
AST-02140,Router,MED-Router-2141,SITE-0144,Medan,Ericsson,ERI-Router-3515,Maintenance,NusaTel Owned,40 Gbps,2019-01-27,2024-01-26,2025-07-11,2026-09-17
AST-02141,Switch,MED-Switch-2142,SITE-0144,Medan,Cisco,CIS-Switch-2528,Active,NusaTel Owned,10 Gbps,2021-10-05,2024-10-04,2025-10-31,2026-10-25
AST-02142,Switch,MED-Switch-2143,SITE-0144,Medan,Nokia,NOK-Switch-4230,Active,Partner,10 Gbps,2024-11-14,2027-11-14,2025-07-06,2026-01-15
AST-02143,Switch,MED-Switch-2144,SITE-0144,Medan,Juniper,JUN-Switch-3916,Maintenance,Customer Premises,10 Gbps,2025-05-24,2027-05-24,2025-09-08,2026-02-10
AST-02144,Switch,MED-Switch-2145,SITE-0144,Medan,Ericsson,ERI-Switch-3938,Maintenance,Customer Premises,10 Gbps,2019-03-17,2022-03-16,2025-09-05,2026-12-05
AST-02145,Transmission,MED-Transmission-2146,SITE-0144,Medan,Huawei,HUA-Transmission-5950,Active,Leased,100 Gbps,2019-02-28,2025-02-26,2025-12-08,2026-10-20
AST-02146,Transmission,MED-Transmission-2147,SITE-0144,Medan,Juniper,JUN-Transmission-7202,Active,NusaTel Owned,100 Gbps,2019-06-23,2025-06-21,2025-10-30,2026-06-10
AST-02147,Transmission,MED-Transmission-2148,SITE-0144,Medan,Ericsson,ERI-Transmission-6446,Active,Leased,100 Gbps,2021-11-23,2024-11-22,2025-08-21,2026-10-24
AST-02148,BTS,MAK-BTS-2149,SITE-0145,Makassar,Huawei,HUA-BTS-4243,Faulty,NusaTel Owned,100 MHz,2021-05-17,2025-05-16,2025-11-13,2026-10-06
AST-02149,BTS,MAK-BTS-2150,SITE-0145,Makassar,Juniper,JUN-BTS-3679,Active,NusaTel Owned,100 MHz,2022-12-30,2025-12-29,2025-08-25,2026-08-31
AST-02150,OLT,MAK-OLT-2151,SITE-0145,Makassar,Nokia,NOK-OLT-3676,Active,NusaTel Owned,10 Gbps,2019-12-05,2024-12-03,2025-09-08,2026-10-30
AST-02151,OLT,MAK-OLT-2152,SITE-0145,Makassar,Nokia,NOK-OLT-9417,Active,NusaTel Owned,10 Gbps,2020-07-05,2022-07-05,2025-09-18,2026-08-31
AST-02152,ODP,MAK-ODP-2153,SITE-0145,Makassar,Nokia,NOK-ODP-8062,Active,NusaTel Owned,1 Gbps,2024-01-28,2030-01-26,2025-12-08,2026-11-19
AST-02153,ODP,MAK-ODP-2154,SITE-0145,Makassar,Huawei,HUA-ODP-7451,Maintenance,NusaTel Owned,1 Gbps,2024-01-04,2028-01-03,2025-09-13,2026-06-20
AST-02154,ODP,MAK-ODP-2155,SITE-0145,Makassar,Cisco,CIS-ODP-1216,Active,Customer Premises,1 Gbps,2022-10-29,2027-10-28,2025-10-29,2026-03-13
AST-02155,ODP,MAK-ODP-2156,SITE-0145,Makassar,Ericsson,ERI-ODP-2187,Active,NusaTel Owned,1 Gbps,2017-11-27,2023-11-26,2025-11-06,2026-05-26
AST-02156,Router,MAK-Router-2157,SITE-0145,Makassar,Huawei,HUA-Router-4165,Active,NusaTel Owned,40 Gbps,2022-11-01,2026-10-31,2025-10-19,2026-09-19
AST-02157,Router,MAK-Router-2158,SITE-0145,Makassar,Huawei,HUA-Router-3445,Active,Customer Premises,40 Gbps,2019-12-14,2021-12-13,2025-07-09,2026-02-12
AST-02158,Router,MAK-Router-2159,SITE-0145,Makassar,Ericsson,ERI-Router-1208,Active,NusaTel Owned,40 Gbps,2019-09-23,2021-09-22,2025-11-28,2026-01-21
AST-02159,Router,MAK-Router-2160,SITE-0145,Makassar,Huawei,HUA-Router-4233,Active,NusaTel Owned,40 Gbps,2025-06-21,2032-06-19,2025-07-05,2026-05-20
AST-02160,Switch,MAK-Switch-2161,SITE-0145,Makassar,Juniper,JUN-Switch-7553,Active,NusaTel Owned,10 Gbps,2022-03-09,2026-03-08,2025-09-28,2026-08-01
AST-02161,Switch,MAK-Switch-2162,SITE-0145,Makassar,Cisco,CIS-Switch-7288,Active,Leased,10 Gbps,2020-09-03,2026-09-02,2025-12-22,2026-05-15
AST-02162,Switch,MAK-Switch-2163,SITE-0145,Makassar,Nokia,NOK-Switch-5534,Active,NusaTel Owned,10 Gbps,2021-01-15,2025-01-14,2025-10-13,2026-12-01
AST-02163,Transmission,MAK-Transmission-2164,SITE-0145,Makassar,Huawei,HUA-Transmission-3630,Active,NusaTel Owned,100 Gbps,2019-10-09,2024-10-07,2025-08-06,2026-11-27
AST-02164,Transmission,MAK-Transmission-2165,SITE-0145,Makassar,ZTE,ZTE-Transmission-4604,Active,Leased,100 Gbps,2018-05-06,2024-05-04,2025-12-15,2026-06-14
AST-02165,Transmission,MAK-Transmission-2166,SITE-0145,Makassar,Nokia,NOK-Transmission-5660,Active,Partner,100 Gbps,2022-12-28,2024-12-27,2025-09-25,2026-08-08
AST-02166,BTS,SEM-BTS-2167,SITE-0146,Semarang,Nokia,NOK-BTS-1028,Decommissioned,Leased,100 MHz,2024-02-07,2029-02-05,2025-12-02,2026-04-17
AST-02167,BTS,SEM-BTS-2168,SITE-0146,Semarang,Ericsson,ERI-BTS-2779,Faulty,NusaTel Owned,100 MHz,2020-09-18,2022-09-18,2025-10-17,2026-03-01
AST-02168,BTS,SEM-BTS-2169,SITE-0146,Semarang,Juniper,JUN-BTS-8451,Active,NusaTel Owned,100 MHz,2019-02-24,2023-02-23,2025-07-17,2026-02-13
AST-02169,OLT,SEM-OLT-2170,SITE-0146,Semarang,Ericsson,ERI-OLT-2180,Maintenance,NusaTel Owned,10 Gbps,2025-05-02,2032-04-30,2025-09-28,2026-05-06
AST-02170,OLT,SEM-OLT-2171,SITE-0146,Semarang,ZTE,ZTE-OLT-9092,Active,Leased,10 Gbps,2024-12-04,2027-12-04,2025-10-14,2026-07-09
AST-02171,ODP,SEM-ODP-2172,SITE-0146,Semarang,Ericsson,ERI-ODP-6877,Active,Partner,1 Gbps,2021-10-07,2023-10-07,2025-09-02,2026-03-05
AST-02172,Router,SEM-Router-2173,SITE-0146,Semarang,Nokia,NOK-Router-1895,Active,Leased,40 Gbps,2022-10-25,2025-10-24,2025-11-06,2026-12-12
AST-02173,Router,SEM-Router-2174,SITE-0146,Semarang,Cisco,CIS-Router-9018,Active,NusaTel Owned,40 Gbps,2018-05-17,2022-05-16,2025-07-17,2026-11-29
AST-02174,Router,SEM-Router-2175,SITE-0146,Semarang,Huawei,HUA-Router-2675,Maintenance,Leased,40 Gbps,2021-10-09,2028-10-07,2025-07-25,2026-05-11
AST-02175,Router,SEM-Router-2176,SITE-0146,Semarang,Ericsson,ERI-Router-2096,Active,NusaTel Owned,40 Gbps,2020-12-26,2024-12-25,2025-11-14,2026-09-18
AST-02176,Switch,SEM-Switch-2177,SITE-0146,Semarang,Huawei,HUA-Switch-8337,Maintenance,Leased,10 Gbps,2025-10-01,2032-09-29,2025-12-30,2026-07-19
AST-02177,Switch,SEM-Switch-2178,SITE-0146,Semarang,Cisco,CIS-Switch-2830,Active,NusaTel Owned,10 Gbps,2024-03-16,2028-03-15,2025-10-30,2026-03-28
AST-02178,Switch,SEM-Switch-2179,SITE-0146,Semarang,Juniper,JUN-Switch-3906,Active,NusaTel Owned,10 Gbps,2025-10-17,2031-10-16,2025-12-25,2026-02-17
AST-02179,Transmission,SEM-Transmission-2180,SITE-0146,Semarang,Ericsson,ERI-Transmission-6596,Active,NusaTel Owned,100 Gbps,2018-02-26,2025-02-24,2025-07-09,2026-10-04
AST-02180,Transmission,SEM-Transmission-2181,SITE-0146,Semarang,Nokia,NOK-Transmission-9796,Active,NusaTel Owned,100 Gbps,2020-10-17,2023-10-17,2025-12-01,2026-02-11
AST-02181,BTS,YOG-BTS-2182,SITE-0147,Yogyakarta,Juniper,JUN-BTS-1988,Active,Customer Premises,100 MHz,2021-08-16,2023-08-16,2025-10-09,2026-06-14
AST-02182,BTS,YOG-BTS-2183,SITE-0147,Yogyakarta,Cisco,CIS-BTS-9797,Active,Partner,100 MHz,2023-06-06,2025-06-05,2025-10-14,2026-10-15
AST-02183,OLT,YOG-OLT-2184,SITE-0147,Yogyakarta,Huawei,HUA-OLT-1633,Active,Customer Premises,10 Gbps,2024-05-29,2028-05-28,2025-08-02,2026-07-15
AST-02184,OLT,YOG-OLT-2185,SITE-0147,Yogyakarta,ZTE,ZTE-OLT-8138,Active,NusaTel Owned,10 Gbps,2022-01-02,2026-01-01,2025-10-02,2026-06-03
AST-02185,OLT,YOG-OLT-2186,SITE-0147,Yogyakarta,Cisco,CIS-OLT-7697,Maintenance,NusaTel Owned,10 Gbps,2018-11-01,2022-10-31,2025-09-30,2026-09-27
AST-02186,ODP,YOG-ODP-2187,SITE-0147,Yogyakarta,Juniper,JUN-ODP-4001,Active,NusaTel Owned,1 Gbps,2025-08-28,2029-08-27,2025-11-05,2026-08-13
AST-02187,ODP,YOG-ODP-2188,SITE-0147,Yogyakarta,Juniper,JUN-ODP-2558,Active,NusaTel Owned,1 Gbps,2022-01-04,2025-01-03,2025-08-25,2026-06-22
AST-02188,Router,YOG-Router-2189,SITE-0147,Yogyakarta,Juniper,JUN-Router-8478,Active,NusaTel Owned,40 Gbps,2020-02-12,2024-02-11,2025-12-08,2026-04-13
AST-02189,Router,YOG-Router-2190,SITE-0147,Yogyakarta,ZTE,ZTE-Router-1241,Decommissioned,Leased,40 Gbps,2024-01-17,2029-01-15,2025-11-01,2026-07-13
AST-02190,Router,YOG-Router-2191,SITE-0147,Yogyakarta,ZTE,ZTE-Router-2315,Faulty,Leased,40 Gbps,2018-05-16,2025-05-14,2025-10-27,2026-02-28
AST-02191,Switch,YOG-Switch-2192,SITE-0147,Yogyakarta,ZTE,ZTE-Switch-4517,Active,Customer Premises,10 Gbps,2021-01-12,2025-01-11,2025-12-16,2026-12-30
AST-02192,Switch,YOG-Switch-2193,SITE-0147,Yogyakarta,ZTE,ZTE-Switch-2597,Active,NusaTel Owned,10 Gbps,2021-08-05,2023-08-05,2025-10-10,2026-09-16
AST-02193,Transmission,YOG-Transmission-2194,SITE-0147,Yogyakarta,ZTE,ZTE-Transmission-2371,Active,NusaTel Owned,100 Gbps,2025-04-23,2029-04-22,2025-09-21,2026-08-25
AST-02194,BTS,DEN-BTS-2195,SITE-0148,Denpasar,Nokia,NOK-BTS-6836,Active,Leased,100 MHz,2020-09-01,2027-08-31,2025-11-10,2026-09-12
AST-02195,BTS,DEN-BTS-2196,SITE-0148,Denpasar,Cisco,CIS-BTS-8687,Active,NusaTel Owned,100 MHz,2021-03-28,2026-03-27,2025-09-04,2026-09-19
AST-02196,BTS,DEN-BTS-2197,SITE-0148,Denpasar,Huawei,HUA-BTS-6395,Active,NusaTel Owned,100 MHz,2021-03-03,2023-03-03,2025-12-04,2026-09-19
AST-02197,OLT,DEN-OLT-2198,SITE-0148,Denpasar,Juniper,JUN-OLT-8438,Active,NusaTel Owned,10 Gbps,2020-11-29,2023-11-29,2025-07-09,2026-08-15
AST-02198,OLT,DEN-OLT-2199,SITE-0148,Denpasar,Cisco,CIS-OLT-8043,Active,NusaTel Owned,10 Gbps,2023-07-19,2027-07-18,2025-12-25,2026-02-11
AST-02199,ODP,DEN-ODP-2200,SITE-0148,Denpasar,Cisco,CIS-ODP-9799,Active,NusaTel Owned,1 Gbps,2022-07-20,2027-07-19,2025-09-11,2026-03-07
AST-02200,Router,DEN-Router-2201,SITE-0148,Denpasar,Huawei,HUA-Router-6917,Active,Leased,40 Gbps,2020-02-04,2023-02-03,2025-10-07,2026-07-22
AST-02201,Router,DEN-Router-2202,SITE-0148,Denpasar,Cisco,CIS-Router-5745,Active,NusaTel Owned,40 Gbps,2019-12-25,2023-12-24,2025-08-26,2026-12-01
AST-02202,Router,DEN-Router-2203,SITE-0148,Denpasar,ZTE,ZTE-Router-4865,Active,Customer Premises,40 Gbps,2021-02-04,2023-02-04,2025-09-13,2026-05-28
AST-02203,Router,DEN-Router-2204,SITE-0148,Denpasar,Nokia,NOK-Router-8138,Active,Customer Premises,40 Gbps,2024-05-02,2027-05-02,2025-08-30,2026-09-17
AST-02204,Switch,DEN-Switch-2205,SITE-0148,Denpasar,Ericsson,ERI-Switch-8174,Maintenance,NusaTel Owned,10 Gbps,2021-10-02,2026-10-01,2025-08-21,2026-04-16
AST-02205,Switch,DEN-Switch-2206,SITE-0148,Denpasar,Juniper,JUN-Switch-2320,Active,NusaTel Owned,10 Gbps,2024-05-27,2026-05-27,2025-09-19,2026-06-21
AST-02206,Transmission,DEN-Transmission-2207,SITE-0148,Denpasar,ZTE,ZTE-Transmission-9242,Active,NusaTel Owned,100 Gbps,2025-10-08,2027-10-08,2025-09-18,2026-05-30
AST-02207,Transmission,DEN-Transmission-2208,SITE-0148,Denpasar,Juniper,JUN-Transmission-4086,Decommissioned,NusaTel Owned,100 Gbps,2021-12-02,2023-12-02,2025-11-12,2026-10-15
AST-02208,Transmission,DEN-Transmission-2209,SITE-0148,Denpasar,ZTE,ZTE-Transmission-8672,Active,NusaTel Owned,100 Gbps,2024-12-03,2031-12-02,2025-12-28,2026-03-29
AST-02209,BTS,PAL-BTS-2210,SITE-0149,Palembang,Juniper,JUN-BTS-9397,Active,Leased,100 MHz,2021-02-10,2027-02-09,2025-08-16,2026-03-10
AST-02210,BTS,PAL-BTS-2211,SITE-0149,Palembang,Nokia,NOK-BTS-4238,Active,NusaTel Owned,100 MHz,2022-09-22,2029-09-20,2025-09-16,2026-03-29
AST-02211,BTS,PAL-BTS-2212,SITE-0149,Palembang,Huawei,HUA-BTS-4098,Active,NusaTel Owned,100 MHz,2023-12-29,2029-12-27,2025-07-25,2026-10-18
AST-02212,OLT,PAL-OLT-2213,SITE-0149,Palembang,Juniper,JUN-OLT-4636,Active,NusaTel Owned,10 Gbps,2025-04-06,2028-04-05,2025-11-09,2026-05-30
AST-02213,OLT,PAL-OLT-2214,SITE-0149,Palembang,Nokia,NOK-OLT-1474,Active,NusaTel Owned,10 Gbps,2021-06-14,2028-06-12,2025-10-29,2026-04-10
AST-02214,OLT,PAL-OLT-2215,SITE-0149,Palembang,Juniper,JUN-OLT-8124,Active,NusaTel Owned,10 Gbps,2022-01-19,2025-01-18,2025-10-18,2026-04-24
AST-02215,OLT,PAL-OLT-2216,SITE-0149,Palembang,Huawei,HUA-OLT-1550,Maintenance,Leased,10 Gbps,2017-10-19,2020-10-18,2025-09-27,2026-11-13
AST-02216,ODP,PAL-ODP-2217,SITE-0149,Palembang,Ericsson,ERI-ODP-4727,Decommissioned,NusaTel Owned,1 Gbps,2018-01-19,2025-01-17,2025-09-01,2026-05-09
AST-02217,ODP,PAL-ODP-2218,SITE-0149,Palembang,ZTE,ZTE-ODP-8629,Active,Leased,1 Gbps,2022-08-02,2027-08-01,2025-07-07,2026-11-09
AST-02218,ODP,PAL-ODP-2219,SITE-0149,Palembang,Juniper,JUN-ODP-6932,Maintenance,NusaTel Owned,1 Gbps,2024-09-22,2026-09-22,2025-07-22,2026-04-27
AST-02219,Router,PAL-Router-2220,SITE-0149,Palembang,ZTE,ZTE-Router-9295,Active,NusaTel Owned,40 Gbps,2018-02-25,2020-02-25,2025-11-25,2026-12-18
AST-02220,Switch,PAL-Switch-2221,SITE-0149,Palembang,Huawei,HUA-Switch-9723,Active,Partner,10 Gbps,2019-05-15,2026-05-13,2025-08-31,2026-04-11
AST-02221,Transmission,PAL-Transmission-2222,SITE-0149,Palembang,ZTE,ZTE-Transmission-4183,Active,NusaTel Owned,100 Gbps,2024-09-04,2027-09-04,2025-11-21,2026-11-01
AST-02222,BTS,BAL-BTS-2223,SITE-0150,Balikpapan,Ericsson,ERI-BTS-9410,Active,NusaTel Owned,100 MHz,2018-10-05,2025-10-03,2025-09-07,2026-06-29
AST-02223,BTS,BAL-BTS-2224,SITE-0150,Balikpapan,Nokia,NOK-BTS-8105,Active,NusaTel Owned,100 MHz,2019-06-25,2025-06-23,2025-07-29,2026-12-10
AST-02224,BTS,BAL-BTS-2225,SITE-0150,Balikpapan,Juniper,JUN-BTS-6175,Active,NusaTel Owned,100 MHz,2021-05-18,2025-05-17,2025-12-16,2026-04-11
AST-02225,BTS,BAL-BTS-2226,SITE-0150,Balikpapan,Cisco,CIS-BTS-9035,Active,Leased,100 MHz,2018-06-02,2022-06-01,2025-10-17,2026-07-31
AST-02226,OLT,BAL-OLT-2227,SITE-0150,Balikpapan,Nokia,NOK-OLT-2851,Active,NusaTel Owned,10 Gbps,2024-12-06,2030-12-05,2025-11-12,2026-12-03
AST-02227,ODP,BAL-ODP-2228,SITE-0150,Balikpapan,Huawei,HUA-ODP-5347,Faulty,NusaTel Owned,1 Gbps,2020-10-08,2027-10-07,2025-08-07,2026-07-12
AST-02228,ODP,BAL-ODP-2229,SITE-0150,Balikpapan,Cisco,CIS-ODP-6130,Active,NusaTel Owned,1 Gbps,2025-11-10,2030-11-09,2025-09-11,2026-12-30
AST-02229,ODP,BAL-ODP-2230,SITE-0150,Balikpapan,ZTE,ZTE-ODP-1569,Maintenance,Customer Premises,1 Gbps,2021-04-15,2027-04-14,2025-11-15,2026-12-18
AST-02230,ODP,BAL-ODP-2231,SITE-0150,Balikpapan,ZTE,ZTE-ODP-7744,Active,Partner,1 Gbps,2024-07-01,2031-06-30,2025-09-04,2026-07-12
AST-02231,Router,BAL-Router-2232,SITE-0150,Balikpapan,Cisco,CIS-Router-9819,Active,NusaTel Owned,40 Gbps,2022-01-08,2027-01-07,2025-10-19,2026-05-14
AST-02232,Router,BAL-Router-2233,SITE-0150,Balikpapan,Cisco,CIS-Router-2276,Active,NusaTel Owned,40 Gbps,2021-06-29,2026-06-28,2025-08-15,2026-05-18
AST-02233,Router,BAL-Router-2234,SITE-0150,Balikpapan,ZTE,ZTE-Router-8957,Active,NusaTel Owned,40 Gbps,2018-02-07,2023-02-06,2025-08-21,2026-03-25
AST-02234,Switch,BAL-Switch-2235,SITE-0150,Balikpapan,ZTE,ZTE-Switch-5626,Active,Leased,10 Gbps,2023-10-11,2026-10-10,2025-08-30,2026-10-22
AST-02235,Switch,BAL-Switch-2236,SITE-0150,Balikpapan,Cisco,CIS-Switch-2172,Active,NusaTel Owned,10 Gbps,2020-06-01,2024-05-31,2025-08-28,2026-06-18
AST-02236,Switch,BAL-Switch-2237,SITE-0150,Balikpapan,Ericsson,ERI-Switch-7670,Active,Partner,10 Gbps,2025-02-24,2031-02-23,2025-12-14,2026-02-21
AST-02237,Transmission,BAL-Transmission-2238,SITE-0150,Balikpapan,Juniper,JUN-Transmission-2944,Active,Customer Premises,100 Gbps,2023-11-12,2028-11-10,2025-08-30,2026-09-10
AST-02238,Transmission,BAL-Transmission-2239,SITE-0150,Balikpapan,Nokia,NOK-Transmission-6439,Active,Customer Premises,100 Gbps,2021-08-27,2023-08-27,2025-12-08,2026-12-03
AST-02239,Transmission,BAL-Transmission-2240,SITE-0150,Balikpapan,Ericsson,ERI-Transmission-8239,Active,NusaTel Owned,100 Gbps,2020-02-12,2022-02-11,2025-07-09,2026-12-03
AST-02240,Transmission,BAL-Transmission-2241,SITE-0150,Balikpapan,Cisco,CIS-Transmission-3602,Active,NusaTel Owned,100 Gbps,2024-07-27,2030-07-26,2025-11-01,2026-03-28
AST-02241,BTS,JAK-BTS-2242,SITE-0151,Jakarta,Huawei,HUA-BTS-9607,Active,NusaTel Owned,100 MHz,2022-07-09,2028-07-07,2025-07-29,2026-10-14
AST-02242,BTS,JAK-BTS-2243,SITE-0151,Jakarta,Nokia,NOK-BTS-3098,Faulty,NusaTel Owned,100 MHz,2019-02-10,2021-02-09,2025-10-06,2026-03-17
AST-02243,BTS,JAK-BTS-2244,SITE-0151,Jakarta,Cisco,CIS-BTS-3094,Active,NusaTel Owned,100 MHz,2024-12-29,2031-12-28,2025-11-06,2026-11-08
AST-02244,OLT,JAK-OLT-2245,SITE-0151,Jakarta,Nokia,NOK-OLT-6244,Maintenance,NusaTel Owned,10 Gbps,2023-12-18,2025-12-17,2025-11-08,2026-07-27
AST-02245,ODP,JAK-ODP-2246,SITE-0151,Jakarta,ZTE,ZTE-ODP-4235,Faulty,NusaTel Owned,1 Gbps,2023-05-26,2026-05-25,2025-12-29,2026-12-26
AST-02246,ODP,JAK-ODP-2247,SITE-0151,Jakarta,Nokia,NOK-ODP-4032,Active,NusaTel Owned,1 Gbps,2019-04-03,2022-04-02,2025-08-02,2026-07-10
AST-02247,ODP,JAK-ODP-2248,SITE-0151,Jakarta,Nokia,NOK-ODP-1889,Active,NusaTel Owned,1 Gbps,2021-02-13,2024-02-13,2025-10-27,2026-12-04
AST-02248,ODP,JAK-ODP-2249,SITE-0151,Jakarta,ZTE,ZTE-ODP-6794,Active,Leased,1 Gbps,2023-04-29,2028-04-27,2025-11-19,2026-07-12
AST-02249,Router,JAK-Router-2250,SITE-0151,Jakarta,Juniper,JUN-Router-5610,Active,NusaTel Owned,40 Gbps,2024-12-07,2028-12-06,2025-12-15,2026-11-02
AST-02250,Router,JAK-Router-2251,SITE-0151,Jakarta,Huawei,HUA-Router-9510,Active,Customer Premises,40 Gbps,2023-12-04,2025-12-03,2025-07-26,2026-10-15
AST-02251,Router,JAK-Router-2252,SITE-0151,Jakarta,Juniper,JUN-Router-9375,Active,NusaTel Owned,40 Gbps,2020-10-10,2026-10-09,2025-08-26,2026-11-03
AST-02252,Router,JAK-Router-2253,SITE-0151,Jakarta,Juniper,JUN-Router-6092,Active,Leased,40 Gbps,2025-02-20,2031-02-19,2025-10-16,2026-05-25
AST-02253,Switch,JAK-Switch-2254,SITE-0151,Jakarta,Cisco,CIS-Switch-8744,Active,Leased,10 Gbps,2022-05-16,2024-05-15,2025-11-14,2026-05-09
AST-02254,Switch,JAK-Switch-2255,SITE-0151,Jakarta,Nokia,NOK-Switch-6628,Active,Customer Premises,10 Gbps,2020-02-03,2025-02-01,2025-11-01,2026-06-10
AST-02255,Switch,JAK-Switch-2256,SITE-0151,Jakarta,Cisco,CIS-Switch-9734,Active,Customer Premises,10 Gbps,2018-03-04,2025-03-02,2025-11-07,2026-07-13
AST-02256,Switch,JAK-Switch-2257,SITE-0151,Jakarta,Ericsson,ERI-Switch-7005,Faulty,Leased,10 Gbps,2020-02-25,2024-02-24,2025-09-14,2026-08-14
AST-02257,Transmission,JAK-Transmission-2258,SITE-0151,Jakarta,Nokia,NOK-Transmission-1785,Active,NusaTel Owned,100 Gbps,2021-09-24,2024-09-23,2025-10-02,2026-12-07
AST-02258,BTS,BAN-BTS-2259,SITE-0152,Bandung,Huawei,HUA-BTS-7773,Faulty,Leased,100 MHz,2020-06-11,2022-06-11,2025-10-15,2026-02-27
AST-02259,BTS,BAN-BTS-2260,SITE-0152,Bandung,Ericsson,ERI-BTS-7921,Active,NusaTel Owned,100 MHz,2020-08-06,2025-08-05,2025-09-18,2026-10-18
AST-02260,OLT,BAN-OLT-2261,SITE-0152,Bandung,ZTE,ZTE-OLT-3973,Active,Leased,10 Gbps,2023-12-14,2025-12-13,2025-08-06,2026-09-13
AST-02261,OLT,BAN-OLT-2262,SITE-0152,Bandung,Huawei,HUA-OLT-6406,Active,NusaTel Owned,10 Gbps,2025-06-10,2029-06-09,2025-11-23,2026-01-14
AST-02262,ODP,BAN-ODP-2263,SITE-0152,Bandung,Cisco,CIS-ODP-9021,Active,NusaTel Owned,1 Gbps,2023-05-09,2030-05-07,2025-07-26,2026-07-12
AST-02263,ODP,BAN-ODP-2264,SITE-0152,Bandung,Juniper,JUN-ODP-3603,Active,Leased,1 Gbps,2025-06-26,2032-06-24,2025-11-27,2026-11-03
AST-02264,ODP,BAN-ODP-2265,SITE-0152,Bandung,Cisco,CIS-ODP-7678,Maintenance,NusaTel Owned,1 Gbps,2023-09-18,2030-09-16,2025-10-08,2026-01-06
AST-02265,Router,BAN-Router-2266,SITE-0152,Bandung,Ericsson,ERI-Router-1989,Active,NusaTel Owned,40 Gbps,2019-02-13,2026-02-11,2025-11-01,2026-03-29
AST-02266,Switch,BAN-Switch-2267,SITE-0152,Bandung,Cisco,CIS-Switch-5788,Active,NusaTel Owned,10 Gbps,2024-01-13,2027-01-12,2025-09-30,2026-06-11
AST-02267,Switch,BAN-Switch-2268,SITE-0152,Bandung,Cisco,CIS-Switch-6771,Active,NusaTel Owned,10 Gbps,2023-10-16,2029-10-14,2025-07-22,2026-10-12
AST-02268,Transmission,BAN-Transmission-2269,SITE-0152,Bandung,ZTE,ZTE-Transmission-5661,Faulty,NusaTel Owned,100 Gbps,2018-01-22,2024-01-21,2025-09-26,2026-12-25
AST-02269,BTS,SUR-BTS-2270,SITE-0153,Surabaya,Juniper,JUN-BTS-3052,Active,NusaTel Owned,100 MHz,2025-07-18,2029-07-17,2025-12-11,2026-02-17
AST-02270,BTS,SUR-BTS-2271,SITE-0153,Surabaya,ZTE,ZTE-BTS-3692,Active,NusaTel Owned,100 MHz,2024-02-10,2031-02-08,2025-07-26,2026-02-24
AST-02271,BTS,SUR-BTS-2272,SITE-0153,Surabaya,Cisco,CIS-BTS-7590,Active,NusaTel Owned,100 MHz,2018-11-08,2020-11-07,2025-09-24,2026-04-18
AST-02272,OLT,SUR-OLT-2273,SITE-0153,Surabaya,Cisco,CIS-OLT-7608,Active,NusaTel Owned,10 Gbps,2019-10-21,2024-10-19,2025-08-19,2026-08-02
AST-02273,OLT,SUR-OLT-2274,SITE-0153,Surabaya,ZTE,ZTE-OLT-7591,Active,NusaTel Owned,10 Gbps,2020-05-07,2026-05-06,2025-08-09,2026-06-09
AST-02274,OLT,SUR-OLT-2275,SITE-0153,Surabaya,Huawei,HUA-OLT-2831,Active,Leased,10 Gbps,2021-07-04,2024-07-03,2025-10-06,2026-07-30
AST-02275,OLT,SUR-OLT-2276,SITE-0153,Surabaya,Ericsson,ERI-OLT-9854,Active,Leased,10 Gbps,2024-02-29,2028-02-28,2025-12-14,2026-01-30
AST-02276,ODP,SUR-ODP-2277,SITE-0153,Surabaya,Juniper,JUN-ODP-9441,Active,NusaTel Owned,1 Gbps,2025-01-26,2027-01-26,2025-11-02,2026-10-28
AST-02277,Router,SUR-Router-2278,SITE-0153,Surabaya,Ericsson,ERI-Router-1399,Faulty,NusaTel Owned,40 Gbps,2020-08-07,2025-08-06,2025-09-27,2026-04-24
AST-02278,Router,SUR-Router-2279,SITE-0153,Surabaya,Ericsson,ERI-Router-9807,Faulty,NusaTel Owned,40 Gbps,2020-06-29,2024-06-28,2025-09-08,2026-07-28
AST-02279,Router,SUR-Router-2280,SITE-0153,Surabaya,Cisco,CIS-Router-9011,Maintenance,NusaTel Owned,40 Gbps,2020-11-26,2026-11-25,2025-10-01,2026-09-09
AST-02280,Router,SUR-Router-2281,SITE-0153,Surabaya,Nokia,NOK-Router-5183,Active,NusaTel Owned,40 Gbps,2019-04-03,2022-04-02,2025-07-10,2026-07-14
AST-02281,Switch,SUR-Switch-2282,SITE-0153,Surabaya,ZTE,ZTE-Switch-8715,Active,NusaTel Owned,10 Gbps,2021-09-02,2024-09-01,2025-12-07,2026-10-17
AST-02282,Switch,SUR-Switch-2283,SITE-0153,Surabaya,Ericsson,ERI-Switch-8927,Active,Leased,10 Gbps,2021-09-30,2023-09-30,2025-07-14,2026-10-02
AST-02283,Switch,SUR-Switch-2284,SITE-0153,Surabaya,Juniper,JUN-Switch-9093,Active,Leased,10 Gbps,2020-12-19,2026-12-18,2025-12-16,2026-07-11
AST-02284,Switch,SUR-Switch-2285,SITE-0153,Surabaya,Ericsson,ERI-Switch-7981,Active,NusaTel Owned,10 Gbps,2025-03-19,2029-03-18,2025-09-19,2026-02-26
AST-02285,Transmission,SUR-Transmission-2286,SITE-0153,Surabaya,ZTE,ZTE-Transmission-4417,Maintenance,NusaTel Owned,100 Gbps,2022-01-29,2029-01-27,2025-11-16,2026-04-11
AST-02286,Transmission,SUR-Transmission-2287,SITE-0153,Surabaya,Juniper,JUN-Transmission-2690,Active,Customer Premises,100 Gbps,2023-12-11,2027-12-10,2025-11-29,2026-03-18
AST-02287,BTS,MED-BTS-2288,SITE-0154,Medan,Huawei,HUA-BTS-7403,Active,Leased,100 MHz,2024-11-20,2028-11-19,2025-12-13,2026-05-02
AST-02288,OLT,MED-OLT-2289,SITE-0154,Medan,Huawei,HUA-OLT-1676,Active,NusaTel Owned,10 Gbps,2022-04-04,2024-04-03,2025-12-06,2026-05-30
AST-02289,ODP,MED-ODP-2290,SITE-0154,Medan,Juniper,JUN-ODP-1180,Active,NusaTel Owned,1 Gbps,2025-08-12,2029-08-11,2025-12-14,2026-12-01
AST-02290,Router,MED-Router-2291,SITE-0154,Medan,Ericsson,ERI-Router-8716,Active,NusaTel Owned,40 Gbps,2024-05-17,2026-05-17,2025-09-21,2026-04-22
AST-02291,Router,MED-Router-2292,SITE-0154,Medan,Huawei,HUA-Router-9029,Active,NusaTel Owned,40 Gbps,2023-05-21,2025-05-20,2025-12-31,2026-05-19
AST-02292,Router,MED-Router-2293,SITE-0154,Medan,Huawei,HUA-Router-5216,Maintenance,NusaTel Owned,40 Gbps,2022-07-18,2026-07-17,2025-10-31,2026-11-30
AST-02293,Switch,MED-Switch-2294,SITE-0154,Medan,ZTE,ZTE-Switch-5713,Active,Customer Premises,10 Gbps,2021-03-06,2028-03-04,2025-11-10,2026-08-07
AST-02294,Switch,MED-Switch-2295,SITE-0154,Medan,Cisco,CIS-Switch-1038,Active,NusaTel Owned,10 Gbps,2023-10-04,2029-10-02,2025-12-17,2026-02-26
AST-02295,Switch,MED-Switch-2296,SITE-0154,Medan,Ericsson,ERI-Switch-7667,Decommissioned,Leased,10 Gbps,2019-04-27,2025-04-25,2025-07-31,2026-01-30
AST-02296,Switch,MED-Switch-2297,SITE-0154,Medan,Huawei,HUA-Switch-7752,Active,NusaTel Owned,10 Gbps,2024-02-09,2029-02-07,2025-11-25,2026-04-21
AST-02297,Transmission,MED-Transmission-2298,SITE-0154,Medan,ZTE,ZTE-Transmission-8675,Active,NusaTel Owned,100 Gbps,2020-02-14,2024-02-13,2025-07-06,2026-09-10
AST-02298,Transmission,MED-Transmission-2299,SITE-0154,Medan,Ericsson,ERI-Transmission-8473,Active,Leased,100 Gbps,2022-04-25,2029-04-23,2025-12-09,2026-03-18
AST-02299,Transmission,MED-Transmission-2300,SITE-0154,Medan,Nokia,NOK-Transmission-5291,Maintenance,Customer Premises,100 Gbps,2023-11-28,2030-11-26,2025-10-21,2026-03-10
AST-02300,Transmission,MED-Transmission-2301,SITE-0154,Medan,Juniper,JUN-Transmission-3794,Active,NusaTel Owned,100 Gbps,2021-04-01,2025-03-31,2025-08-23,2026-12-27
AST-02301,BTS,MAK-BTS-2302,SITE-0155,Makassar,Ericsson,ERI-BTS-7136,Active,NusaTel Owned,100 MHz,2020-02-08,2022-02-07,2025-11-14,2026-09-21
AST-02302,BTS,MAK-BTS-2303,SITE-0155,Makassar,Huawei,HUA-BTS-1241,Active,NusaTel Owned,100 MHz,2018-02-03,2023-02-02,2025-12-29,2026-08-13
AST-02303,BTS,MAK-BTS-2304,SITE-0155,Makassar,Ericsson,ERI-BTS-6710,Active,Customer Premises,100 MHz,2019-02-22,2023-02-21,2025-12-26,2026-01-09
AST-02304,OLT,MAK-OLT-2305,SITE-0155,Makassar,Juniper,JUN-OLT-7014,Active,Customer Premises,10 Gbps,2022-03-07,2029-03-05,2025-09-26,2026-09-03
AST-02305,ODP,MAK-ODP-2306,SITE-0155,Makassar,Huawei,HUA-ODP-3075,Faulty,NusaTel Owned,1 Gbps,2025-10-11,2032-10-09,2025-08-07,2026-03-09
AST-02306,ODP,MAK-ODP-2307,SITE-0155,Makassar,Huawei,HUA-ODP-4822,Active,NusaTel Owned,1 Gbps,2023-07-05,2025-07-04,2025-12-18,2026-06-30
AST-02307,ODP,MAK-ODP-2308,SITE-0155,Makassar,Juniper,JUN-ODP-5480,Maintenance,NusaTel Owned,1 Gbps,2018-06-26,2021-06-25,2025-11-28,2026-02-19
AST-02308,ODP,MAK-ODP-2309,SITE-0155,Makassar,ZTE,ZTE-ODP-1233,Active,Customer Premises,1 Gbps,2023-03-06,2027-03-05,2025-10-05,2026-12-28
AST-02309,Router,MAK-Router-2310,SITE-0155,Makassar,Cisco,CIS-Router-6512,Active,Customer Premises,40 Gbps,2022-02-19,2025-02-18,2025-10-01,2026-12-18
AST-02310,Router,MAK-Router-2311,SITE-0155,Makassar,Huawei,HUA-Router-6787,Active,NusaTel Owned,40 Gbps,2024-11-19,2029-11-18,2025-08-14,2026-04-27
AST-02311,Router,MAK-Router-2312,SITE-0155,Makassar,Nokia,NOK-Router-6785,Active,NusaTel Owned,40 Gbps,2024-02-11,2030-02-09,2025-07-30,2026-10-04
AST-02312,Switch,MAK-Switch-2313,SITE-0155,Makassar,ZTE,ZTE-Switch-9110,Active,NusaTel Owned,10 Gbps,2023-02-03,2030-02-01,2025-09-27,2026-12-24
AST-02313,Switch,MAK-Switch-2314,SITE-0155,Makassar,Ericsson,ERI-Switch-3495,Faulty,NusaTel Owned,10 Gbps,2019-12-12,2023-12-11,2025-07-18,2026-06-07
AST-02314,Switch,MAK-Switch-2315,SITE-0155,Makassar,Ericsson,ERI-Switch-3134,Active,Customer Premises,10 Gbps,2018-04-11,2023-04-10,2025-12-28,2026-06-23
AST-02315,Switch,MAK-Switch-2316,SITE-0155,Makassar,Cisco,CIS-Switch-1372,Active,Customer Premises,10 Gbps,2025-06-26,2028-06-25,2025-10-17,2026-01-22
AST-02316,Transmission,MAK-Transmission-2317,SITE-0155,Makassar,ZTE,ZTE-Transmission-2685,Active,NusaTel Owned,100 Gbps,2025-04-16,2030-04-15,2025-11-16,2026-08-18
AST-02317,Transmission,MAK-Transmission-2318,SITE-0155,Makassar,Ericsson,ERI-Transmission-7793,Active,NusaTel Owned,100 Gbps,2022-01-21,2026-01-20,2025-11-02,2026-01-21
AST-02318,Transmission,MAK-Transmission-2319,SITE-0155,Makassar,ZTE,ZTE-Transmission-8169,Active,Leased,100 Gbps,2024-07-05,2026-07-05,2025-12-24,2026-05-23
AST-02319,BTS,SEM-BTS-2320,SITE-0156,Semarang,Cisco,CIS-BTS-1572,Decommissioned,NusaTel Owned,100 MHz,2023-12-09,2026-12-08,2025-07-22,2026-06-13
AST-02320,OLT,SEM-OLT-2321,SITE-0156,Semarang,Nokia,NOK-OLT-4634,Maintenance,Leased,10 Gbps,2020-03-17,2022-03-17,2025-07-05,2026-03-02
AST-02321,OLT,SEM-OLT-2322,SITE-0156,Semarang,Cisco,CIS-OLT-7304,Active,NusaTel Owned,10 Gbps,2025-12-02,2032-11-30,2025-12-14,2026-07-11
AST-02322,OLT,SEM-OLT-2323,SITE-0156,Semarang,Ericsson,ERI-OLT-1641,Maintenance,Leased,10 Gbps,2020-04-15,2023-04-15,2025-09-24,2026-01-06
AST-02323,ODP,SEM-ODP-2324,SITE-0156,Semarang,ZTE,ZTE-ODP-4731,Active,NusaTel Owned,1 Gbps,2025-07-13,2032-07-11,2025-12-23,2026-06-03
AST-02324,Router,SEM-Router-2325,SITE-0156,Semarang,Nokia,NOK-Router-5813,Active,NusaTel Owned,40 Gbps,2025-08-29,2027-08-29,2025-11-23,2026-08-22
AST-02325,Switch,SEM-Switch-2326,SITE-0156,Semarang,ZTE,ZTE-Switch-4419,Active,NusaTel Owned,10 Gbps,2023-11-22,2028-11-20,2025-07-22,2026-08-07
AST-02326,Switch,SEM-Switch-2327,SITE-0156,Semarang,Juniper,JUN-Switch-3047,Active,NusaTel Owned,10 Gbps,2017-12-09,2022-12-08,2025-09-19,2026-09-27
AST-02327,Switch,SEM-Switch-2328,SITE-0156,Semarang,ZTE,ZTE-Switch-4450,Active,NusaTel Owned,10 Gbps,2023-03-31,2030-03-29,2025-12-07,2026-09-19
AST-02328,Switch,SEM-Switch-2329,SITE-0156,Semarang,Nokia,NOK-Switch-8778,Active,NusaTel Owned,10 Gbps,2020-03-09,2023-03-09,2025-12-31,2026-03-05
AST-02329,Transmission,SEM-Transmission-2330,SITE-0156,Semarang,Ericsson,ERI-Transmission-1028,Maintenance,NusaTel Owned,100 Gbps,2018-01-09,2024-01-08,2025-08-28,2026-11-23
AST-02330,Transmission,SEM-Transmission-2331,SITE-0156,Semarang,ZTE,ZTE-Transmission-4250,Active,NusaTel Owned,100 Gbps,2024-02-26,2030-02-24,2025-07-27,2026-01-28
AST-02331,Transmission,SEM-Transmission-2332,SITE-0156,Semarang,Cisco,CIS-Transmission-5656,Active,NusaTel Owned,100 Gbps,2019-01-31,2023-01-30,2025-11-16,2026-07-22
AST-02332,Transmission,SEM-Transmission-2333,SITE-0156,Semarang,Juniper,JUN-Transmission-7116,Active,NusaTel Owned,100 Gbps,2019-09-13,2026-09-11,2025-09-24,2026-08-19
AST-02333,BTS,YOG-BTS-2334,SITE-0157,Yogyakarta,ZTE,ZTE-BTS-9930,Active,Leased,100 MHz,2019-07-29,2021-07-28,2025-10-05,2026-10-25
AST-02334,BTS,YOG-BTS-2335,SITE-0157,Yogyakarta,Nokia,NOK-BTS-9149,Decommissioned,NusaTel Owned,100 MHz,2018-10-17,2022-10-16,2025-07-12,2026-09-16
AST-02335,BTS,YOG-BTS-2336,SITE-0157,Yogyakarta,Ericsson,ERI-BTS-6444,Active,NusaTel Owned,100 MHz,2019-01-04,2024-01-03,2025-08-06,2026-12-05
AST-02336,OLT,YOG-OLT-2337,SITE-0157,Yogyakarta,Cisco,CIS-OLT-5080,Active,NusaTel Owned,10 Gbps,2020-03-15,2026-03-14,2025-11-25,2026-04-01
AST-02337,ODP,YOG-ODP-2338,SITE-0157,Yogyakarta,Nokia,NOK-ODP-3920,Active,Leased,1 Gbps,2018-07-24,2022-07-23,2025-10-17,2026-01-29
AST-02338,ODP,YOG-ODP-2339,SITE-0157,Yogyakarta,Nokia,NOK-ODP-6838,Maintenance,NusaTel Owned,1 Gbps,2023-03-28,2029-03-26,2025-12-20,2026-03-22
AST-02339,ODP,YOG-ODP-2340,SITE-0157,Yogyakarta,ZTE,ZTE-ODP-1348,Active,Customer Premises,1 Gbps,2024-10-15,2028-10-14,2025-07-09,2026-10-19
AST-02340,ODP,YOG-ODP-2341,SITE-0157,Yogyakarta,Cisco,CIS-ODP-9504,Active,Customer Premises,1 Gbps,2023-06-19,2029-06-17,2025-10-09,2026-03-26
AST-02341,Router,YOG-Router-2342,SITE-0157,Yogyakarta,ZTE,ZTE-Router-3747,Active,NusaTel Owned,40 Gbps,2020-09-05,2023-09-05,2025-10-08,2026-08-18
AST-02342,Switch,YOG-Switch-2343,SITE-0157,Yogyakarta,Cisco,CIS-Switch-5095,Active,NusaTel Owned,10 Gbps,2024-06-05,2031-06-04,2025-09-13,2026-04-25
AST-02343,Transmission,YOG-Transmission-2344,SITE-0157,Yogyakarta,Ericsson,ERI-Transmission-2165,Active,Customer Premises,100 Gbps,2021-12-22,2024-12-21,2025-07-12,2026-11-09
AST-02344,BTS,DEN-BTS-2345,SITE-0158,Denpasar,Ericsson,ERI-BTS-1696,Active,Leased,100 MHz,2018-09-23,2024-09-21,2025-08-05,2026-10-21
AST-02345,BTS,DEN-BTS-2346,SITE-0158,Denpasar,Nokia,NOK-BTS-2665,Active,NusaTel Owned,100 MHz,2019-04-24,2026-04-22,2025-09-12,2026-12-10
AST-02346,BTS,DEN-BTS-2347,SITE-0158,Denpasar,Huawei,HUA-BTS-1695,Active,NusaTel Owned,100 MHz,2023-09-20,2027-09-19,2025-11-29,2026-01-04
AST-02347,BTS,DEN-BTS-2348,SITE-0158,Denpasar,ZTE,ZTE-BTS-8957,Active,Leased,100 MHz,2025-09-24,2031-09-23,2025-09-11,2026-12-14
AST-02348,OLT,DEN-OLT-2349,SITE-0158,Denpasar,Nokia,NOK-OLT-4625,Active,NusaTel Owned,10 Gbps,2017-12-30,2021-12-29,2025-10-23,2026-03-28
AST-02349,OLT,DEN-OLT-2350,SITE-0158,Denpasar,Ericsson,ERI-OLT-2262,Active,NusaTel Owned,10 Gbps,2019-05-19,2025-05-17,2025-07-09,2026-04-08
AST-02350,OLT,DEN-OLT-2351,SITE-0158,Denpasar,Ericsson,ERI-OLT-8261,Active,NusaTel Owned,10 Gbps,2022-03-18,2029-03-16,2025-11-14,2026-12-09
AST-02351,ODP,DEN-ODP-2352,SITE-0158,Denpasar,Huawei,HUA-ODP-5740,Active,Leased,1 Gbps,2020-10-23,2023-10-23,2025-08-15,2026-04-07
AST-02352,ODP,DEN-ODP-2353,SITE-0158,Denpasar,Nokia,NOK-ODP-9870,Active,NusaTel Owned,1 Gbps,2022-07-31,2025-07-30,2025-12-05,2026-08-08
AST-02353,ODP,DEN-ODP-2354,SITE-0158,Denpasar,Huawei,HUA-ODP-2840,Active,NusaTel Owned,1 Gbps,2024-10-03,2030-10-02,2025-11-17,2026-06-29
AST-02354,ODP,DEN-ODP-2355,SITE-0158,Denpasar,Huawei,HUA-ODP-5990,Active,NusaTel Owned,1 Gbps,2018-02-06,2023-02-05,2025-12-17,2026-10-27
AST-02355,Router,DEN-Router-2356,SITE-0158,Denpasar,Ericsson,ERI-Router-4458,Active,NusaTel Owned,40 Gbps,2025-11-23,2028-11-22,2025-12-04,2026-07-28
AST-02356,Router,DEN-Router-2357,SITE-0158,Denpasar,Huawei,HUA-Router-7957,Active,Leased,40 Gbps,2022-04-29,2028-04-27,2025-12-12,2026-04-17
AST-02357,Router,DEN-Router-2358,SITE-0158,Denpasar,Juniper,JUN-Router-3452,Active,NusaTel Owned,40 Gbps,2023-05-22,2026-05-21,2025-11-04,2026-05-22
AST-02358,Router,DEN-Router-2359,SITE-0158,Denpasar,Nokia,NOK-Router-2209,Active,Leased,40 Gbps,2020-07-13,2022-07-13,2025-09-24,2026-09-27
AST-02359,Switch,DEN-Switch-2360,SITE-0158,Denpasar,Cisco,CIS-Switch-9577,Active,Leased,10 Gbps,2025-01-24,2027-01-24,2025-08-27,2026-06-01
AST-02360,Switch,DEN-Switch-2361,SITE-0158,Denpasar,Ericsson,ERI-Switch-5962,Active,NusaTel Owned,10 Gbps,2018-06-02,2020-06-01,2025-08-25,2026-10-03
AST-02361,Switch,DEN-Switch-2362,SITE-0158,Denpasar,Nokia,NOK-Switch-1036,Active,NusaTel Owned,10 Gbps,2024-04-24,2029-04-23,2025-07-14,2026-04-11
AST-02362,Switch,DEN-Switch-2363,SITE-0158,Denpasar,Juniper,JUN-Switch-1898,Maintenance,Leased,10 Gbps,2025-04-05,2028-04-04,2025-08-11,2026-12-08
AST-02363,Transmission,DEN-Transmission-2364,SITE-0158,Denpasar,Ericsson,ERI-Transmission-1848,Active,NusaTel Owned,100 Gbps,2020-09-12,2026-09-11,2025-11-18,2026-11-17
AST-02364,BTS,PAL-BTS-2365,SITE-0159,Palembang,ZTE,ZTE-BTS-9163,Active,NusaTel Owned,100 MHz,2024-04-30,2028-04-29,2025-12-18,2026-07-15
AST-02365,BTS,PAL-BTS-2366,SITE-0159,Palembang,Nokia,NOK-BTS-4400,Active,NusaTel Owned,100 MHz,2017-12-18,2024-12-16,2025-09-02,2026-12-07
AST-02366,BTS,PAL-BTS-2367,SITE-0159,Palembang,Ericsson,ERI-BTS-4810,Active,NusaTel Owned,100 MHz,2024-12-12,2030-12-11,2025-12-02,2026-12-01
AST-02367,OLT,PAL-OLT-2368,SITE-0159,Palembang,ZTE,ZTE-OLT-9487,Active,NusaTel Owned,10 Gbps,2021-12-06,2026-12-05,2025-11-14,2026-02-06
AST-02368,OLT,PAL-OLT-2369,SITE-0159,Palembang,Cisco,CIS-OLT-3841,Active,NusaTel Owned,10 Gbps,2025-07-22,2032-07-20,2025-08-11,2026-04-28
AST-02369,OLT,PAL-OLT-2370,SITE-0159,Palembang,Ericsson,ERI-OLT-6764,Faulty,NusaTel Owned,10 Gbps,2020-09-22,2023-09-22,2025-09-30,2026-11-13
AST-02370,OLT,PAL-OLT-2371,SITE-0159,Palembang,Huawei,HUA-OLT-1455,Active,NusaTel Owned,10 Gbps,2020-02-21,2024-02-20,2025-11-28,2026-11-04
AST-02371,ODP,PAL-ODP-2372,SITE-0159,Palembang,Juniper,JUN-ODP-7730,Active,Leased,1 Gbps,2025-07-20,2032-07-18,2025-09-30,2026-12-06
AST-02372,ODP,PAL-ODP-2373,SITE-0159,Palembang,Ericsson,ERI-ODP-7460,Active,NusaTel Owned,1 Gbps,2018-05-21,2022-05-20,2025-09-01,2026-02-14
AST-02373,ODP,PAL-ODP-2374,SITE-0159,Palembang,Huawei,HUA-ODP-7693,Active,NusaTel Owned,1 Gbps,2024-01-04,2029-01-02,2025-09-26,2026-08-14
AST-02374,Router,PAL-Router-2375,SITE-0159,Palembang,Huawei,HUA-Router-3224,Active,NusaTel Owned,40 Gbps,2021-06-18,2026-06-17,2025-07-26,2026-09-27
AST-02375,Router,PAL-Router-2376,SITE-0159,Palembang,Juniper,JUN-Router-9261,Active,Leased,40 Gbps,2023-10-10,2028-10-08,2025-08-13,2026-07-13
AST-02376,Router,PAL-Router-2377,SITE-0159,Palembang,Juniper,JUN-Router-2693,Active,NusaTel Owned,40 Gbps,2025-07-14,2030-07-13,2025-08-23,2026-02-17
AST-02377,Switch,PAL-Switch-2378,SITE-0159,Palembang,Juniper,JUN-Switch-4814,Faulty,NusaTel Owned,10 Gbps,2024-05-25,2026-05-25,2025-09-18,2026-05-03
AST-02378,Transmission,PAL-Transmission-2379,SITE-0159,Palembang,Ericsson,ERI-Transmission-3417,Active,NusaTel Owned,100 Gbps,2024-12-19,2030-12-18,2025-12-25,2026-11-26
AST-02379,Transmission,PAL-Transmission-2380,SITE-0159,Palembang,Ericsson,ERI-Transmission-8966,Active,Customer Premises,100 Gbps,2025-03-10,2030-03-09,2025-10-05,2026-11-15
AST-02380,BTS,BAL-BTS-2381,SITE-0160,Balikpapan,Nokia,NOK-BTS-7078,Active,NusaTel Owned,100 MHz,2021-07-21,2025-07-20,2025-07-25,2026-12-11
AST-02381,BTS,BAL-BTS-2382,SITE-0160,Balikpapan,Cisco,CIS-BTS-7549,Active,NusaTel Owned,100 MHz,2025-02-28,2028-02-28,2025-08-18,2026-10-21
AST-02382,BTS,BAL-BTS-2383,SITE-0160,Balikpapan,Cisco,CIS-BTS-6473,Maintenance,NusaTel Owned,100 MHz,2019-02-18,2023-02-17,2025-08-30,2026-08-07
AST-02383,BTS,BAL-BTS-2384,SITE-0160,Balikpapan,Cisco,CIS-BTS-6340,Active,NusaTel Owned,100 MHz,2017-10-17,2022-10-16,2025-09-25,2026-10-22
AST-02384,OLT,BAL-OLT-2385,SITE-0160,Balikpapan,Nokia,NOK-OLT-9588,Active,NusaTel Owned,10 Gbps,2021-12-07,2024-12-06,2025-08-06,2026-01-05
AST-02385,ODP,BAL-ODP-2386,SITE-0160,Balikpapan,Nokia,NOK-ODP-1043,Decommissioned,NusaTel Owned,1 Gbps,2025-07-22,2030-07-21,2025-07-12,2026-07-26
AST-02386,ODP,BAL-ODP-2387,SITE-0160,Balikpapan,Cisco,CIS-ODP-6865,Active,NusaTel Owned,1 Gbps,2024-11-10,2030-11-09,2025-11-09,2026-07-17
AST-02387,ODP,BAL-ODP-2388,SITE-0160,Balikpapan,Ericsson,ERI-ODP-3335,Active,NusaTel Owned,1 Gbps,2021-07-05,2028-07-03,2025-10-15,2026-02-12
AST-02388,ODP,BAL-ODP-2389,SITE-0160,Balikpapan,Ericsson,ERI-ODP-3875,Active,NusaTel Owned,1 Gbps,2023-05-19,2025-05-18,2025-09-02,2026-01-29
AST-02389,Router,BAL-Router-2390,SITE-0160,Balikpapan,Cisco,CIS-Router-3613,Active,Partner,40 Gbps,2018-03-27,2024-03-25,2025-12-09,2026-07-14
AST-02390,Switch,BAL-Switch-2391,SITE-0160,Balikpapan,Nokia,NOK-Switch-3548,Active,Leased,10 Gbps,2019-11-04,2021-11-03,2025-12-22,2026-06-27
AST-02391,Transmission,BAL-Transmission-2392,SITE-0160,Balikpapan,Nokia,NOK-Transmission-1448,Active,Customer Premises,100 Gbps,2022-03-30,2025-03-29,2025-11-08,2026-03-01
AST-02392,Transmission,BAL-Transmission-2393,SITE-0160,Balikpapan,Nokia,NOK-Transmission-3340,Maintenance,NusaTel Owned,100 Gbps,2019-06-18,2021-06-17,2025-07-29,2026-07-10
AST-02393,Transmission,BAL-Transmission-2394,SITE-0160,Balikpapan,Huawei,HUA-Transmission-4093,Active,NusaTel Owned,100 Gbps,2025-05-24,2027-05-24,2025-08-01,2026-09-21
AST-02394,Transmission,BAL-Transmission-2395,SITE-0160,Balikpapan,Nokia,NOK-Transmission-5081,Active,Partner,100 Gbps,2020-08-17,2025-08-16,2025-12-09,2026-11-14
AST-02395,BTS,JAK-BTS-2396,SITE-0161,Jakarta,Ericsson,ERI-BTS-6896,Active,NusaTel Owned,100 MHz,2021-11-05,2026-11-04,2025-09-18,2026-04-26
AST-02396,BTS,JAK-BTS-2397,SITE-0161,Jakarta,ZTE,ZTE-BTS-5541,Faulty,NusaTel Owned,100 MHz,2023-01-18,2026-01-17,2025-09-17,2026-01-25
AST-02397,BTS,JAK-BTS-2398,SITE-0161,Jakarta,Cisco,CIS-BTS-4162,Active,NusaTel Owned,100 MHz,2020-06-24,2027-06-23,2025-12-07,2026-01-23
AST-02398,OLT,JAK-OLT-2399,SITE-0161,Jakarta,Nokia,NOK-OLT-3488,Faulty,NusaTel Owned,10 Gbps,2024-06-06,2029-06-05,2025-09-23,2026-08-02
AST-02399,OLT,JAK-OLT-2400,SITE-0161,Jakarta,Cisco,CIS-OLT-6723,Decommissioned,NusaTel Owned,10 Gbps,2025-02-13,2027-02-13,2025-08-26,2026-06-21
AST-02400,OLT,JAK-OLT-2401,SITE-0161,Jakarta,Ericsson,ERI-OLT-8555,Active,NusaTel Owned,10 Gbps,2025-09-05,2028-09-04,2025-12-20,2026-10-06
AST-02401,ODP,JAK-ODP-2402,SITE-0161,Jakarta,Juniper,JUN-ODP-9797,Maintenance,NusaTel Owned,1 Gbps,2018-07-17,2023-07-16,2025-08-01,2026-09-21
AST-02402,Router,JAK-Router-2403,SITE-0161,Jakarta,Nokia,NOK-Router-2686,Active,Partner,40 Gbps,2024-03-23,2030-03-22,2025-11-26,2026-09-09
AST-02403,Switch,JAK-Switch-2404,SITE-0161,Jakarta,ZTE,ZTE-Switch-4729,Active,NusaTel Owned,10 Gbps,2022-05-06,2025-05-05,2025-07-26,2026-08-07
AST-02404,Switch,JAK-Switch-2405,SITE-0161,Jakarta,Ericsson,ERI-Switch-6852,Active,NusaTel Owned,10 Gbps,2021-03-27,2028-03-25,2025-09-07,2026-03-10
AST-02405,Switch,JAK-Switch-2406,SITE-0161,Jakarta,Cisco,CIS-Switch-1986,Active,Leased,10 Gbps,2025-10-20,2031-10-19,2025-07-19,2026-05-10
AST-02406,Switch,JAK-Switch-2407,SITE-0161,Jakarta,Juniper,JUN-Switch-6776,Active,NusaTel Owned,10 Gbps,2020-08-13,2026-08-12,2025-11-01,2027-01-01
AST-02407,Transmission,JAK-Transmission-2408,SITE-0161,Jakarta,Nokia,NOK-Transmission-4184,Active,NusaTel Owned,100 Gbps,2022-03-25,2025-03-24,2025-12-02,2026-05-14
AST-02408,BTS,BAN-BTS-2409,SITE-0162,Bandung,Huawei,HUA-BTS-3806,Active,Customer Premises,100 MHz,2023-11-02,2025-11-01,2025-08-16,2026-09-21
AST-02409,OLT,BAN-OLT-2410,SITE-0162,Bandung,Ericsson,ERI-OLT-8382,Active,NusaTel Owned,10 Gbps,2024-08-06,2029-08-05,2025-10-26,2026-08-31
AST-02410,OLT,BAN-OLT-2411,SITE-0162,Bandung,Juniper,JUN-OLT-9958,Active,NusaTel Owned,10 Gbps,2024-03-23,2026-03-23,2025-08-27,2026-02-19
AST-02411,ODP,BAN-ODP-2412,SITE-0162,Bandung,Juniper,JUN-ODP-5337,Active,NusaTel Owned,1 Gbps,2024-06-25,2027-06-25,2025-11-24,2026-11-24
AST-02412,ODP,BAN-ODP-2413,SITE-0162,Bandung,Juniper,JUN-ODP-3495,Decommissioned,NusaTel Owned,1 Gbps,2023-08-26,2030-08-24,2025-12-31,2026-10-03
AST-02413,Router,BAN-Router-2414,SITE-0162,Bandung,Cisco,CIS-Router-4898,Active,Leased,40 Gbps,2025-01-06,2031-01-05,2025-09-25,2026-07-27
AST-02414,Router,BAN-Router-2415,SITE-0162,Bandung,Nokia,NOK-Router-8364,Active,NusaTel Owned,40 Gbps,2022-06-19,2028-06-17,2025-11-17,2026-10-27
AST-02415,Router,BAN-Router-2416,SITE-0162,Bandung,Juniper,JUN-Router-2108,Active,NusaTel Owned,40 Gbps,2023-11-02,2029-10-31,2025-11-29,2026-04-11
AST-02416,Switch,BAN-Switch-2417,SITE-0162,Bandung,Huawei,HUA-Switch-7692,Faulty,Customer Premises,10 Gbps,2020-12-08,2027-12-07,2025-09-29,2026-05-26
AST-02417,Switch,BAN-Switch-2418,SITE-0162,Bandung,Ericsson,ERI-Switch-9551,Active,NusaTel Owned,10 Gbps,2021-07-10,2026-07-09,2025-07-11,2026-12-10
AST-02418,Switch,BAN-Switch-2419,SITE-0162,Bandung,Huawei,HUA-Switch-4749,Active,NusaTel Owned,10 Gbps,2022-11-07,2027-11-06,2025-07-23,2026-11-20
AST-02419,Transmission,BAN-Transmission-2420,SITE-0162,Bandung,Cisco,CIS-Transmission-6844,Active,NusaTel Owned,100 Gbps,2024-07-15,2030-07-14,2025-10-13,2026-02-18
AST-02420,Transmission,BAN-Transmission-2421,SITE-0162,Bandung,ZTE,ZTE-Transmission-2951,Active,Leased,100 Gbps,2019-04-24,2022-04-23,2025-09-02,2026-05-24
AST-02421,Transmission,BAN-Transmission-2422,SITE-0162,Bandung,Nokia,NOK-Transmission-8401,Active,Customer Premises,100 Gbps,2018-04-11,2022-04-10,2025-12-22,2026-11-06
AST-02422,BTS,SUR-BTS-2423,SITE-0163,Surabaya,Huawei,HUA-BTS-6043,Active,NusaTel Owned,100 MHz,2024-03-22,2031-03-21,2025-09-10,2026-04-16
AST-02423,OLT,SUR-OLT-2424,SITE-0163,Surabaya,Ericsson,ERI-OLT-8660,Active,Leased,10 Gbps,2021-11-11,2024-11-10,2025-12-16,2026-03-08
AST-02424,OLT,SUR-OLT-2425,SITE-0163,Surabaya,Cisco,CIS-OLT-8640,Maintenance,NusaTel Owned,10 Gbps,2024-09-03,2026-09-03,2025-08-27,2026-03-02
AST-02425,ODP,SUR-ODP-2426,SITE-0163,Surabaya,Huawei,HUA-ODP-4284,Active,Leased,1 Gbps,2021-10-27,2024-10-26,2025-09-01,2026-01-19
AST-02426,ODP,SUR-ODP-2427,SITE-0163,Surabaya,Ericsson,ERI-ODP-8164,Active,NusaTel Owned,1 Gbps,2020-07-09,2022-07-09,2025-11-07,2026-08-09
AST-02427,ODP,SUR-ODP-2428,SITE-0163,Surabaya,ZTE,ZTE-ODP-4750,Active,NusaTel Owned,1 Gbps,2018-01-08,2020-01-08,2025-10-05,2026-11-16
AST-02428,ODP,SUR-ODP-2429,SITE-0163,Surabaya,Cisco,CIS-ODP-7807,Active,NusaTel Owned,1 Gbps,2022-07-02,2026-07-01,2025-11-14,2026-11-14
AST-02429,Router,SUR-Router-2430,SITE-0163,Surabaya,ZTE,ZTE-Router-1546,Faulty,NusaTel Owned,40 Gbps,2024-09-05,2031-09-04,2025-11-26,2026-02-10
AST-02430,Router,SUR-Router-2431,SITE-0163,Surabaya,Ericsson,ERI-Router-4175,Maintenance,NusaTel Owned,40 Gbps,2023-09-21,2027-09-20,2025-08-30,2026-02-22
AST-02431,Router,SUR-Router-2432,SITE-0163,Surabaya,Ericsson,ERI-Router-7097,Active,NusaTel Owned,40 Gbps,2024-07-28,2029-07-27,2025-09-28,2026-12-17
AST-02432,Switch,SUR-Switch-2433,SITE-0163,Surabaya,Ericsson,ERI-Switch-6414,Active,NusaTel Owned,10 Gbps,2019-09-01,2023-08-31,2025-11-16,2026-03-09
AST-02433,Switch,SUR-Switch-2434,SITE-0163,Surabaya,Ericsson,ERI-Switch-8855,Active,NusaTel Owned,10 Gbps,2018-07-25,2025-07-23,2025-10-17,2026-11-19
AST-02434,Switch,SUR-Switch-2435,SITE-0163,Surabaya,Nokia,NOK-Switch-8580,Maintenance,Partner,10 Gbps,2025-08-19,2028-08-18,2025-10-07,2026-10-30
AST-02435,Transmission,SUR-Transmission-2436,SITE-0163,Surabaya,Huawei,HUA-Transmission-4066,Active,NusaTel Owned,100 Gbps,2019-06-16,2024-06-14,2025-07-13,2026-11-23
AST-02436,Transmission,SUR-Transmission-2437,SITE-0163,Surabaya,Ericsson,ERI-Transmission-8196,Maintenance,NusaTel Owned,100 Gbps,2018-01-22,2023-01-21,2025-11-29,2026-05-07
AST-02437,BTS,MED-BTS-2438,SITE-0164,Medan,Huawei,HUA-BTS-1087,Active,NusaTel Owned,100 MHz,2018-06-20,2023-06-19,2025-07-11,2026-10-19
AST-02438,BTS,MED-BTS-2439,SITE-0164,Medan,Huawei,HUA-BTS-3988,Active,NusaTel Owned,100 MHz,2024-06-07,2030-06-06,2025-11-27,2026-12-28
AST-02439,OLT,MED-OLT-2440,SITE-0164,Medan,ZTE,ZTE-OLT-8288,Active,NusaTel Owned,10 Gbps,2020-02-13,2027-02-11,2025-09-26,2026-08-17
AST-02440,OLT,MED-OLT-2441,SITE-0164,Medan,Ericsson,ERI-OLT-5303,Active,Leased,10 Gbps,2019-08-15,2024-08-13,2025-11-29,2026-01-31
AST-02441,OLT,MED-OLT-2442,SITE-0164,Medan,Ericsson,ERI-OLT-4614,Active,NusaTel Owned,10 Gbps,2021-03-18,2026-03-17,2025-12-09,2026-03-15
AST-02442,OLT,MED-OLT-2443,SITE-0164,Medan,Huawei,HUA-OLT-7317,Active,Customer Premises,10 Gbps,2018-06-20,2020-06-19,2025-11-27,2026-01-17
AST-02443,ODP,MED-ODP-2444,SITE-0164,Medan,Cisco,CIS-ODP-7806,Active,NusaTel Owned,1 Gbps,2018-11-23,2020-11-22,2025-07-15,2026-07-24
AST-02444,ODP,MED-ODP-2445,SITE-0164,Medan,Nokia,NOK-ODP-5280,Active,NusaTel Owned,1 Gbps,2025-12-01,2032-11-29,2025-12-18,2026-07-14
AST-02445,ODP,MED-ODP-2446,SITE-0164,Medan,Nokia,NOK-ODP-3369,Active,NusaTel Owned,1 Gbps,2025-01-16,2032-01-15,2025-07-05,2026-01-15
AST-02446,Router,MED-Router-2447,SITE-0164,Medan,ZTE,ZTE-Router-6609,Active,NusaTel Owned,40 Gbps,2025-01-07,2032-01-06,2025-08-11,2026-12-16
AST-02447,Switch,MED-Switch-2448,SITE-0164,Medan,Juniper,JUN-Switch-1149,Active,NusaTel Owned,10 Gbps,2020-01-29,2024-01-28,2025-07-26,2026-11-18
AST-02448,Switch,MED-Switch-2449,SITE-0164,Medan,ZTE,ZTE-Switch-7625,Active,Leased,10 Gbps,2022-02-01,2024-02-01,2025-12-08,2026-06-18
AST-02449,Transmission,MED-Transmission-2450,SITE-0164,Medan,Cisco,CIS-Transmission-2582,Active,NusaTel Owned,100 Gbps,2018-10-30,2024-10-28,2025-10-23,2026-06-29
AST-02450,Transmission,MED-Transmission-2451,SITE-0164,Medan,Nokia,NOK-Transmission-7931,Active,Leased,100 Gbps,2024-09-14,2026-09-14,2025-08-16,2026-11-12
AST-02451,Transmission,MED-Transmission-2452,SITE-0164,Medan,Juniper,JUN-Transmission-2564,Active,Leased,100 Gbps,2023-01-18,2028-01-17,2025-10-29,2026-03-11
AST-02452,BTS,MAK-BTS-2453,SITE-0165,Makassar,Cisco,CIS-BTS-6134,Active,NusaTel Owned,100 MHz,2021-10-06,2027-10-05,2025-08-24,2026-09-18
AST-02453,BTS,MAK-BTS-2454,SITE-0165,Makassar,Ericsson,ERI-BTS-8427,Active,Leased,100 MHz,2022-06-18,2026-06-17,2025-08-22,2026-10-24
AST-02454,OLT,MAK-OLT-2455,SITE-0165,Makassar,ZTE,ZTE-OLT-5934,Active,NusaTel Owned,10 Gbps,2024-02-22,2026-02-21,2025-09-26,2026-07-29
AST-02455,ODP,MAK-ODP-2456,SITE-0165,Makassar,ZTE,ZTE-ODP-9023,Maintenance,NusaTel Owned,1 Gbps,2021-07-26,2028-07-24,2025-12-22,2026-09-11
AST-02456,Router,MAK-Router-2457,SITE-0165,Makassar,Huawei,HUA-Router-9851,Active,NusaTel Owned,40 Gbps,2024-05-12,2028-05-11,2025-12-06,2026-07-30
AST-02457,Router,MAK-Router-2458,SITE-0165,Makassar,Cisco,CIS-Router-8369,Decommissioned,Partner,40 Gbps,2020-05-17,2025-05-16,2025-12-12,2026-04-13
AST-02458,Router,MAK-Router-2459,SITE-0165,Makassar,Cisco,CIS-Router-6295,Active,NusaTel Owned,40 Gbps,2024-07-20,2028-07-19,2025-11-20,2026-06-15
AST-02459,Switch,MAK-Switch-2460,SITE-0165,Makassar,Ericsson,ERI-Switch-7016,Active,NusaTel Owned,10 Gbps,2025-10-29,2027-10-29,2025-07-17,2026-11-27
AST-02460,Switch,MAK-Switch-2461,SITE-0165,Makassar,Cisco,CIS-Switch-6833,Active,Leased,10 Gbps,2020-08-31,2022-08-31,2025-10-17,2026-07-12
AST-02461,Transmission,MAK-Transmission-2462,SITE-0165,Makassar,Ericsson,ERI-Transmission-3964,Active,NusaTel Owned,100 Gbps,2021-11-06,2024-11-05,2025-12-28,2026-06-17
AST-02462,BTS,SEM-BTS-2463,SITE-0166,Semarang,Cisco,CIS-BTS-5052,Decommissioned,Customer Premises,100 MHz,2021-05-08,2026-05-07,2025-11-04,2026-05-02
AST-02463,OLT,SEM-OLT-2464,SITE-0166,Semarang,Juniper,JUN-OLT-2424,Active,NusaTel Owned,10 Gbps,2023-02-03,2027-02-02,2025-09-01,2026-01-22
AST-02464,OLT,SEM-OLT-2465,SITE-0166,Semarang,Cisco,CIS-OLT-2522,Active,Leased,10 Gbps,2024-08-08,2031-08-07,2025-12-22,2026-06-06
AST-02465,ODP,SEM-ODP-2466,SITE-0166,Semarang,Huawei,HUA-ODP-3529,Active,NusaTel Owned,1 Gbps,2024-03-18,2026-03-18,2025-12-14,2026-06-24
AST-02466,ODP,SEM-ODP-2467,SITE-0166,Semarang,ZTE,ZTE-ODP-6536,Active,NusaTel Owned,1 Gbps,2021-06-09,2027-06-08,2025-12-11,2026-02-21
AST-02467,ODP,SEM-ODP-2468,SITE-0166,Semarang,Cisco,CIS-ODP-1665,Active,Customer Premises,1 Gbps,2024-10-21,2028-10-20,2025-08-31,2026-08-11
AST-02468,Router,SEM-Router-2469,SITE-0166,Semarang,Nokia,NOK-Router-2261,Active,NusaTel Owned,40 Gbps,2023-02-15,2028-02-14,2025-08-21,2026-04-27
AST-02469,Router,SEM-Router-2470,SITE-0166,Semarang,Huawei,HUA-Router-1773,Active,NusaTel Owned,40 Gbps,2019-02-25,2021-02-24,2025-09-11,2026-01-08
AST-02470,Switch,SEM-Switch-2471,SITE-0166,Semarang,Juniper,JUN-Switch-1340,Active,NusaTel Owned,10 Gbps,2018-03-26,2022-03-25,2025-07-05,2026-06-08
AST-02471,Switch,SEM-Switch-2472,SITE-0166,Semarang,Huawei,HUA-Switch-5094,Active,NusaTel Owned,10 Gbps,2017-10-30,2021-10-29,2025-08-11,2026-02-02
AST-02472,Switch,SEM-Switch-2473,SITE-0166,Semarang,Cisco,CIS-Switch-6649,Active,Leased,10 Gbps,2021-06-15,2028-06-13,2025-07-07,2027-01-01
AST-02473,Switch,SEM-Switch-2474,SITE-0166,Semarang,Ericsson,ERI-Switch-2217,Active,Partner,10 Gbps,2024-03-29,2027-03-29,2025-12-15,2026-09-02
AST-02474,Transmission,SEM-Transmission-2475,SITE-0166,Semarang,Nokia,NOK-Transmission-7205,Active,Leased,100 Gbps,2019-01-22,2024-01-21,2025-07-20,2026-11-15
AST-02475,Transmission,SEM-Transmission-2476,SITE-0166,Semarang,Nokia,NOK-Transmission-6374,Faulty,NusaTel Owned,100 Gbps,2020-04-15,2025-04-14,2025-12-10,2026-12-28
AST-02476,Transmission,SEM-Transmission-2477,SITE-0166,Semarang,ZTE,ZTE-Transmission-5092,Active,NusaTel Owned,100 Gbps,2018-02-02,2024-02-01,2025-11-14,2026-02-28
AST-02477,BTS,YOG-BTS-2478,SITE-0167,Yogyakarta,Nokia,NOK-BTS-2531,Active,NusaTel Owned,100 MHz,2020-12-16,2025-12-15,2025-07-17,2026-09-10
AST-02478,BTS,YOG-BTS-2479,SITE-0167,Yogyakarta,Nokia,NOK-BTS-1204,Active,NusaTel Owned,100 MHz,2018-12-28,2023-12-27,2025-11-01,2026-07-15
AST-02479,BTS,YOG-BTS-2480,SITE-0167,Yogyakarta,Huawei,HUA-BTS-6697,Active,Leased,100 MHz,2025-03-03,2028-03-02,2025-10-24,2026-04-03
AST-02480,OLT,YOG-OLT-2481,SITE-0167,Yogyakarta,Huawei,HUA-OLT-1258,Active,Partner,10 Gbps,2022-11-18,2024-11-17,2025-07-17,2026-11-24
AST-02481,OLT,YOG-OLT-2482,SITE-0167,Yogyakarta,Juniper,JUN-OLT-3046,Active,Customer Premises,10 Gbps,2025-11-20,2028-11-19,2025-08-27,2026-05-16
AST-02482,OLT,YOG-OLT-2483,SITE-0167,Yogyakarta,Juniper,JUN-OLT-2751,Active,Leased,10 Gbps,2019-07-22,2022-07-21,2025-09-21,2026-08-22
AST-02483,ODP,YOG-ODP-2484,SITE-0167,Yogyakarta,Cisco,CIS-ODP-8442,Active,NusaTel Owned,1 Gbps,2023-11-03,2028-11-01,2025-10-23,2026-08-31
AST-02484,ODP,YOG-ODP-2485,SITE-0167,Yogyakarta,Nokia,NOK-ODP-6598,Active,NusaTel Owned,1 Gbps,2022-02-22,2025-02-21,2025-09-17,2026-07-23
AST-02485,ODP,YOG-ODP-2486,SITE-0167,Yogyakarta,Huawei,HUA-ODP-6988,Active,Leased,1 Gbps,2017-11-16,2021-11-15,2025-07-30,2026-01-23
AST-02486,Router,YOG-Router-2487,SITE-0167,Yogyakarta,Nokia,NOK-Router-6987,Active,Customer Premises,40 Gbps,2022-03-12,2028-03-10,2025-09-03,2026-10-03
AST-02487,Router,YOG-Router-2488,SITE-0167,Yogyakarta,Nokia,NOK-Router-8929,Active,Partner,40 Gbps,2019-11-22,2025-11-20,2025-11-08,2026-09-13
AST-02488,Switch,YOG-Switch-2489,SITE-0167,Yogyakarta,Huawei,HUA-Switch-2008,Active,NusaTel Owned,10 Gbps,2020-12-05,2024-12-04,2025-10-17,2026-03-12
AST-02489,Transmission,YOG-Transmission-2490,SITE-0167,Yogyakarta,Huawei,HUA-Transmission-5778,Active,NusaTel Owned,100 Gbps,2025-09-26,2031-09-25,2025-08-06,2026-05-13
AST-02490,BTS,DEN-BTS-2491,SITE-0168,Denpasar,ZTE,ZTE-BTS-3006,Active,Leased,100 MHz,2022-05-02,2024-05-01,2025-09-01,2026-09-08
AST-02491,BTS,DEN-BTS-2492,SITE-0168,Denpasar,Ericsson,ERI-BTS-8246,Active,Leased,100 MHz,2022-03-25,2026-03-24,2025-12-20,2026-08-13
AST-02492,BTS,DEN-BTS-2493,SITE-0168,Denpasar,Nokia,NOK-BTS-8745,Decommissioned,NusaTel Owned,100 MHz,2020-11-11,2026-11-10,2025-12-03,2026-02-22
AST-02493,BTS,DEN-BTS-2494,SITE-0168,Denpasar,Nokia,NOK-BTS-7021,Active,NusaTel Owned,100 MHz,2019-04-04,2022-04-03,2025-07-05,2026-02-08
AST-02494,OLT,DEN-OLT-2495,SITE-0168,Denpasar,Juniper,JUN-OLT-8291,Active,NusaTel Owned,10 Gbps,2024-02-01,2029-01-30,2025-11-30,2026-06-28
AST-02495,OLT,DEN-OLT-2496,SITE-0168,Denpasar,Nokia,NOK-OLT-5979,Active,Leased,10 Gbps,2020-10-09,2025-10-08,2025-10-18,2026-11-27
AST-02496,OLT,DEN-OLT-2497,SITE-0168,Denpasar,Ericsson,ERI-OLT-2092,Maintenance,NusaTel Owned,10 Gbps,2024-09-12,2029-09-11,2025-11-03,2026-12-31
AST-02497,OLT,DEN-OLT-2498,SITE-0168,Denpasar,Juniper,JUN-OLT-9299,Active,Customer Premises,10 Gbps,2020-11-17,2026-11-16,2025-11-26,2026-03-06
AST-02498,ODP,DEN-ODP-2499,SITE-0168,Denpasar,Cisco,CIS-ODP-1412,Active,NusaTel Owned,1 Gbps,2021-07-31,2024-07-30,2025-10-14,2026-06-11
AST-02499,Router,DEN-Router-2500,SITE-0168,Denpasar,Huawei,HUA-Router-9946,Maintenance,NusaTel Owned,40 Gbps,2022-11-23,2025-11-22,2025-09-30,2026-03-07
AST-02500,Router,DEN-Router-2501,SITE-0168,Denpasar,ZTE,ZTE-Router-9293,Active,NusaTel Owned,40 Gbps,2023-02-04,2025-02-03,2025-10-28,2026-02-15
AST-02501,Router,DEN-Router-2502,SITE-0168,Denpasar,ZTE,ZTE-Router-2781,Active,NusaTel Owned,40 Gbps,2024-01-05,2026-01-04,2025-11-11,2026-03-17
AST-02502,Router,DEN-Router-2503,SITE-0168,Denpasar,Juniper,JUN-Router-1822,Decommissioned,NusaTel Owned,40 Gbps,2024-06-07,2031-06-06,2025-09-14,2026-04-15
AST-02503,Switch,DEN-Switch-2504,SITE-0168,Denpasar,ZTE,ZTE-Switch-7761,Active,NusaTel Owned,10 Gbps,2023-11-24,2025-11-23,2025-07-05,2026-11-24
AST-02504,Switch,DEN-Switch-2505,SITE-0168,Denpasar,Huawei,HUA-Switch-8353,Active,NusaTel Owned,10 Gbps,2024-12-05,2028-12-04,2025-08-01,2026-12-20
AST-02505,Transmission,DEN-Transmission-2506,SITE-0168,Denpasar,Nokia,NOK-Transmission-4731,Active,NusaTel Owned,100 Gbps,2022-01-14,2024-01-14,2025-10-19,2026-09-05
AST-02506,Transmission,DEN-Transmission-2507,SITE-0168,Denpasar,Juniper,JUN-Transmission-9483,Active,Customer Premises,100 Gbps,2025-01-21,2030-01-20,2025-10-01,2026-05-18
AST-02507,Transmission,DEN-Transmission-2508,SITE-0168,Denpasar,Cisco,CIS-Transmission-9516,Active,NusaTel Owned,100 Gbps,2019-06-19,2025-06-17,2025-11-11,2026-10-12
AST-02508,BTS,PAL-BTS-2509,SITE-0169,Palembang,ZTE,ZTE-BTS-1294,Active,Customer Premises,100 MHz,2020-04-05,2024-04-04,2025-09-26,2026-05-17
AST-02509,OLT,PAL-OLT-2510,SITE-0169,Palembang,Cisco,CIS-OLT-2974,Maintenance,Partner,10 Gbps,2018-09-20,2020-09-19,2025-10-04,2026-02-21
AST-02510,OLT,PAL-OLT-2511,SITE-0169,Palembang,ZTE,ZTE-OLT-7430,Active,NusaTel Owned,10 Gbps,2019-08-09,2024-08-07,2025-07-08,2026-05-25
AST-02511,ODP,PAL-ODP-2512,SITE-0169,Palembang,Huawei,HUA-ODP-9509,Active,NusaTel Owned,1 Gbps,2023-12-26,2028-12-24,2025-07-22,2026-07-07
AST-02512,ODP,PAL-ODP-2513,SITE-0169,Palembang,Juniper,JUN-ODP-2990,Active,Leased,1 Gbps,2024-08-28,2031-08-27,2025-07-17,2026-10-18
AST-02513,Router,PAL-Router-2514,SITE-0169,Palembang,Huawei,HUA-Router-7854,Decommissioned,Leased,40 Gbps,2021-06-19,2027-06-18,2025-09-11,2026-10-23
AST-02514,Router,PAL-Router-2515,SITE-0169,Palembang,Juniper,JUN-Router-4894,Active,Partner,40 Gbps,2025-08-30,2030-08-29,2025-08-17,2026-01-26
AST-02515,Router,PAL-Router-2516,SITE-0169,Palembang,Ericsson,ERI-Router-4688,Active,NusaTel Owned,40 Gbps,2024-01-01,2030-12-30,2025-12-26,2026-04-28
AST-02516,Router,PAL-Router-2517,SITE-0169,Palembang,Nokia,NOK-Router-2467,Active,Leased,40 Gbps,2022-11-05,2028-11-03,2025-09-04,2026-06-19
AST-02517,Switch,PAL-Switch-2518,SITE-0169,Palembang,Ericsson,ERI-Switch-8186,Active,NusaTel Owned,10 Gbps,2019-04-08,2021-04-07,2025-07-08,2026-10-22
AST-02518,Transmission,PAL-Transmission-2519,SITE-0169,Palembang,Nokia,NOK-Transmission-9004,Active,NusaTel Owned,100 Gbps,2018-01-21,2023-01-20,2025-11-23,2026-08-24
AST-02519,BTS,BAL-BTS-2520,SITE-0170,Balikpapan,Cisco,CIS-BTS-3313,Active,NusaTel Owned,100 MHz,2022-10-29,2024-10-28,2025-07-31,2026-10-16
AST-02520,BTS,BAL-BTS-2521,SITE-0170,Balikpapan,ZTE,ZTE-BTS-8275,Active,NusaTel Owned,100 MHz,2019-12-07,2023-12-06,2025-07-15,2026-08-27
AST-02521,BTS,BAL-BTS-2522,SITE-0170,Balikpapan,Cisco,CIS-BTS-7193,Active,NusaTel Owned,100 MHz,2022-05-03,2028-05-01,2025-07-27,2026-12-08
AST-02522,BTS,BAL-BTS-2523,SITE-0170,Balikpapan,Ericsson,ERI-BTS-2856,Active,NusaTel Owned,100 MHz,2023-09-08,2028-09-06,2025-10-22,2026-12-05
AST-02523,OLT,BAL-OLT-2524,SITE-0170,Balikpapan,Cisco,CIS-OLT-4881,Active,NusaTel Owned,10 Gbps,2020-02-24,2026-02-22,2025-10-25,2026-03-30
AST-02524,OLT,BAL-OLT-2525,SITE-0170,Balikpapan,Ericsson,ERI-OLT-3743,Maintenance,Partner,10 Gbps,2020-06-17,2022-06-17,2025-10-11,2026-01-04
AST-02525,OLT,BAL-OLT-2526,SITE-0170,Balikpapan,Ericsson,ERI-OLT-7358,Active,Leased,10 Gbps,2022-07-27,2029-07-25,2025-10-11,2026-05-26
AST-02526,OLT,BAL-OLT-2527,SITE-0170,Balikpapan,Ericsson,ERI-OLT-7102,Active,NusaTel Owned,10 Gbps,2021-10-17,2027-10-16,2025-12-05,2026-06-08
AST-02527,ODP,BAL-ODP-2528,SITE-0170,Balikpapan,Juniper,JUN-ODP-1526,Active,NusaTel Owned,1 Gbps,2023-08-22,2025-08-21,2025-07-20,2026-12-29
AST-02528,ODP,BAL-ODP-2529,SITE-0170,Balikpapan,Juniper,JUN-ODP-9656,Decommissioned,NusaTel Owned,1 Gbps,2025-01-01,2028-12-31,2025-07-27,2026-07-04
AST-02529,Router,BAL-Router-2530,SITE-0170,Balikpapan,Juniper,JUN-Router-2736,Active,NusaTel Owned,40 Gbps,2023-08-25,2030-08-23,2025-10-14,2026-09-19
AST-02530,Router,BAL-Router-2531,SITE-0170,Balikpapan,Huawei,HUA-Router-1855,Active,Leased,40 Gbps,2025-08-23,2027-08-23,2025-12-07,2026-05-31
AST-02531,Switch,BAL-Switch-2532,SITE-0170,Balikpapan,Nokia,NOK-Switch-1046,Active,NusaTel Owned,10 Gbps,2021-01-23,2027-01-22,2025-08-04,2027-01-01
AST-02532,Switch,BAL-Switch-2533,SITE-0170,Balikpapan,Ericsson,ERI-Switch-8888,Decommissioned,NusaTel Owned,10 Gbps,2025-11-25,2028-11-24,2025-11-10,2026-01-30
AST-02533,Transmission,BAL-Transmission-2534,SITE-0170,Balikpapan,ZTE,ZTE-Transmission-6346,Active,NusaTel Owned,100 Gbps,2020-11-23,2027-11-22,2025-08-10,2026-02-04
AST-02534,Transmission,BAL-Transmission-2535,SITE-0170,Balikpapan,Cisco,CIS-Transmission-2430,Active,NusaTel Owned,100 Gbps,2023-07-06,2025-07-05,2025-07-17,2026-12-04
AST-02535,Transmission,BAL-Transmission-2536,SITE-0170,Balikpapan,Nokia,NOK-Transmission-7152,Active,NusaTel Owned,100 Gbps,2019-07-14,2023-07-13,2025-11-16,2026-01-19
AST-02536,BTS,JAK-BTS-2537,SITE-0171,Jakarta,Juniper,JUN-BTS-9294,Active,NusaTel Owned,100 MHz,2021-10-15,2028-10-13,2025-07-11,2026-12-08
AST-02537,BTS,JAK-BTS-2538,SITE-0171,Jakarta,Huawei,HUA-BTS-2609,Active,NusaTel Owned,100 MHz,2025-04-22,2030-04-21,2025-09-10,2026-06-07
AST-02538,BTS,JAK-BTS-2539,SITE-0171,Jakarta,Huawei,HUA-BTS-4675,Maintenance,NusaTel Owned,100 MHz,2023-12-12,2030-12-10,2025-08-10,2026-10-07
AST-02539,BTS,JAK-BTS-2540,SITE-0171,Jakarta,Huawei,HUA-BTS-3135,Active,NusaTel Owned,100 MHz,2025-05-08,2030-05-07,2025-10-04,2026-05-28
AST-02540,OLT,JAK-OLT-2541,SITE-0171,Jakarta,Ericsson,ERI-OLT-3365,Active,NusaTel Owned,10 Gbps,2019-05-31,2021-05-30,2025-10-21,2026-12-31
AST-02541,OLT,JAK-OLT-2542,SITE-0171,Jakarta,Nokia,NOK-OLT-3223,Active,NusaTel Owned,10 Gbps,2023-08-01,2025-07-31,2025-08-10,2026-09-17
AST-02542,OLT,JAK-OLT-2543,SITE-0171,Jakarta,Ericsson,ERI-OLT-9840,Decommissioned,NusaTel Owned,10 Gbps,2019-08-11,2022-08-10,2025-11-05,2026-03-05
AST-02543,OLT,JAK-OLT-2544,SITE-0171,Jakarta,Huawei,HUA-OLT-2013,Active,Leased,10 Gbps,2017-12-02,2021-12-01,2025-08-04,2026-05-23
AST-02544,ODP,JAK-ODP-2545,SITE-0171,Jakarta,Cisco,CIS-ODP-5762,Active,Leased,1 Gbps,2018-11-29,2021-11-28,2025-08-17,2026-01-17
AST-02545,ODP,JAK-ODP-2546,SITE-0171,Jakarta,Juniper,JUN-ODP-7228,Maintenance,NusaTel Owned,1 Gbps,2019-03-27,2022-03-26,2025-09-25,2026-08-19
AST-02546,ODP,JAK-ODP-2547,SITE-0171,Jakarta,ZTE,ZTE-ODP-4446,Active,NusaTel Owned,1 Gbps,2022-02-09,2028-02-08,2025-09-10,2026-07-01
AST-02547,ODP,JAK-ODP-2548,SITE-0171,Jakarta,Nokia,NOK-ODP-1111,Active,Leased,1 Gbps,2024-12-09,2031-12-08,2025-10-15,2026-03-02
AST-02548,Router,JAK-Router-2549,SITE-0171,Jakarta,Cisco,CIS-Router-8175,Active,NusaTel Owned,40 Gbps,2017-12-13,2024-12-11,2025-07-26,2026-04-12
AST-02549,Switch,JAK-Switch-2550,SITE-0171,Jakarta,Nokia,NOK-Switch-3939,Active,NusaTel Owned,10 Gbps,2021-08-02,2024-08-01,2025-12-25,2026-01-25
AST-02550,Switch,JAK-Switch-2551,SITE-0171,Jakarta,Ericsson,ERI-Switch-5049,Active,NusaTel Owned,10 Gbps,2018-06-13,2024-06-11,2025-10-28,2026-01-17
AST-02551,Switch,JAK-Switch-2552,SITE-0171,Jakarta,Juniper,JUN-Switch-5012,Active,Customer Premises,10 Gbps,2023-01-29,2026-01-28,2025-07-11,2026-04-01
AST-02552,Switch,JAK-Switch-2553,SITE-0171,Jakarta,Huawei,HUA-Switch-7208,Active,NusaTel Owned,10 Gbps,2022-03-17,2026-03-16,2025-10-20,2026-05-28
AST-02553,Transmission,JAK-Transmission-2554,SITE-0171,Jakarta,Nokia,NOK-Transmission-1692,Active,Leased,100 Gbps,2022-06-15,2028-06-13,2025-10-22,2026-10-03
AST-02554,Transmission,JAK-Transmission-2555,SITE-0171,Jakarta,Ericsson,ERI-Transmission-2107,Active,Customer Premises,100 Gbps,2023-09-03,2027-09-02,2025-11-21,2026-06-19
AST-02555,Transmission,JAK-Transmission-2556,SITE-0171,Jakarta,Ericsson,ERI-Transmission-1557,Active,NusaTel Owned,100 Gbps,2020-08-10,2022-08-10,2025-09-27,2026-06-22
AST-02556,Transmission,JAK-Transmission-2557,SITE-0171,Jakarta,Juniper,JUN-Transmission-6568,Active,Customer Premises,100 Gbps,2018-07-19,2020-07-18,2025-11-11,2026-09-14
AST-02557,BTS,BAN-BTS-2558,SITE-0172,Bandung,ZTE,ZTE-BTS-3155,Active,Leased,100 MHz,2019-12-01,2022-11-30,2025-09-18,2026-03-04
AST-02558,BTS,BAN-BTS-2559,SITE-0172,Bandung,Huawei,HUA-BTS-9908,Active,NusaTel Owned,100 MHz,2020-08-11,2027-08-10,2025-11-16,2026-01-24
AST-02559,BTS,BAN-BTS-2560,SITE-0172,Bandung,Ericsson,ERI-BTS-3444,Active,Leased,100 MHz,2022-12-13,2028-12-11,2025-11-20,2026-02-07
AST-02560,OLT,BAN-OLT-2561,SITE-0172,Bandung,Juniper,JUN-OLT-3462,Active,Leased,10 Gbps,2020-11-11,2025-11-10,2025-09-12,2026-12-07
AST-02561,OLT,BAN-OLT-2562,SITE-0172,Bandung,Nokia,NOK-OLT-3188,Maintenance,Customer Premises,10 Gbps,2022-03-05,2026-03-04,2025-12-08,2026-10-26
AST-02562,OLT,BAN-OLT-2563,SITE-0172,Bandung,Cisco,CIS-OLT-6573,Active,Customer Premises,10 Gbps,2021-04-15,2026-04-14,2025-12-10,2026-04-21
AST-02563,OLT,BAN-OLT-2564,SITE-0172,Bandung,Ericsson,ERI-OLT-9059,Active,NusaTel Owned,10 Gbps,2019-05-11,2023-05-10,2025-10-07,2026-04-15
AST-02564,ODP,BAN-ODP-2565,SITE-0172,Bandung,Cisco,CIS-ODP-9805,Faulty,Leased,1 Gbps,2025-07-25,2027-07-25,2025-10-23,2026-09-11
AST-02565,ODP,BAN-ODP-2566,SITE-0172,Bandung,ZTE,ZTE-ODP-4538,Active,NusaTel Owned,1 Gbps,2025-02-25,2031-02-24,2025-09-02,2026-07-11
AST-02566,Router,BAN-Router-2567,SITE-0172,Bandung,Cisco,CIS-Router-7228,Active,NusaTel Owned,40 Gbps,2023-01-03,2029-01-01,2025-09-24,2026-06-06
AST-02567,Router,BAN-Router-2568,SITE-0172,Bandung,ZTE,ZTE-Router-2018,Active,NusaTel Owned,40 Gbps,2022-08-27,2027-08-26,2025-11-13,2026-02-23
AST-02568,Router,BAN-Router-2569,SITE-0172,Bandung,Juniper,JUN-Router-4486,Decommissioned,NusaTel Owned,40 Gbps,2019-09-29,2023-09-28,2025-10-23,2026-08-21
AST-02569,Switch,BAN-Switch-2570,SITE-0172,Bandung,Ericsson,ERI-Switch-2691,Faulty,NusaTel Owned,10 Gbps,2022-11-24,2025-11-23,2025-08-11,2026-06-19
AST-02570,Transmission,BAN-Transmission-2571,SITE-0172,Bandung,Nokia,NOK-Transmission-7212,Active,NusaTel Owned,100 Gbps,2021-05-19,2028-05-17,2025-11-15,2026-09-17
AST-02571,Transmission,BAN-Transmission-2572,SITE-0172,Bandung,Huawei,HUA-Transmission-5302,Active,Partner,100 Gbps,2023-02-25,2028-02-24,2025-12-01,2026-04-05
AST-02572,Transmission,BAN-Transmission-2573,SITE-0172,Bandung,Juniper,JUN-Transmission-1347,Active,Leased,100 Gbps,2021-12-02,2026-12-01,2025-07-15,2026-04-13
AST-02573,BTS,SUR-BTS-2574,SITE-0173,Surabaya,Juniper,JUN-BTS-3842,Active,Partner,100 MHz,2021-06-01,2025-05-31,2025-07-18,2026-05-27
AST-02574,OLT,SUR-OLT-2575,SITE-0173,Surabaya,Cisco,CIS-OLT-6744,Active,NusaTel Owned,10 Gbps,2022-10-26,2025-10-25,2025-07-26,2026-07-16
AST-02575,ODP,SUR-ODP-2576,SITE-0173,Surabaya,Ericsson,ERI-ODP-9680,Active,NusaTel Owned,1 Gbps,2018-05-30,2025-05-28,2025-09-03,2026-07-03
AST-02576,ODP,SUR-ODP-2577,SITE-0173,Surabaya,Juniper,JUN-ODP-1370,Active,NusaTel Owned,1 Gbps,2024-02-23,2030-02-21,2025-08-06,2026-01-23
AST-02577,ODP,SUR-ODP-2578,SITE-0173,Surabaya,Ericsson,ERI-ODP-5162,Active,NusaTel Owned,1 Gbps,2022-08-11,2026-08-10,2025-11-07,2026-09-09
AST-02578,Router,SUR-Router-2579,SITE-0173,Surabaya,Juniper,JUN-Router-8166,Maintenance,NusaTel Owned,40 Gbps,2024-05-31,2030-05-30,2025-09-22,2026-03-18
AST-02579,Router,SUR-Router-2580,SITE-0173,Surabaya,Ericsson,ERI-Router-7112,Active,NusaTel Owned,40 Gbps,2023-04-01,2025-03-31,2025-11-02,2026-04-21
AST-02580,Router,SUR-Router-2581,SITE-0173,Surabaya,Juniper,JUN-Router-6063,Active,Customer Premises,40 Gbps,2021-12-07,2025-12-06,2025-10-08,2026-06-05
AST-02581,Router,SUR-Router-2582,SITE-0173,Surabaya,Juniper,JUN-Router-9371,Active,NusaTel Owned,40 Gbps,2021-01-01,2025-12-31,2025-08-31,2026-03-23
AST-02582,Switch,SUR-Switch-2583,SITE-0173,Surabaya,Cisco,CIS-Switch-5236,Active,Leased,10 Gbps,2021-12-15,2023-12-15,2025-09-13,2026-08-26
AST-02583,Switch,SUR-Switch-2584,SITE-0173,Surabaya,Huawei,HUA-Switch-6470,Active,Leased,10 Gbps,2017-11-19,2023-11-18,2025-09-21,2026-02-09
AST-02584,Transmission,SUR-Transmission-2585,SITE-0173,Surabaya,ZTE,ZTE-Transmission-1005,Active,NusaTel Owned,100 Gbps,2019-03-28,2026-03-26,2025-09-22,2026-08-26
AST-02585,Transmission,SUR-Transmission-2586,SITE-0173,Surabaya,Juniper,JUN-Transmission-2321,Active,NusaTel Owned,100 Gbps,2018-08-19,2024-08-17,2025-11-22,2026-08-09
AST-02586,Transmission,SUR-Transmission-2587,SITE-0173,Surabaya,Huawei,HUA-Transmission-8226,Maintenance,NusaTel Owned,100 Gbps,2023-01-13,2027-01-12,2025-09-13,2026-05-12
AST-02587,Transmission,SUR-Transmission-2588,SITE-0173,Surabaya,Nokia,NOK-Transmission-9551,Active,NusaTel Owned,100 Gbps,2019-08-29,2022-08-28,2025-11-01,2026-12-04
AST-02588,BTS,MED-BTS-2589,SITE-0174,Medan,Huawei,HUA-BTS-4145,Active,NusaTel Owned,100 MHz,2019-05-02,2021-05-01,2025-09-01,2026-06-23
AST-02589,OLT,MED-OLT-2590,SITE-0174,Medan,Juniper,JUN-OLT-1495,Faulty,Customer Premises,10 Gbps,2018-02-27,2020-02-27,2025-08-10,2026-08-27
AST-02590,OLT,MED-OLT-2591,SITE-0174,Medan,Juniper,JUN-OLT-4306,Active,NusaTel Owned,10 Gbps,2025-04-06,2028-04-05,2025-12-24,2026-02-02
AST-02591,OLT,MED-OLT-2592,SITE-0174,Medan,Nokia,NOK-OLT-6376,Active,Customer Premises,10 Gbps,2021-03-26,2027-03-25,2025-08-14,2026-08-06
AST-02592,ODP,MED-ODP-2593,SITE-0174,Medan,Nokia,NOK-ODP-1262,Decommissioned,NusaTel Owned,1 Gbps,2024-08-06,2026-08-06,2025-09-01,2026-06-06
AST-02593,ODP,MED-ODP-2594,SITE-0174,Medan,Juniper,JUN-ODP-3300,Active,Customer Premises,1 Gbps,2024-03-18,2026-03-18,2025-09-04,2026-05-28
AST-02594,ODP,MED-ODP-2595,SITE-0174,Medan,Cisco,CIS-ODP-7588,Active,NusaTel Owned,1 Gbps,2019-03-05,2026-03-03,2025-12-25,2026-08-18
AST-02595,ODP,MED-ODP-2596,SITE-0174,Medan,Ericsson,ERI-ODP-9526,Active,NusaTel Owned,1 Gbps,2025-09-20,2031-09-19,2025-10-05,2026-02-17
AST-02596,Router,MED-Router-2597,SITE-0174,Medan,Huawei,HUA-Router-5778,Active,NusaTel Owned,40 Gbps,2021-11-04,2027-11-03,2025-10-31,2026-05-09
AST-02597,Router,MED-Router-2598,SITE-0174,Medan,Juniper,JUN-Router-9449,Decommissioned,NusaTel Owned,40 Gbps,2024-05-11,2028-05-10,2025-12-23,2026-04-13
AST-02598,Router,MED-Router-2599,SITE-0174,Medan,Huawei,HUA-Router-2486,Active,Customer Premises,40 Gbps,2021-08-04,2025-08-03,2025-07-11,2026-02-21
AST-02599,Router,MED-Router-2600,SITE-0174,Medan,Nokia,NOK-Router-1368,Active,NusaTel Owned,40 Gbps,2021-11-02,2028-10-31,2025-10-01,2026-03-01
AST-02600,Switch,MED-Switch-2601,SITE-0174,Medan,Cisco,CIS-Switch-1909,Active,NusaTel Owned,10 Gbps,2025-05-01,2031-04-30,2025-07-11,2026-01-23
AST-02601,Transmission,MED-Transmission-2602,SITE-0174,Medan,ZTE,ZTE-Transmission-4461,Active,NusaTel Owned,100 Gbps,2024-08-30,2027-08-30,2025-07-26,2026-07-17
AST-02602,Transmission,MED-Transmission-2603,SITE-0174,Medan,Cisco,CIS-Transmission-1793,Active,NusaTel Owned,100 Gbps,2021-09-04,2028-09-02,2025-08-18,2026-10-27
AST-02603,BTS,MAK-BTS-2604,SITE-0175,Makassar,Huawei,HUA-BTS-4455,Active,NusaTel Owned,100 MHz,2017-10-19,2020-10-18,2025-10-19,2026-04-16
AST-02604,BTS,MAK-BTS-2605,SITE-0175,Makassar,ZTE,ZTE-BTS-3059,Active,NusaTel Owned,100 MHz,2019-01-15,2022-01-14,2025-12-26,2026-03-19
AST-02605,BTS,MAK-BTS-2606,SITE-0175,Makassar,Nokia,NOK-BTS-2289,Faulty,Partner,100 MHz,2024-06-02,2030-06-01,2025-08-09,2026-04-13
AST-02606,BTS,MAK-BTS-2607,SITE-0175,Makassar,Huawei,HUA-BTS-9616,Active,NusaTel Owned,100 MHz,2024-02-04,2029-02-02,2025-12-21,2026-03-22
AST-02607,OLT,MAK-OLT-2608,SITE-0175,Makassar,Ericsson,ERI-OLT-2117,Active,Partner,10 Gbps,2021-02-11,2025-02-10,2025-09-10,2026-06-22
AST-02608,OLT,MAK-OLT-2609,SITE-0175,Makassar,Cisco,CIS-OLT-2661,Decommissioned,NusaTel Owned,10 Gbps,2024-02-14,2030-02-12,2025-10-09,2026-03-18
AST-02609,OLT,MAK-OLT-2610,SITE-0175,Makassar,Nokia,NOK-OLT-1048,Active,NusaTel Owned,10 Gbps,2021-05-04,2023-05-04,2025-08-12,2026-11-06
AST-02610,ODP,MAK-ODP-2611,SITE-0175,Makassar,ZTE,ZTE-ODP-3577,Active,Partner,1 Gbps,2018-11-04,2024-11-02,2025-11-30,2026-09-05
AST-02611,ODP,MAK-ODP-2612,SITE-0175,Makassar,Nokia,NOK-ODP-7837,Active,NusaTel Owned,1 Gbps,2021-01-17,2023-01-17,2025-09-01,2026-01-31
AST-02612,Router,MAK-Router-2613,SITE-0175,Makassar,Cisco,CIS-Router-9184,Active,NusaTel Owned,40 Gbps,2021-05-20,2025-05-19,2025-12-28,2026-02-13
AST-02613,Router,MAK-Router-2614,SITE-0175,Makassar,Juniper,JUN-Router-8907,Active,Partner,40 Gbps,2025-11-13,2031-11-12,2025-10-07,2026-09-08
AST-02614,Router,MAK-Router-2615,SITE-0175,Makassar,ZTE,ZTE-Router-2861,Active,NusaTel Owned,40 Gbps,2018-03-26,2022-03-25,2025-12-15,2026-11-02
AST-02615,Router,MAK-Router-2616,SITE-0175,Makassar,Juniper,JUN-Router-2611,Active,NusaTel Owned,40 Gbps,2021-10-22,2025-10-21,2025-08-03,2026-06-21
AST-02616,Switch,MAK-Switch-2617,SITE-0175,Makassar,Huawei,HUA-Switch-8931,Active,NusaTel Owned,10 Gbps,2021-12-31,2024-12-30,2025-08-12,2026-05-04
AST-02617,Switch,MAK-Switch-2618,SITE-0175,Makassar,ZTE,ZTE-Switch-7185,Active,NusaTel Owned,10 Gbps,2020-12-14,2022-12-14,2025-09-17,2026-11-29
AST-02618,Transmission,MAK-Transmission-2619,SITE-0175,Makassar,ZTE,ZTE-Transmission-2178,Active,Customer Premises,100 Gbps,2021-09-18,2027-09-17,2025-08-20,2026-10-03
AST-02619,Transmission,MAK-Transmission-2620,SITE-0175,Makassar,Ericsson,ERI-Transmission-2764,Active,Customer Premises,100 Gbps,2025-07-16,2030-07-15,2025-10-25,2026-07-01
AST-02620,Transmission,MAK-Transmission-2621,SITE-0175,Makassar,Huawei,HUA-Transmission-1180,Active,NusaTel Owned,100 Gbps,2017-12-26,2023-12-25,2025-11-19,2026-08-12
AST-02621,Transmission,MAK-Transmission-2622,SITE-0175,Makassar,Huawei,HUA-Transmission-4675,Active,NusaTel Owned,100 Gbps,2023-01-02,2028-01-01,2025-10-03,2026-02-23
AST-02622,BTS,SEM-BTS-2623,SITE-0176,Semarang,Nokia,NOK-BTS-7555,Active,Customer Premises,100 MHz,2021-02-13,2028-02-12,2025-12-21,2026-11-02
AST-02623,BTS,SEM-BTS-2624,SITE-0176,Semarang,Nokia,NOK-BTS-5787,Active,NusaTel Owned,100 MHz,2025-11-10,2028-11-09,2025-10-27,2026-07-06
AST-02624,BTS,SEM-BTS-2625,SITE-0176,Semarang,Cisco,CIS-BTS-1576,Maintenance,NusaTel Owned,100 MHz,2023-08-04,2028-08-02,2025-09-21,2026-09-20
AST-02625,OLT,SEM-OLT-2626,SITE-0176,Semarang,Huawei,HUA-OLT-8451,Active,NusaTel Owned,10 Gbps,2022-09-29,2025-09-28,2025-10-20,2026-02-23
AST-02626,OLT,SEM-OLT-2627,SITE-0176,Semarang,Juniper,JUN-OLT-5830,Active,NusaTel Owned,10 Gbps,2021-10-17,2025-10-16,2025-11-30,2026-07-05
AST-02627,OLT,SEM-OLT-2628,SITE-0176,Semarang,Ericsson,ERI-OLT-5648,Maintenance,NusaTel Owned,10 Gbps,2020-07-01,2023-07-01,2025-08-11,2026-04-06
AST-02628,ODP,SEM-ODP-2629,SITE-0176,Semarang,Cisco,CIS-ODP-6445,Active,NusaTel Owned,1 Gbps,2025-02-14,2028-02-14,2025-11-08,2026-11-12
AST-02629,ODP,SEM-ODP-2630,SITE-0176,Semarang,Juniper,JUN-ODP-8426,Maintenance,NusaTel Owned,1 Gbps,2021-06-25,2024-06-24,2025-07-24,2026-02-27
AST-02630,Router,SEM-Router-2631,SITE-0176,Semarang,Ericsson,ERI-Router-9366,Active,Leased,40 Gbps,2024-03-27,2026-03-27,2025-12-12,2026-03-11
AST-02631,Router,SEM-Router-2632,SITE-0176,Semarang,Nokia,NOK-Router-6921,Active,NusaTel Owned,40 Gbps,2020-07-26,2025-07-25,2025-08-11,2026-10-11
AST-02632,Router,SEM-Router-2633,SITE-0176,Semarang,Nokia,NOK-Router-1262,Active,NusaTel Owned,40 Gbps,2024-05-23,2029-05-22,2025-08-30,2026-02-05
AST-02633,Switch,SEM-Switch-2634,SITE-0176,Semarang,Juniper,JUN-Switch-5799,Active,NusaTel Owned,10 Gbps,2018-09-25,2023-09-24,2025-11-11,2026-07-08
AST-02634,Switch,SEM-Switch-2635,SITE-0176,Semarang,Ericsson,ERI-Switch-1323,Active,Leased,10 Gbps,2019-06-08,2023-06-07,2025-11-20,2026-12-17
AST-02635,Switch,SEM-Switch-2636,SITE-0176,Semarang,Cisco,CIS-Switch-8063,Active,NusaTel Owned,10 Gbps,2018-07-30,2024-07-28,2025-12-26,2026-06-06
AST-02636,Transmission,SEM-Transmission-2637,SITE-0176,Semarang,Huawei,HUA-Transmission-3285,Active,NusaTel Owned,100 Gbps,2025-06-22,2030-06-21,2025-11-15,2026-12-19
AST-02637,Transmission,SEM-Transmission-2638,SITE-0176,Semarang,Cisco,CIS-Transmission-6773,Active,NusaTel Owned,100 Gbps,2019-01-22,2024-01-21,2025-08-05,2026-11-16
AST-02638,Transmission,SEM-Transmission-2639,SITE-0176,Semarang,ZTE,ZTE-Transmission-4022,Active,NusaTel Owned,100 Gbps,2021-06-07,2025-06-06,2025-12-04,2026-10-09
AST-02639,BTS,YOG-BTS-2640,SITE-0177,Yogyakarta,Huawei,HUA-BTS-3062,Decommissioned,Customer Premises,100 MHz,2023-11-18,2026-11-17,2025-07-19,2026-12-21
AST-02640,OLT,YOG-OLT-2641,SITE-0177,Yogyakarta,Juniper,JUN-OLT-9545,Active,NusaTel Owned,10 Gbps,2024-08-31,2030-08-30,2025-08-21,2026-05-08
AST-02641,OLT,YOG-OLT-2642,SITE-0177,Yogyakarta,Nokia,NOK-OLT-2139,Active,NusaTel Owned,10 Gbps,2021-11-25,2025-11-24,2025-12-25,2026-02-16
AST-02642,OLT,YOG-OLT-2643,SITE-0177,Yogyakarta,Nokia,NOK-OLT-2806,Active,NusaTel Owned,10 Gbps,2024-09-17,2031-09-16,2025-09-20,2026-04-06
AST-02643,ODP,YOG-ODP-2644,SITE-0177,Yogyakarta,Juniper,JUN-ODP-9778,Active,NusaTel Owned,1 Gbps,2022-01-22,2027-01-21,2025-07-07,2026-11-24
AST-02644,ODP,YOG-ODP-2645,SITE-0177,Yogyakarta,Ericsson,ERI-ODP-5952,Active,NusaTel Owned,1 Gbps,2023-12-31,2025-12-30,2025-12-19,2026-04-02
AST-02645,ODP,YOG-ODP-2646,SITE-0177,Yogyakarta,ZTE,ZTE-ODP-5878,Active,Customer Premises,1 Gbps,2021-03-12,2026-03-11,2025-11-26,2026-10-08
AST-02646,ODP,YOG-ODP-2647,SITE-0177,Yogyakarta,Nokia,NOK-ODP-5912,Active,NusaTel Owned,1 Gbps,2025-02-11,2032-02-10,2025-07-13,2026-06-09
AST-02647,Router,YOG-Router-2648,SITE-0177,Yogyakarta,Ericsson,ERI-Router-2796,Active,Leased,40 Gbps,2024-10-18,2028-10-17,2025-07-30,2026-08-20
AST-02648,Switch,YOG-Switch-2649,SITE-0177,Yogyakarta,Ericsson,ERI-Switch-7312,Active,NusaTel Owned,10 Gbps,2020-10-08,2024-10-07,2025-07-19,2026-04-30
AST-02649,Switch,YOG-Switch-2650,SITE-0177,Yogyakarta,Nokia,NOK-Switch-6958,Active,Leased,10 Gbps,2021-07-22,2025-07-21,2025-11-07,2026-01-07
AST-02650,Switch,YOG-Switch-2651,SITE-0177,Yogyakarta,Juniper,JUN-Switch-1089,Maintenance,NusaTel Owned,10 Gbps,2022-06-19,2025-06-18,2025-09-25,2026-05-15
AST-02651,Transmission,YOG-Transmission-2652,SITE-0177,Yogyakarta,Nokia,NOK-Transmission-2523,Faulty,NusaTel Owned,100 Gbps,2021-05-19,2028-05-17,2025-07-14,2026-07-23
AST-02652,Transmission,YOG-Transmission-2653,SITE-0177,Yogyakarta,Ericsson,ERI-Transmission-5755,Active,NusaTel Owned,100 Gbps,2019-12-21,2023-12-20,2025-12-18,2026-11-07
AST-02653,Transmission,YOG-Transmission-2654,SITE-0177,Yogyakarta,Nokia,NOK-Transmission-8114,Maintenance,NusaTel Owned,100 Gbps,2017-12-14,2022-12-13,2025-09-09,2026-11-02
AST-02654,Transmission,YOG-Transmission-2655,SITE-0177,Yogyakarta,Huawei,HUA-Transmission-3918,Active,NusaTel Owned,100 Gbps,2025-04-06,2031-04-05,2025-08-20,2026-01-17
AST-02655,BTS,DEN-BTS-2656,SITE-0178,Denpasar,Huawei,HUA-BTS-8175,Active,NusaTel Owned,100 MHz,2020-12-16,2027-12-15,2025-09-04,2026-06-30
AST-02656,BTS,DEN-BTS-2657,SITE-0178,Denpasar,Cisco,CIS-BTS-5714,Maintenance,NusaTel Owned,100 MHz,2023-06-14,2029-06-12,2025-12-17,2026-03-08
AST-02657,BTS,DEN-BTS-2658,SITE-0178,Denpasar,Huawei,HUA-BTS-2598,Active,NusaTel Owned,100 MHz,2022-02-05,2025-02-04,2025-12-13,2026-01-30
AST-02658,OLT,DEN-OLT-2659,SITE-0178,Denpasar,Cisco,CIS-OLT-5409,Active,NusaTel Owned,10 Gbps,2020-08-22,2027-08-21,2025-09-24,2026-07-16
AST-02659,ODP,DEN-ODP-2660,SITE-0178,Denpasar,Nokia,NOK-ODP-6419,Active,NusaTel Owned,1 Gbps,2018-10-11,2021-10-10,2025-10-09,2026-07-19
AST-02660,ODP,DEN-ODP-2661,SITE-0178,Denpasar,Cisco,CIS-ODP-5471,Active,Customer Premises,1 Gbps,2021-05-06,2027-05-05,2025-10-10,2026-10-07
AST-02661,ODP,DEN-ODP-2662,SITE-0178,Denpasar,Juniper,JUN-ODP-1871,Active,NusaTel Owned,1 Gbps,2018-09-14,2022-09-13,2025-12-20,2026-03-19
AST-02662,Router,DEN-Router-2663,SITE-0178,Denpasar,Ericsson,ERI-Router-4659,Active,Leased,40 Gbps,2022-02-10,2025-02-09,2025-11-04,2026-07-23
AST-02663,Router,DEN-Router-2664,SITE-0178,Denpasar,Nokia,NOK-Router-6061,Faulty,Leased,40 Gbps,2021-06-07,2028-06-05,2025-12-09,2026-12-12
AST-02664,Router,DEN-Router-2665,SITE-0178,Denpasar,Juniper,JUN-Router-6660,Maintenance,NusaTel Owned,40 Gbps,2018-06-21,2022-06-20,2025-09-29,2026-03-17
AST-02665,Router,DEN-Router-2666,SITE-0178,Denpasar,Juniper,JUN-Router-9655,Decommissioned,NusaTel Owned,40 Gbps,2018-12-02,2024-11-30,2025-08-26,2026-01-29
AST-02666,Switch,DEN-Switch-2667,SITE-0178,Denpasar,Juniper,JUN-Switch-7102,Active,NusaTel Owned,10 Gbps,2025-10-29,2028-10-28,2025-08-08,2026-11-30
AST-02667,Switch,DEN-Switch-2668,SITE-0178,Denpasar,Huawei,HUA-Switch-2824,Active,Partner,10 Gbps,2024-09-28,2026-09-28,2025-07-14,2026-09-15
AST-02668,Transmission,DEN-Transmission-2669,SITE-0178,Denpasar,Huawei,HUA-Transmission-5633,Active,Customer Premises,100 Gbps,2020-10-11,2027-10-10,2025-09-20,2026-12-09
AST-02669,BTS,PAL-BTS-2670,SITE-0179,Palembang,ZTE,ZTE-BTS-1892,Maintenance,NusaTel Owned,100 MHz,2019-08-17,2026-08-15,2025-09-14,2026-10-23
AST-02670,BTS,PAL-BTS-2671,SITE-0179,Palembang,Juniper,JUN-BTS-7225,Active,NusaTel Owned,100 MHz,2019-03-26,2024-03-24,2025-10-20,2026-04-12
AST-02671,BTS,PAL-BTS-2672,SITE-0179,Palembang,Huawei,HUA-BTS-1659,Active,NusaTel Owned,100 MHz,2018-05-08,2025-05-06,2025-08-07,2026-10-15
AST-02672,OLT,PAL-OLT-2673,SITE-0179,Palembang,ZTE,ZTE-OLT-7549,Faulty,NusaTel Owned,10 Gbps,2018-06-29,2021-06-28,2025-09-04,2026-10-19
AST-02673,OLT,PAL-OLT-2674,SITE-0179,Palembang,Ericsson,ERI-OLT-9287,Active,NusaTel Owned,10 Gbps,2024-07-18,2031-07-17,2025-11-07,2026-05-16
AST-02674,OLT,PAL-OLT-2675,SITE-0179,Palembang,Juniper,JUN-OLT-8639,Active,Customer Premises,10 Gbps,2019-10-14,2026-10-12,2025-09-09,2026-06-15
AST-02675,ODP,PAL-ODP-2676,SITE-0179,Palembang,Cisco,CIS-ODP-2518,Active,Leased,1 Gbps,2023-08-31,2029-08-29,2025-10-29,2026-06-12
AST-02676,ODP,PAL-ODP-2677,SITE-0179,Palembang,Juniper,JUN-ODP-5114,Active,NusaTel Owned,1 Gbps,2019-04-20,2026-04-18,2025-10-02,2026-01-10
AST-02677,Router,PAL-Router-2678,SITE-0179,Palembang,Huawei,HUA-Router-4535,Active,NusaTel Owned,40 Gbps,2025-07-06,2029-07-05,2025-08-07,2026-09-06
AST-02678,Router,PAL-Router-2679,SITE-0179,Palembang,Nokia,NOK-Router-3288,Active,NusaTel Owned,40 Gbps,2020-06-28,2024-06-27,2025-11-30,2026-03-16
AST-02679,Router,PAL-Router-2680,SITE-0179,Palembang,Huawei,HUA-Router-8187,Active,NusaTel Owned,40 Gbps,2018-05-09,2025-05-07,2025-07-24,2026-10-11
AST-02680,Switch,PAL-Switch-2681,SITE-0179,Palembang,Juniper,JUN-Switch-7425,Maintenance,NusaTel Owned,10 Gbps,2019-08-12,2026-08-10,2025-11-30,2026-06-05
AST-02681,Switch,PAL-Switch-2682,SITE-0179,Palembang,Juniper,JUN-Switch-7345,Decommissioned,NusaTel Owned,10 Gbps,2020-10-16,2027-10-15,2025-10-30,2026-03-12
AST-02682,Transmission,PAL-Transmission-2683,SITE-0179,Palembang,Juniper,JUN-Transmission-2643,Active,Leased,100 Gbps,2018-08-13,2022-08-12,2025-11-08,2026-07-11
AST-02683,Transmission,PAL-Transmission-2684,SITE-0179,Palembang,Cisco,CIS-Transmission-3749,Active,NusaTel Owned,100 Gbps,2022-06-13,2029-06-11,2025-10-16,2026-11-11
AST-02684,BTS,BAL-BTS-2685,SITE-0180,Balikpapan,Huawei,HUA-BTS-9374,Maintenance,NusaTel Owned,100 MHz,2022-08-18,2028-08-16,2025-08-26,2026-12-31
AST-02685,BTS,BAL-BTS-2686,SITE-0180,Balikpapan,ZTE,ZTE-BTS-5914,Active,NusaTel Owned,100 MHz,2025-07-09,2029-07-08,2025-08-03,2026-11-19
AST-02686,BTS,BAL-BTS-2687,SITE-0180,Balikpapan,Juniper,JUN-BTS-5686,Active,Leased,100 MHz,2023-08-22,2030-08-20,2025-11-02,2026-01-25
AST-02687,BTS,BAL-BTS-2688,SITE-0180,Balikpapan,Cisco,CIS-BTS-9965,Maintenance,NusaTel Owned,100 MHz,2022-02-15,2024-02-15,2025-08-28,2026-04-09
AST-02688,OLT,BAL-OLT-2689,SITE-0180,Balikpapan,ZTE,ZTE-OLT-6905,Active,Leased,10 Gbps,2024-05-21,2029-05-20,2025-07-10,2026-03-20
AST-02689,OLT,BAL-OLT-2690,SITE-0180,Balikpapan,Cisco,CIS-OLT-6831,Active,Customer Premises,10 Gbps,2021-06-22,2027-06-21,2025-09-19,2026-02-18
AST-02690,OLT,BAL-OLT-2691,SITE-0180,Balikpapan,Ericsson,ERI-OLT-5857,Active,Leased,10 Gbps,2019-07-08,2024-07-06,2025-08-23,2026-05-25
AST-02691,OLT,BAL-OLT-2692,SITE-0180,Balikpapan,ZTE,ZTE-OLT-9315,Active,NusaTel Owned,10 Gbps,2020-03-28,2022-03-28,2025-07-06,2026-10-09
AST-02692,ODP,BAL-ODP-2693,SITE-0180,Balikpapan,Ericsson,ERI-ODP-5010,Active,Partner,1 Gbps,2022-12-29,2029-12-27,2025-12-12,2026-08-24
AST-02693,ODP,BAL-ODP-2694,SITE-0180,Balikpapan,ZTE,ZTE-ODP-3575,Active,NusaTel Owned,1 Gbps,2023-12-09,2028-12-07,2025-11-13,2026-05-25
AST-02694,ODP,BAL-ODP-2695,SITE-0180,Balikpapan,Nokia,NOK-ODP-6148,Active,Customer Premises,1 Gbps,2025-10-22,2029-10-21,2025-07-10,2026-12-31
AST-02695,ODP,BAL-ODP-2696,SITE-0180,Balikpapan,Juniper,JUN-ODP-4252,Active,NusaTel Owned,1 Gbps,2025-09-10,2029-09-09,2025-09-03,2026-06-24
AST-02696,Router,BAL-Router-2697,SITE-0180,Balikpapan,Huawei,HUA-Router-5102,Active,Leased,40 Gbps,2023-01-18,2026-01-17,2025-09-20,2026-01-12
AST-02697,Router,BAL-Router-2698,SITE-0180,Balikpapan,Cisco,CIS-Router-8846,Active,Partner,40 Gbps,2024-05-09,2031-05-08,2025-11-18,2026-10-23
AST-02698,Router,BAL-Router-2699,SITE-0180,Balikpapan,Ericsson,ERI-Router-8939,Active,NusaTel Owned,40 Gbps,2024-02-23,2030-02-21,2025-11-06,2026-11-24
AST-02699,Router,BAL-Router-2700,SITE-0180,Balikpapan,Ericsson,ERI-Router-3180,Active,Partner,40 Gbps,2025-07-07,2029-07-06,2025-12-02,2026-01-20
AST-02700,Switch,BAL-Switch-2701,SITE-0180,Balikpapan,Nokia,NOK-Switch-4646,Active,NusaTel Owned,10 Gbps,2023-02-24,2028-02-23,2025-12-22,2026-07-01
AST-02701,Transmission,BAL-Transmission-2702,SITE-0180,Balikpapan,Juniper,JUN-Transmission-9308,Active,NusaTel Owned,100 Gbps,2020-11-02,2026-11-01,2025-12-08,2026-02-07
AST-02702,BTS,JAK-BTS-2703,SITE-0181,Jakarta,Cisco,CIS-BTS-9288,Active,Customer Premises,100 MHz,2019-05-28,2022-05-27,2025-12-21,2026-06-30
AST-02703,BTS,JAK-BTS-2704,SITE-0181,Jakarta,Huawei,HUA-BTS-2541,Active,NusaTel Owned,100 MHz,2021-03-26,2025-03-25,2025-12-28,2026-05-12
AST-02704,BTS,JAK-BTS-2705,SITE-0181,Jakarta,ZTE,ZTE-BTS-1720,Active,Partner,100 MHz,2024-02-01,2031-01-30,2025-08-11,2026-02-18
AST-02705,BTS,JAK-BTS-2706,SITE-0181,Jakarta,Ericsson,ERI-BTS-2870,Active,NusaTel Owned,100 MHz,2019-08-08,2021-08-07,2025-10-28,2026-02-25
AST-02706,OLT,JAK-OLT-2707,SITE-0181,Jakarta,Ericsson,ERI-OLT-2204,Active,NusaTel Owned,10 Gbps,2019-11-21,2022-11-20,2025-10-22,2026-05-05
AST-02707,ODP,JAK-ODP-2708,SITE-0181,Jakarta,Nokia,NOK-ODP-5109,Active,NusaTel Owned,1 Gbps,2019-06-14,2021-06-13,2025-07-28,2026-11-23
AST-02708,ODP,JAK-ODP-2709,SITE-0181,Jakarta,Cisco,CIS-ODP-7407,Maintenance,Leased,1 Gbps,2018-07-08,2022-07-07,2025-09-22,2026-08-09
AST-02709,ODP,JAK-ODP-2710,SITE-0181,Jakarta,Huawei,HUA-ODP-2650,Active,NusaTel Owned,1 Gbps,2018-09-26,2020-09-25,2025-08-17,2026-05-13
AST-02710,ODP,JAK-ODP-2711,SITE-0181,Jakarta,Nokia,NOK-ODP-2918,Maintenance,NusaTel Owned,1 Gbps,2022-05-18,2025-05-17,2025-09-06,2026-04-02
AST-02711,Router,JAK-Router-2712,SITE-0181,Jakarta,Cisco,CIS-Router-4321,Active,NusaTel Owned,40 Gbps,2018-10-07,2025-10-05,2025-11-29,2026-04-30
AST-02712,Switch,JAK-Switch-2713,SITE-0181,Jakarta,Ericsson,ERI-Switch-8897,Active,NusaTel Owned,10 Gbps,2023-11-30,2025-11-29,2025-08-23,2026-01-25
AST-02713,Switch,JAK-Switch-2714,SITE-0181,Jakarta,Ericsson,ERI-Switch-1094,Active,Leased,10 Gbps,2023-03-12,2025-03-11,2025-10-21,2026-05-27
AST-02714,Switch,JAK-Switch-2715,SITE-0181,Jakarta,Juniper,JUN-Switch-8918,Maintenance,NusaTel Owned,10 Gbps,2021-12-23,2025-12-22,2025-12-12,2026-10-26
AST-02715,Transmission,JAK-Transmission-2716,SITE-0181,Jakarta,Juniper,JUN-Transmission-6733,Maintenance,NusaTel Owned,100 Gbps,2024-07-11,2026-07-11,2025-09-04,2026-05-30
AST-02716,Transmission,JAK-Transmission-2717,SITE-0181,Jakarta,ZTE,ZTE-Transmission-2033,Decommissioned,NusaTel Owned,100 Gbps,2018-02-01,2021-01-31,2025-08-14,2026-01-02
AST-02717,BTS,BAN-BTS-2718,SITE-0182,Bandung,Ericsson,ERI-BTS-1913,Active,NusaTel Owned,100 MHz,2018-09-02,2025-08-31,2025-10-15,2026-12-12
AST-02718,BTS,BAN-BTS-2719,SITE-0182,Bandung,Nokia,NOK-BTS-6474,Active,Partner,100 MHz,2023-05-11,2029-05-09,2025-12-28,2026-12-10
AST-02719,OLT,BAN-OLT-2720,SITE-0182,Bandung,Cisco,CIS-OLT-3368,Active,NusaTel Owned,10 Gbps,2021-08-14,2025-08-13,2025-07-25,2026-09-02
AST-02720,ODP,BAN-ODP-2721,SITE-0182,Bandung,Huawei,HUA-ODP-1220,Maintenance,NusaTel Owned,1 Gbps,2023-12-09,2026-12-08,2025-11-13,2026-09-08
AST-02721,ODP,BAN-ODP-2722,SITE-0182,Bandung,Cisco,CIS-ODP-4592,Active,Leased,1 Gbps,2024-03-20,2026-03-20,2025-11-13,2026-11-09
AST-02722,ODP,BAN-ODP-2723,SITE-0182,Bandung,Nokia,NOK-ODP-8628,Maintenance,NusaTel Owned,1 Gbps,2022-10-02,2025-10-01,2025-12-14,2026-02-11
AST-02723,Router,BAN-Router-2724,SITE-0182,Bandung,Nokia,NOK-Router-3684,Active,NusaTel Owned,40 Gbps,2023-08-02,2028-07-31,2025-08-23,2026-11-10
AST-02724,Router,BAN-Router-2725,SITE-0182,Bandung,Huawei,HUA-Router-7128,Active,Leased,40 Gbps,2020-03-09,2026-03-08,2025-09-20,2026-11-17
AST-02725,Switch,BAN-Switch-2726,SITE-0182,Bandung,Cisco,CIS-Switch-4543,Active,NusaTel Owned,10 Gbps,2022-03-28,2027-03-27,2025-09-24,2026-08-18
AST-02726,Transmission,BAN-Transmission-2727,SITE-0182,Bandung,Juniper,JUN-Transmission-6503,Active,NusaTel Owned,100 Gbps,2019-06-12,2022-06-11,2025-07-13,2026-07-14
AST-02727,Transmission,BAN-Transmission-2728,SITE-0182,Bandung,Cisco,CIS-Transmission-3658,Active,NusaTel Owned,100 Gbps,2017-11-01,2022-10-31,2025-12-24,2026-10-16
AST-02728,Transmission,BAN-Transmission-2729,SITE-0182,Bandung,ZTE,ZTE-Transmission-4857,Active,NusaTel Owned,100 Gbps,2017-12-23,2023-12-22,2025-12-14,2026-07-27
AST-02729,Transmission,BAN-Transmission-2730,SITE-0182,Bandung,Ericsson,ERI-Transmission-3273,Active,NusaTel Owned,100 Gbps,2018-04-13,2024-04-11,2025-11-25,2026-04-25
AST-02730,BTS,SUR-BTS-2731,SITE-0183,Surabaya,ZTE,ZTE-BTS-9903,Active,NusaTel Owned,100 MHz,2019-12-16,2022-12-15,2025-10-22,2026-10-29
AST-02731,BTS,SUR-BTS-2732,SITE-0183,Surabaya,ZTE,ZTE-BTS-9540,Active,NusaTel Owned,100 MHz,2020-07-30,2024-07-29,2025-07-23,2026-08-20
AST-02732,BTS,SUR-BTS-2733,SITE-0183,Surabaya,Huawei,HUA-BTS-2383,Faulty,Leased,100 MHz,2023-05-02,2029-04-30,2025-12-25,2026-05-06
AST-02733,OLT,SUR-OLT-2734,SITE-0183,Surabaya,Ericsson,ERI-OLT-4152,Active,Leased,10 Gbps,2024-09-09,2031-09-08,2025-11-25,2026-12-12
AST-02734,OLT,SUR-OLT-2735,SITE-0183,Surabaya,Ericsson,ERI-OLT-8584,Active,NusaTel Owned,10 Gbps,2017-11-19,2021-11-18,2025-07-23,2026-05-30
AST-02735,ODP,SUR-ODP-2736,SITE-0183,Surabaya,Cisco,CIS-ODP-7630,Active,NusaTel Owned,1 Gbps,2023-02-02,2025-02-01,2025-09-24,2026-07-02
AST-02736,Router,SUR-Router-2737,SITE-0183,Surabaya,Juniper,JUN-Router-7992,Faulty,Customer Premises,40 Gbps,2019-05-22,2025-05-20,2025-07-09,2026-08-21
AST-02737,Router,SUR-Router-2738,SITE-0183,Surabaya,Nokia,NOK-Router-7255,Active,NusaTel Owned,40 Gbps,2025-08-10,2030-08-09,2025-08-01,2026-05-23
AST-02738,Router,SUR-Router-2739,SITE-0183,Surabaya,Ericsson,ERI-Router-3550,Active,NusaTel Owned,40 Gbps,2023-03-23,2030-03-21,2025-11-26,2026-03-01
AST-02739,Router,SUR-Router-2740,SITE-0183,Surabaya,Ericsson,ERI-Router-2879,Decommissioned,NusaTel Owned,40 Gbps,2019-01-05,2023-01-04,2025-10-25,2026-01-14
AST-02740,Switch,SUR-Switch-2741,SITE-0183,Surabaya,Ericsson,ERI-Switch-2790,Active,Customer Premises,10 Gbps,2020-08-14,2022-08-14,2025-11-15,2026-03-06
AST-02741,Transmission,SUR-Transmission-2742,SITE-0183,Surabaya,Cisco,CIS-Transmission-6259,Active,NusaTel Owned,100 Gbps,2022-10-15,2027-10-14,2025-11-06,2026-05-25
AST-02742,Transmission,SUR-Transmission-2743,SITE-0183,Surabaya,ZTE,ZTE-Transmission-3991,Active,Leased,100 Gbps,2022-01-01,2027-12-31,2025-11-12,2026-10-14
AST-02743,Transmission,SUR-Transmission-2744,SITE-0183,Surabaya,Ericsson,ERI-Transmission-1393,Decommissioned,NusaTel Owned,100 Gbps,2024-01-19,2027-01-18,2025-07-20,2026-08-08
AST-02744,Transmission,SUR-Transmission-2745,SITE-0183,Surabaya,Juniper,JUN-Transmission-4624,Active,Customer Premises,100 Gbps,2019-03-13,2021-03-12,2025-10-23,2026-04-13
AST-02745,BTS,MED-BTS-2746,SITE-0184,Medan,Juniper,JUN-BTS-5700,Active,Customer Premises,100 MHz,2022-02-28,2025-02-27,2025-11-28,2026-10-30
AST-02746,BTS,MED-BTS-2747,SITE-0184,Medan,Huawei,HUA-BTS-9617,Active,Leased,100 MHz,2021-06-16,2025-06-15,2025-11-16,2026-02-26
AST-02747,OLT,MED-OLT-2748,SITE-0184,Medan,Nokia,NOK-OLT-9554,Active,Customer Premises,10 Gbps,2021-02-14,2026-02-13,2025-11-16,2026-03-26
AST-02748,ODP,MED-ODP-2749,SITE-0184,Medan,Nokia,NOK-ODP-8034,Maintenance,NusaTel Owned,1 Gbps,2020-06-06,2022-06-06,2025-11-25,2026-01-15
AST-02749,ODP,MED-ODP-2750,SITE-0184,Medan,Ericsson,ERI-ODP-6467,Active,NusaTel Owned,1 Gbps,2018-07-24,2022-07-23,2025-07-27,2026-03-13
AST-02750,ODP,MED-ODP-2751,SITE-0184,Medan,Huawei,HUA-ODP-4868,Decommissioned,Leased,1 Gbps,2024-05-03,2031-05-02,2025-07-11,2026-03-16
AST-02751,Router,MED-Router-2752,SITE-0184,Medan,Nokia,NOK-Router-3497,Maintenance,NusaTel Owned,40 Gbps,2020-09-07,2026-09-06,2025-08-29,2026-05-31
AST-02752,Router,MED-Router-2753,SITE-0184,Medan,Ericsson,ERI-Router-4337,Active,NusaTel Owned,40 Gbps,2023-05-01,2025-04-30,2025-10-14,2026-10-11
AST-02753,Router,MED-Router-2754,SITE-0184,Medan,Cisco,CIS-Router-3433,Active,NusaTel Owned,40 Gbps,2024-07-18,2029-07-17,2025-08-08,2026-08-19
AST-02754,Router,MED-Router-2755,SITE-0184,Medan,Cisco,CIS-Router-4555,Active,NusaTel Owned,40 Gbps,2020-12-21,2027-12-20,2025-12-31,2026-12-21
AST-02755,Switch,MED-Switch-2756,SITE-0184,Medan,Huawei,HUA-Switch-9050,Active,NusaTel Owned,10 Gbps,2024-04-04,2031-04-03,2025-10-14,2026-03-14
AST-02756,Switch,MED-Switch-2757,SITE-0184,Medan,Juniper,JUN-Switch-6582,Active,NusaTel Owned,10 Gbps,2020-10-15,2025-10-14,2025-10-17,2026-05-01
AST-02757,Transmission,MED-Transmission-2758,SITE-0184,Medan,Cisco,CIS-Transmission-2994,Decommissioned,NusaTel Owned,100 Gbps,2024-04-02,2027-04-02,2025-08-09,2026-11-23
AST-02758,BTS,MAK-BTS-2759,SITE-0185,Makassar,Nokia,NOK-BTS-9071,Maintenance,NusaTel Owned,100 MHz,2021-03-28,2027-03-27,2025-08-26,2026-05-06
AST-02759,BTS,MAK-BTS-2760,SITE-0185,Makassar,ZTE,ZTE-BTS-7643,Active,NusaTel Owned,100 MHz,2018-06-27,2023-06-26,2025-11-24,2026-03-11
AST-02760,BTS,MAK-BTS-2761,SITE-0185,Makassar,Huawei,HUA-BTS-4122,Active,NusaTel Owned,100 MHz,2024-09-01,2031-08-31,2025-08-03,2026-10-28
AST-02761,OLT,MAK-OLT-2762,SITE-0185,Makassar,Juniper,JUN-OLT-6592,Maintenance,NusaTel Owned,10 Gbps,2018-01-19,2024-01-18,2025-10-21,2026-02-24
AST-02762,OLT,MAK-OLT-2763,SITE-0185,Makassar,Juniper,JUN-OLT-5711,Active,NusaTel Owned,10 Gbps,2019-11-08,2025-11-06,2025-08-21,2026-04-20
AST-02763,ODP,MAK-ODP-2764,SITE-0185,Makassar,Ericsson,ERI-ODP-1681,Active,Leased,1 Gbps,2019-12-06,2026-12-04,2025-11-24,2027-01-01
AST-02764,ODP,MAK-ODP-2765,SITE-0185,Makassar,Huawei,HUA-ODP-7705,Active,NusaTel Owned,1 Gbps,2019-03-11,2025-03-09,2025-12-20,2026-07-17
AST-02765,ODP,MAK-ODP-2766,SITE-0185,Makassar,Juniper,JUN-ODP-7144,Active,Leased,1 Gbps,2021-09-06,2023-09-06,2025-10-04,2026-04-24
AST-02766,Router,MAK-Router-2767,SITE-0185,Makassar,Nokia,NOK-Router-6082,Faulty,NusaTel Owned,40 Gbps,2019-12-20,2024-12-18,2025-08-03,2026-08-07
AST-02767,Switch,MAK-Switch-2768,SITE-0185,Makassar,ZTE,ZTE-Switch-5574,Active,NusaTel Owned,10 Gbps,2021-03-17,2025-03-16,2025-11-09,2026-02-11
AST-02768,Switch,MAK-Switch-2769,SITE-0185,Makassar,Huawei,HUA-Switch-8125,Active,NusaTel Owned,10 Gbps,2019-02-11,2025-02-09,2025-11-09,2026-03-11
AST-02769,Switch,MAK-Switch-2770,SITE-0185,Makassar,Huawei,HUA-Switch-9523,Active,NusaTel Owned,10 Gbps,2024-02-05,2026-02-04,2025-09-06,2026-07-30
AST-02770,Switch,MAK-Switch-2771,SITE-0185,Makassar,Huawei,HUA-Switch-2452,Maintenance,NusaTel Owned,10 Gbps,2019-06-05,2021-06-04,2025-11-20,2026-12-15
AST-02771,Transmission,MAK-Transmission-2772,SITE-0185,Makassar,Ericsson,ERI-Transmission-8811,Maintenance,NusaTel Owned,100 Gbps,2021-05-22,2027-05-21,2025-12-16,2026-04-22
AST-02772,Transmission,MAK-Transmission-2773,SITE-0185,Makassar,ZTE,ZTE-Transmission-3333,Active,Leased,100 Gbps,2018-09-27,2024-09-25,2025-11-22,2026-10-02
AST-02773,Transmission,MAK-Transmission-2774,SITE-0185,Makassar,Juniper,JUN-Transmission-5533,Active,NusaTel Owned,100 Gbps,2024-01-07,2031-01-05,2025-09-24,2026-04-10
AST-02774,Transmission,MAK-Transmission-2775,SITE-0185,Makassar,Juniper,JUN-Transmission-1015,Active,NusaTel Owned,100 Gbps,2023-03-24,2029-03-22,2025-12-30,2026-02-10
AST-02775,BTS,SEM-BTS-2776,SITE-0186,Semarang,Nokia,NOK-BTS-4817,Active,NusaTel Owned,100 MHz,2020-12-24,2023-12-24,2025-10-06,2026-01-04
AST-02776,BTS,SEM-BTS-2777,SITE-0186,Semarang,Nokia,NOK-BTS-6666,Active,NusaTel Owned,100 MHz,2021-10-27,2026-10-26,2025-07-15,2026-01-20
AST-02777,BTS,SEM-BTS-2778,SITE-0186,Semarang,Juniper,JUN-BTS-5993,Active,Partner,100 MHz,2017-12-24,2022-12-23,2025-11-14,2026-08-22
AST-02778,OLT,SEM-OLT-2779,SITE-0186,Semarang,ZTE,ZTE-OLT-8583,Active,Partner,10 Gbps,2025-07-02,2031-07-01,2025-10-30,2026-12-18
AST-02779,OLT,SEM-OLT-2780,SITE-0186,Semarang,Juniper,JUN-OLT-1237,Active,Leased,10 Gbps,2018-06-30,2023-06-29,2025-09-15,2026-07-19
AST-02780,ODP,SEM-ODP-2781,SITE-0186,Semarang,ZTE,ZTE-ODP-6774,Active,NusaTel Owned,1 Gbps,2020-01-22,2022-01-21,2025-11-08,2026-06-11
AST-02781,Router,SEM-Router-2782,SITE-0186,Semarang,Huawei,HUA-Router-7846,Decommissioned,NusaTel Owned,40 Gbps,2020-01-11,2027-01-09,2025-09-11,2026-08-08
AST-02782,Router,SEM-Router-2783,SITE-0186,Semarang,Cisco,CIS-Router-5330,Active,NusaTel Owned,40 Gbps,2022-08-02,2027-08-01,2025-10-26,2026-09-24
AST-02783,Switch,SEM-Switch-2784,SITE-0186,Semarang,ZTE,ZTE-Switch-4674,Active,NusaTel Owned,10 Gbps,2020-06-04,2025-06-03,2025-08-16,2026-04-11
AST-02784,Switch,SEM-Switch-2785,SITE-0186,Semarang,Ericsson,ERI-Switch-9177,Active,NusaTel Owned,10 Gbps,2019-07-17,2024-07-15,2025-09-02,2026-09-26
AST-02785,Transmission,SEM-Transmission-2786,SITE-0186,Semarang,ZTE,ZTE-Transmission-7532,Active,NusaTel Owned,100 Gbps,2023-06-09,2030-06-07,2025-09-21,2026-06-05
AST-02786,Transmission,SEM-Transmission-2787,SITE-0186,Semarang,Juniper,JUN-Transmission-6251,Faulty,NusaTel Owned,100 Gbps,2019-08-11,2024-08-09,2025-10-22,2026-01-31
AST-02787,BTS,YOG-BTS-2788,SITE-0187,Yogyakarta,Juniper,JUN-BTS-3860,Active,NusaTel Owned,100 MHz,2020-04-01,2022-04-01,2025-12-12,2026-04-28
AST-02788,BTS,YOG-BTS-2789,SITE-0187,Yogyakarta,Huawei,HUA-BTS-9886,Active,NusaTel Owned,100 MHz,2020-05-02,2025-05-01,2025-09-26,2026-06-19
AST-02789,BTS,YOG-BTS-2790,SITE-0187,Yogyakarta,ZTE,ZTE-BTS-4751,Active,NusaTel Owned,100 MHz,2022-01-07,2025-01-06,2025-07-23,2026-08-09
AST-02790,BTS,YOG-BTS-2791,SITE-0187,Yogyakarta,Huawei,HUA-BTS-3945,Active,Leased,100 MHz,2021-11-16,2024-11-15,2025-09-02,2026-11-20
AST-02791,OLT,YOG-OLT-2792,SITE-0187,Yogyakarta,ZTE,ZTE-OLT-3712,Active,Customer Premises,10 Gbps,2018-08-19,2022-08-18,2025-10-17,2026-05-16
AST-02792,OLT,YOG-OLT-2793,SITE-0187,Yogyakarta,Huawei,HUA-OLT-2383,Active,Leased,10 Gbps,2018-09-14,2025-09-12,2025-07-26,2026-08-17
AST-02793,OLT,YOG-OLT-2794,SITE-0187,Yogyakarta,Huawei,HUA-OLT-4136,Active,NusaTel Owned,10 Gbps,2023-05-05,2027-05-04,2025-09-10,2026-01-06
AST-02794,OLT,YOG-OLT-2795,SITE-0187,Yogyakarta,Cisco,CIS-OLT-5335,Maintenance,NusaTel Owned,10 Gbps,2025-06-17,2027-06-17,2025-12-19,2026-08-17
AST-02795,ODP,YOG-ODP-2796,SITE-0187,Yogyakarta,Cisco,CIS-ODP-7591,Active,NusaTel Owned,1 Gbps,2023-05-22,2030-05-20,2025-10-23,2026-03-08
AST-02796,ODP,YOG-ODP-2797,SITE-0187,Yogyakarta,Huawei,HUA-ODP-3304,Active,Customer Premises,1 Gbps,2020-01-19,2024-01-18,2025-08-25,2026-02-02
AST-02797,ODP,YOG-ODP-2798,SITE-0187,Yogyakarta,Ericsson,ERI-ODP-7202,Active,NusaTel Owned,1 Gbps,2020-10-17,2022-10-17,2025-07-27,2026-02-25
AST-02798,ODP,YOG-ODP-2799,SITE-0187,Yogyakarta,Cisco,CIS-ODP-2072,Active,Leased,1 Gbps,2022-10-31,2028-10-29,2025-09-27,2026-02-24
AST-02799,Router,YOG-Router-2800,SITE-0187,Yogyakarta,Ericsson,ERI-Router-7999,Active,NusaTel Owned,40 Gbps,2019-09-23,2023-09-22,2025-12-15,2026-11-28
AST-02800,Router,YOG-Router-2801,SITE-0187,Yogyakarta,Cisco,CIS-Router-1154,Maintenance,NusaTel Owned,40 Gbps,2025-03-16,2028-03-15,2025-12-31,2026-11-26
AST-02801,Router,YOG-Router-2802,SITE-0187,Yogyakarta,Huawei,HUA-Router-1142,Active,NusaTel Owned,40 Gbps,2018-04-25,2024-04-23,2025-10-05,2026-05-12
AST-02802,Router,YOG-Router-2803,SITE-0187,Yogyakarta,Cisco,CIS-Router-7571,Active,NusaTel Owned,40 Gbps,2024-09-19,2029-09-18,2025-07-14,2026-07-25
AST-02803,Switch,YOG-Switch-2804,SITE-0187,Yogyakarta,Nokia,NOK-Switch-1435,Active,NusaTel Owned,10 Gbps,2024-05-23,2028-05-22,2025-11-21,2026-03-05
AST-02804,Switch,YOG-Switch-2805,SITE-0187,Yogyakarta,Huawei,HUA-Switch-9296,Active,Leased,10 Gbps,2021-09-14,2027-09-13,2025-09-09,2026-02-20
AST-02805,Switch,YOG-Switch-2806,SITE-0187,Yogyakarta,Cisco,CIS-Switch-3212,Active,NusaTel Owned,10 Gbps,2025-10-03,2031-10-02,2025-12-09,2026-03-22
AST-02806,Switch,YOG-Switch-2807,SITE-0187,Yogyakarta,Cisco,CIS-Switch-4555,Active,NusaTel Owned,10 Gbps,2020-11-18,2024-11-17,2025-11-06,2026-02-22
AST-02807,Transmission,YOG-Transmission-2808,SITE-0187,Yogyakarta,Cisco,CIS-Transmission-9014,Active,Leased,100 Gbps,2019-02-20,2025-02-18,2025-08-09,2026-10-02
AST-02808,Transmission,YOG-Transmission-2809,SITE-0187,Yogyakarta,Juniper,JUN-Transmission-5998,Active,NusaTel Owned,100 Gbps,2018-05-15,2023-05-14,2025-07-17,2026-06-10
AST-02809,Transmission,YOG-Transmission-2810,SITE-0187,Yogyakarta,Juniper,JUN-Transmission-8844,Active,NusaTel Owned,100 Gbps,2023-10-02,2029-09-30,2025-07-08,2026-08-12
AST-02810,BTS,DEN-BTS-2811,SITE-0188,Denpasar,Cisco,CIS-BTS-7979,Active,NusaTel Owned,100 MHz,2023-02-13,2026-02-12,2025-10-07,2026-04-29
AST-02811,OLT,DEN-OLT-2812,SITE-0188,Denpasar,Ericsson,ERI-OLT-9939,Maintenance,Leased,10 Gbps,2023-09-14,2025-09-13,2025-08-10,2026-06-19
AST-02812,OLT,DEN-OLT-2813,SITE-0188,Denpasar,Cisco,CIS-OLT-8138,Active,NusaTel Owned,10 Gbps,2022-08-20,2026-08-19,2025-11-10,2026-08-19
AST-02813,ODP,DEN-ODP-2814,SITE-0188,Denpasar,Cisco,CIS-ODP-1897,Active,NusaTel Owned,1 Gbps,2023-11-18,2025-11-17,2025-09-10,2026-05-24
AST-02814,Router,DEN-Router-2815,SITE-0188,Denpasar,Cisco,CIS-Router-3290,Active,NusaTel Owned,40 Gbps,2023-03-29,2025-03-28,2025-09-30,2026-06-05
AST-02815,Router,DEN-Router-2816,SITE-0188,Denpasar,Nokia,NOK-Router-7601,Active,Customer Premises,40 Gbps,2024-02-25,2030-02-23,2025-09-26,2026-03-02
AST-02816,Router,DEN-Router-2817,SITE-0188,Denpasar,Ericsson,ERI-Router-2131,Active,NusaTel Owned,40 Gbps,2022-06-20,2028-06-18,2025-10-31,2026-06-19
AST-02817,Switch,DEN-Switch-2818,SITE-0188,Denpasar,ZTE,ZTE-Switch-6307,Active,NusaTel Owned,10 Gbps,2022-12-04,2027-12-03,2025-08-19,2026-08-09
AST-02818,Switch,DEN-Switch-2819,SITE-0188,Denpasar,Nokia,NOK-Switch-2154,Maintenance,NusaTel Owned,10 Gbps,2018-09-28,2020-09-27,2025-11-11,2026-07-01
AST-02819,Switch,DEN-Switch-2820,SITE-0188,Denpasar,Ericsson,ERI-Switch-4966,Active,NusaTel Owned,10 Gbps,2020-08-10,2024-08-09,2025-10-24,2026-11-28
AST-02820,Transmission,DEN-Transmission-2821,SITE-0188,Denpasar,Ericsson,ERI-Transmission-4844,Active,NusaTel Owned,100 Gbps,2025-09-09,2030-09-08,2025-12-31,2026-05-25
AST-02821,Transmission,DEN-Transmission-2822,SITE-0188,Denpasar,ZTE,ZTE-Transmission-1036,Active,NusaTel Owned,100 Gbps,2025-08-08,2028-08-07,2025-11-23,2026-05-20
AST-02822,BTS,PAL-BTS-2823,SITE-0189,Palembang,Nokia,NOK-BTS-4041,Active,Leased,100 MHz,2024-03-25,2026-03-25,2025-12-31,2026-01-15
AST-02823,BTS,PAL-BTS-2824,SITE-0189,Palembang,Juniper,JUN-BTS-8456,Active,NusaTel Owned,100 MHz,2025-08-21,2031-08-20,2025-11-13,2026-03-21
AST-02824,BTS,PAL-BTS-2825,SITE-0189,Palembang,Huawei,HUA-BTS-2575,Active,NusaTel Owned,100 MHz,2021-03-09,2027-03-08,2025-10-04,2026-10-30
AST-02825,OLT,PAL-OLT-2826,SITE-0189,Palembang,Ericsson,ERI-OLT-9465,Active,NusaTel Owned,10 Gbps,2022-01-27,2028-01-26,2025-09-20,2026-01-23
AST-02826,OLT,PAL-OLT-2827,SITE-0189,Palembang,Cisco,CIS-OLT-1115,Active,Leased,10 Gbps,2018-08-18,2020-08-17,2025-10-30,2026-06-02
AST-02827,OLT,PAL-OLT-2828,SITE-0189,Palembang,Cisco,CIS-OLT-8603,Maintenance,NusaTel Owned,10 Gbps,2024-04-29,2028-04-28,2025-07-14,2026-11-17
AST-02828,ODP,PAL-ODP-2829,SITE-0189,Palembang,ZTE,ZTE-ODP-1358,Active,NusaTel Owned,1 Gbps,2025-09-13,2032-09-11,2025-08-05,2026-10-08
AST-02829,ODP,PAL-ODP-2830,SITE-0189,Palembang,Nokia,NOK-ODP-2248,Active,NusaTel Owned,1 Gbps,2023-07-21,2026-07-20,2025-10-05,2026-09-24
AST-02830,ODP,PAL-ODP-2831,SITE-0189,Palembang,Huawei,HUA-ODP-7021,Active,NusaTel Owned,1 Gbps,2024-12-02,2031-12-01,2025-11-11,2026-09-10
AST-02831,Router,PAL-Router-2832,SITE-0189,Palembang,ZTE,ZTE-Router-3578,Active,NusaTel Owned,40 Gbps,2017-11-23,2022-11-22,2025-08-22,2026-10-15
AST-02832,Router,PAL-Router-2833,SITE-0189,Palembang,ZTE,ZTE-Router-6425,Active,Leased,40 Gbps,2017-12-17,2021-12-16,2025-10-02,2026-04-02
AST-02833,Switch,PAL-Switch-2834,SITE-0189,Palembang,Huawei,HUA-Switch-2887,Faulty,Leased,10 Gbps,2021-06-23,2025-06-22,2025-12-25,2026-09-28
AST-02834,Transmission,PAL-Transmission-2835,SITE-0189,Palembang,Huawei,HUA-Transmission-7049,Active,Customer Premises,100 Gbps,2018-07-25,2021-07-24,2025-10-13,2026-08-13
AST-02835,Transmission,PAL-Transmission-2836,SITE-0189,Palembang,ZTE,ZTE-Transmission-9308,Active,NusaTel Owned,100 Gbps,2021-12-07,2027-12-06,2025-07-18,2026-09-28
AST-02836,Transmission,PAL-Transmission-2837,SITE-0189,Palembang,Ericsson,ERI-Transmission-6498,Active,NusaTel Owned,100 Gbps,2021-04-13,2027-04-12,2025-09-24,2026-02-13
AST-02837,Transmission,PAL-Transmission-2838,SITE-0189,Palembang,Huawei,HUA-Transmission-7601,Active,NusaTel Owned,100 Gbps,2024-10-16,2029-10-15,2025-11-15,2026-08-26
AST-02838,BTS,BAL-BTS-2839,SITE-0190,Balikpapan,Nokia,NOK-BTS-9984,Faulty,NusaTel Owned,100 MHz,2020-10-23,2022-10-23,2025-07-10,2026-06-23
AST-02839,BTS,BAL-BTS-2840,SITE-0190,Balikpapan,Juniper,JUN-BTS-3210,Active,NusaTel Owned,100 MHz,2020-05-02,2026-05-01,2025-09-09,2026-05-21
AST-02840,BTS,BAL-BTS-2841,SITE-0190,Balikpapan,Huawei,HUA-BTS-7277,Active,NusaTel Owned,100 MHz,2021-05-22,2025-05-21,2025-08-12,2026-08-10
AST-02841,OLT,BAL-OLT-2842,SITE-0190,Balikpapan,Huawei,HUA-OLT-9955,Active,NusaTel Owned,10 Gbps,2018-11-30,2024-11-28,2025-12-08,2026-10-20
AST-02842,OLT,BAL-OLT-2843,SITE-0190,Balikpapan,Ericsson,ERI-OLT-8450,Active,NusaTel Owned,10 Gbps,2019-12-02,2021-12-01,2025-07-23,2026-10-17
AST-02843,ODP,BAL-ODP-2844,SITE-0190,Balikpapan,Ericsson,ERI-ODP-1916,Maintenance,Leased,1 Gbps,2024-10-18,2031-10-17,2025-07-30,2026-03-27
AST-02844,Router,BAL-Router-2845,SITE-0190,Balikpapan,Ericsson,ERI-Router-3534,Active,NusaTel Owned,40 Gbps,2023-10-26,2029-10-24,2025-09-18,2026-08-26
AST-02845,Router,BAL-Router-2846,SITE-0190,Balikpapan,Huawei,HUA-Router-3001,Maintenance,Leased,40 Gbps,2019-04-07,2021-04-06,2025-10-01,2026-03-10
AST-02846,Switch,BAL-Switch-2847,SITE-0190,Balikpapan,Juniper,JUN-Switch-5022,Active,NusaTel Owned,10 Gbps,2024-09-26,2029-09-25,2025-12-24,2026-12-10
AST-02847,Switch,BAL-Switch-2848,SITE-0190,Balikpapan,Ericsson,ERI-Switch-6735,Active,NusaTel Owned,10 Gbps,2024-03-27,2026-03-27,2025-08-13,2026-11-25
AST-02848,Switch,BAL-Switch-2849,SITE-0190,Balikpapan,ZTE,ZTE-Switch-7309,Active,NusaTel Owned,10 Gbps,2022-03-30,2025-03-29,2025-11-26,2026-08-07
AST-02849,Switch,BAL-Switch-2850,SITE-0190,Balikpapan,Ericsson,ERI-Switch-7096,Maintenance,NusaTel Owned,10 Gbps,2025-08-04,2030-08-03,2025-07-20,2026-05-30
AST-02850,Transmission,BAL-Transmission-2851,SITE-0190,Balikpapan,Ericsson,ERI-Transmission-3443,Active,NusaTel Owned,100 Gbps,2022-10-06,2026-10-05,2025-08-11,2026-03-28
AST-02851,BTS,JAK-BTS-2852,SITE-0191,Jakarta,Huawei,HUA-BTS-8909,Active,NusaTel Owned,100 MHz,2020-10-25,2022-10-25,2025-08-20,2026-07-16
AST-02852,BTS,JAK-BTS-2853,SITE-0191,Jakarta,ZTE,ZTE-BTS-9785,Active,NusaTel Owned,100 MHz,2018-05-12,2025-05-10,2025-09-26,2026-06-28
AST-02853,BTS,JAK-BTS-2854,SITE-0191,Jakarta,Juniper,JUN-BTS-6492,Active,Customer Premises,100 MHz,2018-08-21,2020-08-20,2025-09-02,2026-06-29
AST-02854,BTS,JAK-BTS-2855,SITE-0191,Jakarta,Juniper,JUN-BTS-7366,Maintenance,NusaTel Owned,100 MHz,2022-11-05,2025-11-04,2025-08-15,2026-10-04
AST-02855,OLT,JAK-OLT-2856,SITE-0191,Jakarta,Cisco,CIS-OLT-3905,Active,NusaTel Owned,10 Gbps,2020-12-31,2023-12-31,2025-12-26,2026-10-18
AST-02856,OLT,JAK-OLT-2857,SITE-0191,Jakarta,Juniper,JUN-OLT-3016,Active,NusaTel Owned,10 Gbps,2019-06-20,2023-06-19,2025-11-17,2026-02-20
AST-02857,ODP,JAK-ODP-2858,SITE-0191,Jakarta,ZTE,ZTE-ODP-7990,Active,NusaTel Owned,1 Gbps,2025-02-28,2028-02-28,2025-12-15,2026-02-14
AST-02858,ODP,JAK-ODP-2859,SITE-0191,Jakarta,Ericsson,ERI-ODP-2901,Active,NusaTel Owned,1 Gbps,2018-08-27,2022-08-26,2025-09-05,2026-05-03
AST-02859,ODP,JAK-ODP-2860,SITE-0191,Jakarta,Nokia,NOK-ODP-9772,Active,Leased,1 Gbps,2019-11-30,2024-11-28,2025-12-04,2026-08-23
AST-02860,Router,JAK-Router-2861,SITE-0191,Jakarta,ZTE,ZTE-Router-4143,Maintenance,NusaTel Owned,40 Gbps,2021-07-30,2023-07-30,2025-08-08,2026-05-12
AST-02861,Switch,JAK-Switch-2862,SITE-0191,Jakarta,Nokia,NOK-Switch-1005,Active,NusaTel Owned,10 Gbps,2021-10-14,2027-10-13,2025-09-06,2026-11-10
AST-02862,Transmission,JAK-Transmission-2863,SITE-0191,Jakarta,Ericsson,ERI-Transmission-5311,Maintenance,Leased,100 Gbps,2018-06-01,2023-05-31,2025-07-31,2026-02-15
AST-02863,BTS,BAN-BTS-2864,SITE-0192,Bandung,Cisco,CIS-BTS-9634,Active,NusaTel Owned,100 MHz,2023-08-23,2029-08-21,2025-12-15,2026-09-17
AST-02864,OLT,BAN-OLT-2865,SITE-0192,Bandung,Cisco,CIS-OLT-1553,Active,NusaTel Owned,10 Gbps,2023-08-07,2029-08-05,2025-10-15,2026-02-11
AST-02865,ODP,BAN-ODP-2866,SITE-0192,Bandung,Juniper,JUN-ODP-4061,Maintenance,NusaTel Owned,1 Gbps,2023-12-10,2028-12-08,2025-11-02,2026-05-12
AST-02866,ODP,BAN-ODP-2867,SITE-0192,Bandung,Huawei,HUA-ODP-4388,Active,NusaTel Owned,1 Gbps,2022-11-27,2025-11-26,2025-10-10,2026-04-09
AST-02867,Router,BAN-Router-2868,SITE-0192,Bandung,Cisco,CIS-Router-2397,Maintenance,NusaTel Owned,40 Gbps,2025-06-15,2030-06-14,2025-11-23,2026-12-17
AST-02868,Router,BAN-Router-2869,SITE-0192,Bandung,ZTE,ZTE-Router-2629,Active,NusaTel Owned,40 Gbps,2021-07-21,2023-07-21,2025-08-03,2026-12-10
AST-02869,Switch,BAN-Switch-2870,SITE-0192,Bandung,Nokia,NOK-Switch-6655,Maintenance,NusaTel Owned,10 Gbps,2022-10-21,2027-10-20,2025-11-29,2026-04-16
AST-02870,Switch,BAN-Switch-2871,SITE-0192,Bandung,ZTE,ZTE-Switch-4841,Active,NusaTel Owned,10 Gbps,2025-10-30,2027-10-30,2025-07-16,2026-08-11
AST-02871,Switch,BAN-Switch-2872,SITE-0192,Bandung,Ericsson,ERI-Switch-4037,Active,Leased,10 Gbps,2022-12-23,2028-12-21,2025-10-14,2026-09-04
AST-02872,Switch,BAN-Switch-2873,SITE-0192,Bandung,Nokia,NOK-Switch-4552,Active,Leased,10 Gbps,2021-09-14,2026-09-13,2025-10-26,2026-10-09
AST-02873,Transmission,BAN-Transmission-2874,SITE-0192,Bandung,Nokia,NOK-Transmission-9531,Active,NusaTel Owned,100 Gbps,2021-03-19,2028-03-17,2025-08-09,2026-03-20
AST-02874,BTS,SUR-BTS-2875,SITE-0193,Surabaya,ZTE,ZTE-BTS-8341,Active,Customer Premises,100 MHz,2024-01-08,2026-01-07,2025-10-13,2026-03-26
AST-02875,OLT,SUR-OLT-2876,SITE-0193,Surabaya,Huawei,HUA-OLT-8381,Active,NusaTel Owned,10 Gbps,2021-05-06,2024-05-05,2025-12-28,2026-09-18
AST-02876,ODP,SUR-ODP-2877,SITE-0193,Surabaya,Ericsson,ERI-ODP-1037,Active,NusaTel Owned,1 Gbps,2019-09-17,2022-09-16,2025-08-12,2026-04-27
AST-02877,ODP,SUR-ODP-2878,SITE-0193,Surabaya,Cisco,CIS-ODP-8536,Active,NusaTel Owned,1 Gbps,2020-08-09,2023-08-09,2025-07-29,2026-04-04
AST-02878,ODP,SUR-ODP-2879,SITE-0193,Surabaya,Juniper,JUN-ODP-8650,Active,NusaTel Owned,1 Gbps,2020-09-20,2024-09-19,2025-12-20,2026-02-16
AST-02879,ODP,SUR-ODP-2880,SITE-0193,Surabaya,ZTE,ZTE-ODP-8432,Active,NusaTel Owned,1 Gbps,2019-11-19,2021-11-18,2025-12-24,2026-07-07
AST-02880,Router,SUR-Router-2881,SITE-0193,Surabaya,Ericsson,ERI-Router-6524,Maintenance,NusaTel Owned,40 Gbps,2024-08-12,2028-08-11,2025-07-26,2026-01-31
AST-02881,Router,SUR-Router-2882,SITE-0193,Surabaya,Nokia,NOK-Router-1835,Active,Leased,40 Gbps,2023-01-24,2026-01-23,2025-10-30,2026-10-30
AST-02882,Switch,SUR-Switch-2883,SITE-0193,Surabaya,Cisco,CIS-Switch-6919,Faulty,NusaTel Owned,10 Gbps,2019-09-12,2026-09-10,2025-12-13,2026-12-12
AST-02883,Transmission,SUR-Transmission-2884,SITE-0193,Surabaya,Huawei,HUA-Transmission-3194,Active,NusaTel Owned,100 Gbps,2023-10-21,2030-10-19,2025-11-03,2026-12-30
AST-02884,Transmission,SUR-Transmission-2885,SITE-0193,Surabaya,ZTE,ZTE-Transmission-3473,Active,NusaTel Owned,100 Gbps,2019-01-05,2025-01-03,2025-08-29,2026-04-19
AST-02885,Transmission,SUR-Transmission-2886,SITE-0193,Surabaya,Cisco,CIS-Transmission-6335,Active,NusaTel Owned,100 Gbps,2022-05-29,2025-05-28,2025-10-27,2026-12-31
AST-02886,Transmission,SUR-Transmission-2887,SITE-0193,Surabaya,Cisco,CIS-Transmission-8164,Active,NusaTel Owned,100 Gbps,2024-04-04,2030-04-03,2025-09-24,2026-04-17
AST-02887,BTS,MED-BTS-2888,SITE-0194,Medan,Huawei,HUA-BTS-2090,Active,NusaTel Owned,100 MHz,2023-01-23,2025-01-22,2025-10-16,2026-08-19
AST-02888,BTS,MED-BTS-2889,SITE-0194,Medan,Nokia,NOK-BTS-1414,Active,NusaTel Owned,100 MHz,2021-07-04,2027-07-03,2025-12-22,2026-02-22
AST-02889,OLT,MED-OLT-2890,SITE-0194,Medan,Huawei,HUA-OLT-5919,Active,NusaTel Owned,10 Gbps,2019-01-07,2024-01-06,2025-08-29,2026-10-24
AST-02890,OLT,MED-OLT-2891,SITE-0194,Medan,Juniper,JUN-OLT-2024,Maintenance,NusaTel Owned,10 Gbps,2019-10-07,2026-10-05,2025-11-13,2026-08-17
AST-02891,ODP,MED-ODP-2892,SITE-0194,Medan,Huawei,HUA-ODP-1195,Decommissioned,NusaTel Owned,1 Gbps,2022-06-18,2027-06-17,2025-08-21,2026-12-25
AST-02892,ODP,MED-ODP-2893,SITE-0194,Medan,Nokia,NOK-ODP-3927,Active,NusaTel Owned,1 Gbps,2022-11-14,2025-11-13,2025-09-04,2026-01-29
AST-02893,ODP,MED-ODP-2894,SITE-0194,Medan,Nokia,NOK-ODP-5029,Active,Leased,1 Gbps,2022-11-01,2026-10-31,2025-09-06,2026-01-16
AST-02894,ODP,MED-ODP-2895,SITE-0194,Medan,Juniper,JUN-ODP-3248,Active,Leased,1 Gbps,2023-07-01,2027-06-30,2025-08-02,2026-04-21
AST-02895,Router,MED-Router-2896,SITE-0194,Medan,ZTE,ZTE-Router-8557,Active,NusaTel Owned,40 Gbps,2019-11-13,2025-11-11,2025-07-16,2026-05-09
AST-02896,Switch,MED-Switch-2897,SITE-0194,Medan,Juniper,JUN-Switch-9263,Active,NusaTel Owned,10 Gbps,2024-05-08,2027-05-08,2025-10-25,2026-08-30
AST-02897,Switch,MED-Switch-2898,SITE-0194,Medan,ZTE,ZTE-Switch-3317,Active,Leased,10 Gbps,2019-02-17,2022-02-16,2025-08-10,2026-04-09
AST-02898,Switch,MED-Switch-2899,SITE-0194,Medan,Nokia,NOK-Switch-9062,Active,Leased,10 Gbps,2023-02-08,2030-02-06,2025-07-20,2026-10-07
AST-02899,Switch,MED-Switch-2900,SITE-0194,Medan,Cisco,CIS-Switch-1787,Active,NusaTel Owned,10 Gbps,2021-11-30,2026-11-29,2025-10-18,2026-09-11
AST-02900,Transmission,MED-Transmission-2901,SITE-0194,Medan,Nokia,NOK-Transmission-2850,Active,Leased,100 Gbps,2022-12-07,2029-12-05,2025-10-22,2026-05-09
AST-02901,Transmission,MED-Transmission-2902,SITE-0194,Medan,Nokia,NOK-Transmission-9411,Maintenance,Customer Premises,100 Gbps,2019-12-12,2023-12-11,2025-11-19,2026-06-26
AST-02902,Transmission,MED-Transmission-2903,SITE-0194,Medan,ZTE,ZTE-Transmission-7345,Active,NusaTel Owned,100 Gbps,2023-06-26,2028-06-24,2025-12-15,2026-12-19
AST-02903,Transmission,MED-Transmission-2904,SITE-0194,Medan,ZTE,ZTE-Transmission-4483,Active,Leased,100 Gbps,2025-01-12,2029-01-11,2025-10-13,2026-08-18
AST-02904,BTS,MAK-BTS-2905,SITE-0195,Makassar,Nokia,NOK-BTS-9017,Active,NusaTel Owned,100 MHz,2022-04-11,2029-04-09,2025-09-23,2026-10-10
AST-02905,OLT,MAK-OLT-2906,SITE-0195,Makassar,Juniper,JUN-OLT-4166,Active,NusaTel Owned,10 Gbps,2018-09-05,2025-09-03,2025-11-14,2026-02-04
AST-02906,OLT,MAK-OLT-2907,SITE-0195,Makassar,Ericsson,ERI-OLT-9345,Active,NusaTel Owned,10 Gbps,2019-04-27,2021-04-26,2025-07-30,2026-03-23
AST-02907,OLT,MAK-OLT-2908,SITE-0195,Makassar,Huawei,HUA-OLT-6769,Active,NusaTel Owned,10 Gbps,2018-12-24,2025-12-22,2025-07-14,2026-01-02
AST-02908,OLT,MAK-OLT-2909,SITE-0195,Makassar,Juniper,JUN-OLT-5303,Faulty,NusaTel Owned,10 Gbps,2024-11-09,2031-11-08,2025-10-14,2026-12-15
AST-02909,ODP,MAK-ODP-2910,SITE-0195,Makassar,Huawei,HUA-ODP-5446,Active,NusaTel Owned,1 Gbps,2020-03-30,2024-03-29,2025-07-25,2026-06-02
AST-02910,ODP,MAK-ODP-2911,SITE-0195,Makassar,Cisco,CIS-ODP-2129,Maintenance,NusaTel Owned,1 Gbps,2022-09-07,2029-09-05,2025-10-26,2026-06-07
AST-02911,Router,MAK-Router-2912,SITE-0195,Makassar,Cisco,CIS-Router-1988,Maintenance,Leased,40 Gbps,2022-07-24,2028-07-22,2025-08-28,2026-07-21
AST-02912,Router,MAK-Router-2913,SITE-0195,Makassar,Ericsson,ERI-Router-1916,Active,Partner,40 Gbps,2019-02-20,2025-02-18,2025-12-31,2026-11-11
AST-02913,Switch,MAK-Switch-2914,SITE-0195,Makassar,Nokia,NOK-Switch-7832,Active,NusaTel Owned,10 Gbps,2022-07-20,2025-07-19,2025-08-13,2026-04-20
AST-02914,Switch,MAK-Switch-2915,SITE-0195,Makassar,Juniper,JUN-Switch-7810,Maintenance,Leased,10 Gbps,2017-11-12,2024-11-10,2025-09-26,2026-07-19
AST-02915,Switch,MAK-Switch-2916,SITE-0195,Makassar,Cisco,CIS-Switch-8636,Active,NusaTel Owned,10 Gbps,2021-11-19,2027-11-18,2025-10-03,2026-08-18
AST-02916,Switch,MAK-Switch-2917,SITE-0195,Makassar,Nokia,NOK-Switch-1061,Active,Leased,10 Gbps,2020-06-03,2022-06-03,2025-09-24,2026-11-05
AST-02917,Transmission,MAK-Transmission-2918,SITE-0195,Makassar,Cisco,CIS-Transmission-6129,Active,NusaTel Owned,100 Gbps,2020-12-29,2026-12-28,2025-12-06,2026-11-06
AST-02918,BTS,SEM-BTS-2919,SITE-0196,Semarang,Huawei,HUA-BTS-2595,Active,NusaTel Owned,100 MHz,2018-12-25,2020-12-24,2025-10-18,2026-03-08
AST-02919,BTS,SEM-BTS-2920,SITE-0196,Semarang,ZTE,ZTE-BTS-2038,Active,Partner,100 MHz,2018-04-19,2025-04-17,2025-09-16,2026-03-05
AST-02920,BTS,SEM-BTS-2921,SITE-0196,Semarang,Ericsson,ERI-BTS-3813,Active,Leased,100 MHz,2022-09-11,2027-09-10,2025-11-02,2026-11-08
AST-02921,BTS,SEM-BTS-2922,SITE-0196,Semarang,Nokia,NOK-BTS-4679,Active,NusaTel Owned,100 MHz,2024-06-23,2031-06-22,2025-12-22,2026-05-30
AST-02922,OLT,SEM-OLT-2923,SITE-0196,Semarang,Ericsson,ERI-OLT-3112,Active,NusaTel Owned,10 Gbps,2020-09-13,2025-09-12,2025-08-02,2026-12-08
AST-02923,ODP,SEM-ODP-2924,SITE-0196,Semarang,Ericsson,ERI-ODP-2335,Active,NusaTel Owned,1 Gbps,2018-10-29,2020-10-28,2025-08-14,2026-11-09
AST-02924,Router,SEM-Router-2925,SITE-0196,Semarang,Huawei,HUA-Router-4268,Active,Customer Premises,40 Gbps,2024-06-05,2027-06-05,2025-08-12,2026-02-26
AST-02925,Router,SEM-Router-2926,SITE-0196,Semarang,Huawei,HUA-Router-2670,Active,NusaTel Owned,40 Gbps,2024-09-28,2029-09-27,2025-09-10,2026-01-28
AST-02926,Switch,SEM-Switch-2927,SITE-0196,Semarang,Huawei,HUA-Switch-1263,Active,NusaTel Owned,10 Gbps,2020-10-20,2026-10-19,2025-09-18,2026-11-08
AST-02927,Switch,SEM-Switch-2928,SITE-0196,Semarang,Ericsson,ERI-Switch-6135,Active,Leased,10 Gbps,2017-12-23,2021-12-22,2025-10-06,2026-12-18
AST-02928,Switch,SEM-Switch-2929,SITE-0196,Semarang,Nokia,NOK-Switch-7946,Active,NusaTel Owned,10 Gbps,2025-01-02,2029-01-01,2025-10-20,2026-10-10
AST-02929,Switch,SEM-Switch-2930,SITE-0196,Semarang,Cisco,CIS-Switch-8166,Active,Leased,10 Gbps,2020-05-14,2026-05-13,2025-12-31,2026-02-27
AST-02930,Transmission,SEM-Transmission-2931,SITE-0196,Semarang,Huawei,HUA-Transmission-4122,Active,NusaTel Owned,100 Gbps,2020-07-14,2025-07-13,2025-12-30,2026-08-31
AST-02931,Transmission,SEM-Transmission-2932,SITE-0196,Semarang,Cisco,CIS-Transmission-8659,Active,NusaTel Owned,100 Gbps,2021-04-22,2027-04-21,2025-10-07,2026-01-07
AST-02932,Transmission,SEM-Transmission-2933,SITE-0196,Semarang,Juniper,JUN-Transmission-7184,Active,NusaTel Owned,100 Gbps,2024-12-03,2026-12-03,2025-10-31,2026-06-26
AST-02933,BTS,YOG-BTS-2934,SITE-0197,Yogyakarta,Juniper,JUN-BTS-4059,Active,NusaTel Owned,100 MHz,2024-05-02,2031-05-01,2025-08-11,2026-03-21
AST-02934,BTS,YOG-BTS-2935,SITE-0197,Yogyakarta,Huawei,HUA-BTS-1504,Active,NusaTel Owned,100 MHz,2023-02-13,2025-02-12,2025-11-29,2026-08-09
AST-02935,BTS,YOG-BTS-2936,SITE-0197,Yogyakarta,Juniper,JUN-BTS-5675,Active,NusaTel Owned,100 MHz,2020-08-20,2023-08-20,2025-12-19,2026-10-02
AST-02936,OLT,YOG-OLT-2937,SITE-0197,Yogyakarta,Ericsson,ERI-OLT-7635,Active,NusaTel Owned,10 Gbps,2020-03-10,2024-03-09,2025-11-13,2027-01-01
AST-02937,OLT,YOG-OLT-2938,SITE-0197,Yogyakarta,Cisco,CIS-OLT-8726,Active,NusaTel Owned,10 Gbps,2021-07-27,2026-07-26,2025-10-08,2026-12-06
AST-02938,ODP,YOG-ODP-2939,SITE-0197,Yogyakarta,ZTE,ZTE-ODP-8681,Active,NusaTel Owned,1 Gbps,2019-08-05,2026-08-03,2025-08-24,2026-02-13
AST-02939,ODP,YOG-ODP-2940,SITE-0197,Yogyakarta,Juniper,JUN-ODP-6604,Active,Customer Premises,1 Gbps,2022-03-21,2024-03-20,2025-07-12,2026-08-12
AST-02940,Router,YOG-Router-2941,SITE-0197,Yogyakarta,ZTE,ZTE-Router-4391,Active,NusaTel Owned,40 Gbps,2025-09-16,2028-09-15,2025-08-06,2026-08-12
AST-02941,Router,YOG-Router-2942,SITE-0197,Yogyakarta,Cisco,CIS-Router-7202,Active,NusaTel Owned,40 Gbps,2025-06-19,2032-06-17,2025-08-18,2026-01-22
AST-02942,Router,YOG-Router-2943,SITE-0197,Yogyakarta,Ericsson,ERI-Router-4890,Faulty,NusaTel Owned,40 Gbps,2024-07-16,2030-07-15,2025-09-01,2026-05-05
AST-02943,Switch,YOG-Switch-2944,SITE-0197,Yogyakarta,Nokia,NOK-Switch-1523,Active,NusaTel Owned,10 Gbps,2021-12-09,2023-12-09,2025-12-06,2026-11-21
AST-02944,Transmission,YOG-Transmission-2945,SITE-0197,Yogyakarta,Juniper,JUN-Transmission-1530,Active,NusaTel Owned,100 Gbps,2020-03-02,2026-03-01,2025-12-07,2026-11-30
AST-02945,BTS,DEN-BTS-2946,SITE-0198,Denpasar,Cisco,CIS-BTS-8271,Active,Leased,100 MHz,2020-01-26,2023-01-25,2025-11-17,2026-08-28
AST-02946,OLT,DEN-OLT-2947,SITE-0198,Denpasar,Huawei,HUA-OLT-6273,Active,NusaTel Owned,10 Gbps,2021-06-19,2026-06-18,2025-12-23,2026-07-01
AST-02947,OLT,DEN-OLT-2948,SITE-0198,Denpasar,Huawei,HUA-OLT-1465,Active,NusaTel Owned,10 Gbps,2024-08-26,2030-08-25,2025-12-20,2026-08-31
AST-02948,ODP,DEN-ODP-2949,SITE-0198,Denpasar,Ericsson,ERI-ODP-3515,Active,Customer Premises,1 Gbps,2025-05-22,2030-05-21,2025-10-03,2026-02-24
AST-02949,Router,DEN-Router-2950,SITE-0198,Denpasar,ZTE,ZTE-Router-8416,Active,NusaTel Owned,40 Gbps,2023-03-04,2029-03-02,2025-07-27,2026-01-15
AST-02950,Switch,DEN-Switch-2951,SITE-0198,Denpasar,Nokia,NOK-Switch-4583,Active,NusaTel Owned,10 Gbps,2020-10-01,2025-09-30,2025-12-26,2026-04-02
AST-02951,Transmission,DEN-Transmission-2952,SITE-0198,Denpasar,Ericsson,ERI-Transmission-6601,Active,Leased,100 Gbps,2025-09-19,2031-09-18,2025-07-11,2026-05-27
AST-02952,Transmission,DEN-Transmission-2953,SITE-0198,Denpasar,Ericsson,ERI-Transmission-4286,Maintenance,Leased,100 Gbps,2023-06-17,2026-06-16,2025-07-23,2026-05-12
AST-02953,BTS,PAL-BTS-2954,SITE-0199,Palembang,Ericsson,ERI-BTS-5414,Active,Partner,100 MHz,2024-08-05,2030-08-04,2025-10-19,2026-07-14
AST-02954,BTS,PAL-BTS-2955,SITE-0199,Palembang,Cisco,CIS-BTS-8285,Active,NusaTel Owned,100 MHz,2024-07-23,2026-07-23,2025-09-22,2026-11-05
AST-02955,BTS,PAL-BTS-2956,SITE-0199,Palembang,Huawei,HUA-BTS-1678,Active,Leased,100 MHz,2024-09-28,2030-09-27,2025-11-30,2026-12-23
AST-02956,OLT,PAL-OLT-2957,SITE-0199,Palembang,Juniper,JUN-OLT-4168,Active,NusaTel Owned,10 Gbps,2019-12-08,2023-12-07,2025-10-09,2026-11-21
AST-02957,ODP,PAL-ODP-2958,SITE-0199,Palembang,Cisco,CIS-ODP-3671,Active,NusaTel Owned,1 Gbps,2021-11-04,2027-11-03,2025-08-17,2026-07-20
AST-02958,Router,PAL-Router-2959,SITE-0199,Palembang,Nokia,NOK-Router-2852,Active,NusaTel Owned,40 Gbps,2025-04-30,2028-04-29,2025-07-06,2026-10-19
AST-02959,Router,PAL-Router-2960,SITE-0199,Palembang,Cisco,CIS-Router-2414,Active,NusaTel Owned,40 Gbps,2020-01-02,2025-12-31,2025-11-15,2026-07-08
AST-02960,Router,PAL-Router-2961,SITE-0199,Palembang,Cisco,CIS-Router-1257,Active,Customer Premises,40 Gbps,2021-12-15,2028-12-13,2025-08-28,2026-12-11
AST-02961,Router,PAL-Router-2962,SITE-0199,Palembang,ZTE,ZTE-Router-3358,Active,NusaTel Owned,40 Gbps,2022-02-13,2024-02-13,2025-12-19,2026-09-11
AST-02962,Switch,PAL-Switch-2963,SITE-0199,Palembang,Juniper,JUN-Switch-8045,Active,NusaTel Owned,10 Gbps,2024-02-27,2026-02-26,2025-09-14,2026-10-05
AST-02963,Switch,PAL-Switch-2964,SITE-0199,Palembang,ZTE,ZTE-Switch-9251,Active,NusaTel Owned,10 Gbps,2019-12-08,2021-12-07,2025-09-02,2026-04-16
AST-02964,Transmission,PAL-Transmission-2965,SITE-0199,Palembang,ZTE,ZTE-Transmission-3482,Active,Leased,100 Gbps,2022-05-01,2025-04-30,2025-11-01,2026-05-01
AST-02965,Transmission,PAL-Transmission-2966,SITE-0199,Palembang,Huawei,HUA-Transmission-7200,Active,NusaTel Owned,100 Gbps,2020-08-24,2026-08-23,2025-10-12,2026-09-09
AST-02966,Transmission,PAL-Transmission-2967,SITE-0199,Palembang,Juniper,JUN-Transmission-4910,Active,NusaTel Owned,100 Gbps,2018-05-23,2022-05-22,2025-07-18,2026-11-09
AST-02967,BTS,BAL-BTS-2968,SITE-0200,Balikpapan,Juniper,JUN-BTS-7008,Active,NusaTel Owned,100 MHz,2025-08-24,2031-08-23,2025-12-03,2026-12-01
AST-02968,BTS,BAL-BTS-2969,SITE-0200,Balikpapan,Juniper,JUN-BTS-5434,Active,NusaTel Owned,100 MHz,2019-07-17,2023-07-16,2025-12-16,2026-06-22
AST-02969,BTS,BAL-BTS-2970,SITE-0200,Balikpapan,ZTE,ZTE-BTS-8644,Active,NusaTel Owned,100 MHz,2022-08-28,2029-08-26,2025-08-11,2026-02-11
AST-02970,BTS,BAL-BTS-2971,SITE-0200,Balikpapan,Ericsson,ERI-BTS-1492,Active,NusaTel Owned,100 MHz,2025-09-14,2028-09-13,2025-11-20,2026-10-31
AST-02971,OLT,BAL-OLT-2972,SITE-0200,Balikpapan,Ericsson,ERI-OLT-6190,Decommissioned,NusaTel Owned,10 Gbps,2025-11-11,2028-11-10,2025-09-01,2026-09-21
AST-02972,OLT,BAL-OLT-2973,SITE-0200,Balikpapan,Juniper,JUN-OLT-6375,Active,NusaTel Owned,10 Gbps,2022-05-07,2025-05-06,2025-09-02,2026-08-01
AST-02973,OLT,BAL-OLT-2974,SITE-0200,Balikpapan,Juniper,JUN-OLT-6741,Active,NusaTel Owned,10 Gbps,2022-03-18,2027-03-17,2025-08-21,2026-06-24
AST-02974,ODP,BAL-ODP-2975,SITE-0200,Balikpapan,Nokia,NOK-ODP-8934,Active,NusaTel Owned,1 Gbps,2018-04-24,2021-04-23,2025-09-16,2026-11-28
AST-02975,Router,BAL-Router-2976,SITE-0200,Balikpapan,Ericsson,ERI-Router-7796,Active,NusaTel Owned,40 Gbps,2023-09-21,2030-09-19,2025-10-01,2026-12-16
AST-02976,Router,BAL-Router-2977,SITE-0200,Balikpapan,Nokia,NOK-Router-4044,Maintenance,NusaTel Owned,40 Gbps,2020-04-02,2022-04-02,2025-10-19,2026-02-20
AST-02977,Switch,BAL-Switch-2978,SITE-0200,Balikpapan,ZTE,ZTE-Switch-1106,Active,NusaTel Owned,10 Gbps,2025-02-20,2028-02-20,2025-07-06,2026-08-02
AST-02978,Switch,BAL-Switch-2979,SITE-0200,Balikpapan,Juniper,JUN-Switch-8284,Active,NusaTel Owned,10 Gbps,2025-01-06,2028-01-06,2025-08-30,2026-04-04
AST-02979,Switch,BAL-Switch-2980,SITE-0200,Balikpapan,Juniper,JUN-Switch-8967,Active,NusaTel Owned,10 Gbps,2022-06-06,2029-06-04,2025-09-02,2026-08-02
AST-02980,Transmission,BAL-Transmission-2981,SITE-0200,Balikpapan,Cisco,CIS-Transmission-2144,Active,Leased,100 Gbps,2024-05-13,2030-05-12,2025-08-30,2026-08-27
AST-02981,Transmission,BAL-Transmission-2982,SITE-0200,Balikpapan,Juniper,JUN-Transmission-6878,Active,NusaTel Owned,100 Gbps,2019-06-24,2023-06-23,2025-08-23,2026-12-08
AST-02982,Transmission,BAL-Transmission-2983,SITE-0200,Balikpapan,ZTE,ZTE-Transmission-2962,Active,Partner,100 Gbps,2022-09-15,2027-09-14,2025-08-30,2026-01-12
AST-02983,Transmission,BAL-Transmission-2984,SITE-0200,Balikpapan,Huawei,HUA-Transmission-4194,Active,NusaTel Owned,100 Gbps,2021-02-12,2023-02-12,2025-07-28,2026-02-08
AST-02984,BTS,JAK-BTS-2985,SITE-0201,Jakarta,Huawei,HUA-BTS-7286,Active,Leased,100 MHz,2018-10-05,2025-10-03,2025-12-28,2026-06-14
AST-02985,BTS,JAK-BTS-2986,SITE-0201,Jakarta,Juniper,JUN-BTS-4200,Decommissioned,Customer Premises,100 MHz,2025-03-01,2029-02-28,2025-09-15,2026-12-31
AST-02986,BTS,JAK-BTS-2987,SITE-0201,Jakarta,Huawei,HUA-BTS-4235,Faulty,NusaTel Owned,100 MHz,2018-05-12,2022-05-11,2025-10-28,2026-08-26
AST-02987,BTS,JAK-BTS-2988,SITE-0201,Jakarta,ZTE,ZTE-BTS-4978,Active,NusaTel Owned,100 MHz,2025-07-06,2032-07-04,2025-12-14,2026-08-24
AST-02988,OLT,JAK-OLT-2989,SITE-0201,Jakarta,Cisco,CIS-OLT-6015,Active,Customer Premises,10 Gbps,2023-09-19,2025-09-18,2025-08-14,2026-02-27
AST-02989,OLT,JAK-OLT-2990,SITE-0201,Jakarta,Ericsson,ERI-OLT-7186,Active,NusaTel Owned,10 Gbps,2023-04-19,2026-04-18,2025-10-04,2026-05-06
AST-02990,OLT,JAK-OLT-2991,SITE-0201,Jakarta,Ericsson,ERI-OLT-7415,Maintenance,NusaTel Owned,10 Gbps,2022-08-29,2024-08-28,2025-10-02,2026-11-12
AST-02991,ODP,JAK-ODP-2992,SITE-0201,Jakarta,Huawei,HUA-ODP-2975,Active,Leased,1 Gbps,2021-08-10,2027-08-09,2025-12-12,2026-03-05
AST-02992,ODP,JAK-ODP-2993,SITE-0201,Jakarta,Ericsson,ERI-ODP-7872,Active,NusaTel Owned,1 Gbps,2018-06-03,2025-06-01,2025-10-18,2026-01-23
AST-02993,Router,JAK-Router-2994,SITE-0201,Jakarta,Nokia,NOK-Router-2840,Active,NusaTel Owned,40 Gbps,2023-08-10,2026-08-09,2025-08-04,2026-04-14
AST-02994,Router,JAK-Router-2995,SITE-0201,Jakarta,Ericsson,ERI-Router-7215,Active,Partner,40 Gbps,2020-10-04,2023-10-04,2025-12-25,2026-06-11
AST-02995,Router,JAK-Router-2996,SITE-0201,Jakarta,Nokia,NOK-Router-6006,Maintenance,NusaTel Owned,40 Gbps,2025-11-03,2027-11-03,2025-09-10,2026-10-15
AST-02996,Switch,JAK-Switch-2997,SITE-0201,Jakarta,Huawei,HUA-Switch-8811,Active,NusaTel Owned,10 Gbps,2020-04-13,2022-04-13,2025-09-25,2026-08-04
AST-02997,Transmission,JAK-Transmission-2998,SITE-0201,Jakarta,Cisco,CIS-Transmission-7160,Active,Leased,100 Gbps,2020-05-23,2022-05-23,2025-07-22,2026-12-24
AST-02998,BTS,BAN-BTS-2999,SITE-0202,Bandung,Cisco,CIS-BTS-9285,Active,NusaTel Owned,100 MHz,2019-07-03,2025-07-01,2025-11-14,2026-05-21
AST-02999,BTS,BAN-BTS-3000,SITE-0202,Bandung,Huawei,HUA-BTS-2875,Active,NusaTel Owned,100 MHz,2020-09-01,2025-08-31,2025-10-31,2026-08-24
AST-03000,BTS,BAN-BTS-3001,SITE-0202,Bandung,Nokia,NOK-BTS-8658,Active,NusaTel Owned,100 MHz,2023-01-08,2028-01-07,2025-10-05,2026-02-06
AST-03001,BTS,BAN-BTS-3002,SITE-0202,Bandung,Huawei,HUA-BTS-8419,Active,NusaTel Owned,100 MHz,2023-08-24,2028-08-22,2025-09-01,2026-03-21
AST-03002,OLT,BAN-OLT-3003,SITE-0202,Bandung,Nokia,NOK-OLT-5240,Active,Leased,10 Gbps,2021-10-14,2024-10-13,2025-10-27,2026-05-29
AST-03003,ODP,BAN-ODP-3004,SITE-0202,Bandung,Huawei,HUA-ODP-4863,Maintenance,NusaTel Owned,1 Gbps,2018-12-31,2021-12-30,2025-07-10,2026-06-24
AST-03004,ODP,BAN-ODP-3005,SITE-0202,Bandung,Nokia,NOK-ODP-6133,Maintenance,NusaTel Owned,1 Gbps,2024-12-26,2027-12-26,2025-10-10,2026-04-05
AST-03005,Router,BAN-Router-3006,SITE-0202,Bandung,Cisco,CIS-Router-7581,Active,NusaTel Owned,40 Gbps,2019-02-12,2021-02-11,2025-10-28,2026-10-07
AST-03006,Router,BAN-Router-3007,SITE-0202,Bandung,Nokia,NOK-Router-5094,Active,NusaTel Owned,40 Gbps,2024-06-10,2027-06-10,2025-12-06,2026-11-16
AST-03007,Router,BAN-Router-3008,SITE-0202,Bandung,Huawei,HUA-Router-4128,Active,NusaTel Owned,40 Gbps,2023-07-07,2025-07-06,2025-08-16,2026-01-20
AST-03008,Router,BAN-Router-3009,SITE-0202,Bandung,ZTE,ZTE-Router-6059,Faulty,NusaTel Owned,40 Gbps,2024-09-22,2026-09-22,2025-09-23,2026-08-27
AST-03009,Switch,BAN-Switch-3010,SITE-0202,Bandung,Nokia,NOK-Switch-1689,Active,Leased,10 Gbps,2020-03-06,2022-03-06,2025-10-31,2026-06-07
AST-03010,Switch,BAN-Switch-3011,SITE-0202,Bandung,ZTE,ZTE-Switch-5421,Active,NusaTel Owned,10 Gbps,2017-11-04,2022-11-03,2025-07-17,2026-01-07
AST-03011,Switch,BAN-Switch-3012,SITE-0202,Bandung,ZTE,ZTE-Switch-6188,Maintenance,Leased,10 Gbps,2022-01-31,2026-01-30,2025-10-28,2026-04-19
AST-03012,Switch,BAN-Switch-3013,SITE-0202,Bandung,Ericsson,ERI-Switch-3251,Active,Partner,10 Gbps,2025-07-03,2027-07-03,2025-11-14,2026-11-10
AST-03013,Transmission,BAN-Transmission-3014,SITE-0202,Bandung,ZTE,ZTE-Transmission-9457,Maintenance,NusaTel Owned,100 Gbps,2018-08-11,2023-08-10,2025-07-25,2026-08-14
AST-03014,Transmission,BAN-Transmission-3015,SITE-0202,Bandung,ZTE,ZTE-Transmission-1001,Active,Customer Premises,100 Gbps,2021-02-18,2023-02-18,2025-12-20,2026-09-17
AST-03015,Transmission,BAN-Transmission-3016,SITE-0202,Bandung,Huawei,HUA-Transmission-1170,Active,NusaTel Owned,100 Gbps,2019-02-22,2026-02-20,2025-12-17,2026-05-18
AST-03016,Transmission,BAN-Transmission-3017,SITE-0202,Bandung,Juniper,JUN-Transmission-7855,Active,NusaTel Owned,100 Gbps,2025-11-09,2030-11-08,2025-08-10,2026-07-09
AST-03017,BTS,SUR-BTS-3018,SITE-0203,Surabaya,Cisco,CIS-BTS-9644,Decommissioned,NusaTel Owned,100 MHz,2025-01-05,2032-01-04,2025-12-02,2026-08-10
AST-03018,BTS,SUR-BTS-3019,SITE-0203,Surabaya,Nokia,NOK-BTS-7950,Active,NusaTel Owned,100 MHz,2024-12-27,2028-12-26,2025-10-16,2026-03-20
AST-03019,BTS,SUR-BTS-3020,SITE-0203,Surabaya,Nokia,NOK-BTS-7265,Active,NusaTel Owned,100 MHz,2023-07-31,2029-07-29,2025-09-22,2026-12-09
AST-03020,OLT,SUR-OLT-3021,SITE-0203,Surabaya,Juniper,JUN-OLT-8626,Active,Leased,10 Gbps,2021-06-24,2027-06-23,2025-08-24,2026-09-04
AST-03021,ODP,SUR-ODP-3022,SITE-0203,Surabaya,Juniper,JUN-ODP-3064,Active,NusaTel Owned,1 Gbps,2023-05-05,2029-05-03,2025-11-19,2026-10-04
AST-03022,Router,SUR-Router-3023,SITE-0203,Surabaya,Ericsson,ERI-Router-1024,Active,NusaTel Owned,40 Gbps,2020-01-16,2025-01-14,2025-09-02,2026-04-05
AST-03023,Router,SUR-Router-3024,SITE-0203,Surabaya,Huawei,HUA-Router-9263,Active,Partner,40 Gbps,2019-06-11,2021-06-10,2025-11-16,2026-12-15
AST-03024,Switch,SUR-Switch-3025,SITE-0203,Surabaya,Nokia,NOK-Switch-3506,Decommissioned,NusaTel Owned,10 Gbps,2025-01-30,2030-01-29,2025-12-31,2026-12-27
AST-03025,Switch,SUR-Switch-3026,SITE-0203,Surabaya,Cisco,CIS-Switch-6777,Active,NusaTel Owned,10 Gbps,2022-06-06,2024-06-05,2025-11-14,2026-09-05
AST-03026,Transmission,SUR-Transmission-3027,SITE-0203,Surabaya,Huawei,HUA-Transmission-4054,Active,NusaTel Owned,100 Gbps,2024-10-29,2030-10-28,2025-08-19,2026-01-23
AST-03027,BTS,MED-BTS-3028,SITE-0204,Medan,ZTE,ZTE-BTS-7778,Active,NusaTel Owned,100 MHz,2018-09-17,2022-09-16,2025-08-19,2026-03-23
AST-03028,BTS,MED-BTS-3029,SITE-0204,Medan,Nokia,NOK-BTS-1566,Active,NusaTel Owned,100 MHz,2018-02-09,2021-02-08,2025-10-18,2026-01-10
AST-03029,OLT,MED-OLT-3030,SITE-0204,Medan,Ericsson,ERI-OLT-3669,Active,NusaTel Owned,10 Gbps,2018-08-05,2024-08-03,2025-08-25,2026-09-23
AST-03030,OLT,MED-OLT-3031,SITE-0204,Medan,Juniper,JUN-OLT-4548,Active,Partner,10 Gbps,2022-08-10,2024-08-09,2025-10-30,2026-04-12
AST-03031,OLT,MED-OLT-3032,SITE-0204,Medan,Huawei,HUA-OLT-1782,Active,Customer Premises,10 Gbps,2025-11-24,2029-11-23,2025-07-25,2026-10-06
AST-03032,OLT,MED-OLT-3033,SITE-0204,Medan,Huawei,HUA-OLT-8381,Active,NusaTel Owned,10 Gbps,2022-06-13,2027-06-12,2025-11-30,2026-04-03
AST-03033,ODP,MED-ODP-3034,SITE-0204,Medan,Huawei,HUA-ODP-4848,Active,Leased,1 Gbps,2024-12-31,2029-12-30,2025-10-23,2026-11-02
AST-03034,ODP,MED-ODP-3035,SITE-0204,Medan,Cisco,CIS-ODP-4831,Maintenance,NusaTel Owned,1 Gbps,2021-12-11,2025-12-10,2025-08-10,2026-12-11
AST-03035,ODP,MED-ODP-3036,SITE-0204,Medan,Cisco,CIS-ODP-8323,Active,Leased,1 Gbps,2020-06-05,2027-06-04,2025-12-20,2026-12-24
AST-03036,ODP,MED-ODP-3037,SITE-0204,Medan,Huawei,HUA-ODP-8607,Maintenance,NusaTel Owned,1 Gbps,2022-07-14,2026-07-13,2025-12-17,2026-02-01
AST-03037,Router,MED-Router-3038,SITE-0204,Medan,Ericsson,ERI-Router-1951,Active,Leased,40 Gbps,2025-09-01,2029-08-31,2025-08-10,2026-10-16
AST-03038,Router,MED-Router-3039,SITE-0204,Medan,Juniper,JUN-Router-5182,Active,Customer Premises,40 Gbps,2019-09-17,2024-09-15,2025-08-05,2026-03-25
AST-03039,Switch,MED-Switch-3040,SITE-0204,Medan,Ericsson,ERI-Switch-8250,Active,NusaTel Owned,10 Gbps,2025-01-07,2032-01-06,2025-09-18,2026-06-01
AST-03040,Switch,MED-Switch-3041,SITE-0204,Medan,Nokia,NOK-Switch-3706,Active,NusaTel Owned,10 Gbps,2022-09-22,2026-09-21,2025-10-04,2026-12-01
AST-03041,Switch,MED-Switch-3042,SITE-0204,Medan,ZTE,ZTE-Switch-9765,Active,NusaTel Owned,10 Gbps,2021-10-09,2027-10-08,2025-09-30,2026-02-23
AST-03042,Switch,MED-Switch-3043,SITE-0204,Medan,Nokia,NOK-Switch-9062,Active,Leased,10 Gbps,2022-03-13,2026-03-12,2025-12-18,2026-10-06
AST-03043,Transmission,MED-Transmission-3044,SITE-0204,Medan,Huawei,HUA-Transmission-5191,Active,NusaTel Owned,100 Gbps,2018-04-04,2022-04-03,2025-08-21,2026-12-28
AST-03044,Transmission,MED-Transmission-3045,SITE-0204,Medan,Nokia,NOK-Transmission-2064,Maintenance,NusaTel Owned,100 Gbps,2023-04-17,2028-04-15,2025-07-11,2026-02-09
AST-03045,Transmission,MED-Transmission-3046,SITE-0204,Medan,Cisco,CIS-Transmission-8887,Active,NusaTel Owned,100 Gbps,2019-12-11,2025-12-09,2025-12-25,2026-08-12
AST-03046,Transmission,MED-Transmission-3047,SITE-0204,Medan,Ericsson,ERI-Transmission-7861,Active,NusaTel Owned,100 Gbps,2020-03-11,2025-03-10,2025-08-07,2026-11-04
AST-03047,BTS,MAK-BTS-3048,SITE-0205,Makassar,Ericsson,ERI-BTS-7566,Active,NusaTel Owned,100 MHz,2023-02-12,2030-02-10,2025-11-22,2026-10-06
AST-03048,OLT,MAK-OLT-3049,SITE-0205,Makassar,Nokia,NOK-OLT-1831,Active,NusaTel Owned,10 Gbps,2025-04-04,2027-04-04,2025-10-03,2026-10-16
AST-03049,OLT,MAK-OLT-3050,SITE-0205,Makassar,Juniper,JUN-OLT-2176,Active,NusaTel Owned,10 Gbps,2019-10-15,2023-10-14,2025-07-22,2026-05-01
AST-03050,OLT,MAK-OLT-3051,SITE-0205,Makassar,Nokia,NOK-OLT-7056,Active,NusaTel Owned,10 Gbps,2019-08-07,2025-08-05,2025-10-10,2026-09-24
AST-03051,ODP,MAK-ODP-3052,SITE-0205,Makassar,Nokia,NOK-ODP-4471,Active,NusaTel Owned,1 Gbps,2019-09-04,2026-09-02,2025-08-12,2026-08-14
AST-03052,ODP,MAK-ODP-3053,SITE-0205,Makassar,Cisco,CIS-ODP-6173,Active,NusaTel Owned,1 Gbps,2020-06-27,2023-06-27,2025-09-16,2026-09-21
AST-03053,ODP,MAK-ODP-3054,SITE-0205,Makassar,Ericsson,ERI-ODP-8883,Decommissioned,Leased,1 Gbps,2018-06-14,2025-06-12,2025-07-10,2026-04-13
AST-03054,Router,MAK-Router-3055,SITE-0205,Makassar,Ericsson,ERI-Router-4324,Maintenance,Leased,40 Gbps,2018-11-24,2021-11-23,2025-07-11,2026-03-14
AST-03055,Router,MAK-Router-3056,SITE-0205,Makassar,Juniper,JUN-Router-9247,Faulty,Partner,40 Gbps,2018-01-31,2024-01-30,2025-10-07,2026-03-16
AST-03056,Switch,MAK-Switch-3057,SITE-0205,Makassar,Huawei,HUA-Switch-9601,Active,NusaTel Owned,10 Gbps,2021-07-31,2028-07-29,2025-12-13,2026-07-22
AST-03057,Transmission,MAK-Transmission-3058,SITE-0205,Makassar,Ericsson,ERI-Transmission-1450,Active,NusaTel Owned,100 Gbps,2021-02-08,2028-02-07,2025-10-20,2026-02-20
AST-03058,Transmission,MAK-Transmission-3059,SITE-0205,Makassar,Cisco,CIS-Transmission-7339,Active,Customer Premises,100 Gbps,2019-01-09,2023-01-08,2025-11-18,2026-11-28
AST-03059,BTS,SEM-BTS-3060,SITE-0206,Semarang,Huawei,HUA-BTS-3742,Maintenance,NusaTel Owned,100 MHz,2022-09-16,2026-09-15,2025-09-22,2026-01-14
AST-03060,BTS,SEM-BTS-3061,SITE-0206,Semarang,Huawei,HUA-BTS-7610,Active,Leased,100 MHz,2024-12-12,2026-12-12,2025-08-19,2026-01-21
AST-03061,BTS,SEM-BTS-3062,SITE-0206,Semarang,Nokia,NOK-BTS-7021,Active,NusaTel Owned,100 MHz,2021-03-25,2025-03-24,2025-11-01,2026-06-04
AST-03062,OLT,SEM-OLT-3063,SITE-0206,Semarang,Nokia,NOK-OLT-2942,Active,NusaTel Owned,10 Gbps,2021-01-17,2023-01-17,2025-07-17,2026-10-17
AST-03063,OLT,SEM-OLT-3064,SITE-0206,Semarang,Ericsson,ERI-OLT-3284,Active,Leased,10 Gbps,2024-11-27,2028-11-26,2025-09-29,2026-07-04
AST-03064,ODP,SEM-ODP-3065,SITE-0206,Semarang,Juniper,JUN-ODP-1045,Active,NusaTel Owned,1 Gbps,2020-09-07,2023-09-07,2025-09-19,2026-10-04
AST-03065,ODP,SEM-ODP-3066,SITE-0206,Semarang,Juniper,JUN-ODP-7989,Maintenance,Customer Premises,1 Gbps,2017-10-30,2021-10-29,2025-12-19,2026-10-11
AST-03066,ODP,SEM-ODP-3067,SITE-0206,Semarang,ZTE,ZTE-ODP-7601,Active,NusaTel Owned,1 Gbps,2023-09-10,2027-09-09,2025-10-01,2026-03-20
AST-03067,ODP,SEM-ODP-3068,SITE-0206,Semarang,Cisco,CIS-ODP-6164,Decommissioned,Leased,1 Gbps,2021-06-16,2023-06-16,2025-12-17,2026-12-01
AST-03068,Router,SEM-Router-3069,SITE-0206,Semarang,Ericsson,ERI-Router-8366,Active,NusaTel Owned,40 Gbps,2019-05-27,2022-05-26,2025-10-16,2026-01-09
AST-03069,Router,SEM-Router-3070,SITE-0206,Semarang,Nokia,NOK-Router-9463,Maintenance,NusaTel Owned,40 Gbps,2022-08-02,2027-08-01,2025-08-08,2026-05-21
AST-03070,Router,SEM-Router-3071,SITE-0206,Semarang,Juniper,JUN-Router-5644,Faulty,NusaTel Owned,40 Gbps,2023-02-22,2026-02-21,2025-12-27,2026-07-28
AST-03071,Router,SEM-Router-3072,SITE-0206,Semarang,Huawei,HUA-Router-6124,Active,Customer Premises,40 Gbps,2022-02-11,2027-02-10,2025-07-13,2026-09-02
AST-03072,Switch,SEM-Switch-3073,SITE-0206,Semarang,Huawei,HUA-Switch-3805,Active,NusaTel Owned,10 Gbps,2020-03-24,2022-03-24,2025-12-14,2026-12-01
AST-03073,Switch,SEM-Switch-3074,SITE-0206,Semarang,Huawei,HUA-Switch-9564,Active,Customer Premises,10 Gbps,2024-07-15,2030-07-14,2025-10-04,2026-03-03
AST-03074,Transmission,SEM-Transmission-3075,SITE-0206,Semarang,Nokia,NOK-Transmission-4826,Active,NusaTel Owned,100 Gbps,2024-08-26,2030-08-25,2025-11-07,2026-03-19
AST-03075,Transmission,SEM-Transmission-3076,SITE-0206,Semarang,ZTE,ZTE-Transmission-4530,Active,NusaTel Owned,100 Gbps,2020-10-27,2025-10-26,2025-10-12,2026-08-13
AST-03076,Transmission,SEM-Transmission-3077,SITE-0206,Semarang,Cisco,CIS-Transmission-8377,Active,Partner,100 Gbps,2020-10-11,2026-10-10,2025-10-31,2026-09-01
AST-03077,Transmission,SEM-Transmission-3078,SITE-0206,Semarang,ZTE,ZTE-Transmission-5230,Active,Leased,100 Gbps,2018-12-14,2023-12-13,2025-08-03,2026-09-28
AST-03078,BTS,YOG-BTS-3079,SITE-0207,Yogyakarta,Cisco,CIS-BTS-7830,Active,NusaTel Owned,100 MHz,2019-04-14,2024-04-12,2025-09-01,2026-06-08
AST-03079,OLT,YOG-OLT-3080,SITE-0207,Yogyakarta,Cisco,CIS-OLT-2900,Active,NusaTel Owned,10 Gbps,2019-12-18,2026-12-16,2025-11-11,2026-09-02
AST-03080,OLT,YOG-OLT-3081,SITE-0207,Yogyakarta,ZTE,ZTE-OLT-3487,Active,Customer Premises,10 Gbps,2024-11-16,2029-11-15,2025-08-09,2026-03-17
AST-03081,ODP,YOG-ODP-3082,SITE-0207,Yogyakarta,Juniper,JUN-ODP-8104,Active,NusaTel Owned,1 Gbps,2018-04-09,2024-04-07,2025-12-25,2026-02-17
AST-03082,ODP,YOG-ODP-3083,SITE-0207,Yogyakarta,Nokia,NOK-ODP-5173,Active,Partner,1 Gbps,2022-08-12,2029-08-10,2025-08-01,2026-12-03
AST-03083,Router,YOG-Router-3084,SITE-0207,Yogyakarta,Ericsson,ERI-Router-6299,Active,Customer Premises,40 Gbps,2019-06-07,2024-06-05,2025-10-02,2026-12-19
AST-03084,Router,YOG-Router-3085,SITE-0207,Yogyakarta,Juniper,JUN-Router-9277,Active,NusaTel Owned,40 Gbps,2019-09-10,2026-09-08,2025-11-25,2026-10-26
AST-03085,Switch,YOG-Switch-3086,SITE-0207,Yogyakarta,Nokia,NOK-Switch-7014,Faulty,Leased,10 Gbps,2023-05-22,2025-05-21,2025-10-15,2026-04-15
AST-03086,Transmission,YOG-Transmission-3087,SITE-0207,Yogyakarta,Nokia,NOK-Transmission-7853,Active,NusaTel Owned,100 Gbps,2018-02-21,2021-02-20,2025-07-09,2026-01-25
AST-03087,Transmission,YOG-Transmission-3088,SITE-0207,Yogyakarta,Huawei,HUA-Transmission-6149,Active,NusaTel Owned,100 Gbps,2020-06-22,2023-06-22,2025-07-26,2026-08-02
AST-03088,Transmission,YOG-Transmission-3089,SITE-0207,Yogyakarta,Ericsson,ERI-Transmission-3466,Active,Customer Premises,100 Gbps,2019-07-13,2024-07-11,2025-09-29,2026-09-07
AST-03089,BTS,DEN-BTS-3090,SITE-0208,Denpasar,Cisco,CIS-BTS-1603,Faulty,NusaTel Owned,100 MHz,2019-06-05,2026-06-03,2025-12-10,2026-04-06
AST-03090,BTS,DEN-BTS-3091,SITE-0208,Denpasar,ZTE,ZTE-BTS-7640,Active,NusaTel Owned,100 MHz,2024-09-20,2031-09-19,2025-10-11,2026-05-21
AST-03091,OLT,DEN-OLT-3092,SITE-0208,Denpasar,ZTE,ZTE-OLT-6023,Active,NusaTel Owned,10 Gbps,2018-11-13,2020-11-12,2025-12-03,2026-04-01
AST-03092,OLT,DEN-OLT-3093,SITE-0208,Denpasar,Juniper,JUN-OLT-1215,Active,Leased,10 Gbps,2024-11-02,2026-11-02,2025-10-29,2026-08-12
AST-03093,OLT,DEN-OLT-3094,SITE-0208,Denpasar,ZTE,ZTE-OLT-5425,Active,NusaTel Owned,10 Gbps,2018-04-16,2021-04-15,2025-09-19,2026-11-16
AST-03094,OLT,DEN-OLT-3095,SITE-0208,Denpasar,ZTE,ZTE-OLT-4738,Active,NusaTel Owned,10 Gbps,2023-03-06,2030-03-04,2025-12-15,2026-08-02
AST-03095,ODP,DEN-ODP-3096,SITE-0208,Denpasar,Nokia,NOK-ODP-2182,Active,NusaTel Owned,1 Gbps,2018-08-27,2023-08-26,2025-09-08,2026-11-14
AST-03096,ODP,DEN-ODP-3097,SITE-0208,Denpasar,Ericsson,ERI-ODP-4028,Active,NusaTel Owned,1 Gbps,2018-10-20,2022-10-19,2025-10-12,2026-06-24
AST-03097,Router,DEN-Router-3098,SITE-0208,Denpasar,ZTE,ZTE-Router-3652,Active,NusaTel Owned,40 Gbps,2019-01-07,2025-01-05,2025-08-04,2026-03-11
AST-03098,Switch,DEN-Switch-3099,SITE-0208,Denpasar,Cisco,CIS-Switch-5806,Active,NusaTel Owned,10 Gbps,2023-10-06,2027-10-05,2025-12-05,2026-01-29
AST-03099,Switch,DEN-Switch-3100,SITE-0208,Denpasar,Cisco,CIS-Switch-4395,Active,NusaTel Owned,10 Gbps,2018-04-22,2025-04-20,2025-10-03,2026-01-25
AST-03100,Switch,DEN-Switch-3101,SITE-0208,Denpasar,Juniper,JUN-Switch-9897,Active,Customer Premises,10 Gbps,2025-10-22,2031-10-21,2025-12-16,2026-05-01
AST-03101,Transmission,DEN-Transmission-3102,SITE-0208,Denpasar,ZTE,ZTE-Transmission-8936,Active,Partner,100 Gbps,2021-02-26,2023-02-26,2025-08-18,2026-12-21
AST-03102,Transmission,DEN-Transmission-3103,SITE-0208,Denpasar,Juniper,JUN-Transmission-2886,Active,NusaTel Owned,100 Gbps,2019-04-01,2026-03-30,2025-12-21,2026-08-01
AST-03103,BTS,PAL-BTS-3104,SITE-0209,Palembang,Nokia,NOK-BTS-9425,Maintenance,NusaTel Owned,100 MHz,2021-07-24,2024-07-23,2025-10-17,2026-09-06
AST-03104,OLT,PAL-OLT-3105,SITE-0209,Palembang,Nokia,NOK-OLT-3005,Active,Leased,10 Gbps,2024-06-27,2026-06-27,2025-08-08,2026-11-12
AST-03105,OLT,PAL-OLT-3106,SITE-0209,Palembang,Cisco,CIS-OLT-4886,Active,NusaTel Owned,10 Gbps,2021-03-08,2026-03-07,2025-07-24,2026-11-23
AST-03106,OLT,PAL-OLT-3107,SITE-0209,Palembang,Juniper,JUN-OLT-1765,Active,Customer Premises,10 Gbps,2022-03-04,2027-03-03,2025-09-05,2026-12-17
AST-03107,OLT,PAL-OLT-3108,SITE-0209,Palembang,Huawei,HUA-OLT-7138,Active,NusaTel Owned,10 Gbps,2024-04-01,2026-04-01,2025-07-28,2026-10-22
AST-03108,ODP,PAL-ODP-3109,SITE-0209,Palembang,Nokia,NOK-ODP-4829,Active,Customer Premises,1 Gbps,2024-08-05,2029-08-04,2025-09-30,2026-03-06
AST-03109,ODP,PAL-ODP-3110,SITE-0209,Palembang,Huawei,HUA-ODP-1957,Active,NusaTel Owned,1 Gbps,2020-05-13,2024-05-12,2025-10-24,2026-03-02
AST-03110,ODP,PAL-ODP-3111,SITE-0209,Palembang,Huawei,HUA-ODP-1386,Active,NusaTel Owned,1 Gbps,2021-08-14,2027-08-13,2025-09-21,2026-12-25
AST-03111,ODP,PAL-ODP-3112,SITE-0209,Palembang,Nokia,NOK-ODP-9965,Active,NusaTel Owned,1 Gbps,2023-06-22,2027-06-21,2025-07-11,2026-02-25
AST-03112,Router,PAL-Router-3113,SITE-0209,Palembang,Huawei,HUA-Router-4468,Active,NusaTel Owned,40 Gbps,2024-09-20,2028-09-19,2025-11-28,2026-11-14
AST-03113,Router,PAL-Router-3114,SITE-0209,Palembang,Huawei,HUA-Router-8010,Active,NusaTel Owned,40 Gbps,2022-09-05,2027-09-04,2025-08-01,2026-02-01
AST-03114,Switch,PAL-Switch-3115,SITE-0209,Palembang,Juniper,JUN-Switch-4726,Active,NusaTel Owned,10 Gbps,2017-11-19,2019-11-19,2025-10-27,2026-10-13
AST-03115,Switch,PAL-Switch-3116,SITE-0209,Palembang,Huawei,HUA-Switch-1744,Active,NusaTel Owned,10 Gbps,2022-04-14,2027-04-13,2025-12-13,2026-11-22
AST-03116,Switch,PAL-Switch-3117,SITE-0209,Palembang,Huawei,HUA-Switch-5289,Active,NusaTel Owned,10 Gbps,2020-02-14,2027-02-12,2025-11-12,2026-10-13
AST-03117,Switch,PAL-Switch-3118,SITE-0209,Palembang,Ericsson,ERI-Switch-9732,Active,NusaTel Owned,10 Gbps,2024-10-04,2026-10-04,2025-07-25,2026-03-23
AST-03118,Transmission,PAL-Transmission-3119,SITE-0209,Palembang,Huawei,HUA-Transmission-6564,Active,NusaTel Owned,100 Gbps,2020-10-07,2025-10-06,2025-10-26,2026-01-13
AST-03119,Transmission,PAL-Transmission-3120,SITE-0209,Palembang,Huawei,HUA-Transmission-6032,Active,NusaTel Owned,100 Gbps,2022-02-19,2027-02-18,2025-09-05,2026-01-11
AST-03120,Transmission,PAL-Transmission-3121,SITE-0209,Palembang,ZTE,ZTE-Transmission-4594,Active,NusaTel Owned,100 Gbps,2020-04-11,2024-04-10,2025-08-29,2026-01-16
AST-03121,Transmission,PAL-Transmission-3122,SITE-0209,Palembang,Cisco,CIS-Transmission-8756,Active,Leased,100 Gbps,2022-10-15,2024-10-14,2025-11-23,2026-07-06
AST-03122,BTS,BAL-BTS-3123,SITE-0210,Balikpapan,Juniper,JUN-BTS-3189,Active,NusaTel Owned,100 MHz,2018-07-12,2022-07-11,2025-10-24,2026-08-11
AST-03123,BTS,BAL-BTS-3124,SITE-0210,Balikpapan,Juniper,JUN-BTS-9249,Active,NusaTel Owned,100 MHz,2018-12-02,2022-12-01,2025-10-06,2026-03-13
AST-03124,OLT,BAL-OLT-3125,SITE-0210,Balikpapan,Juniper,JUN-OLT-6974,Active,NusaTel Owned,10 Gbps,2022-06-05,2025-06-04,2025-11-10,2026-02-17
AST-03125,OLT,BAL-OLT-3126,SITE-0210,Balikpapan,Cisco,CIS-OLT-2454,Active,NusaTel Owned,10 Gbps,2020-12-05,2025-12-04,2025-07-13,2026-10-31
AST-03126,OLT,BAL-OLT-3127,SITE-0210,Balikpapan,Cisco,CIS-OLT-8958,Active,NusaTel Owned,10 Gbps,2025-10-23,2027-10-23,2025-11-01,2026-05-12
AST-03127,ODP,BAL-ODP-3128,SITE-0210,Balikpapan,ZTE,ZTE-ODP-8084,Active,NusaTel Owned,1 Gbps,2020-04-15,2022-04-15,2025-10-08,2026-10-15
AST-03128,ODP,BAL-ODP-3129,SITE-0210,Balikpapan,Cisco,CIS-ODP-7964,Active,NusaTel Owned,1 Gbps,2023-02-25,2026-02-24,2025-10-12,2026-11-17
AST-03129,ODP,BAL-ODP-3130,SITE-0210,Balikpapan,Ericsson,ERI-ODP-5902,Active,NusaTel Owned,1 Gbps,2022-05-21,2026-05-20,2025-10-31,2026-12-24
AST-03130,ODP,BAL-ODP-3131,SITE-0210,Balikpapan,Ericsson,ERI-ODP-2667,Maintenance,NusaTel Owned,1 Gbps,2023-01-08,2027-01-07,2025-10-05,2026-01-20
AST-03131,Router,BAL-Router-3132,SITE-0210,Balikpapan,Nokia,NOK-Router-9233,Active,NusaTel Owned,40 Gbps,2020-11-28,2023-11-28,2025-08-06,2026-10-11
AST-03132,Router,BAL-Router-3133,SITE-0210,Balikpapan,Ericsson,ERI-Router-7360,Active,NusaTel Owned,40 Gbps,2020-01-03,2023-01-02,2025-10-30,2026-02-21
AST-03133,Router,BAL-Router-3134,SITE-0210,Balikpapan,Cisco,CIS-Router-9136,Active,NusaTel Owned,40 Gbps,2022-05-24,2028-05-22,2025-11-25,2026-05-25
AST-03134,Router,BAL-Router-3135,SITE-0210,Balikpapan,Juniper,JUN-Router-8446,Maintenance,Customer Premises,40 Gbps,2025-04-30,2032-04-28,2025-11-10,2026-09-27
AST-03135,Switch,BAL-Switch-3136,SITE-0210,Balikpapan,Juniper,JUN-Switch-8436,Active,NusaTel Owned,10 Gbps,2024-04-11,2027-04-11,2025-12-05,2026-03-11
AST-03136,Switch,BAL-Switch-3137,SITE-0210,Balikpapan,Cisco,CIS-Switch-8386,Active,Partner,10 Gbps,2019-09-26,2021-09-25,2025-07-18,2026-07-02
AST-03137,Switch,BAL-Switch-3138,SITE-0210,Balikpapan,Juniper,JUN-Switch-1335,Active,NusaTel Owned,10 Gbps,2021-10-08,2024-10-07,2025-07-25,2026-06-07
AST-03138,Transmission,BAL-Transmission-3139,SITE-0210,Balikpapan,Juniper,JUN-Transmission-6745,Active,NusaTel Owned,100 Gbps,2025-09-11,2031-09-10,2025-11-25,2026-10-27
AST-03139,Transmission,BAL-Transmission-3140,SITE-0210,Balikpapan,Cisco,CIS-Transmission-1978,Active,NusaTel Owned,100 Gbps,2022-11-30,2028-11-28,2025-07-30,2026-01-12
AST-03140,Transmission,BAL-Transmission-3141,SITE-0210,Balikpapan,ZTE,ZTE-Transmission-7035,Active,NusaTel Owned,100 Gbps,2018-06-10,2020-06-09,2025-11-14,2026-02-24
AST-03141,BTS,JAK-BTS-3142,SITE-0211,Jakarta,Cisco,CIS-BTS-8500,Maintenance,Leased,100 MHz,2024-03-14,2027-03-14,2025-09-01,2026-02-09
AST-03142,BTS,JAK-BTS-3143,SITE-0211,Jakarta,Huawei,HUA-BTS-4830,Maintenance,NusaTel Owned,100 MHz,2022-04-27,2026-04-26,2025-08-29,2026-08-06
AST-03143,BTS,JAK-BTS-3144,SITE-0211,Jakarta,ZTE,ZTE-BTS-6524,Active,NusaTel Owned,100 MHz,2019-05-07,2021-05-06,2025-09-14,2026-05-06
AST-03144,BTS,JAK-BTS-3145,SITE-0211,Jakarta,Nokia,NOK-BTS-8028,Active,Leased,100 MHz,2023-08-17,2026-08-16,2025-11-29,2026-08-19
AST-03145,OLT,JAK-OLT-3146,SITE-0211,Jakarta,ZTE,ZTE-OLT-5640,Active,NusaTel Owned,10 Gbps,2021-10-03,2027-10-02,2025-10-31,2026-09-23
AST-03146,OLT,JAK-OLT-3147,SITE-0211,Jakarta,Huawei,HUA-OLT-1032,Active,NusaTel Owned,10 Gbps,2024-02-26,2026-02-25,2025-12-26,2026-03-12
AST-03147,OLT,JAK-OLT-3148,SITE-0211,Jakarta,Nokia,NOK-OLT-2475,Active,NusaTel Owned,10 Gbps,2025-04-03,2027-04-03,2025-09-22,2026-05-23
AST-03148,OLT,JAK-OLT-3149,SITE-0211,Jakarta,Nokia,NOK-OLT-4658,Active,Leased,10 Gbps,2020-09-17,2025-09-16,2025-07-11,2026-08-31
AST-03149,ODP,JAK-ODP-3150,SITE-0211,Jakarta,Ericsson,ERI-ODP-9021,Faulty,NusaTel Owned,1 Gbps,2019-08-09,2021-08-08,2025-08-16,2026-09-03
AST-03150,Router,JAK-Router-3151,SITE-0211,Jakarta,Huawei,HUA-Router-3101,Active,NusaTel Owned,40 Gbps,2025-04-14,2028-04-13,2025-09-07,2026-07-26
AST-03151,Switch,JAK-Switch-3152,SITE-0211,Jakarta,Juniper,JUN-Switch-8571,Active,NusaTel Owned,10 Gbps,2023-06-11,2030-06-09,2025-11-18,2026-09-23
AST-03152,Switch,JAK-Switch-3153,SITE-0211,Jakarta,Huawei,HUA-Switch-4664,Active,NusaTel Owned,10 Gbps,2018-09-27,2024-09-25,2025-07-15,2026-12-11
AST-03153,Switch,JAK-Switch-3154,SITE-0211,Jakarta,Cisco,CIS-Switch-1587,Active,Leased,10 Gbps,2022-07-16,2028-07-14,2025-11-17,2026-02-13
AST-03154,Transmission,JAK-Transmission-3155,SITE-0211,Jakarta,Ericsson,ERI-Transmission-8552,Active,Partner,100 Gbps,2025-04-28,2031-04-27,2025-12-17,2026-08-29
AST-03155,Transmission,JAK-Transmission-3156,SITE-0211,Jakarta,Huawei,HUA-Transmission-2546,Faulty,NusaTel Owned,100 Gbps,2024-12-19,2029-12-18,2025-09-01,2026-12-22
AST-03156,Transmission,JAK-Transmission-3157,SITE-0211,Jakarta,Huawei,HUA-Transmission-7557,Active,NusaTel Owned,100 Gbps,2025-11-06,2032-11-04,2025-11-15,2026-12-05
AST-03157,BTS,BAN-BTS-3158,SITE-0212,Bandung,ZTE,ZTE-BTS-5270,Active,NusaTel Owned,100 MHz,2019-05-08,2023-05-07,2025-09-24,2026-03-29
AST-03158,BTS,BAN-BTS-3159,SITE-0212,Bandung,Huawei,HUA-BTS-7076,Active,NusaTel Owned,100 MHz,2018-01-03,2020-01-03,2025-11-20,2026-11-23
AST-03159,BTS,BAN-BTS-3160,SITE-0212,Bandung,Huawei,HUA-BTS-8070,Decommissioned,NusaTel Owned,100 MHz,2021-04-11,2027-04-10,2025-12-14,2026-04-08
AST-03160,BTS,BAN-BTS-3161,SITE-0212,Bandung,Nokia,NOK-BTS-5836,Active,NusaTel Owned,100 MHz,2019-06-27,2022-06-26,2025-08-23,2026-07-14
AST-03161,OLT,BAN-OLT-3162,SITE-0212,Bandung,Cisco,CIS-OLT-5213,Active,NusaTel Owned,10 Gbps,2018-02-27,2020-02-27,2025-12-30,2026-07-24
AST-03162,ODP,BAN-ODP-3163,SITE-0212,Bandung,ZTE,ZTE-ODP-3484,Active,NusaTel Owned,1 Gbps,2021-02-01,2028-01-31,2025-11-06,2026-09-11
AST-03163,ODP,BAN-ODP-3164,SITE-0212,Bandung,Cisco,CIS-ODP-8194,Maintenance,NusaTel Owned,1 Gbps,2019-05-04,2026-05-02,2025-12-31,2026-04-01
AST-03164,ODP,BAN-ODP-3165,SITE-0212,Bandung,Nokia,NOK-ODP-7024,Active,NusaTel Owned,1 Gbps,2022-04-14,2024-04-13,2025-08-04,2026-06-15
AST-03165,Router,BAN-Router-3166,SITE-0212,Bandung,ZTE,ZTE-Router-8844,Active,NusaTel Owned,40 Gbps,2023-07-15,2029-07-13,2025-07-10,2026-12-12
AST-03166,Router,BAN-Router-3167,SITE-0212,Bandung,Cisco,CIS-Router-5475,Active,NusaTel Owned,40 Gbps,2024-01-14,2027-01-13,2025-11-23,2026-09-14
AST-03167,Router,BAN-Router-3168,SITE-0212,Bandung,Nokia,NOK-Router-6795,Active,NusaTel Owned,40 Gbps,2022-12-10,2024-12-09,2025-11-18,2026-06-07
AST-03168,Router,BAN-Router-3169,SITE-0212,Bandung,ZTE,ZTE-Router-4062,Active,Partner,40 Gbps,2022-02-25,2026-02-24,2025-10-31,2026-07-08
AST-03169,Switch,BAN-Switch-3170,SITE-0212,Bandung,Juniper,JUN-Switch-3367,Active,NusaTel Owned,10 Gbps,2025-01-02,2030-01-01,2025-10-21,2026-04-28
AST-03170,Transmission,BAN-Transmission-3171,SITE-0212,Bandung,Cisco,CIS-Transmission-6394,Active,NusaTel Owned,100 Gbps,2023-12-20,2030-12-18,2025-07-27,2026-12-31
AST-03171,Transmission,BAN-Transmission-3172,SITE-0212,Bandung,Juniper,JUN-Transmission-5321,Active,Customer Premises,100 Gbps,2023-01-04,2027-01-03,2025-10-30,2026-10-01
AST-03172,BTS,SUR-BTS-3173,SITE-0213,Surabaya,Ericsson,ERI-BTS-1228,Active,NusaTel Owned,100 MHz,2023-06-04,2027-06-03,2025-10-18,2026-12-01
AST-03173,BTS,SUR-BTS-3174,SITE-0213,Surabaya,Cisco,CIS-BTS-8964,Active,Partner,100 MHz,2021-09-02,2025-09-01,2025-08-03,2026-12-22
AST-03174,OLT,SUR-OLT-3175,SITE-0213,Surabaya,ZTE,ZTE-OLT-9415,Active,NusaTel Owned,10 Gbps,2017-12-15,2022-12-14,2025-12-17,2026-02-10
AST-03175,OLT,SUR-OLT-3176,SITE-0213,Surabaya,Juniper,JUN-OLT-8573,Active,NusaTel Owned,10 Gbps,2022-04-21,2024-04-20,2025-07-13,2026-10-14
AST-03176,OLT,SUR-OLT-3177,SITE-0213,Surabaya,Juniper,JUN-OLT-7445,Active,Leased,10 Gbps,2024-11-09,2030-11-08,2025-12-25,2026-09-09
AST-03177,ODP,SUR-ODP-3178,SITE-0213,Surabaya,Ericsson,ERI-ODP-4161,Active,Leased,1 Gbps,2022-11-27,2026-11-26,2025-09-23,2026-11-04
AST-03178,Router,SUR-Router-3179,SITE-0213,Surabaya,Nokia,NOK-Router-7892,Active,NusaTel Owned,40 Gbps,2022-09-21,2028-09-19,2025-07-28,2026-01-25
AST-03179,Router,SUR-Router-3180,SITE-0213,Surabaya,Huawei,HUA-Router-1887,Active,NusaTel Owned,40 Gbps,2019-07-19,2021-07-18,2025-10-05,2026-04-17
AST-03180,Router,SUR-Router-3181,SITE-0213,Surabaya,ZTE,ZTE-Router-2352,Active,NusaTel Owned,40 Gbps,2019-12-24,2022-12-23,2025-12-29,2026-06-03
AST-03181,Switch,SUR-Switch-3182,SITE-0213,Surabaya,Nokia,NOK-Switch-2444,Maintenance,NusaTel Owned,10 Gbps,2024-06-10,2030-06-09,2025-08-12,2026-05-07
AST-03182,Switch,SUR-Switch-3183,SITE-0213,Surabaya,Ericsson,ERI-Switch-9749,Maintenance,NusaTel Owned,10 Gbps,2017-11-29,2021-11-28,2025-09-06,2026-01-10
AST-03183,Switch,SUR-Switch-3184,SITE-0213,Surabaya,Ericsson,ERI-Switch-1805,Active,NusaTel Owned,10 Gbps,2022-10-21,2027-10-20,2025-09-04,2026-02-17
AST-03184,Transmission,SUR-Transmission-3185,SITE-0213,Surabaya,Nokia,NOK-Transmission-4271,Faulty,NusaTel Owned,100 Gbps,2022-10-14,2027-10-13,2025-08-16,2026-08-03
AST-03185,BTS,MED-BTS-3186,SITE-0214,Medan,Cisco,CIS-BTS-3589,Active,Customer Premises,100 MHz,2019-02-26,2021-02-25,2025-12-22,2026-09-01
AST-03186,BTS,MED-BTS-3187,SITE-0214,Medan,Nokia,NOK-BTS-4104,Active,NusaTel Owned,100 MHz,2024-05-20,2029-05-19,2025-11-03,2026-12-22
AST-03187,BTS,MED-BTS-3188,SITE-0214,Medan,Huawei,HUA-BTS-7644,Maintenance,NusaTel Owned,100 MHz,2022-12-10,2025-12-09,2025-08-08,2026-11-21
AST-03188,OLT,MED-OLT-3189,SITE-0214,Medan,Huawei,HUA-OLT-8590,Active,NusaTel Owned,10 Gbps,2022-12-04,2024-12-03,2025-07-27,2026-03-26
AST-03189,OLT,MED-OLT-3190,SITE-0214,Medan,Juniper,JUN-OLT-3226,Active,Leased,10 Gbps,2023-06-06,2029-06-04,2025-10-07,2026-09-20
AST-03190,OLT,MED-OLT-3191,SITE-0214,Medan,Cisco,CIS-OLT-5939,Active,Partner,10 Gbps,2019-05-03,2026-05-01,2025-10-28,2026-02-20
AST-03191,OLT,MED-OLT-3192,SITE-0214,Medan,Cisco,CIS-OLT-1706,Active,Customer Premises,10 Gbps,2021-04-01,2024-03-31,2025-10-30,2026-06-08
AST-03192,ODP,MED-ODP-3193,SITE-0214,Medan,ZTE,ZTE-ODP-2411,Faulty,Leased,1 Gbps,2021-04-28,2026-04-27,2025-12-03,2026-09-11
AST-03193,ODP,MED-ODP-3194,SITE-0214,Medan,Huawei,HUA-ODP-1975,Active,NusaTel Owned,1 Gbps,2018-10-03,2023-10-02,2025-10-25,2026-02-17
AST-03194,Router,MED-Router-3195,SITE-0214,Medan,Huawei,HUA-Router-7390,Active,Leased,40 Gbps,2024-12-02,2029-12-01,2025-07-13,2026-10-02
AST-03195,Router,MED-Router-3196,SITE-0214,Medan,Juniper,JUN-Router-2292,Active,NusaTel Owned,40 Gbps,2020-10-29,2022-10-29,2025-12-09,2026-12-05
AST-03196,Router,MED-Router-3197,SITE-0214,Medan,Ericsson,ERI-Router-9182,Active,NusaTel Owned,40 Gbps,2023-11-02,2028-10-31,2025-11-01,2026-11-14
AST-03197,Switch,MED-Switch-3198,SITE-0214,Medan,Juniper,JUN-Switch-2103,Active,NusaTel Owned,10 Gbps,2020-07-30,2027-07-29,2025-08-11,2026-09-20
AST-03198,Switch,MED-Switch-3199,SITE-0214,Medan,Juniper,JUN-Switch-3028,Active,Leased,10 Gbps,2022-11-13,2025-11-12,2025-09-27,2026-04-10
AST-03199,Transmission,MED-Transmission-3200,SITE-0214,Medan,Juniper,JUN-Transmission-4056,Active,NusaTel Owned,100 Gbps,2022-06-12,2027-06-11,2025-12-21,2026-01-04
AST-03200,Transmission,MED-Transmission-3201,SITE-0214,Medan,Cisco,CIS-Transmission-6835,Active,NusaTel Owned,100 Gbps,2020-06-19,2027-06-18,2025-08-11,2026-11-18
AST-03201,BTS,MAK-BTS-3202,SITE-0215,Makassar,ZTE,ZTE-BTS-8459,Active,NusaTel Owned,100 MHz,2020-03-02,2022-03-02,2025-07-15,2026-06-10
AST-03202,BTS,MAK-BTS-3203,SITE-0215,Makassar,Ericsson,ERI-BTS-5012,Active,NusaTel Owned,100 MHz,2018-01-22,2025-01-20,2025-11-13,2026-11-08
AST-03203,BTS,MAK-BTS-3204,SITE-0215,Makassar,Nokia,NOK-BTS-7160,Active,NusaTel Owned,100 MHz,2021-01-02,2025-01-01,2025-08-22,2026-05-01
AST-03204,BTS,MAK-BTS-3205,SITE-0215,Makassar,Juniper,JUN-BTS-9266,Maintenance,NusaTel Owned,100 MHz,2021-10-22,2023-10-22,2025-11-18,2026-04-23
AST-03205,OLT,MAK-OLT-3206,SITE-0215,Makassar,Cisco,CIS-OLT-4458,Active,NusaTel Owned,10 Gbps,2019-12-04,2023-12-03,2025-12-22,2026-04-18
AST-03206,OLT,MAK-OLT-3207,SITE-0215,Makassar,Juniper,JUN-OLT-8871,Maintenance,NusaTel Owned,10 Gbps,2025-08-26,2030-08-25,2025-07-05,2026-10-19
AST-03207,OLT,MAK-OLT-3208,SITE-0215,Makassar,Ericsson,ERI-OLT-5349,Active,NusaTel Owned,10 Gbps,2023-12-16,2027-12-15,2025-10-17,2026-04-05
AST-03208,ODP,MAK-ODP-3209,SITE-0215,Makassar,Huawei,HUA-ODP-8615,Active,NusaTel Owned,1 Gbps,2021-05-26,2024-05-25,2025-08-29,2026-02-12
AST-03209,Router,MAK-Router-3210,SITE-0215,Makassar,ZTE,ZTE-Router-6702,Active,NusaTel Owned,40 Gbps,2019-08-14,2021-08-13,2025-12-28,2026-02-16
AST-03210,Router,MAK-Router-3211,SITE-0215,Makassar,Nokia,NOK-Router-5490,Decommissioned,NusaTel Owned,40 Gbps,2023-11-20,2027-11-19,2025-10-01,2026-02-22
AST-03211,Router,MAK-Router-3212,SITE-0215,Makassar,ZTE,ZTE-Router-4505,Decommissioned,NusaTel Owned,40 Gbps,2022-01-11,2025-01-10,2025-10-19,2026-06-07
AST-03212,Switch,MAK-Switch-3213,SITE-0215,Makassar,Nokia,NOK-Switch-4386,Maintenance,NusaTel Owned,10 Gbps,2025-09-15,2032-09-13,2025-10-07,2026-08-20
AST-03213,Switch,MAK-Switch-3214,SITE-0215,Makassar,Ericsson,ERI-Switch-6013,Active,NusaTel Owned,10 Gbps,2022-05-25,2028-05-23,2025-12-12,2026-09-12
AST-03214,Transmission,MAK-Transmission-3215,SITE-0215,Makassar,Cisco,CIS-Transmission-3849,Decommissioned,NusaTel Owned,100 Gbps,2023-06-10,2027-06-09,2025-10-22,2026-10-28
AST-03215,Transmission,MAK-Transmission-3216,SITE-0215,Makassar,ZTE,ZTE-Transmission-5876,Active,Leased,100 Gbps,2022-09-26,2025-09-25,2025-12-05,2026-08-08
AST-03216,Transmission,MAK-Transmission-3217,SITE-0215,Makassar,Ericsson,ERI-Transmission-9241,Active,Leased,100 Gbps,2025-04-27,2031-04-26,2025-09-29,2026-10-04
AST-03217,Transmission,MAK-Transmission-3218,SITE-0215,Makassar,Cisco,CIS-Transmission-7517,Active,Leased,100 Gbps,2021-05-13,2026-05-12,2025-12-10,2026-04-08
AST-03218,BTS,SEM-BTS-3219,SITE-0216,Semarang,Huawei,HUA-BTS-4440,Active,NusaTel Owned,100 MHz,2023-02-11,2029-02-09,2025-10-27,2026-04-05
AST-03219,BTS,SEM-BTS-3220,SITE-0216,Semarang,ZTE,ZTE-BTS-4649,Active,NusaTel Owned,100 MHz,2020-06-06,2024-06-05,2025-11-23,2026-11-29
AST-03220,BTS,SEM-BTS-3221,SITE-0216,Semarang,Nokia,NOK-BTS-9980,Faulty,NusaTel Owned,100 MHz,2021-09-24,2026-09-23,2025-11-29,2026-12-13
AST-03221,BTS,SEM-BTS-3222,SITE-0216,Semarang,Ericsson,ERI-BTS-4542,Active,NusaTel Owned,100 MHz,2018-07-19,2021-07-18,2025-07-27,2026-05-27
AST-03222,OLT,SEM-OLT-3223,SITE-0216,Semarang,Juniper,JUN-OLT-5508,Active,Leased,10 Gbps,2021-07-03,2028-07-01,2025-09-19,2026-05-13
AST-03223,ODP,SEM-ODP-3224,SITE-0216,Semarang,Nokia,NOK-ODP-1271,Active,NusaTel Owned,1 Gbps,2023-07-17,2027-07-16,2025-08-13,2026-07-21
AST-03224,ODP,SEM-ODP-3225,SITE-0216,Semarang,Cisco,CIS-ODP-6798,Active,NusaTel Owned,1 Gbps,2025-11-28,2027-11-28,2025-10-03,2026-07-25
AST-03225,ODP,SEM-ODP-3226,SITE-0216,Semarang,ZTE,ZTE-ODP-7963,Active,Customer Premises,1 Gbps,2021-06-24,2028-06-22,2025-11-06,2026-10-24
AST-03226,ODP,SEM-ODP-3227,SITE-0216,Semarang,Nokia,NOK-ODP-4060,Active,Leased,1 Gbps,2018-04-30,2021-04-29,2025-10-31,2026-09-28
AST-03227,Router,SEM-Router-3228,SITE-0216,Semarang,Nokia,NOK-Router-1469,Active,NusaTel Owned,40 Gbps,2017-10-18,2022-10-17,2025-09-30,2026-11-27
AST-03228,Router,SEM-Router-3229,SITE-0216,Semarang,Ericsson,ERI-Router-8012,Active,NusaTel Owned,40 Gbps,2018-12-01,2020-11-30,2025-08-04,2026-12-23
AST-03229,Switch,SEM-Switch-3230,SITE-0216,Semarang,Juniper,JUN-Switch-4712,Active,NusaTel Owned,10 Gbps,2021-05-25,2028-05-23,2025-08-22,2026-10-09
AST-03230,Switch,SEM-Switch-3231,SITE-0216,Semarang,Juniper,JUN-Switch-9463,Active,NusaTel Owned,10 Gbps,2022-04-09,2025-04-08,2025-09-19,2026-01-08
AST-03231,Transmission,SEM-Transmission-3232,SITE-0216,Semarang,Cisco,CIS-Transmission-4919,Active,NusaTel Owned,100 Gbps,2025-06-01,2030-05-31,2025-09-08,2026-08-15
AST-03232,Transmission,SEM-Transmission-3233,SITE-0216,Semarang,Juniper,JUN-Transmission-5196,Active,NusaTel Owned,100 Gbps,2022-05-22,2025-05-21,2025-07-19,2026-09-20
AST-03233,Transmission,SEM-Transmission-3234,SITE-0216,Semarang,ZTE,ZTE-Transmission-8048,Active,NusaTel Owned,100 Gbps,2021-09-30,2027-09-29,2025-10-30,2026-12-30
AST-03234,Transmission,SEM-Transmission-3235,SITE-0216,Semarang,Ericsson,ERI-Transmission-5070,Active,NusaTel Owned,100 Gbps,2018-02-01,2024-01-31,2025-12-04,2026-03-21
AST-03235,BTS,YOG-BTS-3236,SITE-0217,Yogyakarta,Nokia,NOK-BTS-5211,Active,Leased,100 MHz,2025-07-17,2031-07-16,2025-11-29,2026-12-14
AST-03236,BTS,YOG-BTS-3237,SITE-0217,Yogyakarta,Nokia,NOK-BTS-9374,Active,NusaTel Owned,100 MHz,2018-08-20,2021-08-19,2025-12-17,2026-07-12
AST-03237,BTS,YOG-BTS-3238,SITE-0217,Yogyakarta,Huawei,HUA-BTS-9631,Active,NusaTel Owned,100 MHz,2019-04-01,2025-03-30,2025-12-20,2026-03-22
AST-03238,BTS,YOG-BTS-3239,SITE-0217,Yogyakarta,ZTE,ZTE-BTS-4111,Active,NusaTel Owned,100 MHz,2018-11-01,2025-10-30,2025-08-05,2026-12-03
AST-03239,OLT,YOG-OLT-3240,SITE-0217,Yogyakarta,Ericsson,ERI-OLT-1274,Active,NusaTel Owned,10 Gbps,2020-05-25,2026-05-24,2025-07-16,2026-11-20
AST-03240,OLT,YOG-OLT-3241,SITE-0217,Yogyakarta,Huawei,HUA-OLT-3925,Active,NusaTel Owned,10 Gbps,2019-07-18,2023-07-17,2025-07-16,2026-04-05
AST-03241,OLT,YOG-OLT-3242,SITE-0217,Yogyakarta,Nokia,NOK-OLT-5037,Active,NusaTel Owned,10 Gbps,2020-04-16,2023-04-16,2025-08-07,2026-10-30
AST-03242,ODP,YOG-ODP-3243,SITE-0217,Yogyakarta,Ericsson,ERI-ODP-7577,Active,NusaTel Owned,1 Gbps,2024-03-11,2028-03-10,2025-07-23,2026-03-17
AST-03243,ODP,YOG-ODP-3244,SITE-0217,Yogyakarta,Ericsson,ERI-ODP-7340,Active,Customer Premises,1 Gbps,2024-12-04,2028-12-03,2025-12-14,2026-10-05
AST-03244,ODP,YOG-ODP-3245,SITE-0217,Yogyakarta,Juniper,JUN-ODP-3974,Active,NusaTel Owned,1 Gbps,2025-09-04,2028-09-03,2025-08-16,2026-07-17
AST-03245,ODP,YOG-ODP-3246,SITE-0217,Yogyakarta,Nokia,NOK-ODP-1775,Decommissioned,Leased,1 Gbps,2021-12-22,2023-12-22,2025-08-31,2026-03-31
AST-03246,Router,YOG-Router-3247,SITE-0217,Yogyakarta,Ericsson,ERI-Router-7106,Active,NusaTel Owned,40 Gbps,2024-06-24,2026-06-24,2025-08-27,2026-01-22
AST-03247,Router,YOG-Router-3248,SITE-0217,Yogyakarta,Cisco,CIS-Router-3584,Active,Leased,40 Gbps,2021-12-13,2027-12-12,2025-07-12,2026-03-18
AST-03248,Router,YOG-Router-3249,SITE-0217,Yogyakarta,Juniper,JUN-Router-3415,Active,NusaTel Owned,40 Gbps,2022-06-15,2028-06-13,2025-08-27,2026-12-02
AST-03249,Router,YOG-Router-3250,SITE-0217,Yogyakarta,Huawei,HUA-Router-6000,Active,NusaTel Owned,40 Gbps,2024-08-16,2026-08-16,2025-12-29,2026-01-03
AST-03250,Switch,YOG-Switch-3251,SITE-0217,Yogyakarta,Cisco,CIS-Switch-2174,Active,NusaTel Owned,10 Gbps,2018-06-17,2023-06-16,2025-09-30,2026-08-19
AST-03251,Switch,YOG-Switch-3252,SITE-0217,Yogyakarta,Nokia,NOK-Switch-3994,Active,NusaTel Owned,10 Gbps,2018-10-03,2021-10-02,2025-09-26,2026-09-08
AST-03252,Switch,YOG-Switch-3253,SITE-0217,Yogyakarta,Nokia,NOK-Switch-1894,Active,Customer Premises,10 Gbps,2022-04-04,2029-04-02,2025-09-30,2026-09-22
AST-03253,Transmission,YOG-Transmission-3254,SITE-0217,Yogyakarta,ZTE,ZTE-Transmission-1404,Active,NusaTel Owned,100 Gbps,2024-03-08,2026-03-08,2025-11-06,2026-05-06
AST-03254,Transmission,YOG-Transmission-3255,SITE-0217,Yogyakarta,ZTE,ZTE-Transmission-3276,Active,Partner,100 Gbps,2020-05-10,2026-05-09,2025-09-16,2026-08-17
AST-03255,Transmission,YOG-Transmission-3256,SITE-0217,Yogyakarta,Juniper,JUN-Transmission-9266,Active,Leased,100 Gbps,2023-11-19,2027-11-18,2025-11-14,2026-04-09
AST-03256,Transmission,YOG-Transmission-3257,SITE-0217,Yogyakarta,Nokia,NOK-Transmission-6678,Active,Leased,100 Gbps,2019-10-19,2025-10-17,2025-09-15,2026-11-23
AST-03257,BTS,DEN-BTS-3258,SITE-0218,Denpasar,Huawei,HUA-BTS-1715,Active,Customer Premises,100 MHz,2018-03-03,2025-03-01,2025-08-17,2026-03-26
AST-03258,BTS,DEN-BTS-3259,SITE-0218,Denpasar,Cisco,CIS-BTS-9059,Active,NusaTel Owned,100 MHz,2018-12-15,2020-12-14,2025-12-18,2026-05-28
AST-03259,OLT,DEN-OLT-3260,SITE-0218,Denpasar,Nokia,NOK-OLT-3755,Active,NusaTel Owned,10 Gbps,2021-10-21,2024-10-20,2025-10-26,2026-02-12
AST-03260,OLT,DEN-OLT-3261,SITE-0218,Denpasar,ZTE,ZTE-OLT-6765,Active,NusaTel Owned,10 Gbps,2020-12-26,2027-12-25,2025-09-07,2026-10-22
AST-03261,ODP,DEN-ODP-3262,SITE-0218,Denpasar,Nokia,NOK-ODP-3561,Active,Leased,1 Gbps,2022-12-28,2026-12-27,2025-07-07,2026-10-17
AST-03262,ODP,DEN-ODP-3263,SITE-0218,Denpasar,ZTE,ZTE-ODP-6805,Active,NusaTel Owned,1 Gbps,2024-05-18,2030-05-17,2025-09-28,2026-05-16
AST-03263,Router,DEN-Router-3264,SITE-0218,Denpasar,Huawei,HUA-Router-4121,Active,Customer Premises,40 Gbps,2021-12-17,2023-12-17,2025-07-23,2026-07-15
AST-03264,Router,DEN-Router-3265,SITE-0218,Denpasar,Cisco,CIS-Router-5615,Active,Leased,40 Gbps,2023-11-17,2029-11-15,2025-09-06,2026-11-25
AST-03265,Router,DEN-Router-3266,SITE-0218,Denpasar,Huawei,HUA-Router-7486,Maintenance,NusaTel Owned,40 Gbps,2022-07-30,2024-07-29,2025-09-26,2026-11-04
AST-03266,Router,DEN-Router-3267,SITE-0218,Denpasar,Nokia,NOK-Router-8202,Active,NusaTel Owned,40 Gbps,2021-07-03,2028-07-01,2025-12-20,2026-02-05
AST-03267,Switch,DEN-Switch-3268,SITE-0218,Denpasar,Cisco,CIS-Switch-3554,Active,NusaTel Owned,10 Gbps,2021-04-24,2026-04-23,2025-11-27,2026-05-16
AST-03268,Switch,DEN-Switch-3269,SITE-0218,Denpasar,ZTE,ZTE-Switch-1632,Maintenance,NusaTel Owned,10 Gbps,2019-08-21,2024-08-19,2025-07-10,2026-02-26
AST-03269,Transmission,DEN-Transmission-3270,SITE-0218,Denpasar,Cisco,CIS-Transmission-6851,Active,NusaTel Owned,100 Gbps,2018-10-11,2023-10-10,2025-11-24,2026-02-20
AST-03270,Transmission,DEN-Transmission-3271,SITE-0218,Denpasar,Cisco,CIS-Transmission-1745,Active,NusaTel Owned,100 Gbps,2019-07-14,2023-07-13,2025-12-31,2026-03-28
AST-03271,Transmission,DEN-Transmission-3272,SITE-0218,Denpasar,Cisco,CIS-Transmission-1645,Active,NusaTel Owned,100 Gbps,2019-06-25,2021-06-24,2025-08-20,2026-10-15
AST-03272,BTS,PAL-BTS-3273,SITE-0219,Palembang,Juniper,JUN-BTS-8112,Maintenance,NusaTel Owned,100 MHz,2021-07-04,2023-07-04,2025-11-01,2026-10-06
AST-03273,OLT,PAL-OLT-3274,SITE-0219,Palembang,Huawei,HUA-OLT-8928,Active,Leased,10 Gbps,2017-12-20,2022-12-19,2025-10-25,2026-12-07
AST-03274,OLT,PAL-OLT-3275,SITE-0219,Palembang,Cisco,CIS-OLT-4441,Active,Leased,10 Gbps,2021-02-21,2025-02-20,2025-08-08,2026-09-09
AST-03275,ODP,PAL-ODP-3276,SITE-0219,Palembang,Juniper,JUN-ODP-9474,Active,NusaTel Owned,1 Gbps,2025-10-04,2030-10-03,2025-08-23,2026-01-31
AST-03276,Router,PAL-Router-3277,SITE-0219,Palembang,Cisco,CIS-Router-9379,Faulty,NusaTel Owned,40 Gbps,2022-03-15,2025-03-14,2025-07-15,2026-10-02
AST-03277,Switch,PAL-Switch-3278,SITE-0219,Palembang,Ericsson,ERI-Switch-3200,Active,NusaTel Owned,10 Gbps,2018-06-19,2021-06-18,2025-09-28,2026-09-13
AST-03278,Switch,PAL-Switch-3279,SITE-0219,Palembang,Huawei,HUA-Switch-5291,Active,Customer Premises,10 Gbps,2023-05-28,2028-05-26,2025-12-14,2026-12-22
AST-03279,Switch,PAL-Switch-3280,SITE-0219,Palembang,Cisco,CIS-Switch-8042,Maintenance,NusaTel Owned,10 Gbps,2018-12-31,2023-12-30,2025-09-27,2026-12-18
AST-03280,Switch,PAL-Switch-3281,SITE-0219,Palembang,Nokia,NOK-Switch-1378,Active,NusaTel Owned,10 Gbps,2021-06-20,2025-06-19,2025-11-20,2026-09-04
AST-03281,Transmission,PAL-Transmission-3282,SITE-0219,Palembang,Cisco,CIS-Transmission-4807,Active,NusaTel Owned,100 Gbps,2021-04-04,2025-04-03,2025-07-29,2026-12-05
AST-03282,BTS,BAL-BTS-3283,SITE-0220,Balikpapan,Ericsson,ERI-BTS-6455,Active,Partner,100 MHz,2022-08-13,2027-08-12,2025-09-04,2026-06-04
AST-03283,OLT,BAL-OLT-3284,SITE-0220,Balikpapan,Cisco,CIS-OLT-4707,Active,NusaTel Owned,10 Gbps,2020-06-29,2022-06-29,2025-08-10,2026-11-23
AST-03284,OLT,BAL-OLT-3285,SITE-0220,Balikpapan,ZTE,ZTE-OLT-8416,Maintenance,NusaTel Owned,10 Gbps,2021-04-03,2027-04-02,2025-09-27,2026-05-31
AST-03285,OLT,BAL-OLT-3286,SITE-0220,Balikpapan,Juniper,JUN-OLT-3187,Faulty,NusaTel Owned,10 Gbps,2022-10-23,2025-10-22,2025-09-09,2026-04-06
AST-03286,ODP,BAL-ODP-3287,SITE-0220,Balikpapan,Huawei,HUA-ODP-2676,Faulty,Leased,1 Gbps,2018-01-15,2025-01-13,2025-08-02,2026-07-31
AST-03287,ODP,BAL-ODP-3288,SITE-0220,Balikpapan,Huawei,HUA-ODP-7564,Active,NusaTel Owned,1 Gbps,2022-09-08,2027-09-07,2025-11-20,2026-04-25
AST-03288,Router,BAL-Router-3289,SITE-0220,Balikpapan,Nokia,NOK-Router-7729,Active,Leased,40 Gbps,2020-12-28,2023-12-28,2025-12-27,2026-09-25
AST-03289,Switch,BAL-Switch-3290,SITE-0220,Balikpapan,Juniper,JUN-Switch-1935,Active,NusaTel Owned,10 Gbps,2025-07-01,2029-06-30,2025-11-28,2026-03-17
AST-03290,Switch,BAL-Switch-3291,SITE-0220,Balikpapan,Huawei,HUA-Switch-9433,Active,NusaTel Owned,10 Gbps,2020-05-26,2027-05-25,2025-08-06,2026-10-16
AST-03291,Switch,BAL-Switch-3292,SITE-0220,Balikpapan,Cisco,CIS-Switch-2067,Maintenance,Customer Premises,10 Gbps,2019-10-21,2021-10-20,2025-08-01,2026-07-28
AST-03292,Transmission,BAL-Transmission-3293,SITE-0220,Balikpapan,Ericsson,ERI-Transmission-7942,Active,NusaTel Owned,100 Gbps,2025-11-19,2030-11-18,2025-10-08,2026-10-17
AST-03293,Transmission,BAL-Transmission-3294,SITE-0220,Balikpapan,Cisco,CIS-Transmission-1489,Active,Leased,100 Gbps,2022-03-01,2025-02-28,2025-09-16,2026-07-16
AST-03294,BTS,JAK-BTS-3295,SITE-0221,Jakarta,Juniper,JUN-BTS-8060,Active,Customer Premises,100 MHz,2021-02-04,2024-02-04,2025-07-09,2026-05-23
AST-03295,OLT,JAK-OLT-3296,SITE-0221,Jakarta,Huawei,HUA-OLT-5962,Active,NusaTel Owned,10 Gbps,2021-01-29,2024-01-29,2025-09-29,2026-10-06
AST-03296,OLT,JAK-OLT-3297,SITE-0221,Jakarta,Nokia,NOK-OLT-4629,Active,NusaTel Owned,10 Gbps,2019-12-27,2024-12-25,2025-12-09,2026-06-16
AST-03297,OLT,JAK-OLT-3298,SITE-0221,Jakarta,Juniper,JUN-OLT-9046,Active,Leased,10 Gbps,2019-10-06,2025-10-04,2025-10-01,2026-11-24
AST-03298,OLT,JAK-OLT-3299,SITE-0221,Jakarta,Ericsson,ERI-OLT-2914,Active,Customer Premises,10 Gbps,2024-08-07,2029-08-06,2025-09-26,2026-07-13
AST-03299,ODP,JAK-ODP-3300,SITE-0221,Jakarta,Juniper,JUN-ODP-5206,Active,NusaTel Owned,1 Gbps,2024-01-27,2028-01-26,2025-08-01,2026-04-15
AST-03300,ODP,JAK-ODP-3301,SITE-0221,Jakarta,Juniper,JUN-ODP-8194,Active,NusaTel Owned,1 Gbps,2018-04-07,2020-04-06,2025-10-17,2026-06-08
AST-03301,ODP,JAK-ODP-3302,SITE-0221,Jakarta,Nokia,NOK-ODP-4584,Active,Customer Premises,1 Gbps,2018-05-29,2025-05-27,2025-12-09,2026-04-26
AST-03302,ODP,JAK-ODP-3303,SITE-0221,Jakarta,Nokia,NOK-ODP-7698,Active,NusaTel Owned,1 Gbps,2018-12-24,2024-12-22,2025-12-21,2026-03-04
AST-03303,Router,JAK-Router-3304,SITE-0221,Jakarta,Huawei,HUA-Router-7216,Maintenance,NusaTel Owned,40 Gbps,2023-01-30,2030-01-28,2025-08-17,2026-04-22
AST-03304,Switch,JAK-Switch-3305,SITE-0221,Jakarta,ZTE,ZTE-Switch-7985,Active,Customer Premises,10 Gbps,2021-05-30,2025-05-29,2025-08-10,2026-03-14
AST-03305,Switch,JAK-Switch-3306,SITE-0221,Jakarta,Ericsson,ERI-Switch-4075,Active,Leased,10 Gbps,2022-07-15,2029-07-13,2025-12-11,2026-12-12
AST-03306,Transmission,JAK-Transmission-3307,SITE-0221,Jakarta,Huawei,HUA-Transmission-8633,Active,Leased,100 Gbps,2020-08-20,2026-08-19,2025-09-13,2026-11-25
AST-03307,Transmission,JAK-Transmission-3308,SITE-0221,Jakarta,Juniper,JUN-Transmission-2726,Active,NusaTel Owned,100 Gbps,2024-11-14,2029-11-13,2025-10-27,2026-09-07
AST-03308,Transmission,JAK-Transmission-3309,SITE-0221,Jakarta,Ericsson,ERI-Transmission-2178,Active,NusaTel Owned,100 Gbps,2023-08-06,2025-08-05,2025-12-03,2026-06-23
AST-03309,BTS,BAN-BTS-3310,SITE-0222,Bandung,Huawei,HUA-BTS-6166,Active,NusaTel Owned,100 MHz,2021-03-04,2026-03-03,2025-09-03,2026-11-24
AST-03310,BTS,BAN-BTS-3311,SITE-0222,Bandung,Cisco,CIS-BTS-8905,Active,Customer Premises,100 MHz,2024-06-12,2031-06-11,2025-11-17,2026-01-28
AST-03311,BTS,BAN-BTS-3312,SITE-0222,Bandung,Ericsson,ERI-BTS-3909,Active,NusaTel Owned,100 MHz,2018-06-26,2022-06-25,2025-08-13,2026-02-22
AST-03312,OLT,BAN-OLT-3313,SITE-0222,Bandung,Juniper,JUN-OLT-1630,Active,Customer Premises,10 Gbps,2024-12-08,2029-12-07,2025-09-27,2026-03-05
AST-03313,OLT,BAN-OLT-3314,SITE-0222,Bandung,Nokia,NOK-OLT-2658,Active,NusaTel Owned,10 Gbps,2022-07-15,2026-07-14,2025-10-04,2026-07-17
AST-03314,ODP,BAN-ODP-3315,SITE-0222,Bandung,Huawei,HUA-ODP-8351,Active,NusaTel Owned,1 Gbps,2022-02-07,2028-02-06,2025-08-10,2026-06-11
AST-03315,ODP,BAN-ODP-3316,SITE-0222,Bandung,Ericsson,ERI-ODP-6539,Active,NusaTel Owned,1 Gbps,2021-06-11,2026-06-10,2025-12-18,2026-03-28
AST-03316,ODP,BAN-ODP-3317,SITE-0222,Bandung,Ericsson,ERI-ODP-9108,Active,NusaTel Owned,1 Gbps,2022-06-28,2029-06-26,2025-11-18,2026-01-22
AST-03317,Router,BAN-Router-3318,SITE-0222,Bandung,Nokia,NOK-Router-4994,Active,NusaTel Owned,40 Gbps,2021-12-11,2027-12-10,2025-11-22,2026-10-03
AST-03318,Router,BAN-Router-3319,SITE-0222,Bandung,Ericsson,ERI-Router-6934,Active,NusaTel Owned,40 Gbps,2023-04-03,2029-04-01,2025-07-07,2026-12-13
AST-03319,Switch,BAN-Switch-3320,SITE-0222,Bandung,Juniper,JUN-Switch-7993,Active,NusaTel Owned,10 Gbps,2023-07-15,2027-07-14,2025-12-14,2026-03-24
AST-03320,Switch,BAN-Switch-3321,SITE-0222,Bandung,Ericsson,ERI-Switch-3617,Active,NusaTel Owned,10 Gbps,2021-07-05,2025-07-04,2025-09-30,2026-05-09
AST-03321,Transmission,BAN-Transmission-3322,SITE-0222,Bandung,Cisco,CIS-Transmission-8549,Active,NusaTel Owned,100 Gbps,2020-09-23,2025-09-22,2025-11-11,2026-04-27
AST-03322,BTS,SUR-BTS-3323,SITE-0223,Surabaya,ZTE,ZTE-BTS-2513,Active,NusaTel Owned,100 MHz,2019-01-04,2023-01-03,2025-09-09,2026-12-19
AST-03323,BTS,SUR-BTS-3324,SITE-0223,Surabaya,Cisco,CIS-BTS-5626,Maintenance,Customer Premises,100 MHz,2020-10-07,2026-10-06,2025-08-28,2026-10-04
AST-03324,BTS,SUR-BTS-3325,SITE-0223,Surabaya,Cisco,CIS-BTS-8766,Active,NusaTel Owned,100 MHz,2018-08-17,2020-08-16,2025-09-29,2026-09-16
AST-03325,OLT,SUR-OLT-3326,SITE-0223,Surabaya,Nokia,NOK-OLT-2647,Active,Leased,10 Gbps,2025-05-20,2030-05-19,2025-08-01,2026-11-25
AST-03326,OLT,SUR-OLT-3327,SITE-0223,Surabaya,Nokia,NOK-OLT-1291,Active,NusaTel Owned,10 Gbps,2024-05-21,2026-05-21,2025-10-07,2026-04-28
AST-03327,OLT,SUR-OLT-3328,SITE-0223,Surabaya,Nokia,NOK-OLT-1792,Active,Leased,10 Gbps,2021-11-01,2024-10-31,2025-09-26,2026-11-23
AST-03328,OLT,SUR-OLT-3329,SITE-0223,Surabaya,Juniper,JUN-OLT-7932,Maintenance,Leased,10 Gbps,2025-11-28,2029-11-27,2025-10-27,2026-05-16
AST-03329,ODP,SUR-ODP-3330,SITE-0223,Surabaya,ZTE,ZTE-ODP-1540,Faulty,Leased,1 Gbps,2022-01-11,2027-01-10,2025-09-17,2026-09-01
AST-03330,Router,SUR-Router-3331,SITE-0223,Surabaya,Nokia,NOK-Router-1259,Maintenance,NusaTel Owned,40 Gbps,2019-11-13,2025-11-11,2025-11-23,2026-02-21
AST-03331,Switch,SUR-Switch-3332,SITE-0223,Surabaya,Ericsson,ERI-Switch-2079,Active,Customer Premises,10 Gbps,2020-09-29,2026-09-28,2025-10-16,2026-10-15
AST-03332,Switch,SUR-Switch-3333,SITE-0223,Surabaya,Huawei,HUA-Switch-3712,Active,NusaTel Owned,10 Gbps,2023-03-25,2029-03-23,2025-07-27,2026-02-20
AST-03333,Transmission,SUR-Transmission-3334,SITE-0223,Surabaya,Juniper,JUN-Transmission-1055,Faulty,Customer Premises,100 Gbps,2023-12-17,2028-12-15,2025-09-26,2026-04-09
AST-03334,Transmission,SUR-Transmission-3335,SITE-0223,Surabaya,Cisco,CIS-Transmission-9128,Active,NusaTel Owned,100 Gbps,2018-08-10,2022-08-09,2025-08-02,2026-03-25
AST-03335,Transmission,SUR-Transmission-3336,SITE-0223,Surabaya,Huawei,HUA-Transmission-2444,Active,NusaTel Owned,100 Gbps,2021-04-12,2023-04-12,2025-07-05,2026-10-13
AST-03336,Transmission,SUR-Transmission-3337,SITE-0223,Surabaya,ZTE,ZTE-Transmission-8298,Active,NusaTel Owned,100 Gbps,2019-12-19,2022-12-18,2025-08-25,2026-05-16
AST-03337,BTS,MED-BTS-3338,SITE-0224,Medan,Nokia,NOK-BTS-4250,Active,Leased,100 MHz,2020-09-24,2027-09-23,2025-08-12,2026-10-19
AST-03338,BTS,MED-BTS-3339,SITE-0224,Medan,Huawei,HUA-BTS-5828,Maintenance,NusaTel Owned,100 MHz,2025-05-17,2027-05-17,2025-11-01,2026-12-25
AST-03339,OLT,MED-OLT-3340,SITE-0224,Medan,Nokia,NOK-OLT-6778,Decommissioned,NusaTel Owned,10 Gbps,2021-04-06,2025-04-05,2025-12-14,2026-09-25
AST-03340,OLT,MED-OLT-3341,SITE-0224,Medan,Cisco,CIS-OLT-7508,Active,NusaTel Owned,10 Gbps,2025-09-17,2030-09-16,2025-10-26,2026-08-26
AST-03341,OLT,MED-OLT-3342,SITE-0224,Medan,Ericsson,ERI-OLT-8305,Active,Customer Premises,10 Gbps,2021-02-02,2026-02-01,2025-10-24,2026-09-11
AST-03342,OLT,MED-OLT-3343,SITE-0224,Medan,Juniper,JUN-OLT-2564,Active,Customer Premises,10 Gbps,2023-12-23,2029-12-21,2025-12-29,2026-09-02
AST-03343,ODP,MED-ODP-3344,SITE-0224,Medan,Ericsson,ERI-ODP-7762,Active,NusaTel Owned,1 Gbps,2023-05-25,2030-05-23,2025-11-01,2026-06-01
AST-03344,ODP,MED-ODP-3345,SITE-0224,Medan,Huawei,HUA-ODP-8443,Active,Leased,1 Gbps,2024-03-12,2027-03-12,2025-09-22,2026-12-10
AST-03345,ODP,MED-ODP-3346,SITE-0224,Medan,ZTE,ZTE-ODP-3349,Active,NusaTel Owned,1 Gbps,2022-12-25,2024-12-24,2025-07-21,2026-04-21
AST-03346,Router,MED-Router-3347,SITE-0224,Medan,ZTE,ZTE-Router-3835,Active,NusaTel Owned,40 Gbps,2021-04-16,2025-04-15,2025-10-08,2026-08-01
AST-03347,Switch,MED-Switch-3348,SITE-0224,Medan,Huawei,HUA-Switch-8571,Active,NusaTel Owned,10 Gbps,2018-09-05,2024-09-03,2025-10-04,2026-05-12
AST-03348,Switch,MED-Switch-3349,SITE-0224,Medan,ZTE,ZTE-Switch-6087,Active,NusaTel Owned,10 Gbps,2020-04-10,2024-04-09,2025-12-20,2026-03-14
AST-03349,Transmission,MED-Transmission-3350,SITE-0224,Medan,Nokia,NOK-Transmission-1773,Active,NusaTel Owned,100 Gbps,2025-05-05,2027-05-05,2025-12-14,2026-12-21
AST-03350,Transmission,MED-Transmission-3351,SITE-0224,Medan,ZTE,ZTE-Transmission-1865,Active,NusaTel Owned,100 Gbps,2021-01-01,2024-12-31,2025-07-13,2026-04-27
AST-03351,BTS,MAK-BTS-3352,SITE-0225,Makassar,Ericsson,ERI-BTS-3601,Active,NusaTel Owned,100 MHz,2025-08-11,2028-08-10,2025-11-24,2026-09-17
AST-03352,BTS,MAK-BTS-3353,SITE-0225,Makassar,ZTE,ZTE-BTS-9510,Active,NusaTel Owned,100 MHz,2024-11-06,2027-11-06,2025-10-05,2026-06-20
AST-03353,OLT,MAK-OLT-3354,SITE-0225,Makassar,Cisco,CIS-OLT-3665,Active,Partner,10 Gbps,2025-09-22,2030-09-21,2025-12-27,2026-10-03
AST-03354,OLT,MAK-OLT-3355,SITE-0225,Makassar,Huawei,HUA-OLT-3835,Maintenance,Leased,10 Gbps,2021-10-01,2028-09-29,2025-11-22,2026-01-08
AST-03355,OLT,MAK-OLT-3356,SITE-0225,Makassar,Cisco,CIS-OLT-9970,Active,Customer Premises,10 Gbps,2020-10-15,2025-10-14,2025-07-22,2026-11-24
AST-03356,OLT,MAK-OLT-3357,SITE-0225,Makassar,ZTE,ZTE-OLT-4364,Maintenance,NusaTel Owned,10 Gbps,2024-10-05,2027-10-05,2025-12-11,2026-02-12
AST-03357,ODP,MAK-ODP-3358,SITE-0225,Makassar,Nokia,NOK-ODP-7225,Active,NusaTel Owned,1 Gbps,2022-12-08,2027-12-07,2025-10-14,2026-08-27
AST-03358,ODP,MAK-ODP-3359,SITE-0225,Makassar,ZTE,ZTE-ODP-2667,Active,NusaTel Owned,1 Gbps,2023-01-09,2027-01-08,2025-10-12,2026-10-20
AST-03359,Router,MAK-Router-3360,SITE-0225,Makassar,Juniper,JUN-Router-7039,Active,Customer Premises,40 Gbps,2019-08-22,2021-08-21,2025-09-10,2026-09-01
AST-03360,Router,MAK-Router-3361,SITE-0225,Makassar,Huawei,HUA-Router-1167,Active,NusaTel Owned,40 Gbps,2023-05-17,2030-05-15,2025-09-18,2026-04-25
AST-03361,Router,MAK-Router-3362,SITE-0225,Makassar,Cisco,CIS-Router-3789,Active,Customer Premises,40 Gbps,2023-08-04,2028-08-02,2025-10-11,2026-04-11
AST-03362,Switch,MAK-Switch-3363,SITE-0225,Makassar,Cisco,CIS-Switch-8418,Active,NusaTel Owned,10 Gbps,2024-10-20,2026-10-20,2025-09-18,2026-01-25
AST-03363,Switch,MAK-Switch-3364,SITE-0225,Makassar,Ericsson,ERI-Switch-2472,Maintenance,Leased,10 Gbps,2023-05-22,2029-05-20,2025-10-12,2026-02-12
AST-03364,Switch,MAK-Switch-3365,SITE-0225,Makassar,Ericsson,ERI-Switch-6116,Active,Leased,10 Gbps,2023-12-28,2030-12-26,2025-08-19,2026-11-16
AST-03365,Transmission,MAK-Transmission-3366,SITE-0225,Makassar,Ericsson,ERI-Transmission-8378,Active,Partner,100 Gbps,2023-07-21,2025-07-20,2025-08-17,2026-06-13
AST-03366,Transmission,MAK-Transmission-3367,SITE-0225,Makassar,ZTE,ZTE-Transmission-8825,Active,NusaTel Owned,100 Gbps,2024-06-12,2027-06-12,2025-07-23,2026-08-10
AST-03367,Transmission,MAK-Transmission-3368,SITE-0225,Makassar,Ericsson,ERI-Transmission-8432,Active,NusaTel Owned,100 Gbps,2024-02-11,2031-02-09,2025-10-19,2026-02-14
AST-03368,BTS,SEM-BTS-3369,SITE-0226,Semarang,Juniper,JUN-BTS-8272,Active,NusaTel Owned,100 MHz,2025-02-06,2029-02-05,2025-08-19,2026-06-03
AST-03369,BTS,SEM-BTS-3370,SITE-0226,Semarang,ZTE,ZTE-BTS-3368,Active,NusaTel Owned,100 MHz,2024-06-02,2028-06-01,2025-12-28,2026-04-22
AST-03370,BTS,SEM-BTS-3371,SITE-0226,Semarang,Juniper,JUN-BTS-8225,Active,Leased,100 MHz,2023-12-11,2029-12-09,2025-12-15,2026-06-19
AST-03371,OLT,SEM-OLT-3372,SITE-0226,Semarang,Ericsson,ERI-OLT-9614,Active,NusaTel Owned,10 Gbps,2023-03-20,2027-03-19,2025-08-20,2026-09-08
AST-03372,ODP,SEM-ODP-3373,SITE-0226,Semarang,Juniper,JUN-ODP-5562,Active,Customer Premises,1 Gbps,2020-05-27,2027-05-26,2025-09-02,2026-01-26
AST-03373,Router,SEM-Router-3374,SITE-0226,Semarang,Ericsson,ERI-Router-5938,Active,NusaTel Owned,40 Gbps,2019-04-13,2023-04-12,2025-09-14,2026-08-06
AST-03374,Router,SEM-Router-3375,SITE-0226,Semarang,ZTE,ZTE-Router-8819,Faulty,NusaTel Owned,40 Gbps,2024-08-11,2026-08-11,2025-10-20,2026-11-29
AST-03375,Switch,SEM-Switch-3376,SITE-0226,Semarang,ZTE,ZTE-Switch-7360,Maintenance,NusaTel Owned,10 Gbps,2021-06-20,2028-06-18,2025-07-12,2026-12-07
AST-03376,Transmission,SEM-Transmission-3377,SITE-0226,Semarang,ZTE,ZTE-Transmission-3969,Active,NusaTel Owned,100 Gbps,2019-01-17,2026-01-15,2025-11-28,2026-06-20
AST-03377,Transmission,SEM-Transmission-3378,SITE-0226,Semarang,Cisco,CIS-Transmission-2085,Active,NusaTel Owned,100 Gbps,2022-10-27,2027-10-26,2025-09-01,2026-10-24
AST-03378,Transmission,SEM-Transmission-3379,SITE-0226,Semarang,Nokia,NOK-Transmission-2733,Maintenance,NusaTel Owned,100 Gbps,2024-03-02,2028-03-01,2025-11-12,2026-04-25
AST-03379,Transmission,SEM-Transmission-3380,SITE-0226,Semarang,Nokia,NOK-Transmission-4990,Maintenance,Customer Premises,100 Gbps,2024-03-31,2031-03-30,2025-10-15,2026-04-22
AST-03380,BTS,YOG-BTS-3381,SITE-0227,Yogyakarta,Huawei,HUA-BTS-2462,Active,NusaTel Owned,100 MHz,2021-12-31,2028-12-29,2025-12-18,2026-10-02
AST-03381,BTS,YOG-BTS-3382,SITE-0227,Yogyakarta,ZTE,ZTE-BTS-8945,Active,Leased,100 MHz,2017-10-19,2024-10-17,2025-10-21,2026-03-13
AST-03382,BTS,YOG-BTS-3383,SITE-0227,Yogyakarta,Nokia,NOK-BTS-7884,Maintenance,Customer Premises,100 MHz,2020-11-21,2026-11-20,2025-08-22,2026-03-08
AST-03383,OLT,YOG-OLT-3384,SITE-0227,Yogyakarta,ZTE,ZTE-OLT-5935,Active,NusaTel Owned,10 Gbps,2019-01-24,2021-01-23,2025-08-01,2026-10-08
AST-03384,OLT,YOG-OLT-3385,SITE-0227,Yogyakarta,Ericsson,ERI-OLT-3828,Active,NusaTel Owned,10 Gbps,2022-06-05,2025-06-04,2025-12-27,2026-09-12
AST-03385,ODP,YOG-ODP-3386,SITE-0227,Yogyakarta,Juniper,JUN-ODP-2959,Maintenance,NusaTel Owned,1 Gbps,2025-10-03,2028-10-02,2025-11-08,2026-05-19
AST-03386,Router,YOG-Router-3387,SITE-0227,Yogyakarta,ZTE,ZTE-Router-8383,Active,Partner,40 Gbps,2021-09-26,2024-09-25,2025-10-31,2026-05-16
AST-03387,Router,YOG-Router-3388,SITE-0227,Yogyakarta,Juniper,JUN-Router-3244,Active,NusaTel Owned,40 Gbps,2024-08-15,2026-08-15,2025-09-09,2026-09-29
AST-03388,Router,YOG-Router-3389,SITE-0227,Yogyakarta,Nokia,NOK-Router-7485,Active,NusaTel Owned,40 Gbps,2021-09-27,2023-09-27,2025-08-22,2026-06-25
AST-03389,Switch,YOG-Switch-3390,SITE-0227,Yogyakarta,Nokia,NOK-Switch-4729,Maintenance,NusaTel Owned,10 Gbps,2020-01-25,2025-01-23,2025-10-19,2026-01-13
AST-03390,Switch,YOG-Switch-3391,SITE-0227,Yogyakarta,Cisco,CIS-Switch-9256,Maintenance,Partner,10 Gbps,2018-01-10,2023-01-09,2025-08-16,2026-03-09
AST-03391,Switch,YOG-Switch-3392,SITE-0227,Yogyakarta,ZTE,ZTE-Switch-9360,Decommissioned,NusaTel Owned,10 Gbps,2019-02-15,2026-02-13,2025-12-11,2026-01-07
AST-03392,Transmission,YOG-Transmission-3393,SITE-0227,Yogyakarta,Huawei,HUA-Transmission-6344,Active,NusaTel Owned,100 Gbps,2018-01-14,2021-01-13,2025-11-06,2026-12-22
AST-03393,BTS,DEN-BTS-3394,SITE-0228,Denpasar,Ericsson,ERI-BTS-3086,Active,Leased,100 MHz,2022-06-08,2026-06-07,2025-07-16,2026-08-12
AST-03394,BTS,DEN-BTS-3395,SITE-0228,Denpasar,ZTE,ZTE-BTS-5599,Active,NusaTel Owned,100 MHz,2024-08-10,2029-08-09,2025-08-14,2026-01-21
AST-03395,BTS,DEN-BTS-3396,SITE-0228,Denpasar,ZTE,ZTE-BTS-7543,Active,NusaTel Owned,100 MHz,2024-08-21,2027-08-21,2025-11-18,2026-03-08
AST-03396,BTS,DEN-BTS-3397,SITE-0228,Denpasar,Cisco,CIS-BTS-2884,Active,NusaTel Owned,100 MHz,2021-12-27,2024-12-26,2025-12-03,2026-05-17
AST-03397,OLT,DEN-OLT-3398,SITE-0228,Denpasar,Cisco,CIS-OLT-7845,Decommissioned,NusaTel Owned,10 Gbps,2018-01-06,2022-01-05,2025-08-31,2026-12-31
AST-03398,OLT,DEN-OLT-3399,SITE-0228,Denpasar,Ericsson,ERI-OLT-5383,Faulty,Customer Premises,10 Gbps,2021-04-27,2023-04-27,2025-08-22,2026-08-06
AST-03399,OLT,DEN-OLT-3400,SITE-0228,Denpasar,Ericsson,ERI-OLT-3899,Active,NusaTel Owned,10 Gbps,2024-01-06,2031-01-04,2025-09-02,2026-02-13
AST-03400,OLT,DEN-OLT-3401,SITE-0228,Denpasar,Nokia,NOK-OLT-8929,Active,Leased,10 Gbps,2020-07-14,2024-07-13,2025-10-01,2026-12-17
AST-03401,ODP,DEN-ODP-3402,SITE-0228,Denpasar,Huawei,HUA-ODP-4895,Active,Partner,1 Gbps,2023-10-02,2027-10-01,2025-12-16,2026-07-10
AST-03402,ODP,DEN-ODP-3403,SITE-0228,Denpasar,Nokia,NOK-ODP-2097,Active,NusaTel Owned,1 Gbps,2018-02-07,2023-02-06,2025-09-07,2026-09-21
AST-03403,ODP,DEN-ODP-3404,SITE-0228,Denpasar,Cisco,CIS-ODP-7522,Active,NusaTel Owned,1 Gbps,2019-03-19,2025-03-17,2025-10-30,2026-07-16
AST-03404,ODP,DEN-ODP-3405,SITE-0228,Denpasar,Juniper,JUN-ODP-9004,Active,NusaTel Owned,1 Gbps,2024-01-13,2030-01-11,2025-10-09,2026-01-19
AST-03405,Router,DEN-Router-3406,SITE-0228,Denpasar,Cisco,CIS-Router-7395,Active,Leased,40 Gbps,2025-01-31,2029-01-30,2025-07-27,2026-11-05
AST-03406,Router,DEN-Router-3407,SITE-0228,Denpasar,ZTE,ZTE-Router-1306,Active,Partner,40 Gbps,2018-03-15,2023-03-14,2025-10-24,2026-11-07
AST-03407,Router,DEN-Router-3408,SITE-0228,Denpasar,Juniper,JUN-Router-3355,Maintenance,NusaTel Owned,40 Gbps,2025-07-17,2030-07-16,2025-09-03,2026-03-13
AST-03408,Switch,DEN-Switch-3409,SITE-0228,Denpasar,Huawei,HUA-Switch-5671,Active,NusaTel Owned,10 Gbps,2018-09-20,2023-09-19,2025-12-25,2026-09-01
AST-03409,Transmission,DEN-Transmission-3410,SITE-0228,Denpasar,Cisco,CIS-Transmission-4005,Active,NusaTel Owned,100 Gbps,2023-02-03,2030-02-01,2025-07-24,2026-10-07
AST-03410,Transmission,DEN-Transmission-3411,SITE-0228,Denpasar,Juniper,JUN-Transmission-3632,Active,NusaTel Owned,100 Gbps,2025-06-22,2032-06-20,2025-10-25,2026-03-16
AST-03411,Transmission,DEN-Transmission-3412,SITE-0228,Denpasar,Cisco,CIS-Transmission-7181,Active,NusaTel Owned,100 Gbps,2025-08-20,2030-08-19,2025-09-20,2026-08-11
AST-03412,BTS,PAL-BTS-3413,SITE-0229,Palembang,Juniper,JUN-BTS-8326,Active,NusaTel Owned,100 MHz,2020-02-14,2023-02-13,2025-10-18,2026-05-25
AST-03413,BTS,PAL-BTS-3414,SITE-0229,Palembang,ZTE,ZTE-BTS-6391,Active,Partner,100 MHz,2020-01-30,2027-01-28,2025-07-22,2026-10-21
AST-03414,OLT,PAL-OLT-3415,SITE-0229,Palembang,Nokia,NOK-OLT-9492,Decommissioned,NusaTel Owned,10 Gbps,2018-09-11,2021-09-10,2025-09-11,2026-01-10
AST-03415,OLT,PAL-OLT-3416,SITE-0229,Palembang,Huawei,HUA-OLT-5860,Active,NusaTel Owned,10 Gbps,2023-07-13,2030-07-11,2025-10-05,2026-09-28
AST-03416,ODP,PAL-ODP-3417,SITE-0229,Palembang,Juniper,JUN-ODP-2658,Faulty,Partner,1 Gbps,2021-11-04,2027-11-03,2025-08-20,2026-01-27
AST-03417,ODP,PAL-ODP-3418,SITE-0229,Palembang,Huawei,HUA-ODP-6535,Active,NusaTel Owned,1 Gbps,2025-07-24,2030-07-23,2025-12-09,2026-01-29
AST-03418,Router,PAL-Router-3419,SITE-0229,Palembang,Huawei,HUA-Router-7711,Active,NusaTel Owned,40 Gbps,2025-09-30,2032-09-28,2025-10-22,2026-12-25
AST-03419,Router,PAL-Router-3420,SITE-0229,Palembang,Juniper,JUN-Router-8243,Active,NusaTel Owned,40 Gbps,2020-04-11,2023-04-11,2025-09-30,2026-10-27
AST-03420,Router,PAL-Router-3421,SITE-0229,Palembang,Ericsson,ERI-Router-9800,Active,NusaTel Owned,40 Gbps,2020-01-18,2025-01-16,2025-08-16,2026-12-17
AST-03421,Router,PAL-Router-3422,SITE-0229,Palembang,Huawei,HUA-Router-4034,Active,NusaTel Owned,40 Gbps,2022-12-11,2026-12-10,2025-12-16,2026-04-04
AST-03422,Switch,PAL-Switch-3423,SITE-0229,Palembang,Nokia,NOK-Switch-5479,Active,NusaTel Owned,10 Gbps,2023-06-19,2029-06-17,2025-10-10,2026-07-07
AST-03423,Switch,PAL-Switch-3424,SITE-0229,Palembang,Juniper,JUN-Switch-2720,Active,Customer Premises,10 Gbps,2020-05-08,2026-05-07,2025-09-05,2026-08-04
AST-03424,Switch,PAL-Switch-3425,SITE-0229,Palembang,Juniper,JUN-Switch-3270,Active,NusaTel Owned,10 Gbps,2021-09-30,2025-09-29,2025-12-18,2026-08-25
AST-03425,Transmission,PAL-Transmission-3426,SITE-0229,Palembang,ZTE,ZTE-Transmission-5887,Active,NusaTel Owned,100 Gbps,2025-01-16,2032-01-15,2025-12-14,2026-04-09
AST-03426,BTS,BAL-BTS-3427,SITE-0230,Balikpapan,Juniper,JUN-BTS-6574,Faulty,NusaTel Owned,100 MHz,2018-05-08,2022-05-07,2025-08-02,2026-09-17
AST-03427,BTS,BAL-BTS-3428,SITE-0230,Balikpapan,Nokia,NOK-BTS-9824,Maintenance,NusaTel Owned,100 MHz,2020-03-23,2023-03-23,2025-09-14,2026-05-16
AST-03428,BTS,BAL-BTS-3429,SITE-0230,Balikpapan,Juniper,JUN-BTS-6369,Decommissioned,Leased,100 MHz,2025-06-16,2030-06-15,2025-08-06,2026-09-16
AST-03429,BTS,BAL-BTS-3430,SITE-0230,Balikpapan,Nokia,NOK-BTS-6127,Active,Customer Premises,100 MHz,2021-10-06,2025-10-05,2025-07-11,2026-01-05
AST-03430,OLT,BAL-OLT-3431,SITE-0230,Balikpapan,Nokia,NOK-OLT-1673,Maintenance,NusaTel Owned,10 Gbps,2018-06-09,2025-06-07,2025-07-27,2026-06-06
AST-03431,OLT,BAL-OLT-3432,SITE-0230,Balikpapan,Huawei,HUA-OLT-4242,Active,NusaTel Owned,10 Gbps,2022-06-23,2028-06-21,2025-12-05,2026-07-16
AST-03432,OLT,BAL-OLT-3433,SITE-0230,Balikpapan,Ericsson,ERI-OLT-2707,Active,NusaTel Owned,10 Gbps,2019-07-12,2021-07-11,2025-07-13,2026-11-22
AST-03433,ODP,BAL-ODP-3434,SITE-0230,Balikpapan,Juniper,JUN-ODP-2993,Active,Customer Premises,1 Gbps,2021-02-11,2027-02-10,2025-12-26,2026-09-08
AST-03434,ODP,BAL-ODP-3435,SITE-0230,Balikpapan,ZTE,ZTE-ODP-6184,Active,Customer Premises,1 Gbps,2019-07-28,2026-07-26,2025-09-09,2026-12-08
AST-03435,ODP,BAL-ODP-3436,SITE-0230,Balikpapan,ZTE,ZTE-ODP-5216,Active,Leased,1 Gbps,2022-04-14,2024-04-13,2025-08-27,2026-07-20
AST-03436,Router,BAL-Router-3437,SITE-0230,Balikpapan,Cisco,CIS-Router-3146,Active,NusaTel Owned,40 Gbps,2019-09-17,2024-09-15,2025-12-29,2026-05-08
AST-03437,Router,BAL-Router-3438,SITE-0230,Balikpapan,Nokia,NOK-Router-3107,Active,Customer Premises,40 Gbps,2021-06-01,2028-05-30,2025-09-10,2026-06-26
AST-03438,Switch,BAL-Switch-3439,SITE-0230,Balikpapan,Juniper,JUN-Switch-3133,Active,NusaTel Owned,10 Gbps,2025-04-16,2029-04-15,2025-11-19,2026-11-19
AST-03439,Switch,BAL-Switch-3440,SITE-0230,Balikpapan,Nokia,NOK-Switch-8489,Active,NusaTel Owned,10 Gbps,2020-01-22,2026-01-20,2025-11-16,2026-01-15
AST-03440,Switch,BAL-Switch-3441,SITE-0230,Balikpapan,Cisco,CIS-Switch-7899,Active,NusaTel Owned,10 Gbps,2024-04-04,2031-04-03,2025-07-30,2026-06-18
AST-03441,Transmission,BAL-Transmission-3442,SITE-0230,Balikpapan,Huawei,HUA-Transmission-7401,Active,NusaTel Owned,100 Gbps,2024-10-05,2028-10-04,2025-11-17,2026-09-15
AST-03442,BTS,JAK-BTS-3443,SITE-0231,Jakarta,Juniper,JUN-BTS-6986,Active,NusaTel Owned,100 MHz,2019-01-29,2024-01-28,2025-09-02,2026-10-21
AST-03443,BTS,JAK-BTS-3444,SITE-0231,Jakarta,Ericsson,ERI-BTS-3403,Maintenance,NusaTel Owned,100 MHz,2022-12-09,2026-12-08,2025-09-14,2026-08-11
AST-03444,BTS,JAK-BTS-3445,SITE-0231,Jakarta,Nokia,NOK-BTS-2564,Active,NusaTel Owned,100 MHz,2023-08-20,2029-08-18,2025-10-09,2026-12-10
AST-03445,BTS,JAK-BTS-3446,SITE-0231,Jakarta,Ericsson,ERI-BTS-1806,Active,NusaTel Owned,100 MHz,2022-04-01,2027-03-31,2025-10-26,2026-05-05
AST-03446,OLT,JAK-OLT-3447,SITE-0231,Jakarta,Nokia,NOK-OLT-3450,Active,NusaTel Owned,10 Gbps,2021-01-14,2027-01-13,2025-10-08,2026-03-08
AST-03447,OLT,JAK-OLT-3448,SITE-0231,Jakarta,Cisco,CIS-OLT-7181,Active,NusaTel Owned,10 Gbps,2023-11-28,2030-11-26,2025-07-11,2026-02-07
AST-03448,OLT,JAK-OLT-3449,SITE-0231,Jakarta,Huawei,HUA-OLT-5694,Active,NusaTel Owned,10 Gbps,2024-01-03,2029-01-01,2025-08-09,2026-09-27
AST-03449,ODP,JAK-ODP-3450,SITE-0231,Jakarta,Nokia,NOK-ODP-6878,Active,NusaTel Owned,1 Gbps,2017-10-17,2024-10-15,2025-09-28,2026-07-07
AST-03450,Router,JAK-Router-3451,SITE-0231,Jakarta,Nokia,NOK-Router-6697,Active,NusaTel Owned,40 Gbps,2022-11-07,2024-11-06,2025-09-07,2026-11-04
AST-03451,Router,JAK-Router-3452,SITE-0231,Jakarta,Nokia,NOK-Router-4447,Maintenance,Customer Premises,40 Gbps,2023-05-23,2030-05-21,2025-12-30,2026-04-13
AST-03452,Router,JAK-Router-3453,SITE-0231,Jakarta,Juniper,JUN-Router-6091,Active,NusaTel Owned,40 Gbps,2021-10-03,2026-10-02,2025-07-21,2026-09-21
AST-03453,Router,JAK-Router-3454,SITE-0231,Jakarta,ZTE,ZTE-Router-7428,Active,NusaTel Owned,40 Gbps,2020-06-19,2025-06-18,2025-12-30,2026-11-28
AST-03454,Switch,JAK-Switch-3455,SITE-0231,Jakarta,Cisco,CIS-Switch-2584,Active,NusaTel Owned,10 Gbps,2023-01-31,2026-01-30,2025-12-01,2026-09-03
AST-03455,Switch,JAK-Switch-3456,SITE-0231,Jakarta,Ericsson,ERI-Switch-4763,Active,NusaTel Owned,10 Gbps,2021-03-09,2023-03-09,2025-07-13,2026-04-21
AST-03456,Switch,JAK-Switch-3457,SITE-0231,Jakarta,Huawei,HUA-Switch-2958,Maintenance,NusaTel Owned,10 Gbps,2020-03-28,2027-03-27,2025-11-13,2026-08-06
AST-03457,Switch,JAK-Switch-3458,SITE-0231,Jakarta,Huawei,HUA-Switch-3076,Active,NusaTel Owned,10 Gbps,2021-02-10,2026-02-09,2025-08-23,2026-11-26
AST-03458,Transmission,JAK-Transmission-3459,SITE-0231,Jakarta,Juniper,JUN-Transmission-7192,Active,NusaTel Owned,100 Gbps,2024-01-05,2028-01-04,2025-07-16,2026-10-01
AST-03459,Transmission,JAK-Transmission-3460,SITE-0231,Jakarta,Ericsson,ERI-Transmission-1618,Active,NusaTel Owned,100 Gbps,2021-10-13,2024-10-12,2025-11-03,2026-02-14
AST-03460,BTS,BAN-BTS-3461,SITE-0232,Bandung,Nokia,NOK-BTS-9995,Active,NusaTel Owned,100 MHz,2023-06-02,2029-05-31,2025-09-08,2026-10-05
AST-03461,BTS,BAN-BTS-3462,SITE-0232,Bandung,ZTE,ZTE-BTS-2025,Faulty,NusaTel Owned,100 MHz,2021-07-30,2028-07-28,2025-08-12,2026-03-09
AST-03462,BTS,BAN-BTS-3463,SITE-0232,Bandung,Juniper,JUN-BTS-1570,Active,NusaTel Owned,100 MHz,2018-08-13,2024-08-11,2025-12-07,2026-09-15
AST-03463,OLT,BAN-OLT-3464,SITE-0232,Bandung,Nokia,NOK-OLT-2230,Active,NusaTel Owned,10 Gbps,2022-05-25,2025-05-24,2025-11-17,2026-12-14
AST-03464,OLT,BAN-OLT-3465,SITE-0232,Bandung,Nokia,NOK-OLT-8758,Active,Leased,10 Gbps,2022-02-10,2025-02-09,2025-11-20,2026-02-13
AST-03465,OLT,BAN-OLT-3466,SITE-0232,Bandung,ZTE,ZTE-OLT-2702,Active,Customer Premises,10 Gbps,2021-09-28,2024-09-27,2025-08-22,2026-11-09
AST-03466,ODP,BAN-ODP-3467,SITE-0232,Bandung,Juniper,JUN-ODP-9754,Faulty,Partner,1 Gbps,2020-08-03,2026-08-02,2025-12-05,2026-04-16
AST-03467,ODP,BAN-ODP-3468,SITE-0232,Bandung,Juniper,JUN-ODP-4862,Active,Leased,1 Gbps,2018-07-11,2025-07-09,2025-11-26,2026-01-09
AST-03468,Router,BAN-Router-3469,SITE-0232,Bandung,Nokia,NOK-Router-2030,Active,NusaTel Owned,40 Gbps,2022-08-19,2027-08-18,2025-08-26,2026-10-12
AST-03469,Router,BAN-Router-3470,SITE-0232,Bandung,Huawei,HUA-Router-2758,Active,Leased,40 Gbps,2020-04-02,2027-04-01,2025-12-28,2026-09-30
AST-03470,Router,BAN-Router-3471,SITE-0232,Bandung,Cisco,CIS-Router-6267,Active,NusaTel Owned,40 Gbps,2018-08-03,2022-08-02,2025-09-04,2026-09-06
AST-03471,Router,BAN-Router-3472,SITE-0232,Bandung,Huawei,HUA-Router-4513,Active,NusaTel Owned,40 Gbps,2022-07-24,2028-07-22,2025-09-12,2026-08-18
AST-03472,Switch,BAN-Switch-3473,SITE-0232,Bandung,Ericsson,ERI-Switch-2843,Active,NusaTel Owned,10 Gbps,2021-01-24,2023-01-24,2025-08-09,2026-11-19
AST-03473,Switch,BAN-Switch-3474,SITE-0232,Bandung,ZTE,ZTE-Switch-4202,Active,NusaTel Owned,10 Gbps,2023-09-24,2027-09-23,2025-08-13,2026-08-07
AST-03474,Switch,BAN-Switch-3475,SITE-0232,Bandung,ZTE,ZTE-Switch-6183,Active,NusaTel Owned,10 Gbps,2021-02-24,2023-02-24,2025-07-31,2026-06-26
AST-03475,Switch,BAN-Switch-3476,SITE-0232,Bandung,Ericsson,ERI-Switch-3823,Decommissioned,NusaTel Owned,10 Gbps,2020-03-11,2024-03-10,2025-10-31,2026-04-15
AST-03476,Transmission,BAN-Transmission-3477,SITE-0232,Bandung,ZTE,ZTE-Transmission-2559,Faulty,NusaTel Owned,100 Gbps,2018-10-15,2021-10-14,2025-11-08,2026-11-17
AST-03477,BTS,SUR-BTS-3478,SITE-0233,Surabaya,Nokia,NOK-BTS-4366,Active,NusaTel Owned,100 MHz,2020-09-25,2022-09-25,2025-11-16,2026-09-10
AST-03478,BTS,SUR-BTS-3479,SITE-0233,Surabaya,Huawei,HUA-BTS-6805,Active,NusaTel Owned,100 MHz,2024-09-22,2028-09-21,2025-08-13,2026-08-12
AST-03479,BTS,SUR-BTS-3480,SITE-0233,Surabaya,Huawei,HUA-BTS-9942,Decommissioned,NusaTel Owned,100 MHz,2020-05-28,2025-05-27,2025-12-12,2026-09-08
AST-03480,BTS,SUR-BTS-3481,SITE-0233,Surabaya,Juniper,JUN-BTS-3083,Active,NusaTel Owned,100 MHz,2025-04-11,2029-04-10,2025-07-05,2026-08-16
AST-03481,OLT,SUR-OLT-3482,SITE-0233,Surabaya,Ericsson,ERI-OLT-2949,Active,NusaTel Owned,10 Gbps,2025-04-01,2029-03-31,2025-10-01,2026-07-29
AST-03482,OLT,SUR-OLT-3483,SITE-0233,Surabaya,Nokia,NOK-OLT-1206,Active,NusaTel Owned,10 Gbps,2022-10-04,2028-10-02,2025-11-19,2026-11-24
AST-03483,ODP,SUR-ODP-3484,SITE-0233,Surabaya,Ericsson,ERI-ODP-3852,Active,NusaTel Owned,1 Gbps,2025-08-14,2032-08-12,2025-12-11,2026-03-28
AST-03484,ODP,SUR-ODP-3485,SITE-0233,Surabaya,Juniper,JUN-ODP-8852,Active,Customer Premises,1 Gbps,2018-07-10,2020-07-09,2025-07-25,2026-08-17
AST-03485,ODP,SUR-ODP-3486,SITE-0233,Surabaya,Juniper,JUN-ODP-9424,Active,Customer Premises,1 Gbps,2025-02-14,2029-02-13,2025-11-24,2026-05-08
AST-03486,ODP,SUR-ODP-3487,SITE-0233,Surabaya,Juniper,JUN-ODP-4574,Active,Leased,1 Gbps,2020-10-17,2027-10-16,2025-12-11,2026-11-30
AST-03487,Router,SUR-Router-3488,SITE-0233,Surabaya,Ericsson,ERI-Router-4839,Active,NusaTel Owned,40 Gbps,2017-11-21,2021-11-20,2025-09-16,2026-03-28
AST-03488,Router,SUR-Router-3489,SITE-0233,Surabaya,Cisco,CIS-Router-3362,Active,Leased,40 Gbps,2025-06-16,2028-06-15,2025-10-27,2026-11-21
AST-03489,Switch,SUR-Switch-3490,SITE-0233,Surabaya,Ericsson,ERI-Switch-5622,Active,NusaTel Owned,10 Gbps,2017-12-26,2019-12-26,2025-11-17,2026-11-24
AST-03490,Switch,SUR-Switch-3491,SITE-0233,Surabaya,Juniper,JUN-Switch-7349,Active,NusaTel Owned,10 Gbps,2024-11-10,2027-11-10,2025-10-04,2026-09-11
AST-03491,Transmission,SUR-Transmission-3492,SITE-0233,Surabaya,ZTE,ZTE-Transmission-8804,Active,NusaTel Owned,100 Gbps,2024-01-06,2029-01-04,2025-10-26,2026-06-22
AST-03492,BTS,MED-BTS-3493,SITE-0234,Medan,Ericsson,ERI-BTS-6733,Active,NusaTel Owned,100 MHz,2020-06-23,2025-06-22,2025-08-24,2026-09-26
AST-03493,BTS,MED-BTS-3494,SITE-0234,Medan,Huawei,HUA-BTS-1104,Maintenance,NusaTel Owned,100 MHz,2024-12-26,2030-12-25,2025-08-30,2026-03-15
AST-03494,BTS,MED-BTS-3495,SITE-0234,Medan,Juniper,JUN-BTS-5967,Active,NusaTel Owned,100 MHz,2020-08-02,2022-08-02,2025-11-17,2026-10-14
AST-03495,OLT,MED-OLT-3496,SITE-0234,Medan,ZTE,ZTE-OLT-5233,Active,NusaTel Owned,10 Gbps,2018-03-17,2022-03-16,2025-09-24,2026-03-27
AST-03496,OLT,MED-OLT-3497,SITE-0234,Medan,Juniper,JUN-OLT-4261,Active,NusaTel Owned,10 Gbps,2024-10-08,2031-10-07,2025-11-09,2026-10-14
AST-03497,OLT,MED-OLT-3498,SITE-0234,Medan,Nokia,NOK-OLT-6091,Maintenance,NusaTel Owned,10 Gbps,2024-06-01,2027-06-01,2025-10-25,2026-05-26
AST-03498,ODP,MED-ODP-3499,SITE-0234,Medan,Huawei,HUA-ODP-6544,Maintenance,NusaTel Owned,1 Gbps,2022-03-13,2024-03-12,2025-09-17,2026-12-09
AST-03499,ODP,MED-ODP-3500,SITE-0234,Medan,Cisco,CIS-ODP-6066,Active,NusaTel Owned,1 Gbps,2024-09-21,2028-09-20,2025-11-30,2026-11-05
AST-03500,ODP,MED-ODP-3501,SITE-0234,Medan,Cisco,CIS-ODP-4287,Active,Leased,1 Gbps,2017-11-25,2024-11-23,2025-08-26,2026-04-29
AST-03501,Router,MED-Router-3502,SITE-0234,Medan,Juniper,JUN-Router-8195,Active,Customer Premises,40 Gbps,2025-06-21,2031-06-20,2025-12-11,2026-11-04
AST-03502,Router,MED-Router-3503,SITE-0234,Medan,Cisco,CIS-Router-5294,Active,Leased,40 Gbps,2025-09-22,2029-09-21,2025-12-25,2026-08-01
AST-03503,Switch,MED-Switch-3504,SITE-0234,Medan,Nokia,NOK-Switch-4444,Maintenance,NusaTel Owned,10 Gbps,2018-08-18,2023-08-17,2025-11-25,2026-03-28
AST-03504,Switch,MED-Switch-3505,SITE-0234,Medan,Cisco,CIS-Switch-4559,Active,Customer Premises,10 Gbps,2025-05-10,2027-05-10,2025-07-23,2026-05-24
AST-03505,Switch,MED-Switch-3506,SITE-0234,Medan,Cisco,CIS-Switch-7276,Active,NusaTel Owned,10 Gbps,2018-08-01,2023-07-31,2025-12-22,2026-01-24
AST-03506,Switch,MED-Switch-3507,SITE-0234,Medan,Cisco,CIS-Switch-9495,Active,Partner,10 Gbps,2021-01-04,2023-01-04,2025-07-31,2026-04-20
AST-03507,Transmission,MED-Transmission-3508,SITE-0234,Medan,ZTE,ZTE-Transmission-3432,Active,NusaTel Owned,100 Gbps,2019-08-12,2024-08-10,2025-11-30,2026-02-13
AST-03508,Transmission,MED-Transmission-3509,SITE-0234,Medan,Juniper,JUN-Transmission-3909,Active,NusaTel Owned,100 Gbps,2022-11-12,2024-11-11,2025-08-01,2026-11-20
AST-03509,BTS,MAK-BTS-3510,SITE-0235,Makassar,Nokia,NOK-BTS-7141,Active,NusaTel Owned,100 MHz,2023-05-14,2028-05-12,2025-08-27,2026-12-30
AST-03510,OLT,MAK-OLT-3511,SITE-0235,Makassar,Juniper,JUN-OLT-9680,Active,NusaTel Owned,10 Gbps,2018-09-22,2025-09-20,2025-11-19,2026-04-19
AST-03511,OLT,MAK-OLT-3512,SITE-0235,Makassar,Cisco,CIS-OLT-8106,Active,Customer Premises,10 Gbps,2019-12-26,2026-12-24,2025-09-04,2026-08-31
AST-03512,OLT,MAK-OLT-3513,SITE-0235,Makassar,Juniper,JUN-OLT-8577,Active,Leased,10 Gbps,2023-03-29,2027-03-28,2025-10-02,2026-01-09
AST-03513,OLT,MAK-OLT-3514,SITE-0235,Makassar,ZTE,ZTE-OLT-1324,Active,NusaTel Owned,10 Gbps,2024-09-28,2031-09-27,2025-12-21,2026-06-06
AST-03514,ODP,MAK-ODP-3515,SITE-0235,Makassar,Huawei,HUA-ODP-4242,Active,Leased,1 Gbps,2021-02-25,2025-02-24,2025-10-16,2026-01-13
AST-03515,ODP,MAK-ODP-3516,SITE-0235,Makassar,Ericsson,ERI-ODP-6512,Active,NusaTel Owned,1 Gbps,2021-05-03,2027-05-02,2025-10-30,2026-04-25
AST-03516,Router,MAK-Router-3517,SITE-0235,Makassar,Juniper,JUN-Router-9566,Active,Leased,40 Gbps,2020-10-02,2023-10-02,2025-12-27,2026-08-10
AST-03517,Router,MAK-Router-3518,SITE-0235,Makassar,Huawei,HUA-Router-1560,Faulty,NusaTel Owned,40 Gbps,2023-09-04,2025-09-03,2025-11-09,2026-04-25
AST-03518,Switch,MAK-Switch-3519,SITE-0235,Makassar,Juniper,JUN-Switch-9120,Active,NusaTel Owned,10 Gbps,2019-02-10,2024-02-09,2025-09-02,2026-10-16
AST-03519,Switch,MAK-Switch-3520,SITE-0235,Makassar,ZTE,ZTE-Switch-6252,Active,NusaTel Owned,10 Gbps,2023-10-20,2027-10-19,2025-07-10,2026-02-05
AST-03520,Switch,MAK-Switch-3521,SITE-0235,Makassar,Juniper,JUN-Switch-1319,Maintenance,Leased,10 Gbps,2018-06-11,2024-06-09,2025-11-13,2026-01-14
AST-03521,Switch,MAK-Switch-3522,SITE-0235,Makassar,Nokia,NOK-Switch-8417,Active,NusaTel Owned,10 Gbps,2021-09-15,2025-09-14,2025-08-23,2026-06-02
AST-03522,Transmission,MAK-Transmission-3523,SITE-0235,Makassar,Ericsson,ERI-Transmission-4963,Active,NusaTel Owned,100 Gbps,2018-01-05,2024-01-04,2025-08-17,2026-02-19
AST-03523,Transmission,MAK-Transmission-3524,SITE-0235,Makassar,Cisco,CIS-Transmission-9341,Active,NusaTel Owned,100 Gbps,2024-06-23,2026-06-23,2025-12-01,2026-03-04
AST-03524,Transmission,MAK-Transmission-3525,SITE-0235,Makassar,Juniper,JUN-Transmission-2023,Active,NusaTel Owned,100 Gbps,2023-08-29,2029-08-27,2025-08-05,2026-07-24
AST-03525,BTS,SEM-BTS-3526,SITE-0236,Semarang,ZTE,ZTE-BTS-3824,Active,NusaTel Owned,100 MHz,2025-08-15,2029-08-14,2025-07-21,2026-05-24
AST-03526,BTS,SEM-BTS-3527,SITE-0236,Semarang,ZTE,ZTE-BTS-2912,Active,NusaTel Owned,100 MHz,2021-01-14,2023-01-14,2025-07-18,2026-06-14
AST-03527,BTS,SEM-BTS-3528,SITE-0236,Semarang,Juniper,JUN-BTS-7009,Active,NusaTel Owned,100 MHz,2018-11-09,2021-11-08,2025-08-06,2026-03-10
AST-03528,OLT,SEM-OLT-3529,SITE-0236,Semarang,Juniper,JUN-OLT-5755,Active,Customer Premises,10 Gbps,2025-08-31,2028-08-30,2025-08-06,2026-11-22
AST-03529,OLT,SEM-OLT-3530,SITE-0236,Semarang,ZTE,ZTE-OLT-1371,Active,NusaTel Owned,10 Gbps,2019-03-25,2022-03-24,2025-12-02,2026-03-28
AST-03530,ODP,SEM-ODP-3531,SITE-0236,Semarang,Cisco,CIS-ODP-1983,Active,Leased,1 Gbps,2024-02-09,2027-02-08,2025-09-20,2027-01-01
AST-03531,ODP,SEM-ODP-3532,SITE-0236,Semarang,Cisco,CIS-ODP-3449,Active,NusaTel Owned,1 Gbps,2018-02-17,2024-02-16,2025-09-06,2026-06-10
AST-03532,Router,SEM-Router-3533,SITE-0236,Semarang,Huawei,HUA-Router-3649,Active,NusaTel Owned,40 Gbps,2024-02-08,2028-02-07,2025-09-17,2026-10-27
AST-03533,Switch,SEM-Switch-3534,SITE-0236,Semarang,Juniper,JUN-Switch-3681,Active,NusaTel Owned,10 Gbps,2024-03-10,2029-03-09,2025-11-01,2026-05-30
AST-03534,Transmission,SEM-Transmission-3535,SITE-0236,Semarang,Huawei,HUA-Transmission-7331,Active,Leased,100 Gbps,2020-05-01,2022-05-01,2025-12-18,2026-10-10
AST-03535,BTS,YOG-BTS-3536,SITE-0237,Yogyakarta,Huawei,HUA-BTS-1459,Maintenance,Customer Premises,100 MHz,2017-10-24,2023-10-23,2025-09-05,2026-12-31
AST-03536,BTS,YOG-BTS-3537,SITE-0237,Yogyakarta,Nokia,NOK-BTS-4995,Maintenance,NusaTel Owned,100 MHz,2024-09-01,2026-09-01,2025-07-30,2026-10-18
AST-03537,OLT,YOG-OLT-3538,SITE-0237,Yogyakarta,Huawei,HUA-OLT-3520,Maintenance,Customer Premises,10 Gbps,2018-10-12,2021-10-11,2025-09-22,2026-12-05
AST-03538,OLT,YOG-OLT-3539,SITE-0237,Yogyakarta,Nokia,NOK-OLT-8167,Active,Customer Premises,10 Gbps,2024-02-05,2030-02-03,2025-08-02,2026-09-03
AST-03539,OLT,YOG-OLT-3540,SITE-0237,Yogyakarta,ZTE,ZTE-OLT-1680,Active,Partner,10 Gbps,2022-04-20,2026-04-19,2025-12-17,2026-01-07
AST-03540,ODP,YOG-ODP-3541,SITE-0237,Yogyakarta,ZTE,ZTE-ODP-7855,Maintenance,Leased,1 Gbps,2025-10-13,2029-10-12,2025-11-07,2026-03-03
AST-03541,Router,YOG-Router-3542,SITE-0237,Yogyakarta,ZTE,ZTE-Router-7115,Maintenance,NusaTel Owned,40 Gbps,2023-05-08,2027-05-07,2025-08-13,2026-11-07
AST-03542,Router,YOG-Router-3543,SITE-0237,Yogyakarta,Juniper,JUN-Router-8610,Active,NusaTel Owned,40 Gbps,2023-01-30,2029-01-28,2025-11-28,2026-08-25
AST-03543,Router,YOG-Router-3544,SITE-0237,Yogyakarta,Huawei,HUA-Router-9594,Active,Customer Premises,40 Gbps,2018-05-08,2025-05-06,2025-08-24,2026-03-23
AST-03544,Switch,YOG-Switch-3545,SITE-0237,Yogyakarta,Juniper,JUN-Switch-4605,Active,NusaTel Owned,10 Gbps,2023-04-05,2028-04-03,2025-12-25,2026-09-25
AST-03545,Switch,YOG-Switch-3546,SITE-0237,Yogyakarta,Cisco,CIS-Switch-6326,Active,Leased,10 Gbps,2025-04-30,2030-04-29,2025-09-11,2026-10-01
AST-03546,Transmission,YOG-Transmission-3547,SITE-0237,Yogyakarta,Nokia,NOK-Transmission-2896,Active,Partner,100 Gbps,2020-08-14,2026-08-13,2025-09-02,2026-08-26
AST-03547,Transmission,YOG-Transmission-3548,SITE-0237,Yogyakarta,Cisco,CIS-Transmission-4658,Active,NusaTel Owned,100 Gbps,2021-01-02,2025-01-01,2025-07-05,2026-04-11
AST-03548,BTS,DEN-BTS-3549,SITE-0238,Denpasar,Cisco,CIS-BTS-8508,Active,NusaTel Owned,100 MHz,2024-06-22,2029-06-21,2025-10-01,2026-07-08
AST-03549,BTS,DEN-BTS-3550,SITE-0238,Denpasar,ZTE,ZTE-BTS-8738,Active,NusaTel Owned,100 MHz,2019-08-10,2025-08-08,2025-11-13,2026-03-30
AST-03550,BTS,DEN-BTS-3551,SITE-0238,Denpasar,Ericsson,ERI-BTS-7257,Decommissioned,NusaTel Owned,100 MHz,2024-05-11,2031-05-10,2025-12-08,2026-10-20
AST-03551,BTS,DEN-BTS-3552,SITE-0238,Denpasar,Juniper,JUN-BTS-6158,Active,NusaTel Owned,100 MHz,2021-07-27,2024-07-26,2025-11-15,2026-05-26
AST-03552,OLT,DEN-OLT-3553,SITE-0238,Denpasar,Nokia,NOK-OLT-3315,Maintenance,NusaTel Owned,10 Gbps,2023-02-15,2027-02-14,2025-11-13,2026-03-01
AST-03553,OLT,DEN-OLT-3554,SITE-0238,Denpasar,Juniper,JUN-OLT-2067,Active,NusaTel Owned,10 Gbps,2020-06-14,2026-06-13,2025-11-10,2026-05-01
AST-03554,OLT,DEN-OLT-3555,SITE-0238,Denpasar,ZTE,ZTE-OLT-2892,Active,NusaTel Owned,10 Gbps,2017-12-14,2019-12-14,2025-12-01,2026-10-17
AST-03555,ODP,DEN-ODP-3556,SITE-0238,Denpasar,Cisco,CIS-ODP-6407,Active,Leased,1 Gbps,2025-09-01,2032-08-30,2025-10-11,2026-03-28
AST-03556,ODP,DEN-ODP-3557,SITE-0238,Denpasar,Ericsson,ERI-ODP-5047,Active,NusaTel Owned,1 Gbps,2019-05-23,2024-05-21,2025-07-16,2026-12-25
AST-03557,ODP,DEN-ODP-3558,SITE-0238,Denpasar,Ericsson,ERI-ODP-9168,Active,NusaTel Owned,1 Gbps,2020-11-18,2023-11-18,2025-11-28,2026-07-31
AST-03558,ODP,DEN-ODP-3559,SITE-0238,Denpasar,Juniper,JUN-ODP-3766,Active,NusaTel Owned,1 Gbps,2022-09-25,2027-09-24,2025-11-25,2026-05-22
AST-03559,Router,DEN-Router-3560,SITE-0238,Denpasar,Cisco,CIS-Router-8342,Faulty,Leased,40 Gbps,2022-08-17,2024-08-16,2025-08-19,2026-11-08
AST-03560,Switch,DEN-Switch-3561,SITE-0238,Denpasar,ZTE,ZTE-Switch-1600,Maintenance,NusaTel Owned,10 Gbps,2023-10-16,2026-10-15,2025-09-18,2026-12-14
AST-03561,Switch,DEN-Switch-3562,SITE-0238,Denpasar,ZTE,ZTE-Switch-1215,Maintenance,NusaTel Owned,10 Gbps,2025-11-02,2030-11-01,2025-11-02,2026-06-04
AST-03562,Transmission,DEN-Transmission-3563,SITE-0238,Denpasar,Nokia,NOK-Transmission-4752,Active,NusaTel Owned,100 Gbps,2018-03-20,2022-03-19,2025-07-27,2026-10-23
AST-03563,Transmission,DEN-Transmission-3564,SITE-0238,Denpasar,ZTE,ZTE-Transmission-9975,Maintenance,NusaTel Owned,100 Gbps,2024-06-24,2030-06-23,2025-11-16,2026-12-06
AST-03564,BTS,PAL-BTS-3565,SITE-0239,Palembang,Juniper,JUN-BTS-6813,Active,Leased,100 MHz,2021-08-12,2024-08-11,2025-10-24,2026-08-11
AST-03565,BTS,PAL-BTS-3566,SITE-0239,Palembang,Cisco,CIS-BTS-2306,Active,NusaTel Owned,100 MHz,2024-09-30,2029-09-29,2025-11-14,2026-08-10
AST-03566,OLT,PAL-OLT-3567,SITE-0239,Palembang,Juniper,JUN-OLT-6503,Faulty,Customer Premises,10 Gbps,2018-03-09,2023-03-08,2025-12-03,2026-11-25
AST-03567,OLT,PAL-OLT-3568,SITE-0239,Palembang,ZTE,ZTE-OLT-1296,Faulty,Leased,10 Gbps,2018-03-01,2022-02-28,2025-11-10,2026-08-08
AST-03568,OLT,PAL-OLT-3569,SITE-0239,Palembang,Juniper,JUN-OLT-5418,Active,NusaTel Owned,10 Gbps,2020-03-06,2024-03-05,2025-08-24,2026-09-27
AST-03569,OLT,PAL-OLT-3570,SITE-0239,Palembang,Ericsson,ERI-OLT-1286,Active,NusaTel Owned,10 Gbps,2019-04-12,2021-04-11,2025-09-26,2026-05-19
AST-03570,ODP,PAL-ODP-3571,SITE-0239,Palembang,ZTE,ZTE-ODP-8015,Active,NusaTel Owned,1 Gbps,2022-12-24,2027-12-23,2025-10-28,2026-01-13
AST-03571,Router,PAL-Router-3572,SITE-0239,Palembang,Ericsson,ERI-Router-8883,Active,NusaTel Owned,40 Gbps,2018-12-19,2025-12-17,2025-07-05,2026-05-18
AST-03572,Router,PAL-Router-3573,SITE-0239,Palembang,Juniper,JUN-Router-2015,Maintenance,NusaTel Owned,40 Gbps,2021-09-30,2023-09-30,2025-07-13,2026-08-24
AST-03573,Router,PAL-Router-3574,SITE-0239,Palembang,Juniper,JUN-Router-6317,Active,NusaTel Owned,40 Gbps,2018-11-15,2022-11-14,2025-11-05,2026-07-06
AST-03574,Switch,PAL-Switch-3575,SITE-0239,Palembang,Huawei,HUA-Switch-2524,Faulty,NusaTel Owned,10 Gbps,2024-03-03,2027-03-03,2025-09-11,2026-03-11
AST-03575,Switch,PAL-Switch-3576,SITE-0239,Palembang,ZTE,ZTE-Switch-3322,Faulty,NusaTel Owned,10 Gbps,2018-10-11,2021-10-10,2025-09-13,2026-06-30
AST-03576,Switch,PAL-Switch-3577,SITE-0239,Palembang,Ericsson,ERI-Switch-9513,Active,NusaTel Owned,10 Gbps,2023-05-25,2029-05-23,2025-08-23,2026-07-27
AST-03577,Transmission,PAL-Transmission-3578,SITE-0239,Palembang,Ericsson,ERI-Transmission-5823,Active,Leased,100 Gbps,2018-05-09,2025-05-07,2025-10-02,2026-07-10
AST-03578,Transmission,PAL-Transmission-3579,SITE-0239,Palembang,Huawei,HUA-Transmission-7648,Active,Leased,100 Gbps,2024-08-30,2026-08-30,2025-09-27,2026-08-21
AST-03579,Transmission,PAL-Transmission-3580,SITE-0239,Palembang,Juniper,JUN-Transmission-2362,Active,NusaTel Owned,100 Gbps,2022-05-25,2024-05-24,2025-09-10,2026-05-21
AST-03580,BTS,BAL-BTS-3581,SITE-0240,Balikpapan,Cisco,CIS-BTS-9343,Active,Leased,100 MHz,2021-12-25,2027-12-24,2025-08-23,2026-02-16
AST-03581,BTS,BAL-BTS-3582,SITE-0240,Balikpapan,Ericsson,ERI-BTS-1256,Active,Leased,100 MHz,2020-09-08,2025-09-07,2025-08-23,2026-12-29
AST-03582,BTS,BAL-BTS-3583,SITE-0240,Balikpapan,Ericsson,ERI-BTS-9574,Maintenance,Partner,100 MHz,2021-07-24,2023-07-24,2025-08-20,2026-01-04
AST-03583,OLT,BAL-OLT-3584,SITE-0240,Balikpapan,Cisco,CIS-OLT-5124,Active,NusaTel Owned,10 Gbps,2018-06-09,2020-06-08,2025-09-24,2026-01-14
AST-03584,OLT,BAL-OLT-3585,SITE-0240,Balikpapan,Huawei,HUA-OLT-1116,Active,Customer Premises,10 Gbps,2018-07-28,2025-07-26,2025-10-16,2026-09-17
AST-03585,OLT,BAL-OLT-3586,SITE-0240,Balikpapan,ZTE,ZTE-OLT-9747,Active,NusaTel Owned,10 Gbps,2025-03-15,2028-03-14,2025-11-09,2026-11-02
AST-03586,ODP,BAL-ODP-3587,SITE-0240,Balikpapan,ZTE,ZTE-ODP-5924,Active,NusaTel Owned,1 Gbps,2019-06-07,2025-06-05,2025-07-13,2026-01-23
AST-03587,Router,BAL-Router-3588,SITE-0240,Balikpapan,Juniper,JUN-Router-6530,Active,NusaTel Owned,40 Gbps,2023-07-27,2027-07-26,2025-10-16,2026-07-16
AST-03588,Router,BAL-Router-3589,SITE-0240,Balikpapan,Juniper,JUN-Router-6047,Faulty,NusaTel Owned,40 Gbps,2023-09-03,2027-09-02,2025-07-16,2026-08-17
AST-03589,Router,BAL-Router-3590,SITE-0240,Balikpapan,Cisco,CIS-Router-2445,Active,Leased,40 Gbps,2018-04-09,2022-04-08,2025-11-02,2026-05-23
AST-03590,Switch,BAL-Switch-3591,SITE-0240,Balikpapan,Ericsson,ERI-Switch-7666,Active,NusaTel Owned,10 Gbps,2025-08-07,2029-08-06,2025-11-06,2026-08-26
AST-03591,Switch,BAL-Switch-3592,SITE-0240,Balikpapan,Nokia,NOK-Switch-2331,Active,NusaTel Owned,10 Gbps,2023-04-07,2027-04-06,2025-09-19,2026-09-23
AST-03592,Transmission,BAL-Transmission-3593,SITE-0240,Balikpapan,Nokia,NOK-Transmission-5426,Decommissioned,NusaTel Owned,100 Gbps,2018-09-04,2021-09-03,2025-12-21,2026-07-31
AST-03593,Transmission,BAL-Transmission-3594,SITE-0240,Balikpapan,Ericsson,ERI-Transmission-3021,Active,NusaTel Owned,100 Gbps,2019-11-17,2021-11-16,2025-07-11,2026-09-17
AST-03594,Transmission,BAL-Transmission-3595,SITE-0240,Balikpapan,Huawei,HUA-Transmission-3482,Active,NusaTel Owned,100 Gbps,2025-03-23,2029-03-22,2025-12-12,2026-05-03
AST-03595,BTS,JAK-BTS-3596,SITE-0241,Jakarta,Nokia,NOK-BTS-5916,Active,Customer Premises,100 MHz,2020-02-14,2023-02-13,2025-07-30,2026-11-17
AST-03596,BTS,JAK-BTS-3597,SITE-0241,Jakarta,Huawei,HUA-BTS-5113,Active,Leased,100 MHz,2017-10-25,2024-10-23,2025-07-12,2026-07-22
AST-03597,BTS,JAK-BTS-3598,SITE-0241,Jakarta,Cisco,CIS-BTS-6085,Active,NusaTel Owned,100 MHz,2021-06-19,2027-06-18,2025-07-23,2026-02-10
AST-03598,BTS,JAK-BTS-3599,SITE-0241,Jakarta,Cisco,CIS-BTS-8297,Active,NusaTel Owned,100 MHz,2019-11-26,2024-11-24,2025-08-25,2026-05-02
AST-03599,OLT,JAK-OLT-3600,SITE-0241,Jakarta,Nokia,NOK-OLT-3924,Active,NusaTel Owned,10 Gbps,2020-03-08,2022-03-08,2025-09-28,2026-01-18
AST-03600,ODP,JAK-ODP-3601,SITE-0241,Jakarta,Cisco,CIS-ODP-2535,Active,NusaTel Owned,1 Gbps,2018-03-23,2025-03-21,2025-09-21,2026-05-05
AST-03601,ODP,JAK-ODP-3602,SITE-0241,Jakarta,ZTE,ZTE-ODP-1674,Active,NusaTel Owned,1 Gbps,2023-11-25,2026-11-24,2025-10-13,2026-08-20
AST-03602,ODP,JAK-ODP-3603,SITE-0241,Jakarta,Juniper,JUN-ODP-7933,Active,Leased,1 Gbps,2022-10-14,2029-10-12,2025-07-25,2026-01-22
AST-03603,Router,JAK-Router-3604,SITE-0241,Jakarta,Ericsson,ERI-Router-9193,Active,NusaTel Owned,40 Gbps,2025-08-13,2030-08-12,2025-11-28,2026-09-29
AST-03604,Switch,JAK-Switch-3605,SITE-0241,Jakarta,Huawei,HUA-Switch-1418,Active,NusaTel Owned,10 Gbps,2025-04-07,2028-04-06,2025-10-23,2026-05-05
AST-03605,Switch,JAK-Switch-3606,SITE-0241,Jakarta,ZTE,ZTE-Switch-6699,Faulty,NusaTel Owned,10 Gbps,2018-07-21,2020-07-20,2025-10-22,2026-11-09
AST-03606,Switch,JAK-Switch-3607,SITE-0241,Jakarta,ZTE,ZTE-Switch-3488,Decommissioned,NusaTel Owned,10 Gbps,2021-05-08,2027-05-07,2025-08-28,2026-06-25
AST-03607,Switch,JAK-Switch-3608,SITE-0241,Jakarta,Nokia,NOK-Switch-1343,Active,NusaTel Owned,10 Gbps,2023-12-23,2027-12-22,2025-11-24,2026-03-18
AST-03608,Transmission,JAK-Transmission-3609,SITE-0241,Jakarta,Ericsson,ERI-Transmission-7910,Active,NusaTel Owned,100 Gbps,2021-11-21,2023-11-21,2025-09-25,2026-08-05
AST-03609,Transmission,JAK-Transmission-3610,SITE-0241,Jakarta,Huawei,HUA-Transmission-3465,Maintenance,NusaTel Owned,100 Gbps,2020-10-28,2025-10-27,2025-11-28,2026-11-22
AST-03610,Transmission,JAK-Transmission-3611,SITE-0241,Jakarta,Nokia,NOK-Transmission-2326,Active,NusaTel Owned,100 Gbps,2022-02-05,2027-02-04,2025-08-30,2026-03-12
AST-03611,BTS,BAN-BTS-3612,SITE-0242,Bandung,Nokia,NOK-BTS-8844,Maintenance,Customer Premises,100 MHz,2018-07-07,2024-07-05,2025-08-13,2026-06-17
AST-03612,BTS,BAN-BTS-3613,SITE-0242,Bandung,ZTE,ZTE-BTS-9430,Active,Partner,100 MHz,2022-09-02,2026-09-01,2025-09-03,2026-08-04
AST-03613,BTS,BAN-BTS-3614,SITE-0242,Bandung,Nokia,NOK-BTS-7645,Active,NusaTel Owned,100 MHz,2024-12-03,2030-12-02,2025-10-06,2026-07-24
AST-03614,BTS,BAN-BTS-3615,SITE-0242,Bandung,Juniper,JUN-BTS-5654,Active,Leased,100 MHz,2019-04-23,2026-04-21,2025-11-21,2026-09-14
AST-03615,OLT,BAN-OLT-3616,SITE-0242,Bandung,Nokia,NOK-OLT-5212,Active,NusaTel Owned,10 Gbps,2021-11-01,2026-10-31,2025-10-23,2026-01-31
AST-03616,OLT,BAN-OLT-3617,SITE-0242,Bandung,Nokia,NOK-OLT-3644,Active,Leased,10 Gbps,2024-01-25,2029-01-23,2025-07-15,2026-06-07
AST-03617,OLT,BAN-OLT-3618,SITE-0242,Bandung,Ericsson,ERI-OLT-7855,Active,NusaTel Owned,10 Gbps,2017-11-12,2020-11-11,2025-09-20,2026-09-03
AST-03618,OLT,BAN-OLT-3619,SITE-0242,Bandung,ZTE,ZTE-OLT-5979,Active,Leased,10 Gbps,2019-10-09,2024-10-07,2025-12-15,2026-05-16
AST-03619,ODP,BAN-ODP-3620,SITE-0242,Bandung,Juniper,JUN-ODP-1552,Active,NusaTel Owned,1 Gbps,2023-09-01,2026-08-31,2025-09-19,2026-10-18
AST-03620,ODP,BAN-ODP-3621,SITE-0242,Bandung,Cisco,CIS-ODP-6648,Active,NusaTel Owned,1 Gbps,2023-04-18,2027-04-17,2025-12-22,2026-11-18
AST-03621,ODP,BAN-ODP-3622,SITE-0242,Bandung,Huawei,HUA-ODP-7413,Active,NusaTel Owned,1 Gbps,2018-09-02,2025-08-31,2025-10-26,2026-07-28
AST-03622,Router,BAN-Router-3623,SITE-0242,Bandung,Ericsson,ERI-Router-8163,Active,Customer Premises,40 Gbps,2019-05-24,2024-05-22,2025-07-23,2026-02-17
AST-03623,Router,BAN-Router-3624,SITE-0242,Bandung,Cisco,CIS-Router-2383,Decommissioned,NusaTel Owned,40 Gbps,2025-01-28,2030-01-27,2025-12-09,2026-11-14
AST-03624,Router,BAN-Router-3625,SITE-0242,Bandung,ZTE,ZTE-Router-2428,Active,NusaTel Owned,40 Gbps,2023-07-11,2029-07-09,2025-12-09,2026-06-01
AST-03625,Switch,BAN-Switch-3626,SITE-0242,Bandung,Huawei,HUA-Switch-2993,Active,NusaTel Owned,10 Gbps,2021-07-02,2024-07-01,2025-07-08,2026-02-21
AST-03626,Switch,BAN-Switch-3627,SITE-0242,Bandung,Huawei,HUA-Switch-2998,Active,Customer Premises,10 Gbps,2021-01-05,2023-01-05,2025-07-19,2026-04-03
AST-03627,Transmission,BAN-Transmission-3628,SITE-0242,Bandung,Ericsson,ERI-Transmission-3346,Active,NusaTel Owned,100 Gbps,2022-07-22,2029-07-20,2025-11-07,2026-08-25
AST-03628,Transmission,BAN-Transmission-3629,SITE-0242,Bandung,Huawei,HUA-Transmission-6835,Active,NusaTel Owned,100 Gbps,2021-06-11,2028-06-09,2025-08-16,2026-07-18
AST-03629,Transmission,BAN-Transmission-3630,SITE-0242,Bandung,Ericsson,ERI-Transmission-4520,Active,Leased,100 Gbps,2019-03-31,2021-03-30,2025-07-17,2026-06-19
AST-03630,BTS,SUR-BTS-3631,SITE-0243,Surabaya,Cisco,CIS-BTS-6636,Decommissioned,NusaTel Owned,100 MHz,2025-03-29,2032-03-27,2025-12-31,2026-07-09
AST-03631,BTS,SUR-BTS-3632,SITE-0243,Surabaya,Ericsson,ERI-BTS-6693,Active,NusaTel Owned,100 MHz,2023-07-21,2027-07-20,2025-09-04,2026-02-19
AST-03632,BTS,SUR-BTS-3633,SITE-0243,Surabaya,Ericsson,ERI-BTS-2733,Active,Customer Premises,100 MHz,2018-08-14,2022-08-13,2025-12-03,2026-05-05
AST-03633,BTS,SUR-BTS-3634,SITE-0243,Surabaya,Nokia,NOK-BTS-5343,Active,NusaTel Owned,100 MHz,2019-03-01,2023-02-28,2025-09-14,2026-09-25
AST-03634,OLT,SUR-OLT-3635,SITE-0243,Surabaya,Huawei,HUA-OLT-9679,Active,Leased,10 Gbps,2022-04-30,2026-04-29,2025-10-15,2026-03-01
AST-03635,OLT,SUR-OLT-3636,SITE-0243,Surabaya,Huawei,HUA-OLT-5192,Active,NusaTel Owned,10 Gbps,2024-01-22,2030-01-20,2025-08-30,2026-07-22
AST-03636,OLT,SUR-OLT-3637,SITE-0243,Surabaya,Juniper,JUN-OLT-2070,Active,NusaTel Owned,10 Gbps,2021-05-24,2027-05-23,2025-11-18,2026-09-10
AST-03637,OLT,SUR-OLT-3638,SITE-0243,Surabaya,Nokia,NOK-OLT-4992,Active,NusaTel Owned,10 Gbps,2021-07-22,2025-07-21,2025-11-30,2026-01-25
AST-03638,ODP,SUR-ODP-3639,SITE-0243,Surabaya,Cisco,CIS-ODP-3117,Active,NusaTel Owned,1 Gbps,2022-10-12,2025-10-11,2025-07-20,2026-06-26
AST-03639,ODP,SUR-ODP-3640,SITE-0243,Surabaya,Ericsson,ERI-ODP-1325,Active,NusaTel Owned,1 Gbps,2021-12-08,2027-12-07,2025-08-02,2026-04-01
AST-03640,ODP,SUR-ODP-3641,SITE-0243,Surabaya,ZTE,ZTE-ODP-9814,Active,NusaTel Owned,1 Gbps,2019-01-29,2024-01-28,2025-11-07,2026-05-30
AST-03641,ODP,SUR-ODP-3642,SITE-0243,Surabaya,Ericsson,ERI-ODP-6679,Active,NusaTel Owned,1 Gbps,2023-08-13,2027-08-12,2025-09-19,2026-10-29
AST-03642,Router,SUR-Router-3643,SITE-0243,Surabaya,Nokia,NOK-Router-4686,Maintenance,NusaTel Owned,40 Gbps,2018-11-05,2025-11-03,2025-07-24,2026-07-06
AST-03643,Switch,SUR-Switch-3644,SITE-0243,Surabaya,Nokia,NOK-Switch-9422,Active,NusaTel Owned,10 Gbps,2022-09-28,2029-09-26,2025-10-29,2026-08-27
AST-03644,Switch,SUR-Switch-3645,SITE-0243,Surabaya,Juniper,JUN-Switch-6784,Active,NusaTel Owned,10 Gbps,2020-09-14,2025-09-13,2025-11-09,2026-11-16
AST-03645,Switch,SUR-Switch-3646,SITE-0243,Surabaya,Nokia,NOK-Switch-1440,Faulty,NusaTel Owned,10 Gbps,2023-04-18,2029-04-16,2025-09-15,2026-02-04
AST-03646,Switch,SUR-Switch-3647,SITE-0243,Surabaya,Cisco,CIS-Switch-9561,Active,Leased,10 Gbps,2025-06-04,2030-06-03,2025-12-01,2026-03-16
AST-03647,Transmission,SUR-Transmission-3648,SITE-0243,Surabaya,Juniper,JUN-Transmission-4590,Maintenance,Leased,100 Gbps,2023-10-15,2026-10-14,2025-10-19,2026-08-25
AST-03648,Transmission,SUR-Transmission-3649,SITE-0243,Surabaya,ZTE,ZTE-Transmission-9890,Active,NusaTel Owned,100 Gbps,2020-04-22,2026-04-21,2025-10-04,2026-10-31
AST-03649,BTS,MED-BTS-3650,SITE-0244,Medan,Cisco,CIS-BTS-7261,Active,Customer Premises,100 MHz,2018-08-29,2024-08-27,2025-08-14,2026-06-03
AST-03650,OLT,MED-OLT-3651,SITE-0244,Medan,Nokia,NOK-OLT-3302,Active,NusaTel Owned,10 Gbps,2020-02-02,2027-01-31,2025-12-09,2026-06-30
AST-03651,OLT,MED-OLT-3652,SITE-0244,Medan,Cisco,CIS-OLT-1968,Active,NusaTel Owned,10 Gbps,2018-01-26,2024-01-25,2025-09-15,2026-01-23
AST-03652,OLT,MED-OLT-3653,SITE-0244,Medan,Juniper,JUN-OLT-4138,Active,NusaTel Owned,10 Gbps,2023-04-05,2030-04-03,2025-10-19,2026-10-16
AST-03653,ODP,MED-ODP-3654,SITE-0244,Medan,Juniper,JUN-ODP-2656,Active,NusaTel Owned,1 Gbps,2022-09-25,2028-09-23,2025-08-01,2026-06-01
AST-03654,ODP,MED-ODP-3655,SITE-0244,Medan,Juniper,JUN-ODP-3160,Active,NusaTel Owned,1 Gbps,2020-03-20,2022-03-20,2025-09-24,2026-09-16
AST-03655,ODP,MED-ODP-3656,SITE-0244,Medan,ZTE,ZTE-ODP-7138,Maintenance,NusaTel Owned,1 Gbps,2024-09-14,2029-09-13,2025-10-10,2026-11-06
AST-03656,Router,MED-Router-3657,SITE-0244,Medan,Ericsson,ERI-Router-2884,Maintenance,NusaTel Owned,40 Gbps,2019-06-27,2024-06-25,2025-08-30,2026-06-16
AST-03657,Switch,MED-Switch-3658,SITE-0244,Medan,Ericsson,ERI-Switch-4561,Maintenance,Partner,10 Gbps,2019-04-07,2025-04-05,2025-07-15,2026-07-12
AST-03658,Switch,MED-Switch-3659,SITE-0244,Medan,Huawei,HUA-Switch-5753,Active,Leased,10 Gbps,2023-05-03,2028-05-01,2025-10-06,2026-07-31
AST-03659,Transmission,MED-Transmission-3660,SITE-0244,Medan,Cisco,CIS-Transmission-8530,Active,NusaTel Owned,100 Gbps,2025-08-12,2030-08-11,2025-11-20,2026-09-23
AST-03660,BTS,MAK-BTS-3661,SITE-0245,Makassar,Nokia,NOK-BTS-6680,Active,NusaTel Owned,100 MHz,2018-03-26,2023-03-25,2025-11-18,2026-09-12
AST-03661,BTS,MAK-BTS-3662,SITE-0245,Makassar,Huawei,HUA-BTS-4037,Maintenance,NusaTel Owned,100 MHz,2025-06-12,2031-06-11,2025-09-18,2026-01-09
AST-03662,BTS,MAK-BTS-3663,SITE-0245,Makassar,Huawei,HUA-BTS-6563,Active,Customer Premises,100 MHz,2019-12-17,2023-12-16,2025-11-04,2026-07-31
AST-03663,BTS,MAK-BTS-3664,SITE-0245,Makassar,Nokia,NOK-BTS-9491,Maintenance,Leased,100 MHz,2023-06-07,2026-06-06,2025-12-12,2026-06-19
AST-03664,OLT,MAK-OLT-3665,SITE-0245,Makassar,Nokia,NOK-OLT-5931,Active,Leased,10 Gbps,2019-05-04,2024-05-02,2025-10-21,2026-10-06
AST-03665,OLT,MAK-OLT-3666,SITE-0245,Makassar,Nokia,NOK-OLT-5833,Active,Leased,10 Gbps,2018-07-30,2025-07-28,2025-09-06,2026-01-14
AST-03666,OLT,MAK-OLT-3667,SITE-0245,Makassar,Ericsson,ERI-OLT-3487,Decommissioned,NusaTel Owned,10 Gbps,2025-06-27,2030-06-26,2025-11-18,2026-03-25
AST-03667,OLT,MAK-OLT-3668,SITE-0245,Makassar,Nokia,NOK-OLT-6622,Active,NusaTel Owned,10 Gbps,2023-08-18,2026-08-17,2025-11-19,2026-06-04
AST-03668,ODP,MAK-ODP-3669,SITE-0245,Makassar,Huawei,HUA-ODP-8007,Active,NusaTel Owned,1 Gbps,2017-10-23,2023-10-22,2025-12-14,2026-09-25
AST-03669,ODP,MAK-ODP-3670,SITE-0245,Makassar,Cisco,CIS-ODP-2869,Active,NusaTel Owned,1 Gbps,2023-08-10,2025-08-09,2025-11-26,2026-12-10
AST-03670,ODP,MAK-ODP-3671,SITE-0245,Makassar,Nokia,NOK-ODP-1378,Active,NusaTel Owned,1 Gbps,2024-09-02,2028-09-01,2025-09-02,2026-08-19
AST-03671,ODP,MAK-ODP-3672,SITE-0245,Makassar,Ericsson,ERI-ODP-1126,Active,NusaTel Owned,1 Gbps,2023-09-02,2025-09-01,2025-12-08,2026-08-16
AST-03672,Router,MAK-Router-3673,SITE-0245,Makassar,Ericsson,ERI-Router-2005,Active,Leased,40 Gbps,2022-04-02,2028-03-31,2025-12-26,2026-08-26
AST-03673,Router,MAK-Router-3674,SITE-0245,Makassar,ZTE,ZTE-Router-4173,Active,NusaTel Owned,40 Gbps,2020-11-04,2024-11-03,2025-12-23,2026-02-04
AST-03674,Switch,MAK-Switch-3675,SITE-0245,Makassar,Juniper,JUN-Switch-7983,Active,NusaTel Owned,10 Gbps,2019-03-17,2024-03-15,2025-11-30,2026-10-17
AST-03675,Switch,MAK-Switch-3676,SITE-0245,Makassar,Cisco,CIS-Switch-1092,Active,NusaTel Owned,10 Gbps,2025-03-26,2030-03-25,2025-11-18,2026-09-21
AST-03676,Switch,MAK-Switch-3677,SITE-0245,Makassar,Huawei,HUA-Switch-5933,Active,Leased,10 Gbps,2023-09-05,2026-09-04,2025-09-02,2026-11-20
AST-03677,Switch,MAK-Switch-3678,SITE-0245,Makassar,Nokia,NOK-Switch-4094,Active,NusaTel Owned,10 Gbps,2018-08-01,2024-07-30,2025-11-07,2026-04-18
AST-03678,Transmission,MAK-Transmission-3679,SITE-0245,Makassar,ZTE,ZTE-Transmission-6789,Active,Leased,100 Gbps,2021-06-03,2028-06-01,2025-12-10,2026-07-21
AST-03679,Transmission,MAK-Transmission-3680,SITE-0245,Makassar,Cisco,CIS-Transmission-6923,Active,NusaTel Owned,100 Gbps,2024-10-23,2029-10-22,2025-10-31,2026-04-07
AST-03680,Transmission,MAK-Transmission-3681,SITE-0245,Makassar,Ericsson,ERI-Transmission-2924,Active,NusaTel Owned,100 Gbps,2020-06-07,2024-06-06,2025-11-17,2026-12-27
AST-03681,BTS,SEM-BTS-3682,SITE-0246,Semarang,Huawei,HUA-BTS-4796,Active,NusaTel Owned,100 MHz,2018-05-17,2023-05-16,2025-10-11,2026-05-09
AST-03682,OLT,SEM-OLT-3683,SITE-0246,Semarang,Juniper,JUN-OLT-5220,Active,NusaTel Owned,10 Gbps,2024-08-30,2028-08-29,2025-12-01,2026-02-10
AST-03683,OLT,SEM-OLT-3684,SITE-0246,Semarang,Huawei,HUA-OLT-5655,Faulty,Customer Premises,10 Gbps,2024-05-03,2029-05-02,2025-09-20,2026-07-02
AST-03684,ODP,SEM-ODP-3685,SITE-0246,Semarang,ZTE,ZTE-ODP-2696,Active,NusaTel Owned,1 Gbps,2024-06-20,2028-06-19,2025-08-10,2026-12-08
AST-03685,Router,SEM-Router-3686,SITE-0246,Semarang,Nokia,NOK-Router-3942,Active,NusaTel Owned,40 Gbps,2020-05-20,2024-05-19,2025-08-13,2026-06-30
AST-03686,Router,SEM-Router-3687,SITE-0246,Semarang,Juniper,JUN-Router-1208,Active,NusaTel Owned,40 Gbps,2017-12-29,2022-12-28,2025-09-08,2026-02-20
AST-03687,Switch,SEM-Switch-3688,SITE-0246,Semarang,Ericsson,ERI-Switch-1502,Maintenance,Leased,10 Gbps,2021-07-10,2024-07-09,2025-07-30,2026-10-01
AST-03688,Switch,SEM-Switch-3689,SITE-0246,Semarang,Huawei,HUA-Switch-9957,Active,NusaTel Owned,10 Gbps,2020-01-06,2024-01-05,2025-11-10,2026-02-06
AST-03689,Transmission,SEM-Transmission-3690,SITE-0246,Semarang,Juniper,JUN-Transmission-7344,Active,NusaTel Owned,100 Gbps,2019-12-11,2026-12-09,2025-10-13,2026-08-01
AST-03690,Transmission,SEM-Transmission-3691,SITE-0246,Semarang,Ericsson,ERI-Transmission-1032,Active,NusaTel Owned,100 Gbps,2021-09-12,2024-09-11,2025-12-29,2026-02-12
AST-03691,Transmission,SEM-Transmission-3692,SITE-0246,Semarang,ZTE,ZTE-Transmission-5943,Active,NusaTel Owned,100 Gbps,2022-12-25,2027-12-24,2025-10-22,2026-08-28
AST-03692,BTS,YOG-BTS-3693,SITE-0247,Yogyakarta,Cisco,CIS-BTS-6732,Active,NusaTel Owned,100 MHz,2021-04-08,2024-04-07,2025-07-21,2026-11-12
AST-03693,BTS,YOG-BTS-3694,SITE-0247,Yogyakarta,Ericsson,ERI-BTS-3918,Active,Leased,100 MHz,2023-08-11,2029-08-09,2025-10-15,2026-07-10
AST-03694,BTS,YOG-BTS-3695,SITE-0247,Yogyakarta,Huawei,HUA-BTS-3203,Active,Customer Premises,100 MHz,2022-06-11,2024-06-10,2025-10-20,2026-04-11
AST-03695,OLT,YOG-OLT-3696,SITE-0247,Yogyakarta,Cisco,CIS-OLT-4828,Active,Leased,10 Gbps,2024-10-08,2027-10-08,2025-08-08,2026-12-04
AST-03696,OLT,YOG-OLT-3697,SITE-0247,Yogyakarta,Juniper,JUN-OLT-5707,Active,Partner,10 Gbps,2025-07-04,2028-07-03,2025-10-25,2026-07-19
AST-03697,OLT,YOG-OLT-3698,SITE-0247,Yogyakarta,Nokia,NOK-OLT-9891,Active,Customer Premises,10 Gbps,2020-11-03,2027-11-02,2025-08-06,2026-10-17
AST-03698,ODP,YOG-ODP-3699,SITE-0247,Yogyakarta,ZTE,ZTE-ODP-6083,Maintenance,Leased,1 Gbps,2019-09-21,2022-09-20,2025-11-10,2026-01-08
AST-03699,ODP,YOG-ODP-3700,SITE-0247,Yogyakarta,ZTE,ZTE-ODP-8697,Active,NusaTel Owned,1 Gbps,2023-11-11,2030-11-09,2025-11-20,2026-03-31
AST-03700,ODP,YOG-ODP-3701,SITE-0247,Yogyakarta,ZTE,ZTE-ODP-2578,Active,NusaTel Owned,1 Gbps,2023-03-22,2030-03-20,2025-08-30,2026-12-03
AST-03701,ODP,YOG-ODP-3702,SITE-0247,Yogyakarta,Juniper,JUN-ODP-9198,Active,NusaTel Owned,1 Gbps,2018-07-11,2020-07-10,2025-09-19,2026-01-16
AST-03702,Router,YOG-Router-3703,SITE-0247,Yogyakarta,Juniper,JUN-Router-7689,Active,NusaTel Owned,40 Gbps,2018-02-13,2022-02-12,2025-09-29,2026-08-10
AST-03703,Switch,YOG-Switch-3704,SITE-0247,Yogyakarta,ZTE,ZTE-Switch-7815,Active,NusaTel Owned,10 Gbps,2024-11-05,2029-11-04,2025-12-17,2026-08-03
AST-03704,Switch,YOG-Switch-3705,SITE-0247,Yogyakarta,Juniper,JUN-Switch-6902,Active,NusaTel Owned,10 Gbps,2018-02-21,2024-02-20,2025-10-21,2026-12-30
AST-03705,Transmission,YOG-Transmission-3706,SITE-0247,Yogyakarta,Cisco,CIS-Transmission-8238,Active,Leased,100 Gbps,2025-08-23,2030-08-22,2025-10-18,2026-10-17
AST-03706,Transmission,YOG-Transmission-3707,SITE-0247,Yogyakarta,ZTE,ZTE-Transmission-2732,Active,NusaTel Owned,100 Gbps,2024-04-17,2031-04-16,2025-09-15,2026-02-07
AST-03707,BTS,DEN-BTS-3708,SITE-0248,Denpasar,ZTE,ZTE-BTS-6292,Active,NusaTel Owned,100 MHz,2025-11-01,2032-10-30,2025-08-30,2026-08-10
AST-03708,OLT,DEN-OLT-3709,SITE-0248,Denpasar,Nokia,NOK-OLT-9959,Active,NusaTel Owned,10 Gbps,2020-12-08,2024-12-07,2025-08-19,2026-04-08
AST-03709,OLT,DEN-OLT-3710,SITE-0248,Denpasar,ZTE,ZTE-OLT-3839,Active,NusaTel Owned,10 Gbps,2023-02-17,2025-02-16,2025-07-12,2026-01-16
AST-03710,ODP,DEN-ODP-3711,SITE-0248,Denpasar,Ericsson,ERI-ODP-8185,Active,Leased,1 Gbps,2020-12-31,2027-12-30,2025-10-27,2026-04-27
AST-03711,ODP,DEN-ODP-3712,SITE-0248,Denpasar,Ericsson,ERI-ODP-1381,Active,NusaTel Owned,1 Gbps,2020-11-20,2024-11-19,2025-07-17,2026-05-03
AST-03712,Router,DEN-Router-3713,SITE-0248,Denpasar,ZTE,ZTE-Router-8869,Active,Customer Premises,40 Gbps,2022-01-25,2029-01-23,2025-09-21,2026-05-22
AST-03713,Router,DEN-Router-3714,SITE-0248,Denpasar,Huawei,HUA-Router-6414,Active,Partner,40 Gbps,2021-10-12,2027-10-11,2025-07-16,2026-03-08
AST-03714,Router,DEN-Router-3715,SITE-0248,Denpasar,Nokia,NOK-Router-1492,Maintenance,NusaTel Owned,40 Gbps,2021-12-04,2027-12-03,2025-09-18,2026-02-12
AST-03715,Router,DEN-Router-3716,SITE-0248,Denpasar,Juniper,JUN-Router-8124,Active,NusaTel Owned,40 Gbps,2025-03-19,2032-03-17,2025-07-13,2026-02-02
AST-03716,Switch,DEN-Switch-3717,SITE-0248,Denpasar,Ericsson,ERI-Switch-1275,Active,NusaTel Owned,10 Gbps,2023-10-21,2025-10-20,2025-11-17,2026-05-12
AST-03717,Switch,DEN-Switch-3718,SITE-0248,Denpasar,Juniper,JUN-Switch-8493,Active,Leased,10 Gbps,2020-11-23,2025-11-22,2025-12-21,2026-05-25
AST-03718,Switch,DEN-Switch-3719,SITE-0248,Denpasar,Nokia,NOK-Switch-1589,Active,NusaTel Owned,10 Gbps,2022-01-09,2027-01-08,2025-08-09,2026-12-27
AST-03719,Transmission,DEN-Transmission-3720,SITE-0248,Denpasar,Huawei,HUA-Transmission-3364,Active,NusaTel Owned,100 Gbps,2019-07-27,2023-07-26,2025-11-10,2026-03-25
AST-03720,Transmission,DEN-Transmission-3721,SITE-0248,Denpasar,Nokia,NOK-Transmission-8353,Active,Customer Premises,100 Gbps,2024-01-23,2027-01-22,2025-09-06,2026-12-13
AST-03721,Transmission,DEN-Transmission-3722,SITE-0248,Denpasar,Juniper,JUN-Transmission-2419,Active,NusaTel Owned,100 Gbps,2023-05-30,2029-05-28,2025-11-02,2026-08-23
AST-03722,BTS,PAL-BTS-3723,SITE-0249,Palembang,Huawei,HUA-BTS-9098,Active,NusaTel Owned,100 MHz,2020-06-27,2022-06-27,2025-08-23,2026-09-15
AST-03723,BTS,PAL-BTS-3724,SITE-0249,Palembang,Ericsson,ERI-BTS-5057,Active,NusaTel Owned,100 MHz,2023-10-03,2026-10-02,2025-11-09,2026-02-09
AST-03724,BTS,PAL-BTS-3725,SITE-0249,Palembang,Nokia,NOK-BTS-2929,Active,NusaTel Owned,100 MHz,2019-08-27,2026-08-25,2025-09-08,2026-05-21
AST-03725,OLT,PAL-OLT-3726,SITE-0249,Palembang,Cisco,CIS-OLT-9997,Maintenance,NusaTel Owned,10 Gbps,2021-05-26,2024-05-25,2025-12-05,2026-02-14
AST-03726,OLT,PAL-OLT-3727,SITE-0249,Palembang,Nokia,NOK-OLT-2579,Active,NusaTel Owned,10 Gbps,2023-06-21,2025-06-20,2025-08-05,2026-03-18
AST-03727,OLT,PAL-OLT-3728,SITE-0249,Palembang,ZTE,ZTE-OLT-6281,Active,NusaTel Owned,10 Gbps,2023-08-25,2029-08-23,2025-08-15,2026-04-03
AST-03728,ODP,PAL-ODP-3729,SITE-0249,Palembang,Cisco,CIS-ODP-5607,Active,NusaTel Owned,1 Gbps,2019-02-15,2021-02-14,2025-08-28,2026-03-25
AST-03729,ODP,PAL-ODP-3730,SITE-0249,Palembang,Nokia,NOK-ODP-7139,Active,NusaTel Owned,1 Gbps,2024-02-21,2029-02-19,2025-09-18,2026-09-22
AST-03730,ODP,PAL-ODP-3731,SITE-0249,Palembang,Huawei,HUA-ODP-4622,Active,Partner,1 Gbps,2019-04-28,2022-04-27,2025-11-02,2026-05-11
AST-03731,ODP,PAL-ODP-3732,SITE-0249,Palembang,ZTE,ZTE-ODP-4740,Active,NusaTel Owned,1 Gbps,2021-10-26,2023-10-26,2025-11-08,2026-02-19
AST-03732,Router,PAL-Router-3733,SITE-0249,Palembang,Ericsson,ERI-Router-7297,Faulty,NusaTel Owned,40 Gbps,2021-04-12,2025-04-11,2025-10-30,2026-02-10
AST-03733,Router,PAL-Router-3734,SITE-0249,Palembang,Nokia,NOK-Router-3036,Active,NusaTel Owned,40 Gbps,2018-03-26,2020-03-25,2025-12-16,2026-09-02
AST-03734,Router,PAL-Router-3735,SITE-0249,Palembang,ZTE,ZTE-Router-1181,Active,Customer Premises,40 Gbps,2023-09-25,2028-09-23,2025-09-08,2026-01-02
AST-03735,Switch,PAL-Switch-3736,SITE-0249,Palembang,Juniper,JUN-Switch-1986,Active,NusaTel Owned,10 Gbps,2024-03-13,2030-03-12,2025-09-28,2026-08-04
AST-03736,Transmission,PAL-Transmission-3737,SITE-0249,Palembang,Nokia,NOK-Transmission-1056,Faulty,NusaTel Owned,100 Gbps,2022-06-21,2024-06-20,2025-12-15,2026-03-04
AST-03737,Transmission,PAL-Transmission-3738,SITE-0249,Palembang,Huawei,HUA-Transmission-6691,Active,NusaTel Owned,100 Gbps,2024-03-08,2027-03-08,2025-12-17,2026-01-11
AST-03738,Transmission,PAL-Transmission-3739,SITE-0249,Palembang,Nokia,NOK-Transmission-7405,Active,NusaTel Owned,100 Gbps,2023-08-03,2029-08-01,2025-12-28,2026-02-27
AST-03739,BTS,BAL-BTS-3740,SITE-0250,Balikpapan,Cisco,CIS-BTS-8836,Active,Leased,100 MHz,2022-08-03,2028-08-01,2025-07-08,2026-03-27
AST-03740,OLT,BAL-OLT-3741,SITE-0250,Balikpapan,Cisco,CIS-OLT-3997,Active,NusaTel Owned,10 Gbps,2024-07-28,2028-07-27,2025-12-31,2026-10-21
AST-03741,ODP,BAL-ODP-3742,SITE-0250,Balikpapan,ZTE,ZTE-ODP-1299,Active,Customer Premises,1 Gbps,2025-08-08,2032-08-06,2025-09-16,2026-07-17
AST-03742,Router,BAL-Router-3743,SITE-0250,Balikpapan,Ericsson,ERI-Router-6490,Active,Leased,40 Gbps,2025-01-17,2028-01-17,2025-08-06,2026-10-29
AST-03743,Router,BAL-Router-3744,SITE-0250,Balikpapan,Nokia,NOK-Router-1567,Active,NusaTel Owned,40 Gbps,2023-01-12,2029-01-10,2025-07-22,2026-11-12
AST-03744,Router,BAL-Router-3745,SITE-0250,Balikpapan,ZTE,ZTE-Router-3421,Active,Leased,40 Gbps,2023-08-26,2030-08-24,2025-08-10,2026-03-25
AST-03745,Switch,BAL-Switch-3746,SITE-0250,Balikpapan,ZTE,ZTE-Switch-9055,Active,NusaTel Owned,10 Gbps,2018-11-05,2025-11-03,2025-10-29,2026-08-11
AST-03746,Switch,BAL-Switch-3747,SITE-0250,Balikpapan,ZTE,ZTE-Switch-2196,Active,NusaTel Owned,10 Gbps,2023-08-31,2026-08-30,2025-12-15,2026-05-18
AST-03747,Switch,BAL-Switch-3748,SITE-0250,Balikpapan,Juniper,JUN-Switch-3239,Active,NusaTel Owned,10 Gbps,2017-11-14,2022-11-13,2025-07-07,2026-08-04
AST-03748,Transmission,BAL-Transmission-3749,SITE-0250,Balikpapan,Ericsson,ERI-Transmission-4722,Active,NusaTel Owned,100 Gbps,2022-05-31,2025-05-30,2025-07-11,2026-06-13
AST-03749,Transmission,BAL-Transmission-3750,SITE-0250,Balikpapan,Juniper,JUN-Transmission-7490,Active,NusaTel Owned,100 Gbps,2019-02-24,2025-02-22,2025-07-26,2026-12-20
AST-03750,Transmission,BAL-Transmission-3751,SITE-0250,Balikpapan,Nokia,NOK-Transmission-7364,Active,Leased,100 Gbps,2025-04-14,2030-04-13,2025-12-03,2026-06-21
