timestamp,date,month,region,site_id,service_type,latency_ms,packet_loss_rate,jitter_ms,bandwidth_utilization,availability_percentage,quality_score
2026-01-01T00:00:00,2026-01-01,2026-01,Jakarta,SITE-0001,IPTV,33.35,0.287,3.98,62.78,98.675,88.53
2026-01-01T06:00:00,2026-01-01,2026-01,Bandung,SITE-0002,Mobile Broadband,20.03,0.236,3.73,52.31,99.184,92.46
2026-01-01T12:00:00,2026-01-01,2026-01,Surabaya,SITE-0003,Fiber Internet,24.3,0.729,3.95,68.97,98.465,86.01
2026-01-01T06:00:00,2026-01-01,2026-01,Medan,SITE-0004,IPTV,16.29,0.324,5.72,65.91,98.586,90.09
2026-01-01T06:00:00,2026-01-01,2026-01,Makassar,SITE-0005,Fiber Internet,45.64,0.38,1.5,57.32,98.748,87.16
2026-01-01T06:00:00,2026-01-01,2026-01,Semarang,SITE-0006,Cloud Connectivity,25.52,0.922,4.85,66.44,99.484,85.36
2026-01-01T06:00:00,2026-01-01,2026-01,Yogyakarta,SITE-0007,IPTV,32.47,0.0,9.91,49.84,98.452,87.06
2026-01-01T12:00:00,2026-01-01,2026-01,Denpasar,SITE-0008,Fiber Internet,30.58,0.357,6.6,69.22,97.75,84.26
2026-01-01T12:00:00,2026-01-01,2026-01,Palembang,SITE-0009,IPTV,20.99,0.096,6.93,47.52,98.431,89.94
2026-01-01T06:00:00,2026-01-01,2026-01,Balikpapan,SITE-0010,Cloud Connectivity,40.26,0.186,7.44,53.73,99.472,87.18
2026-01-01T00:00:00,2026-01-01,2026-01,Jakarta,SITE-0011,Cloud Connectivity,27.05,0.428,6.48,44.97,99.213,88.14
2026-01-01T18:00:00,2026-01-01,2026-01,Bandung,SITE-0012,Fiber Internet,23.56,0.098,14.17,74.43,99.881,87.19
2026-01-01T18:00:00,2026-01-01,2026-01,Surabaya,SITE-0013,Mobile Broadband,37.2,0.039,4.72,77.04,99.99,89.48
2026-01-01T12:00:00,2026-01-01,2026-01,Medan,SITE-0014,Voice,34.79,0.71,3.05,48.54,98.2,83.98
2026-01-01T18:00:00,2026-01-01,2026-01,Makassar,SITE-0015,Mobile Broadband,21.92,0.617,6.83,61.57,99.99,87.36
2026-01-01T00:00:00,2026-01-01,2026-01,Semarang,SITE-0016,Enterprise VPN,21.95,0.257,7.05,75.3,98.554,88.64
2026-01-01T12:00:00,2026-01-01,2026-01,Yogyakarta,SITE-0017,IPTV,39.78,0.167,10.81,51.52,99.328,85.56
2026-01-01T12:00:00,2026-01-01,2026-01,Denpasar,SITE-0018,Cloud Connectivity,24.15,0.464,6.02,71.12,99.53,88.63
2026-01-01T12:00:00,2026-01-01,2026-01,Palembang,SITE-0019,Enterprise VPN,27.23,0.461,3.61,48.75,99.312,89.43
2026-01-01T12:00:00,2026-01-01,2026-01,Balikpapan,SITE-0020,Mobile Broadband,29.5,0.339,1.05,68.87,99.191,91.4
2026-01-01T18:00:00,2026-01-01,2026-01,Jakarta,SITE-0021,Enterprise VPN,39.26,0.215,5.95,66.26,98.399,86.14
2026-01-01T12:00:00,2026-01-01,2026-01,Bandung,SITE-0022,Mobile Broadband,16.83,0.0,3.94,55.77,99.99,94.81
2026-01-01T00:00:00,2026-01-01,2026-01,Surabaya,SITE-0023,Cloud Connectivity,28.86,0.549,4.38,54.2,99.114,88.0
2026-01-01T18:00:00,2026-01-01,2026-01,Medan,SITE-0024,Voice,38.72,0.251,7.22,53.48,99.463,87.05
2026-01-01T00:00:00,2026-01-01,2026-01,Makassar,SITE-0025,IPTV,49.53,0.0,4.8,62.44,98.429,86.73
2026-01-01T18:00:00,2026-01-01,2026-01,Semarang,SITE-0026,Enterprise VPN,34.51,0.0,0.5,63.15,99.531,93.51
2026-01-01T06:00:00,2026-01-01,2026-01,Yogyakarta,SITE-0027,IPTV,40.24,0.752,6.71,46.66,99.099,83.05
2026-01-01T12:00:00,2026-01-01,2026-01,Denpasar,SITE-0028,Voice,41.95,0.741,12.4,41.48,98.529,78.29
2026-01-01T12:00:00,2026-01-01,2026-01,Palembang,SITE-0029,Voice,30.41,0.328,6.2,50.31,98.458,86.86
2026-01-01T12:00:00,2026-01-01,2026-01,Balikpapan,SITE-0030,Enterprise VPN,36.39,0.546,5.89,54.86,99.113,85.84
2026-01-01T00:00:00,2026-01-01,2026-01,Jakarta,SITE-0031,Cloud Connectivity,35.17,0.836,8.86,47.65,99.205,82.11
2026-01-01T00:00:00,2026-01-01,2026-01,Bandung,SITE-0032,Enterprise VPN,53.28,0.148,2.57,57.35,98.6,86.61
2026-01-01T18:00:00,2026-01-01,2026-01,Surabaya,SITE-0033,Voice,41.86,0.684,8.6,56.34,98.246,80.0
2026-01-01T06:00:00,2026-01-01,2026-01,Medan,SITE-0034,Mobile Broadband,29.94,0.049,6.08,56.59,98.451,89.23
2026-01-01T00:00:00,2026-01-01,2026-01,Makassar,SITE-0035,Mobile Broadband,35.27,0.172,2.1,72.76,99.863,91.12
2026-01-01T18:00:00,2026-01-01,2026-01,Semarang,SITE-0036,Enterprise VPN,30.81,0.713,5.98,64.19,98.285,83.31
2026-01-01T06:00:00,2026-01-01,2026-01,Yogyakarta,SITE-0037,Cloud Connectivity,31.6,0.652,4.53,70.0,98.801,86.01
2026-01-01T06:00:00,2026-01-01,2026-01,Denpasar,SITE-0038,Enterprise VPN,9.2,0.089,4.65,68.82,99.679,95.07
2026-01-01T06:00:00,2026-01-01,2026-01,Palembang,SITE-0039,IPTV,37.53,0.611,8.11,63.52,98.483,82.34
2026-01-01T12:00:00,2026-01-01,2026-01,Balikpapan,SITE-0040,Voice,12.14,0.08,7.66,63.91,99.917,92.96
2026-01-01T06:00:00,2026-01-01,2026-01,Jakarta,SITE-0041,Cloud Connectivity,29.79,0.0,3.36,54.84,99.628,92.79
2026-01-01T06:00:00,2026-01-01,2026-01,Bandung,SITE-0042,Voice,15.48,0.524,0.5,67.77,98.774,92.07
2026-01-01T12:00:00,2026-01-01,2026-01,Surabaya,SITE-0043,Cloud Connectivity,49.42,0.565,7.6,73.07,99.309,82.4
2026-01-01T06:00:00,2026-01-01,2026-01,Medan,SITE-0044,Cloud Connectivity,14.7,0.506,5.75,76.05,98.304,87.57
2026-01-01T18:00:00,2026-01-01,2026-01,Makassar,SITE-0045,Fiber Internet,24.13,0.943,9.77,69.35,99.73,82.74
2026-01-01T00:00:00,2026-01-01,2026-01,Semarang,SITE-0046,Cloud Connectivity,18.13,0.765,6.96,62.93,98.975,86.72
2026-01-01T18:00:00,2026-01-01,2026-01,Yogyakarta,SITE-0047,Mobile Broadband,27.66,0.066,3.84,64.51,99.99,92.38
2026-01-01T06:00:00,2026-01-01,2026-01,Denpasar,SITE-0048,Voice,25.09,0.0,2.0,49.82,98.943,94.21
2026-01-01T12:00:00,2026-01-01,2026-01,Palembang,SITE-0049,IPTV,24.15,0.315,9.33,52.15,98.961,87.88
2026-01-01T06:00:00,2026-01-01,2026-01,Balikpapan,SITE-0050,Cloud Connectivity,16.54,0.0,6.71,60.73,99.304,93.33
2026-01-08T00:00:00,2026-01-08,2026-01,Jakarta,SITE-0001,IPTV,41.32,0.334,12.27,68.17,98.607,81.97
2026-01-08T18:00:00,2026-01-08,2026-01,Bandung,SITE-0002,Mobile Broadband,32.67,0.414,6.01,45.74,98.835,87.0
2026-01-08T12:00:00,2026-01-08,2026-01,Surabaya,SITE-0003,Fiber Internet,50.06,0.0,8.35,55.65,99.028,86.4
2026-01-08T06:00:00,2026-01-08,2026-01,Medan,SITE-0004,IPTV,30.94,0.395,6.67,64.83,97.993,84.58
2026-01-08T00:00:00,2026-01-08,2026-01,Makassar,SITE-0005,Fiber Internet,34.37,0.0,4.44,46.4,98.416,89.62
2026-01-08T12:00:00,2026-01-08,2026-01,Semarang,SITE-0006,Cloud Connectivity,35.64,0.254,5.34,60.34,98.503,87.13
2026-01-08T06:00:00,2026-01-08,2026-01,Yogyakarta,SITE-0007,IPTV,29.33,0.307,9.55,66.25,98.539,85.62
2026-01-08T18:00:00,2026-01-08,2026-01,Denpasar,SITE-0008,Fiber Internet,20.24,0.363,4.65,64.11,99.99,90.89
2026-01-08T00:00:00,2026-01-08,2026-01,Palembang,SITE-0009,IPTV,28.26,0.524,0.88,57.77,98.208,87.86
2026-01-08T12:00:00,2026-01-08,2026-01,Balikpapan,SITE-0010,Cloud Connectivity,23.88,0.548,9.18,56.6,98.556,84.94
2026-01-08T12:00:00,2026-01-08,2026-01,Jakarta,SITE-0011,Cloud Connectivity,18.53,0.881,7.29,73.34,99.29,85.6
2026-01-08T12:00:00,2026-01-08,2026-01,Bandung,SITE-0012,Fiber Internet,45.12,0.589,4.65,67.51,98.631,83.5
2026-01-08T06:00:00,2026-01-08,2026-01,Surabaya,SITE-0013,Mobile Broadband,37.71,0.0,1.39,65.99,98.07,89.66
2026-01-08T12:00:00,2026-01-08,2026-01,Medan,SITE-0014,Voice,29.2,0.615,5.96,70.0,99.102,86.55
2026-01-08T00:00:00,2026-01-08,2026-01,Makassar,SITE-0015,Mobile Broadband,50.23,0.0,11.34,58.65,98.772,84.04
2026-01-08T06:00:00,2026-01-08,2026-01,Semarang,SITE-0016,Enterprise VPN,26.71,0.098,2.65,46.98,99.243,92.95
2026-01-08T12:00:00,2026-01-08,2026-01,Yogyakarta,SITE-0017,IPTV,33.02,0.458,3.55,59.95,99.823,88.44
2026-01-08T06:00:00,2026-01-08,2026-01,Denpasar,SITE-0018,Cloud Connectivity,32.93,0.547,6.27,48.54,99.126,86.25
2026-01-08T18:00:00,2026-01-08,2026-01,Palembang,SITE-0019,Enterprise VPN,35.17,0.805,8.81,67.08,98.919,82.14
2026-01-08T18:00:00,2026-01-08,2026-01,Balikpapan,SITE-0020,Mobile Broadband,43.03,0.466,4.76,62.67,98.815,85.35
2026-01-08T06:00:00,2026-01-08,2026-01,Jakarta,SITE-0021,Enterprise VPN,29.5,0.22,4.97,55.0,97.808,86.63
2026-01-08T00:00:00,2026-01-08,2026-01,Bandung,SITE-0022,Mobile Broadband,11.06,0.533,4.42,55.38,97.903,88.03
2026-01-08T12:00:00,2026-01-08,2026-01,Surabaya,SITE-0023,Cloud Connectivity,37.76,0.772,4.08,57.65,98.578,83.51
2026-01-08T06:00:00,2026-01-08,2026-01,Medan,SITE-0024,Voice,24.42,1.036,7.48,53.68,99.593,83.2
2026-01-08T18:00:00,2026-01-08,2026-01,Makassar,SITE-0025,IPTV,32.76,0.483,7.86,53.31,98.29,83.79
2026-01-08T18:00:00,2026-01-08,2026-01,Semarang,SITE-0026,Enterprise VPN,39.79,0.0,0.56,47.09,99.738,92.53
2026-01-08T18:00:00,2026-01-08,2026-01,Yogyakarta,SITE-0027,IPTV,53.17,0.509,5.45,63.62,99.317,83.36
2026-01-08T12:00:00,2026-01-08,2026-01,Denpasar,SITE-0028,Voice,37.61,0.0,5.62,61.36,99.403,90.14
2026-01-08T12:00:00,2026-01-08,2026-01,Palembang,SITE-0029,Voice,19.04,0.0,7.89,60.44,99.743,92.24
2026-01-08T00:00:00,2026-01-08,2026-01,Balikpapan,SITE-0030,Enterprise VPN,27.37,0.423,3.22,70.91,99.748,89.92
2026-01-08T00:00:00,2026-01-08,2026-01,Jakarta,SITE-0031,Cloud Connectivity,36.06,0.271,9.63,52.2,98.339,84.06
2026-01-08T18:00:00,2026-01-08,2026-01,Bandung,SITE-0032,Enterprise VPN,25.16,0.901,5.72,69.41,98.493,83.59
2026-01-08T06:00:00,2026-01-08,2026-01,Surabaya,SITE-0033,Voice,22.47,0.0,0.5,66.29,99.084,95.68
2026-01-08T06:00:00,2026-01-08,2026-01,Medan,SITE-0034,Mobile Broadband,19.88,0.0,3.75,63.06,98.548,93.0
2026-01-08T12:00:00,2026-01-08,2026-01,Makassar,SITE-0035,Mobile Broadband,48.19,0.672,0.86,61.25,98.819,84.93
2026-01-08T00:00:00,2026-01-08,2026-01,Semarang,SITE-0036,Enterprise VPN,26.41,0.0,1.82,59.52,99.205,94.24
2026-01-08T12:00:00,2026-01-08,2026-01,Yogyakarta,SITE-0037,Cloud Connectivity,17.87,0.257,1.84,35.99,99.185,93.71
2026-01-08T00:00:00,2026-01-08,2026-01,Denpasar,SITE-0038,Enterprise VPN,37.51,0.289,7.68,59.3,99.606,86.71
2026-01-08T06:00:00,2026-01-08,2026-01,Palembang,SITE-0039,IPTV,30.85,0.56,8.09,71.42,98.847,85.06
2026-01-08T12:00:00,2026-01-08,2026-01,Balikpapan,SITE-0040,Voice,26.46,0.021,2.79,49.29,99.107,93.53
2026-01-08T06:00:00,2026-01-08,2026-01,Jakarta,SITE-0041,Cloud Connectivity,17.93,0.541,6.26,72.55,98.396,87.19
2026-01-08T12:00:00,2026-01-08,2026-01,Bandung,SITE-0042,Voice,16.85,0.081,6.6,52.58,98.888,92.35
2026-01-08T18:00:00,2026-01-08,2026-01,Surabaya,SITE-0043,Cloud Connectivity,41.74,0.261,4.22,69.32,99.11,88.07
2026-01-08T06:00:00,2026-01-08,2026-01,Medan,SITE-0044,Cloud Connectivity,31.83,0.024,7.76,56.01,99.363,89.81
2026-01-08T18:00:00,2026-01-08,2026-01,Makassar,SITE-0045,Fiber Internet,28.13,0.03,10.17,57.23,99.208,89.1
2026-01-08T00:00:00,2026-01-08,2026-01,Semarang,SITE-0046,Cloud Connectivity,32.72,0.836,6.51,58.45,99.99,83.84
2026-01-08T00:00:00,2026-01-08,2026-01,Yogyakarta,SITE-0047,Mobile Broadband,13.69,0.0,8.72,68.01,99.256,92.74
2026-01-08T18:00:00,2026-01-08,2026-01,Denpasar,SITE-0048,Voice,30.04,0.365,7.62,70.81,99.479,87.48
2026-01-08T06:00:00,2026-01-08,2026-01,Palembang,SITE-0049,IPTV,32.28,0.264,7.25,66.49,99.456,88.09
2026-01-08T00:00:00,2026-01-08,2026-01,Balikpapan,SITE-0050,Cloud Connectivity,24.4,0.537,1.91,57.78,98.999,90.26
2026-01-15T00:00:00,2026-01-15,2026-01,Jakarta,SITE-0001,IPTV,19.56,0.591,1.77,58.38,99.99,90.77
2026-01-15T18:00:00,2026-01-15,2026-01,Bandung,SITE-0002,Mobile Broadband,32.24,0.204,3.76,61.27,98.767,89.8
2026-01-15T00:00:00,2026-01-15,2026-01,Surabaya,SITE-0003,Fiber Internet,24.99,0.478,5.31,76.94,99.981,87.89
2026-01-15T18:00:00,2026-01-15,2026-01,Medan,SITE-0004,IPTV,23.06,0.458,4.35,55.22,98.992,89.77
2026-01-15T06:00:00,2026-01-15,2026-01,Makassar,SITE-0005,Fiber Internet,25.21,0.0,8.29,57.98,98.921,90.67
2026-01-15T12:00:00,2026-01-15,2026-01,Semarang,SITE-0006,Cloud Connectivity,17.65,0.18,0.5,57.34,98.893,94.79
2026-01-15T12:00:00,2026-01-15,2026-01,Yogyakarta,SITE-0007,IPTV,34.3,0.684,1.3,78.62,99.538,86.01
2026-01-15T00:00:00,2026-01-15,2026-01,Denpasar,SITE-0008,Fiber Internet,27.05,0.0,0.5,63.76,98.342,92.88
2026-01-15T18:00:00,2026-01-15,2026-01,Palembang,SITE-0009,IPTV,10.42,0.377,5.01,67.42,99.843,92.36
2026-01-15T00:00:00,2026-01-15,2026-01,Balikpapan,SITE-0010,Cloud Connectivity,34.09,0.58,9.53,63.48,99.513,83.98
2026-01-15T00:00:00,2026-01-15,2026-01,Jakarta,SITE-0011,Cloud Connectivity,37.29,0.174,3.51,69.03,99.052,89.96
2026-01-15T18:00:00,2026-01-15,2026-01,Bandung,SITE-0012,Fiber Internet,21.99,0.442,5.33,61.7,98.244,87.31
2026-01-15T18:00:00,2026-01-15,2026-01,Surabaya,SITE-0013,Mobile Broadband,5.0,0.586,7.21,49.67,98.41,88.68
2026-01-15T06:00:00,2026-01-15,2026-01,Medan,SITE-0014,Voice,17.97,0.11,5.65,77.0,99.023,91.88
2026-01-15T00:00:00,2026-01-15,2026-01,Makassar,SITE-0015,Mobile Broadband,35.57,0.232,4.48,57.59,99.198,89.28
2026-01-15T18:00:00,2026-01-15,2026-01,Semarang,SITE-0016,Enterprise VPN,28.56,0.14,8.21,56.52,99.761,89.23
2026-01-15T00:00:00,2026-01-15,2026-01,Yogyakarta,SITE-0017,IPTV,35.1,1.191,9.26,57.44,98.793,78.44
2026-01-15T06:00:00,2026-01-15,2026-01,Denpasar,SITE-0018,Cloud Connectivity,28.92,0.308,13.44,87.36,99.367,79.37
2026-01-15T12:00:00,2026-01-15,2026-01,Palembang,SITE-0019,Enterprise VPN,28.12,0.0,9.61,61.08,99.306,89.65
2026-01-15T18:00:00,2026-01-15,2026-01,Balikpapan,SITE-0020,Mobile Broadband,49.52,1.059,5.41,49.34,99.423,79.64
2026-01-15T00:00:00,2026-01-15,2026-01,Jakarta,SITE-0021,Enterprise VPN,38.21,0.676,2.39,62.03,97.944,83.24
2026-01-15T18:00:00,2026-01-15,2026-01,Bandung,SITE-0022,Mobile Broadband,40.54,0.941,2.62,59.67,99.268,83.73
2026-01-15T06:00:00,2026-01-15,2026-01,Surabaya,SITE-0023,Cloud Connectivity,40.74,0.543,4.31,55.54,98.646,84.89
2026-01-15T06:00:00,2026-01-15,2026-01,Medan,SITE-0024,Voice,33.15,0.0,7.16,59.83,98.714,89.23
2026-01-15T00:00:00,2026-01-15,2026-01,Makassar,SITE-0025,IPTV,51.31,0.813,6.16,65.98,99.844,80.88
2026-01-15T06:00:00,2026-01-15,2026-01,Semarang,SITE-0026,Enterprise VPN,31.24,0.737,8.72,61.55,98.949,83.54
2026-01-15T18:00:00,2026-01-15,2026-01,Yogyakarta,SITE-0027,IPTV,19.62,0.0,3.79,65.06,99.314,94.39
2026-01-15T18:00:00,2026-01-15,2026-01,Denpasar,SITE-0028,Voice,16.62,0.0,3.17,56.4,99.719,95.26
2026-01-15T00:00:00,2026-01-15,2026-01,Palembang,SITE-0029,Voice,21.76,0.682,3.86,61.96,98.841,88.02
2026-01-15T06:00:00,2026-01-15,2026-01,Balikpapan,SITE-0030,Enterprise VPN,31.11,0.453,1.35,58.47,98.187,87.59
2026-01-15T00:00:00,2026-01-15,2026-01,Jakarta,SITE-0031,Cloud Connectivity,29.8,0.711,11.02,67.09,99.644,82.89
2026-01-15T00:00:00,2026-01-15,2026-01,Bandung,SITE-0032,Enterprise VPN,24.8,0.711,17.63,50.97,99.172,80.16
2026-01-15T00:00:00,2026-01-15,2026-01,Surabaya,SITE-0033,Voice,20.45,0.342,0.5,62.61,98.914,93.05
2026-01-15T00:00:00,2026-01-15,2026-01,Medan,SITE-0034,Mobile Broadband,22.47,0.756,0.5,50.06,99.448,89.64
2026-01-15T00:00:00,2026-01-15,2026-01,Makassar,SITE-0035,Mobile Broadband,35.12,0.229,5.07,52.35,98.492,87.53
2026-01-15T18:00:00,2026-01-15,2026-01,Semarang,SITE-0036,Enterprise VPN,20.12,0.529,2.38,73.9,99.681,90.84
2026-01-15T18:00:00,2026-01-15,2026-01,Yogyakarta,SITE-0037,Cloud Connectivity,39.54,0.806,3.01,81.16,98.924,81.78
2026-01-15T00:00:00,2026-01-15,2026-01,Denpasar,SITE-0038,Enterprise VPN,10.07,1.031,4.53,60.23,98.787,86.81
2026-01-15T06:00:00,2026-01-15,2026-01,Palembang,SITE-0039,IPTV,18.58,0.108,3.8,58.49,98.969,93.6
2026-01-15T00:00:00,2026-01-15,2026-01,Balikpapan,SITE-0040,Voice,28.62,0.157,6.74,58.26,98.745,89.12
2026-01-15T18:00:00,2026-01-15,2026-01,Jakarta,SITE-0041,Cloud Connectivity,41.68,0.0,5.07,62.72,99.285,89.71
2026-01-15T06:00:00,2026-01-15,2026-01,Bandung,SITE-0042,Voice,30.4,0.0,6.07,54.85,98.919,90.95
2026-01-15T18:00:00,2026-01-15,2026-01,Surabaya,SITE-0043,Cloud Connectivity,15.85,0.895,5.08,49.77,99.305,87.19
2026-01-15T00:00:00,2026-01-15,2026-01,Medan,SITE-0044,Cloud Connectivity,29.41,0.0,8.82,68.92,99.403,89.86
2026-01-15T12:00:00,2026-01-15,2026-01,Makassar,SITE-0045,Fiber Internet,35.53,0.357,3.7,72.1,99.078,88.72
2026-01-15T06:00:00,2026-01-15,2026-01,Semarang,SITE-0046,Cloud Connectivity,23.83,0.623,1.54,51.52,99.957,89.88
2026-01-15T12:00:00,2026-01-15,2026-01,Yogyakarta,SITE-0047,Mobile Broadband,18.79,0.95,0.5,56.26,99.99,88.74
2026-01-15T06:00:00,2026-01-15,2026-01,Denpasar,SITE-0048,Voice,29.33,0.0,12.39,55.32,99.438,87.91
2026-01-15T06:00:00,2026-01-15,2026-01,Palembang,SITE-0049,IPTV,27.87,0.129,8.35,73.38,98.239,87.08
2026-01-15T18:00:00,2026-01-15,2026-01,Balikpapan,SITE-0050,Cloud Connectivity,24.0,0.359,16.93,70.52,99.157,83.5
2026-01-22T06:00:00,2026-01-22,2026-01,Jakarta,SITE-0001,IPTV,14.03,0.322,3.43,81.64,97.934,86.83
2026-01-22T18:00:00,2026-01-22,2026-01,Bandung,SITE-0002,Mobile Broadband,16.58,0.334,8.24,59.15,99.641,89.81
2026-01-22T06:00:00,2026-01-22,2026-01,Surabaya,SITE-0003,Fiber Internet,22.24,0.368,3.97,66.63,99.854,90.86
2026-01-22T12:00:00,2026-01-22,2026-01,Medan,SITE-0004,IPTV,13.74,0.439,4.46,74.06,98.613,90.4
2026-01-22T12:00:00,2026-01-22,2026-01,Makassar,SITE-0005,Fiber Internet,25.84,0.417,5.11,56.95,99.824,89.2
2026-01-22T12:00:00,2026-01-22,2026-01,Semarang,SITE-0006,Cloud Connectivity,18.79,0.0,10.17,67.91,99.491,91.02
2026-01-22T18:00:00,2026-01-22,2026-01,Yogyakarta,SITE-0007,IPTV,12.43,0.0,7.46,72.03,99.294,93.66
2026-01-22T12:00:00,2026-01-22,2026-01,Denpasar,SITE-0008,Fiber Internet,21.12,0.167,4.44,52.4,98.606,91.23
2026-01-22T06:00:00,2026-01-22,2026-01,Palembang,SITE-0009,IPTV,27.81,0.074,2.85,69.3,98.9,92.54
2026-01-22T06:00:00,2026-01-22,2026-01,Balikpapan,SITE-0010,Cloud Connectivity,29.39,0.61,3.65,53.84,98.87,87.43
2026-01-22T18:00:00,2026-01-22,2026-01,Jakarta,SITE-0011,Cloud Connectivity,40.36,0.627,2.02,59.83,99.411,86.61
2026-01-22T06:00:00,2026-01-22,2026-01,Bandung,SITE-0012,Fiber Internet,9.67,0.306,7.09,56.09,99.238,91.91
2026-01-22T00:00:00,2026-01-22,2026-01,Surabaya,SITE-0013,Mobile Broadband,22.96,0.136,0.5,59.82,98.907,94.23
2026-01-22T12:00:00,2026-01-22,2026-01,Medan,SITE-0014,Voice,52.96,1.038,1.15,40.41,99.673,81.53
2026-01-22T12:00:00,2026-01-22,2026-01,Makassar,SITE-0015,Mobile Broadband,25.0,0.497,1.57,75.18,99.836,90.58
2026-01-22T06:00:00,2026-01-22,2026-01,Semarang,SITE-0016,Enterprise VPN,22.14,0.264,3.87,60.61,99.12,91.78
2026-01-22T00:00:00,2026-01-22,2026-01,Yogyakarta,SITE-0017,IPTV,31.97,0.0,6.24,75.4,99.761,90.63
2026-01-22T06:00:00,2026-01-22,2026-01,Denpasar,SITE-0018,Cloud Connectivity,30.92,0.0,6.95,55.43,99.197,90.61
2026-01-22T18:00:00,2026-01-22,2026-01,Palembang,SITE-0019,Enterprise VPN,39.38,0.479,5.34,56.33,99.712,86.14
2026-01-22T00:00:00,2026-01-22,2026-01,Balikpapan,SITE-0020,Mobile Broadband,18.59,0.519,1.41,69.49,98.98,91.67
2026-01-22T06:00:00,2026-01-22,2026-01,Jakarta,SITE-0021,Enterprise VPN,25.32,0.732,1.34,55.69,98.64,87.77
2026-01-22T00:00:00,2026-01-22,2026-01,Bandung,SITE-0022,Mobile Broadband,11.86,0.0,4.92,69.34,99.383,95.16
2026-01-22T00:00:00,2026-01-22,2026-01,Surabaya,SITE-0023,Cloud Connectivity,31.01,0.106,2.96,57.24,99.205,91.95
2026-01-22T06:00:00,2026-01-22,2026-01,Medan,SITE-0024,Voice,30.38,0.2,5.58,68.16,98.681,88.91
2026-01-22T12:00:00,2026-01-22,2026-01,Makassar,SITE-0025,IPTV,29.54,0.115,0.73,57.77,99.16,93.36
2026-01-22T00:00:00,2026-01-22,2026-01,Semarang,SITE-0026,Enterprise VPN,33.12,0.386,7.62,48.37,99.101,86.76
2026-01-22T06:00:00,2026-01-22,2026-01,Yogyakarta,SITE-0027,IPTV,32.23,0.098,1.73,53.82,99.758,92.46
2026-01-22T12:00:00,2026-01-22,2026-01,Denpasar,SITE-0028,Voice,29.44,0.079,0.72,76.05,99.341,93.2
2026-01-22T00:00:00,2026-01-22,2026-01,Palembang,SITE-0029,Voice,33.95,0.547,3.47,70.86,99.36,87.6
2026-01-22T06:00:00,2026-01-22,2026-01,Balikpapan,SITE-0030,Enterprise VPN,44.56,0.428,6.86,67.85,99.141,84.78
2026-01-22T12:00:00,2026-01-22,2026-01,Jakarta,SITE-0031,Cloud Connectivity,26.36,0.821,0.89,46.04,99.195,88.19
2026-01-22T00:00:00,2026-01-22,2026-01,Bandung,SITE-0032,Enterprise VPN,39.4,0.289,10.19,46.36,99.027,84.99
2026-01-22T00:00:00,2026-01-22,2026-01,Surabaya,SITE-0033,Voice,18.97,0.578,6.25,60.87,99.99,88.53
2026-01-22T00:00:00,2026-01-22,2026-01,Medan,SITE-0034,Mobile Broadband,27.99,0.674,7.61,55.51,99.99,85.38
2026-01-22T18:00:00,2026-01-22,2026-01,Makassar,SITE-0035,Mobile Broadband,30.13,0.642,6.87,56.33,98.848,85.2
2026-01-22T00:00:00,2026-01-22,2026-01,Semarang,SITE-0036,Enterprise VPN,18.74,0.665,5.27,40.78,99.724,88.4
2026-01-22T00:00:00,2026-01-22,2026-01,Yogyakarta,SITE-0037,Cloud Connectivity,32.95,0.0,3.84,52.67,99.312,91.96
2026-01-22T06:00:00,2026-01-22,2026-01,Denpasar,SITE-0038,Enterprise VPN,33.71,0.438,11.31,61.54,98.932,84.01
2026-01-22T06:00:00,2026-01-22,2026-01,Palembang,SITE-0039,IPTV,32.34,0.0,3.99,54.16,97.913,88.72
2026-01-22T06:00:00,2026-01-22,2026-01,Balikpapan,SITE-0040,Voice,18.74,0.926,6.99,47.06,98.686,84.43
2026-01-22T06:00:00,2026-01-22,2026-01,Jakarta,SITE-0041,Cloud Connectivity,42.21,0.0,9.52,52.41,99.138,87.17
2026-01-22T06:00:00,2026-01-22,2026-01,Bandung,SITE-0042,Voice,26.35,0.0,6.62,66.26,99.313,91.61
2026-01-22T18:00:00,2026-01-22,2026-01,Surabaya,SITE-0043,Cloud Connectivity,43.76,0.192,0.5,48.57,99.662,90.31
2026-01-22T06:00:00,2026-01-22,2026-01,Medan,SITE-0044,Cloud Connectivity,9.97,0.175,8.35,59.46,98.954,92.08
2026-01-22T00:00:00,2026-01-22,2026-01,Makassar,SITE-0045,Fiber Internet,5.0,0.744,2.81,52.08,99.767,91.6
2026-01-22T06:00:00,2026-01-22,2026-01,Semarang,SITE-0046,Cloud Connectivity,42.13,0.117,8.97,70.73,98.718,85.7
2026-01-22T06:00:00,2026-01-22,2026-01,Yogyakarta,SITE-0047,Mobile Broadband,30.08,0.375,2.04,45.61,97.901,87.17
2026-01-22T18:00:00,2026-01-22,2026-01,Denpasar,SITE-0048,Voice,19.96,0.0,8.65,63.55,98.612,90.49
2026-01-22T06:00:00,2026-01-22,2026-01,Palembang,SITE-0049,IPTV,23.52,0.0,7.83,56.62,99.583,91.46
2026-01-22T18:00:00,2026-01-22,2026-01,Balikpapan,SITE-0050,Cloud Connectivity,25.28,0.0,6.57,54.9,99.061,91.84
2026-01-29T06:00:00,2026-01-29,2026-01,Jakarta,SITE-0001,IPTV,34.56,0.0,11.42,65.84,99.944,87.5
2026-01-29T12:00:00,2026-01-29,2026-01,Bandung,SITE-0002,Mobile Broadband,27.1,0.86,8.7,63.03,99.235,83.46
2026-01-29T06:00:00,2026-01-29,2026-01,Surabaya,SITE-0003,Fiber Internet,25.32,0.755,9.11,50.8,98.852,83.94
2026-01-29T12:00:00,2026-01-29,2026-01,Medan,SITE-0004,IPTV,40.28,0.0,2.11,51.99,99.161,91.59
2026-01-29T00:00:00,2026-01-29,2026-01,Makassar,SITE-0005,Fiber Internet,25.38,1.032,7.95,50.0,99.99,82.8
2026-01-29T06:00:00,2026-01-29,2026-01,Semarang,SITE-0006,Cloud Connectivity,17.93,0.0,6.84,67.13,98.927,92.79
2026-01-29T12:00:00,2026-01-29,2026-01,Yogyakarta,SITE-0007,IPTV,23.43,0.327,5.39,64.8,99.99,90.2
2026-01-29T12:00:00,2026-01-29,2026-01,Denpasar,SITE-0008,Fiber Internet,22.8,0.143,8.31,65.72,99.713,90.18
2026-01-29T18:00:00,2026-01-29,2026-01,Palembang,SITE-0009,IPTV,16.57,0.0,8.84,70.45,98.073,89.37
2026-01-29T18:00:00,2026-01-29,2026-01,Balikpapan,SITE-0010,Cloud Connectivity,22.18,0.503,5.58,46.62,99.784,88.92
2026-01-29T18:00:00,2026-01-29,2026-01,Jakarta,SITE-0011,Cloud Connectivity,37.45,0.363,0.5,59.42,98.73,89.27
2026-01-29T00:00:00,2026-01-29,2026-01,Bandung,SITE-0012,Fiber Internet,31.48,0.866,9.5,68.06,99.99,82.18
2026-01-29T06:00:00,2026-01-29,2026-01,Surabaya,SITE-0013,Mobile Broadband,35.3,0.649,3.16,66.08,99.901,86.72
2026-01-29T00:00:00,2026-01-29,2026-01,Medan,SITE-0014,Voice,15.83,0.543,8.65,63.59,98.713,87.19
2026-01-29T06:00:00,2026-01-29,2026-01,Makassar,SITE-0015,Mobile Broadband,22.75,0.517,1.17,39.74,99.761,91.13
2026-01-29T00:00:00,2026-01-29,2026-01,Semarang,SITE-0016,Enterprise VPN,32.84,0.0,11.32,68.51,98.131,85.26
2026-01-29T12:00:00,2026-01-29,2026-01,Yogyakarta,SITE-0017,IPTV,39.42,0.194,6.15,58.62,99.215,87.97
2026-01-29T12:00:00,2026-01-29,2026-01,Denpasar,SITE-0018,Cloud Connectivity,40.43,0.098,1.85,65.91,99.301,90.92
2026-01-29T18:00:00,2026-01-29,2026-01,Palembang,SITE-0019,Enterprise VPN,36.01,0.717,2.35,56.78,98.585,85.24
2026-01-29T12:00:00,2026-01-29,2026-01,Balikpapan,SITE-0020,Mobile Broadband,29.77,0.44,5.92,69.68,99.536,87.86
2026-01-29T06:00:00,2026-01-29,2026-01,Jakarta,SITE-0021,Enterprise VPN,31.07,0.344,3.02,59.6,99.11,89.99
2026-01-29T00:00:00,2026-01-29,2026-01,Bandung,SITE-0022,Mobile Broadband,32.31,0.965,4.08,58.77,99.362,84.21
2026-01-29T06:00:00,2026-01-29,2026-01,Surabaya,SITE-0023,Cloud Connectivity,22.92,0.236,2.18,48.57,99.26,92.79
2026-01-29T00:00:00,2026-01-29,2026-01,Medan,SITE-0024,Voice,34.54,0.648,2.99,49.18,99.461,86.95
2026-01-29T00:00:00,2026-01-29,2026-01,Makassar,SITE-0025,IPTV,37.34,0.0,0.87,61.56,99.588,92.8
2026-01-29T00:00:00,2026-01-29,2026-01,Semarang,SITE-0026,Enterprise VPN,34.5,0.645,3.01,38.85,97.443,82.31
2026-01-29T18:00:00,2026-01-29,2026-01,Yogyakarta,SITE-0027,IPTV,32.87,0.301,2.63,58.69,99.906,90.23
2026-01-29T00:00:00,2026-01-29,2026-01,Denpasar,SITE-0028,Voice,43.16,0.805,2.44,71.99,99.7,84.45
2026-01-29T00:00:00,2026-01-29,2026-01,Palembang,SITE-0029,Voice,27.93,0.0,4.95,66.0,99.185,92.25
2026-01-29T12:00:00,2026-01-29,2026-01,Balikpapan,SITE-0030,Enterprise VPN,37.9,0.61,2.04,58.03,99.467,87.17
2026-01-29T18:00:00,2026-01-29,2026-01,Jakarta,SITE-0031,Cloud Connectivity,19.26,0.975,4.09,60.81,99.99,86.49
2026-01-29T06:00:00,2026-01-29,2026-01,Bandung,SITE-0032,Enterprise VPN,34.39,0.0,6.05,54.31,98.824,89.96
2026-01-29T06:00:00,2026-01-29,2026-01,Surabaya,SITE-0033,Voice,34.3,0.123,8.0,67.49,99.613,88.44
2026-01-29T18:00:00,2026-01-29,2026-01,Medan,SITE-0034,Mobile Broadband,33.38,0.997,5.06,63.38,98.023,80.3
2026-01-29T12:00:00,2026-01-29,2026-01,Makassar,SITE-0035,Mobile Broadband,29.96,0.36,14.28,65.29,98.597,82.66
2026-01-29T12:00:00,2026-01-29,2026-01,Semarang,SITE-0036,Enterprise VPN,32.63,0.369,7.69,59.6,99.666,86.94
2026-01-29T18:00:00,2026-01-29,2026-01,Yogyakarta,SITE-0037,Cloud Connectivity,24.14,0.217,8.13,53.33,99.207,89.45
2026-01-29T12:00:00,2026-01-29,2026-01,Denpasar,SITE-0038,Enterprise VPN,31.56,0.731,5.72,62.77,98.654,84.29
2026-01-29T18:00:00,2026-01-29,2026-01,Palembang,SITE-0039,IPTV,33.26,1.16,1.31,64.44,98.724,83.18
2026-01-29T12:00:00,2026-01-29,2026-01,Balikpapan,SITE-0040,Voice,28.88,0.587,2.01,68.93,97.621,84.86
2026-01-29T12:00:00,2026-01-29,2026-01,Jakarta,SITE-0041,Cloud Connectivity,20.04,0.543,4.28,55.02,99.932,89.7
2026-01-29T00:00:00,2026-01-29,2026-01,Bandung,SITE-0042,Voice,37.59,0.252,11.54,64.69,99.199,84.87
2026-01-29T06:00:00,2026-01-29,2026-01,Surabaya,SITE-0043,Cloud Connectivity,46.52,0.154,5.78,65.79,98.509,85.74
2026-01-29T00:00:00,2026-01-29,2026-01,Medan,SITE-0044,Cloud Connectivity,38.54,0.835,2.38,57.21,99.305,85.08
2026-01-29T12:00:00,2026-01-29,2026-01,Makassar,SITE-0045,Fiber Internet,23.25,0.0,7.14,60.66,98.519,90.45
2026-01-29T12:00:00,2026-01-29,2026-01,Semarang,SITE-0046,Cloud Connectivity,24.73,0.866,0.98,64.21,98.045,85.21
2026-01-29T06:00:00,2026-01-29,2026-01,Yogyakarta,SITE-0047,Mobile Broadband,18.98,0.0,9.42,62.25,99.727,91.4
2026-01-29T00:00:00,2026-01-29,2026-01,Denpasar,SITE-0048,Voice,9.6,0.139,0.5,44.59,98.768,96.19
2026-01-29T12:00:00,2026-01-29,2026-01,Palembang,SITE-0049,IPTV,17.3,0.374,7.62,56.02,99.469,89.7
2026-01-29T00:00:00,2026-01-29,2026-01,Balikpapan,SITE-0050,Cloud Connectivity,39.72,0.463,5.88,69.62,99.55,85.91
2026-02-05T18:00:00,2026-02-05,2026-02,Jakarta,SITE-0001,IPTV,29.17,0.103,4.0,56.95,99.389,91.72
2026-02-05T06:00:00,2026-02-05,2026-02,Bandung,SITE-0002,Mobile Broadband,12.75,0.081,2.88,68.31,99.279,95.48
2026-02-05T00:00:00,2026-02-05,2026-02,Surabaya,SITE-0003,Fiber Internet,15.6,0.554,4.42,51.92,98.732,89.52
2026-02-05T18:00:00,2026-02-05,2026-02,Medan,SITE-0004,IPTV,28.23,0.02,8.87,55.83,98.359,87.95
2026-02-05T00:00:00,2026-02-05,2026-02,Makassar,SITE-0005,Fiber Internet,11.36,0.18,5.63,74.52,98.864,93.01
2026-02-05T06:00:00,2026-02-05,2026-02,Semarang,SITE-0006,Cloud Connectivity,39.3,0.0,8.33,51.29,99.092,88.35
2026-02-05T00:00:00,2026-02-05,2026-02,Yogyakarta,SITE-0007,IPTV,41.17,0.516,6.62,71.87,99.159,84.82
2026-02-05T12:00:00,2026-02-05,2026-02,Denpasar,SITE-0008,Fiber Internet,35.15,0.0,3.21,55.46,99.785,91.91
2026-02-05T00:00:00,2026-02-05,2026-02,Palembang,SITE-0009,IPTV,18.09,0.0,0.5,61.87,99.53,96.47
2026-02-05T18:00:00,2026-02-05,2026-02,Balikpapan,SITE-0010,Cloud Connectivity,32.26,0.328,2.44,64.1,99.99,90.22
2026-02-05T06:00:00,2026-02-05,2026-02,Jakarta,SITE-0011,Cloud Connectivity,24.4,0.0,3.22,57.69,98.383,91.98
2026-02-05T18:00:00,2026-02-05,2026-02,Bandung,SITE-0012,Fiber Internet,19.36,0.0,6.35,61.36,98.691,92.09
2026-02-05T18:00:00,2026-02-05,2026-02,Surabaya,SITE-0013,Mobile Broadband,30.51,0.121,9.29,57.68,99.99,88.43
2026-02-05T12:00:00,2026-02-05,2026-02,Medan,SITE-0014,Voice,20.55,0.224,1.01,61.69,99.393,93.96
2026-02-05T12:00:00,2026-02-05,2026-02,Makassar,SITE-0015,Mobile Broadband,23.04,0.523,5.56,74.96,99.614,88.61
2026-02-05T12:00:00,2026-02-05,2026-02,Semarang,SITE-0016,Enterprise VPN,33.47,0.0,3.97,60.71,98.732,90.99
2026-02-05T06:00:00,2026-02-05,2026-02,Yogyakarta,SITE-0017,IPTV,43.84,0.0,12.46,61.6,99.046,85.26
2026-02-05T06:00:00,2026-02-05,2026-02,Denpasar,SITE-0018,Cloud Connectivity,38.1,0.0,6.36,58.06,99.201,89.64
2026-02-05T18:00:00,2026-02-05,2026-02,Palembang,SITE-0019,Enterprise VPN,33.86,0.658,7.3,76.28,98.817,83.51
2026-02-05T18:00:00,2026-02-05,2026-02,Balikpapan,SITE-0020,Mobile Broadband,15.77,0.553,2.2,58.55,98.851,91.08
2026-02-05T06:00:00,2026-02-05,2026-02,Jakarta,SITE-0021,Enterprise VPN,15.92,0.485,0.5,61.47,98.787,92.34
2026-02-05T00:00:00,2026-02-05,2026-02,Bandung,SITE-0022,Mobile Broadband,29.43,0.353,6.48,67.74,99.712,88.32
2026-02-05T00:00:00,2026-02-05,2026-02,Surabaya,SITE-0023,Cloud Connectivity,36.92,0.761,7.65,62.38,99.379,83.06
2026-02-05T00:00:00,2026-02-05,2026-02,Medan,SITE-0024,Voice,39.71,0.705,4.25,60.14,98.884,84.53
2026-02-05T18:00:00,2026-02-05,2026-02,Makassar,SITE-0025,IPTV,25.5,0.0,4.48,47.82,99.76,92.95
2026-02-05T06:00:00,2026-02-05,2026-02,Semarang,SITE-0026,Enterprise VPN,22.74,0.277,2.1,56.66,98.321,90.5
2026-02-05T18:00:00,2026-02-05,2026-02,Yogyakarta,SITE-0027,IPTV,19.15,0.0,8.03,47.44,98.625,91.01
2026-02-05T18:00:00,2026-02-05,2026-02,Denpasar,SITE-0028,Voice,21.07,0.806,10.16,63.41,99.142,84.17
2026-02-05T00:00:00,2026-02-05,2026-02,Palembang,SITE-0029,Voice,20.74,0.267,8.77,67.15,99.645,89.31
2026-02-05T00:00:00,2026-02-05,2026-02,Balikpapan,SITE-0030,Enterprise VPN,8.69,0.603,8.64,66.16,99.522,88.86
2026-02-05T00:00:00,2026-02-05,2026-02,Jakarta,SITE-0031,Cloud Connectivity,21.66,0.383,0.5,66.08,99.693,92.76
2026-02-05T06:00:00,2026-02-05,2026-02,Bandung,SITE-0032,Enterprise VPN,5.73,0.3,4.68,58.2,98.846,93.53
2026-02-05T00:00:00,2026-02-05,2026-02,Surabaya,SITE-0033,Voice,20.67,0.063,6.6,73.1,98.839,91.66
2026-02-05T06:00:00,2026-02-05,2026-02,Medan,SITE-0034,Mobile Broadband,39.82,0.271,1.83,62.33,98.399,87.86
2026-02-05T06:00:00,2026-02-05,2026-02,Makassar,SITE-0035,Mobile Broadband,39.31,0.516,6.88,64.39,99.145,85.01
2026-02-05T18:00:00,2026-02-05,2026-02,Semarang,SITE-0036,Enterprise VPN,40.48,0.121,5.75,63.07,98.965,88.48
2026-02-05T18:00:00,2026-02-05,2026-02,Yogyakarta,SITE-0037,Cloud Connectivity,31.45,0.264,4.57,69.8,98.914,89.45
2026-02-05T06:00:00,2026-02-05,2026-02,Denpasar,SITE-0038,Enterprise VPN,30.65,0.409,12.56,53.92,98.29,82.18
2026-02-05T00:00:00,2026-02-05,2026-02,Palembang,SITE-0039,IPTV,30.54,0.271,3.43,49.36,99.27,90.45
2026-02-05T18:00:00,2026-02-05,2026-02,Balikpapan,SITE-0040,Voice,26.13,0.132,2.91,48.31,98.406,90.86
2026-02-05T12:00:00,2026-02-05,2026-02,Jakarta,SITE-0041,Cloud Connectivity,15.35,0.0,2.37,48.95,98.544,94.57
2026-02-05T18:00:00,2026-02-05,2026-02,Bandung,SITE-0042,Voice,26.09,0.0,9.62,83.26,99.735,86.29
2026-02-05T18:00:00,2026-02-05,2026-02,Surabaya,SITE-0043,Cloud Connectivity,24.46,0.385,0.5,60.7,99.039,92.24
2026-02-05T00:00:00,2026-02-05,2026-02,Medan,SITE-0044,Cloud Connectivity,32.69,0.197,9.15,61.87,99.741,87.51
2026-02-05T12:00:00,2026-02-05,2026-02,Makassar,SITE-0045,Fiber Internet,41.82,0.0,9.75,53.99,99.134,87.11
2026-02-05T00:00:00,2026-02-05,2026-02,Semarang,SITE-0046,Cloud Connectivity,29.71,0.0,2.89,62.31,99.192,93.06
2026-02-05T12:00:00,2026-02-05,2026-02,Yogyakarta,SITE-0047,Mobile Broadband,24.29,0.691,5.0,68.48,99.748,87.35
2026-02-05T12:00:00,2026-02-05,2026-02,Denpasar,SITE-0048,Voice,39.98,0.798,0.5,36.82,99.158,86.14
2026-02-05T00:00:00,2026-02-05,2026-02,Palembang,SITE-0049,IPTV,31.44,0.091,7.71,64.57,99.235,89.37
2026-02-05T18:00:00,2026-02-05,2026-02,Balikpapan,SITE-0050,Cloud Connectivity,30.1,0.0,4.48,56.49,98.879,91.75
2026-02-12T18:00:00,2026-02-12,2026-02,Jakarta,SITE-0001,IPTV,27.45,0.885,6.16,59.37,98.631,83.48
2026-02-12T00:00:00,2026-02-12,2026-02,Bandung,SITE-0002,Mobile Broadband,22.09,0.254,4.88,65.26,99.588,91.31
2026-02-12T06:00:00,2026-02-12,2026-02,Surabaya,SITE-0003,Fiber Internet,26.39,0.809,7.27,63.28,98.967,84.68
2026-02-12T00:00:00,2026-02-12,2026-02,Medan,SITE-0004,IPTV,37.69,1.178,1.25,70.49,99.391,83.1
2026-02-12T18:00:00,2026-02-12,2026-02,Makassar,SITE-0005,Fiber Internet,41.47,0.202,13.31,60.49,99.467,83.6
2026-02-12T00:00:00,2026-02-12,2026-02,Semarang,SITE-0006,Cloud Connectivity,24.76,0.583,5.14,69.43,99.99,88.05
2026-02-12T06:00:00,2026-02-12,2026-02,Yogyakarta,SITE-0007,IPTV,25.96,0.643,10.11,47.66,98.597,83.41
2026-02-12T18:00:00,2026-02-12,2026-02,Denpasar,SITE-0008,Fiber Internet,37.91,0.0,5.76,73.27,98.437,88.32
2026-02-12T06:00:00,2026-02-12,2026-02,Palembang,SITE-0009,IPTV,23.49,1.021,8.33,66.27,99.437,83.03
2026-02-12T00:00:00,2026-02-12,2026-02,Balikpapan,SITE-0010,Cloud Connectivity,32.18,0.366,2.86,64.18,98.812,89.15
2026-02-12T06:00:00,2026-02-12,2026-02,Jakarta,SITE-0011,Cloud Connectivity,36.72,0.536,10.43,43.28,99.512,83.37
2026-02-12T06:00:00,2026-02-12,2026-02,Bandung,SITE-0012,Fiber Internet,21.48,0.055,4.55,45.64,99.426,93.19
2026-02-12T12:00:00,2026-02-12,2026-02,Surabaya,SITE-0013,Mobile Broadband,30.24,0.57,15.48,70.04,99.216,81.48
2026-02-12T18:00:00,2026-02-12,2026-02,Medan,SITE-0014,Voice,29.66,0.669,2.28,54.47,99.403,88.06
2026-02-12T12:00:00,2026-02-12,2026-02,Makassar,SITE-0015,Mobile Broadband,12.63,0.0,5.41,51.03,98.437,93.06
2026-02-12T18:00:00,2026-02-12,2026-02,Semarang,SITE-0016,Enterprise VPN,31.93,0.748,2.98,57.32,99.184,86.63
2026-02-12T18:00:00,2026-02-12,2026-02,Yogyakarta,SITE-0017,IPTV,27.15,0.242,7.58,51.2,99.509,89.01
2026-02-12T18:00:00,2026-02-12,2026-02,Denpasar,SITE-0018,Cloud Connectivity,22.27,1.076,4.04,65.41,99.45,85.16
2026-02-12T12:00:00,2026-02-12,2026-02,Palembang,SITE-0019,Enterprise VPN,35.84,0.0,0.5,51.49,99.195,93.27
2026-02-12T00:00:00,2026-02-12,2026-02,Balikpapan,SITE-0020,Mobile Broadband,24.39,0.142,2.65,53.95,99.777,93.01
2026-02-12T12:00:00,2026-02-12,2026-02,Jakarta,SITE-0021,Enterprise VPN,27.32,0.728,5.18,72.11,98.91,86.14
2026-02-12T00:00:00,2026-02-12,2026-02,Bandung,SITE-0022,Mobile Broadband,6.14,0.213,5.99,61.43,98.339,91.91
2026-02-12T00:00:00,2026-02-12,2026-02,Surabaya,SITE-0023,Cloud Connectivity,27.79,0.056,3.46,47.64,99.611,92.65
2026-02-12T12:00:00,2026-02-12,2026-02,Medan,SITE-0024,Voice,12.51,0.321,4.14,53.91,99.459,92.9
2026-02-12T18:00:00,2026-02-12,2026-02,Makassar,SITE-0025,IPTV,31.02,0.625,5.63,68.2,98.902,86.03
2026-02-12T12:00:00,2026-02-12,2026-02,Semarang,SITE-0026,Enterprise VPN,10.63,0.836,4.13,61.78,98.117,86.48
2026-02-12T06:00:00,2026-02-12,2026-02,Yogyakarta,SITE-0027,IPTV,23.38,1.098,9.36,62.58,98.835,81.37
2026-02-12T12:00:00,2026-02-12,2026-02,Denpasar,SITE-0028,Voice,27.89,0.0,10.54,39.15,99.834,89.18
2026-02-12T12:00:00,2026-02-12,2026-02,Palembang,SITE-0029,Voice,42.36,0.67,11.41,51.45,99.483,80.74
2026-02-12T18:00:00,2026-02-12,2026-02,Balikpapan,SITE-0030,Enterprise VPN,22.53,0.612,6.43,41.53,99.332,87.51
2026-02-12T06:00:00,2026-02-12,2026-02,Jakarta,SITE-0031,Cloud Connectivity,40.76,0.15,11.3,54.93,98.761,84.54
2026-02-12T00:00:00,2026-02-12,2026-02,Bandung,SITE-0032,Enterprise VPN,21.09,0.0,5.92,61.58,99.034,92.95
2026-02-12T06:00:00,2026-02-12,2026-02,Surabaya,SITE-0033,Voice,31.76,0.0,5.1,73.68,99.269,91.48
2026-02-12T12:00:00,2026-02-12,2026-02,Medan,SITE-0034,Mobile Broadband,22.23,0.153,6.07,70.41,99.377,91.44
2026-02-12T18:00:00,2026-02-12,2026-02,Makassar,SITE-0035,Mobile Broadband,24.15,1.182,9.07,57.04,99.813,81.21
2026-02-12T12:00:00,2026-02-12,2026-02,Semarang,SITE-0036,Enterprise VPN,31.53,0.111,3.23,64.99,98.344,89.69
2026-02-12T00:00:00,2026-02-12,2026-02,Yogyakarta,SITE-0037,Cloud Connectivity,29.67,0.627,5.93,67.89,99.171,86.38
2026-02-12T18:00:00,2026-02-12,2026-02,Denpasar,SITE-0038,Enterprise VPN,37.63,0.456,13.29,74.59,98.256,80.04
2026-02-12T18:00:00,2026-02-12,2026-02,Palembang,SITE-0039,IPTV,27.5,0.019,6.28,48.01,98.924,91.22
2026-02-12T00:00:00,2026-02-12,2026-02,Balikpapan,SITE-0040,Voice,22.51,0.307,7.18,69.34,98.892,89.22
2026-02-12T12:00:00,2026-02-12,2026-02,Jakarta,SITE-0041,Cloud Connectivity,5.0,0.694,10.04,68.42,98.972,87.94
2026-02-12T12:00:00,2026-02-12,2026-02,Bandung,SITE-0042,Voice,29.28,0.479,0.5,62.82,98.618,89.48
2026-02-12T06:00:00,2026-02-12,2026-02,Surabaya,SITE-0043,Cloud Connectivity,36.18,0.259,17.51,78.68,98.433,78.43
2026-02-12T12:00:00,2026-02-12,2026-02,Medan,SITE-0044,Cloud Connectivity,23.49,0.551,8.06,58.71,98.84,86.45
2026-02-12T18:00:00,2026-02-12,2026-02,Makassar,SITE-0045,Fiber Internet,10.43,0.429,4.25,69.05,99.947,92.36
2026-02-12T00:00:00,2026-02-12,2026-02,Semarang,SITE-0046,Cloud Connectivity,30.53,0.259,0.5,40.15,99.12,92.16
2026-02-12T06:00:00,2026-02-12,2026-02,Yogyakarta,SITE-0047,Mobile Broadband,30.04,0.504,9.02,55.9,99.99,85.6
2026-02-12T00:00:00,2026-02-12,2026-02,Denpasar,SITE-0048,Voice,19.9,0.0,13.16,65.42,99.185,89.18
2026-02-12T12:00:00,2026-02-12,2026-02,Palembang,SITE-0049,IPTV,46.9,0.332,9.43,52.28,99.044,83.71
2026-02-12T06:00:00,2026-02-12,2026-02,Balikpapan,SITE-0050,Cloud Connectivity,32.54,0.378,9.76,51.68,99.605,85.75
2026-02-19T00:00:00,2026-02-19,2026-02,Jakarta,SITE-0001,IPTV,31.46,0.462,4.16,52.01,99.819,88.35
2026-02-19T00:00:00,2026-02-19,2026-02,Bandung,SITE-0002,Mobile Broadband,24.29,0.251,2.27,57.42,97.873,88.99
2026-02-19T00:00:00,2026-02-19,2026-02,Surabaya,SITE-0003,Fiber Internet,31.38,0.234,10.85,60.91,98.143,83.94
2026-02-19T00:00:00,2026-02-19,2026-02,Medan,SITE-0004,IPTV,37.8,0.629,0.5,66.97,99.181,87.89
2026-02-19T00:00:00,2026-02-19,2026-02,Makassar,SITE-0005,Fiber Internet,14.51,0.0,2.07,64.15,98.925,96.03
2026-02-19T06:00:00,2026-02-19,2026-02,Semarang,SITE-0006,Cloud Connectivity,11.0,0.0,12.72,58.84,98.623,89.89
2026-02-19T00:00:00,2026-02-19,2026-02,Yogyakarta,SITE-0007,IPTV,13.78,0.0,4.64,59.37,99.791,94.97
2026-02-19T18:00:00,2026-02-19,2026-02,Denpasar,SITE-0008,Fiber Internet,22.5,0.502,6.66,62.19,98.641,87.2
2026-02-19T00:00:00,2026-02-19,2026-02,Palembang,SITE-0009,IPTV,30.23,0.088,5.67,65.78,99.093,90.74
2026-02-19T06:00:00,2026-02-19,2026-02,Balikpapan,SITE-0010,Cloud Connectivity,46.63,0.334,6.64,49.64,99.494,85.28
2026-02-19T18:00:00,2026-02-19,2026-02,Jakarta,SITE-0011,Cloud Connectivity,17.87,0.0,0.5,69.16,99.941,96.51
2026-02-19T06:00:00,2026-02-19,2026-02,Bandung,SITE-0012,Fiber Internet,34.57,0.452,7.51,57.08,98.62,84.89
2026-02-19T06:00:00,2026-02-19,2026-02,Surabaya,SITE-0013,Mobile Broadband,33.22,0.039,5.1,52.31,99.352,90.91
2026-02-19T12:00:00,2026-02-19,2026-02,Medan,SITE-0014,Voice,36.72,0.114,6.38,54.49,99.315,88.97
2026-02-19T06:00:00,2026-02-19,2026-02,Makassar,SITE-0015,Mobile Broadband,27.06,1.172,3.41,65.95,99.99,83.88
2026-02-19T18:00:00,2026-02-19,2026-02,Semarang,SITE-0016,Enterprise VPN,15.1,0.0,0.5,61.83,99.009,97.01
2026-02-19T00:00:00,2026-02-19,2026-02,Yogyakarta,SITE-0017,IPTV,23.14,0.0,0.5,67.87,99.353,95.56
2026-02-19T00:00:00,2026-02-19,2026-02,Denpasar,SITE-0018,Cloud Connectivity,23.77,0.755,8.2,71.26,99.354,85.17
2026-02-19T12:00:00,2026-02-19,2026-02,Palembang,SITE-0019,Enterprise VPN,23.21,0.577,10.26,60.12,98.765,84.86
2026-02-19T06:00:00,2026-02-19,2026-02,Balikpapan,SITE-0020,Mobile Broadband,28.09,0.749,8.39,47.57,99.113,84.33
2026-02-19T12:00:00,2026-02-19,2026-02,Jakarta,SITE-0021,Enterprise VPN,22.23,0.414,0.93,57.4,98.245,89.91
2026-02-19T18:00:00,2026-02-19,2026-02,Bandung,SITE-0022,Mobile Broadband,35.62,0.0,14.43,56.26,98.679,84.69
2026-02-19T12:00:00,2026-02-19,2026-02,Surabaya,SITE-0023,Cloud Connectivity,33.26,0.109,7.87,48.19,98.426,87.09
2026-02-19T00:00:00,2026-02-19,2026-02,Medan,SITE-0024,Voice,33.73,0.679,9.4,67.59,99.188,83.33
2026-02-19T06:00:00,2026-02-19,2026-02,Makassar,SITE-0025,IPTV,18.04,0.253,9.44,56.37,98.655,88.5
2026-02-19T00:00:00,2026-02-19,2026-02,Semarang,SITE-0026,Enterprise VPN,38.15,0.233,5.83,49.65,99.482,88.06
2026-02-19T12:00:00,2026-02-19,2026-02,Yogyakarta,SITE-0027,IPTV,19.69,0.27,6.23,54.41,99.586,90.87
2026-02-19T18:00:00,2026-02-19,2026-02,Denpasar,SITE-0028,Voice,7.09,0.099,1.57,57.17,98.23,94.76
2026-02-19T00:00:00,2026-02-19,2026-02,Palembang,SITE-0029,Voice,48.14,0.156,1.96,64.4,99.99,89.01
2026-02-19T00:00:00,2026-02-19,2026-02,Balikpapan,SITE-0030,Enterprise VPN,22.76,0.0,3.91,59.96,98.193,91.33
2026-02-19T12:00:00,2026-02-19,2026-02,Jakarta,SITE-0031,Cloud Connectivity,29.66,0.322,9.27,62.4,98.958,86.86
2026-02-19T12:00:00,2026-02-19,2026-02,Bandung,SITE-0032,Enterprise VPN,57.84,0.0,5.81,62.84,99.381,86.4
2026-02-19T06:00:00,2026-02-19,2026-02,Surabaya,SITE-0033,Voice,38.24,0.318,5.47,55.97,99.314,87.56
2026-02-19T12:00:00,2026-02-19,2026-02,Medan,SITE-0034,Mobile Broadband,24.93,0.888,5.66,62.83,98.126,82.68
2026-02-19T18:00:00,2026-02-19,2026-02,Makassar,SITE-0035,Mobile Broadband,29.12,0.529,6.24,57.92,98.618,85.94
2026-02-19T06:00:00,2026-02-19,2026-02,Semarang,SITE-0036,Enterprise VPN,33.23,0.521,8.33,65.56,98.629,84.16
2026-02-19T12:00:00,2026-02-19,2026-02,Yogyakarta,SITE-0037,Cloud Connectivity,14.91,0.262,8.72,53.75,98.655,89.39
2026-02-19T06:00:00,2026-02-19,2026-02,Denpasar,SITE-0038,Enterprise VPN,20.9,0.222,3.28,67.89,99.218,92.66
2026-02-19T12:00:00,2026-02-19,2026-02,Palembang,SITE-0039,IPTV,28.07,0.735,4.94,64.93,99.127,86.35
2026-02-19T18:00:00,2026-02-19,2026-02,Balikpapan,SITE-0040,Voice,38.75,0.591,4.56,55.74,98.598,84.59
2026-02-19T12:00:00,2026-02-19,2026-02,Jakarta,SITE-0041,Cloud Connectivity,17.83,0.827,6.3,65.61,99.902,86.71
2026-02-19T00:00:00,2026-02-19,2026-02,Bandung,SITE-0042,Voice,15.67,0.279,2.47,47.3,98.488,92.05
2026-02-19T06:00:00,2026-02-19,2026-02,Surabaya,SITE-0043,Cloud Connectivity,21.66,0.0,8.53,60.21,98.507,89.93
2026-02-19T12:00:00,2026-02-19,2026-02,Medan,SITE-0044,Cloud Connectivity,23.73,0.239,9.51,63.45,99.087,88.59
2026-02-19T06:00:00,2026-02-19,2026-02,Makassar,SITE-0045,Fiber Internet,31.82,0.604,7.65,89.09,99.99,78.9
2026-02-19T18:00:00,2026-02-19,2026-02,Semarang,SITE-0046,Cloud Connectivity,39.2,0.497,1.51,53.84,98.822,87.6
2026-02-19T18:00:00,2026-02-19,2026-02,Yogyakarta,SITE-0047,Mobile Broadband,31.23,0.637,12.57,55.88,98.666,81.37
2026-02-19T18:00:00,2026-02-19,2026-02,Denpasar,SITE-0048,Voice,28.42,0.251,7.66,67.47,98.925,88.44
2026-02-19T12:00:00,2026-02-19,2026-02,Palembang,SITE-0049,IPTV,12.99,1.001,7.33,52.94,99.99,85.63
2026-02-19T18:00:00,2026-02-19,2026-02,Balikpapan,SITE-0050,Cloud Connectivity,24.4,0.633,5.8,51.33,98.707,86.48
2026-02-26T00:00:00,2026-02-26,2026-02,Jakarta,SITE-0001,IPTV,26.91,0.119,8.63,55.11,99.334,89.46
2026-02-26T12:00:00,2026-02-26,2026-02,Bandung,SITE-0002,Mobile Broadband,7.55,0.474,3.42,49.55,98.467,91.36
2026-02-26T18:00:00,2026-02-26,2026-02,Surabaya,SITE-0003,Fiber Internet,21.72,0.139,6.6,63.98,99.022,91.35
2026-02-26T12:00:00,2026-02-26,2026-02,Medan,SITE-0004,IPTV,28.36,0.538,0.58,59.54,99.709,90.27
2026-02-26T06:00:00,2026-02-26,2026-02,Makassar,SITE-0005,Fiber Internet,24.68,0.066,5.37,66.69,98.94,91.9
2026-02-26T00:00:00,2026-02-26,2026-02,Semarang,SITE-0006,Cloud Connectivity,35.0,0.332,2.05,68.78,99.257,89.92
2026-02-26T18:00:00,2026-02-26,2026-02,Yogyakarta,SITE-0007,IPTV,27.76,0.137,5.85,57.64,99.417,90.69
2026-02-26T12:00:00,2026-02-26,2026-02,Denpasar,SITE-0008,Fiber Internet,44.41,1.015,6.4,67.44,99.096,80.37
2026-02-26T18:00:00,2026-02-26,2026-02,Palembang,SITE-0009,IPTV,40.09,0.389,4.91,62.52,99.399,86.97
2026-02-26T12:00:00,2026-02-26,2026-02,Balikpapan,SITE-0010,Cloud Connectivity,35.65,0.387,0.5,54.43,99.371,90.22
2026-02-26T18:00:00,2026-02-26,2026-02,Jakarta,SITE-0011,Cloud Connectivity,42.63,0.56,6.65,51.46,99.372,84.19
2026-02-26T00:00:00,2026-02-26,2026-02,Bandung,SITE-0012,Fiber Internet,30.73,0.908,1.78,54.85,99.306,86.23
2026-02-26T00:00:00,2026-02-26,2026-02,Surabaya,SITE-0013,Mobile Broadband,31.24,0.65,9.09,69.07,99.091,84.18
2026-02-26T00:00:00,2026-02-26,2026-02,Medan,SITE-0014,Voice,22.83,0.0,4.05,72.65,99.097,93.66
2026-02-26T18:00:00,2026-02-26,2026-02,Makassar,SITE-0015,Mobile Broadband,29.63,0.631,0.5,59.68,99.99,89.34
2026-02-26T18:00:00,2026-02-26,2026-02,Semarang,SITE-0016,Enterprise VPN,41.89,0.443,10.2,64.52,98.848,82.85
2026-02-26T18:00:00,2026-02-26,2026-02,Yogyakarta,SITE-0017,IPTV,29.6,0.439,6.77,58.64,98.621,86.3
2026-02-26T18:00:00,2026-02-26,2026-02,Denpasar,SITE-0018,Cloud Connectivity,26.69,0.148,4.69,54.76,99.022,91.43
2026-02-26T00:00:00,2026-02-26,2026-02,Palembang,SITE-0019,Enterprise VPN,7.84,1.0,7.49,72.5,99.744,86.47
2026-02-26T12:00:00,2026-02-26,2026-02,Balikpapan,SITE-0020,Mobile Broadband,24.22,0.607,2.55,62.31,99.026,89.38
2026-02-26T12:00:00,2026-02-26,2026-02,Jakarta,SITE-0021,Enterprise VPN,43.71,0.747,5.42,72.33,98.477,81.61
2026-02-26T12:00:00,2026-02-26,2026-02,Bandung,SITE-0022,Mobile Broadband,31.53,0.457,8.71,55.93,98.741,85.11
2026-02-26T18:00:00,2026-02-26,2026-02,Surabaya,SITE-0023,Cloud Connectivity,23.56,0.564,8.6,39.7,98.787,85.87
2026-02-26T12:00:00,2026-02-26,2026-02,Medan,SITE-0024,Voice,22.24,0.619,7.16,38.7,99.165,87.11
2026-02-26T18:00:00,2026-02-26,2026-02,Makassar,SITE-0025,IPTV,28.33,0.702,6.18,64.74,98.509,84.41
2026-02-26T12:00:00,2026-02-26,2026-02,Semarang,SITE-0026,Enterprise VPN,10.39,0.366,2.69,71.49,99.088,93.72
2026-02-26T06:00:00,2026-02-26,2026-02,Yogyakarta,SITE-0027,IPTV,46.2,0.591,3.63,51.05,98.241,82.68
2026-02-26T06:00:00,2026-02-26,2026-02,Denpasar,SITE-0028,Voice,35.94,0.507,4.71,45.7,98.786,86.24
2026-02-26T06:00:00,2026-02-26,2026-02,Palembang,SITE-0029,Voice,22.32,0.372,3.01,73.17,99.601,91.35
2026-02-26T06:00:00,2026-02-26,2026-02,Balikpapan,SITE-0030,Enterprise VPN,21.37,0.51,6.98,48.52,99.511,88.24
2026-02-26T00:00:00,2026-02-26,2026-02,Jakarta,SITE-0031,Cloud Connectivity,42.45,0.376,10.89,57.78,99.248,83.36
2026-02-26T06:00:00,2026-02-26,2026-02,Bandung,SITE-0032,Enterprise VPN,28.1,0.503,0.5,54.62,99.366,90.64
2026-02-26T00:00:00,2026-02-26,2026-02,Surabaya,SITE-0033,Voice,34.45,0.145,0.5,65.58,99.842,92.37
2026-02-26T00:00:00,2026-02-26,2026-02,Medan,SITE-0034,Mobile Broadband,22.25,0.437,8.28,72.69,97.818,84.4
2026-02-26T00:00:00,2026-02-26,2026-02,Makassar,SITE-0035,Mobile Broadband,40.04,0.516,7.53,49.33,99.208,84.52
2026-02-26T12:00:00,2026-02-26,2026-02,Semarang,SITE-0036,Enterprise VPN,23.9,0.0,0.5,70.51,99.648,95.42
2026-02-26T12:00:00,2026-02-26,2026-02,Yogyakarta,SITE-0037,Cloud Connectivity,22.77,0.227,2.35,81.87,99.99,89.7
2026-02-26T12:00:00,2026-02-26,2026-02,Denpasar,SITE-0038,Enterprise VPN,24.75,0.0,7.59,65.66,99.376,91.37
2026-02-26T18:00:00,2026-02-26,2026-02,Palembang,SITE-0039,IPTV,26.55,0.0,9.05,55.84,99.335,90.24
2026-02-26T06:00:00,2026-02-26,2026-02,Balikpapan,SITE-0040,Voice,38.82,0.428,11.09,71.69,98.464,81.88
2026-02-26T12:00:00,2026-02-26,2026-02,Jakarta,SITE-0041,Cloud Connectivity,20.88,0.242,8.98,61.31,98.014,86.41
2026-02-26T00:00:00,2026-02-26,2026-02,Bandung,SITE-0042,Voice,37.47,0.452,0.5,59.07,98.887,89.02
2026-02-26T00:00:00,2026-02-26,2026-02,Surabaya,SITE-0043,Cloud Connectivity,17.9,0.551,5.14,61.68,99.836,89.54
2026-02-26T18:00:00,2026-02-26,2026-02,Medan,SITE-0044,Cloud Connectivity,17.13,0.309,6.01,80.79,98.292,86.41
2026-02-26T12:00:00,2026-02-26,2026-02,Makassar,SITE-0045,Fiber Internet,21.5,0.0,4.88,88.99,99.139,87.15
2026-02-26T00:00:00,2026-02-26,2026-02,Semarang,SITE-0046,Cloud Connectivity,24.05,0.403,7.36,53.63,99.489,88.4
2026-02-26T18:00:00,2026-02-26,2026-02,Yogyakarta,SITE-0047,Mobile Broadband,28.01,0.176,6.15,47.8,98.457,88.54
2026-02-26T06:00:00,2026-02-26,2026-02,Denpasar,SITE-0048,Voice,45.27,0.099,5.08,48.84,99.99,88.26
2026-02-26T12:00:00,2026-02-26,2026-02,Palembang,SITE-0049,IPTV,27.05,0.071,3.96,57.55,98.98,92.32
2026-02-26T12:00:00,2026-02-26,2026-02,Balikpapan,SITE-0050,Cloud Connectivity,46.44,0.636,1.92,61.79,99.491,85.5
2026-03-05T00:00:00,2026-03-05,2026-03,Jakarta,SITE-0001,IPTV,18.52,0.129,5.59,66.85,99.358,92.56
2026-03-05T12:00:00,2026-03-05,2026-03,Bandung,SITE-0002,Mobile Broadband,9.26,0.037,1.89,52.72,98.448,95.34
2026-03-05T00:00:00,2026-03-05,2026-03,Surabaya,SITE-0003,Fiber Internet,8.6,0.372,2.17,69.66,99.763,94.28
2026-03-05T12:00:00,2026-03-05,2026-03,Medan,SITE-0004,IPTV,27.65,0.471,4.84,54.91,99.351,88.59
2026-03-05T12:00:00,2026-03-05,2026-03,Makassar,SITE-0005,Fiber Internet,23.32,0.223,4.11,52.39,98.747,91.0
2026-03-05T18:00:00,2026-03-05,2026-03,Semarang,SITE-0006,Cloud Connectivity,42.18,0.413,7.2,77.43,99.014,84.05
2026-03-05T06:00:00,2026-03-05,2026-03,Yogyakarta,SITE-0007,IPTV,22.57,0.735,5.99,64.71,99.145,86.76
2026-03-05T00:00:00,2026-03-05,2026-03,Denpasar,SITE-0008,Fiber Internet,18.13,0.744,6.98,52.2,99.476,86.94
2026-03-05T06:00:00,2026-03-05,2026-03,Palembang,SITE-0009,IPTV,35.4,0.0,11.09,60.27,99.601,87.53
2026-03-05T00:00:00,2026-03-05,2026-03,Balikpapan,SITE-0010,Cloud Connectivity,13.47,0.915,0.75,72.81,99.284,89.84
2026-03-05T00:00:00,2026-03-05,2026-03,Jakarta,SITE-0011,Cloud Connectivity,26.5,0.721,3.21,48.9,99.329,87.7
2026-03-05T18:00:00,2026-03-05,2026-03,Bandung,SITE-0012,Fiber Internet,23.37,0.279,14.3,53.45,99.86,85.69
2026-03-05T00:00:00,2026-03-05,2026-03,Surabaya,SITE-0013,Mobile Broadband,31.19,0.392,7.94,58.69,99.055,86.88
2026-03-05T00:00:00,2026-03-05,2026-03,Medan,SITE-0014,Voice,7.65,0.0,0.5,50.17,98.581,97.09
2026-03-05T18:00:00,2026-03-05,2026-03,Makassar,SITE-0015,Mobile Broadband,32.76,0.359,4.66,72.87,98.829,88.16
2026-03-05T06:00:00,2026-03-05,2026-03,Semarang,SITE-0016,Enterprise VPN,41.77,0.79,2.21,65.9,99.155,84.94
2026-03-05T06:00:00,2026-03-05,2026-03,Yogyakarta,SITE-0017,IPTV,20.21,0.141,6.9,73.03,99.99,91.44
2026-03-05T00:00:00,2026-03-05,2026-03,Denpasar,SITE-0018,Cloud Connectivity,28.26,0.373,9.31,63.67,99.99,86.81
2026-03-05T12:00:00,2026-03-05,2026-03,Palembang,SITE-0019,Enterprise VPN,24.37,0.492,0.5,53.08,99.663,91.4
2026-03-05T00:00:00,2026-03-05,2026-03,Balikpapan,SITE-0020,Mobile Broadband,43.84,0.062,9.28,62.62,97.936,83.32
2026-03-05T06:00:00,2026-03-05,2026-03,Jakarta,SITE-0021,Enterprise VPN,27.6,0.175,5.78,43.23,99.324,90.45
2026-03-05T06:00:00,2026-03-05,2026-03,Bandung,SITE-0022,Mobile Broadband,40.62,0.0,2.78,71.02,99.262,91.16
2026-03-05T18:00:00,2026-03-05,2026-03,Surabaya,SITE-0023,Cloud Connectivity,19.07,0.48,6.74,69.24,97.939,85.84
2026-03-05T06:00:00,2026-03-05,2026-03,Medan,SITE-0024,Voice,36.33,0.797,4.17,72.06,98.952,84.64
2026-03-05T12:00:00,2026-03-05,2026-03,Makassar,SITE-0025,IPTV,35.48,0.221,8.92,66.66,99.211,86.94
2026-03-05T00:00:00,2026-03-05,2026-03,Semarang,SITE-0026,Enterprise VPN,18.14,0.915,4.48,59.87,98.136,84.36
2026-03-05T18:00:00,2026-03-05,2026-03,Yogyakarta,SITE-0027,IPTV,32.01,0.504,8.64,61.37,99.142,85.46
2026-03-05T12:00:00,2026-03-05,2026-03,Denpasar,SITE-0028,Voice,23.39,0.082,9.5,68.43,99.336,89.91
2026-03-05T12:00:00,2026-03-05,2026-03,Palembang,SITE-0029,Voice,24.0,0.786,4.45,65.64,98.331,84.94
2026-03-05T06:00:00,2026-03-05,2026-03,Balikpapan,SITE-0030,Enterprise VPN,14.04,0.497,8.63,62.13,99.456,88.75
2026-03-05T06:00:00,2026-03-05,2026-03,Jakarta,SITE-0031,Cloud Connectivity,10.3,0.137,4.91,72.2,98.429,92.64
2026-03-05T18:00:00,2026-03-05,2026-03,Bandung,SITE-0032,Enterprise VPN,40.24,0.185,6.64,60.89,99.55,87.62
2026-03-05T12:00:00,2026-03-05,2026-03,Surabaya,SITE-0033,Voice,22.13,0.0,7.82,65.81,99.003,91.72
2026-03-05T18:00:00,2026-03-05,2026-03,Medan,SITE-0034,Mobile Broadband,6.23,0.039,2.95,48.3,98.731,96.14
2026-03-05T18:00:00,2026-03-05,2026-03,Makassar,SITE-0035,Mobile Broadband,23.89,0.433,1.39,48.0,99.003,91.47
2026-03-05T18:00:00,2026-03-05,2026-03,Semarang,SITE-0036,Enterprise VPN,5.0,0.117,5.27,82.6,99.679,91.85
2026-03-05T12:00:00,2026-03-05,2026-03,Yogyakarta,SITE-0037,Cloud Connectivity,28.46,0.321,4.98,52.1,99.99,89.57
2026-03-05T12:00:00,2026-03-05,2026-03,Denpasar,SITE-0038,Enterprise VPN,24.8,0.544,6.0,65.93,99.032,87.88
2026-03-05T00:00:00,2026-03-05,2026-03,Palembang,SITE-0039,IPTV,28.76,0.136,5.67,58.93,98.912,90.35
2026-03-05T00:00:00,2026-03-05,2026-03,Balikpapan,SITE-0040,Voice,39.15,0.082,2.66,65.28,99.283,90.83
2026-03-05T00:00:00,2026-03-05,2026-03,Jakarta,SITE-0041,Cloud Connectivity,27.46,0.372,10.84,64.98,99.99,86.12
2026-03-05T18:00:00,2026-03-05,2026-03,Bandung,SITE-0042,Voice,32.95,0.295,10.88,69.06,99.028,85.72
2026-03-05T00:00:00,2026-03-05,2026-03,Surabaya,SITE-0043,Cloud Connectivity,28.3,0.468,0.5,67.83,99.173,90.89
2026-03-05T18:00:00,2026-03-05,2026-03,Medan,SITE-0044,Cloud Connectivity,31.43,0.519,6.63,48.45,99.227,86.54
2026-03-05T00:00:00,2026-03-05,2026-03,Makassar,SITE-0045,Fiber Internet,31.96,0.286,7.01,54.03,97.765,84.4
2026-03-05T06:00:00,2026-03-05,2026-03,Semarang,SITE-0046,Cloud Connectivity,21.14,0.519,7.76,60.76,99.737,87.77
2026-03-05T12:00:00,2026-03-05,2026-03,Yogyakarta,SITE-0047,Mobile Broadband,46.99,1.344,0.5,57.55,99.704,80.51
2026-03-05T06:00:00,2026-03-05,2026-03,Denpasar,SITE-0048,Voice,23.61,0.465,9.62,73.5,98.563,85.43
2026-03-05T18:00:00,2026-03-05,2026-03,Palembang,SITE-0049,IPTV,35.3,0.469,1.54,62.57,99.152,89.05
2026-03-05T18:00:00,2026-03-05,2026-03,Balikpapan,SITE-0050,Cloud Connectivity,41.58,0.2,14.06,56.23,98.279,81.02
2026-03-12T18:00:00,2026-03-12,2026-03,Jakarta,SITE-0001,IPTV,81.16,2.458,22.54,95.16,96.773,37.57
2026-03-12T18:00:00,2026-03-12,2026-03,Bandung,SITE-0002,Mobile Broadband,28.2,0.253,3.42,75.15,99.128,90.95
2026-03-12T18:00:00,2026-03-12,2026-03,Surabaya,SITE-0003,Fiber Internet,41.28,0.553,3.82,56.21,99.99,86.05
2026-03-12T00:00:00,2026-03-12,2026-03,Medan,SITE-0004,IPTV,28.38,0.755,3.04,58.19,99.941,87.18
2026-03-12T18:00:00,2026-03-12,2026-03,Makassar,SITE-0005,Fiber Internet,22.12,0.719,5.09,46.27,98.775,86.8
2026-03-12T00:00:00,2026-03-12,2026-03,Semarang,SITE-0006,Cloud Connectivity,39.28,0.287,5.97,51.33,98.138,84.76
2026-03-12T00:00:00,2026-03-12,2026-03,Yogyakarta,SITE-0007,IPTV,21.52,0.213,3.48,70.08,98.998,92.5
2026-03-12T12:00:00,2026-03-12,2026-03,Denpasar,SITE-0008,Fiber Internet,25.03,0.248,6.85,60.03,99.674,89.74
2026-03-12T00:00:00,2026-03-12,2026-03,Palembang,SITE-0009,IPTV,20.08,0.196,3.37,62.81,99.757,92.96
2026-03-12T18:00:00,2026-03-12,2026-03,Balikpapan,SITE-0010,Cloud Connectivity,24.15,0.152,6.82,63.8,98.713,89.82
2026-03-12T18:00:00,2026-03-12,2026-03,Jakarta,SITE-0011,Cloud Connectivity,71.26,1.717,16.63,98.0,95.978,44.88
2026-03-12T12:00:00,2026-03-12,2026-03,Bandung,SITE-0012,Fiber Internet,32.23,0.414,9.08,60.29,99.101,85.9
2026-03-12T06:00:00,2026-03-12,2026-03,Surabaya,SITE-0013,Mobile Broadband,38.3,0.636,13.27,60.79,99.095,80.72
2026-03-12T18:00:00,2026-03-12,2026-03,Medan,SITE-0014,Voice,38.18,0.0,3.37,57.16,99.2,91.27
2026-03-12T12:00:00,2026-03-12,2026-03,Makassar,SITE-0015,Mobile Broadband,5.0,0.093,7.06,59.84,99.54,94.47
2026-03-12T00:00:00,2026-03-12,2026-03,Semarang,SITE-0016,Enterprise VPN,34.88,0.848,9.34,55.58,99.09,81.8
2026-03-12T18:00:00,2026-03-12,2026-03,Yogyakarta,SITE-0017,IPTV,26.85,0.498,7.05,78.12,99.282,85.9
2026-03-12T00:00:00,2026-03-12,2026-03,Denpasar,SITE-0018,Cloud Connectivity,14.24,1.059,5.34,59.19,97.84,82.55
2026-03-12T12:00:00,2026-03-12,2026-03,Palembang,SITE-0019,Enterprise VPN,44.55,0.134,0.5,56.12,99.364,90.64
2026-03-12T12:00:00,2026-03-12,2026-03,Balikpapan,SITE-0020,Mobile Broadband,24.01,0.0,0.5,67.71,98.895,95.09
2026-03-12T18:00:00,2026-03-12,2026-03,Jakarta,SITE-0021,Enterprise VPN,69.92,2.202,15.21,88.28,96.162,46.94
2026-03-12T18:00:00,2026-03-12,2026-03,Bandung,SITE-0022,Mobile Broadband,29.97,0.238,4.98,58.13,99.81,89.96
2026-03-12T18:00:00,2026-03-12,2026-03,Surabaya,SITE-0023,Cloud Connectivity,32.89,0.0,0.82,46.31,99.99,93.63
2026-03-12T18:00:00,2026-03-12,2026-03,Medan,SITE-0024,Voice,39.66,0.19,3.53,63.55,98.457,87.77
2026-03-12T06:00:00,2026-03-12,2026-03,Makassar,SITE-0025,IPTV,38.68,0.547,4.55,45.97,99.99,86.16
2026-03-12T18:00:00,2026-03-12,2026-03,Semarang,SITE-0026,Enterprise VPN,36.19,0.823,1.6,67.32,99.194,86.02
2026-03-12T18:00:00,2026-03-12,2026-03,Yogyakarta,SITE-0027,IPTV,21.2,0.328,4.73,62.1,98.07,88.17
2026-03-12T18:00:00,2026-03-12,2026-03,Denpasar,SITE-0028,Voice,28.37,0.347,2.14,60.97,99.37,90.95
2026-03-12T06:00:00,2026-03-12,2026-03,Palembang,SITE-0029,Voice,29.24,0.347,4.98,46.32,99.99,89.22
2026-03-12T06:00:00,2026-03-12,2026-03,Balikpapan,SITE-0030,Enterprise VPN,8.79,0.537,1.38,56.04,97.217,88.02
2026-03-12T00:00:00,2026-03-12,2026-03,Jakarta,SITE-0031,Cloud Connectivity,56.33,2.132,19.37,77.26,96.863,54.72
2026-03-12T18:00:00,2026-03-12,2026-03,Bandung,SITE-0032,Enterprise VPN,32.04,0.274,6.92,62.9,99.296,88.24
2026-03-12T06:00:00,2026-03-12,2026-03,Surabaya,SITE-0033,Voice,23.69,0.166,7.27,73.98,99.363,90.41
2026-03-12T06:00:00,2026-03-12,2026-03,Medan,SITE-0034,Mobile Broadband,26.56,0.375,3.71,58.27,98.437,88.49
2026-03-12T18:00:00,2026-03-12,2026-03,Makassar,SITE-0035,Mobile Broadband,20.28,0.676,1.21,58.03,99.962,90.28
2026-03-12T06:00:00,2026-03-12,2026-03,Semarang,SITE-0036,Enterprise VPN,30.52,0.509,0.5,50.87,99.697,90.16
2026-03-12T18:00:00,2026-03-12,2026-03,Yogyakarta,SITE-0037,Cloud Connectivity,26.02,0.159,9.14,65.48,98.833,88.52
2026-03-12T06:00:00,2026-03-12,2026-03,Denpasar,SITE-0038,Enterprise VPN,35.76,0.782,2.54,67.05,98.953,85.77
2026-03-12T06:00:00,2026-03-12,2026-03,Palembang,SITE-0039,IPTV,36.1,0.563,2.3,35.38,98.732,86.93
2026-03-12T06:00:00,2026-03-12,2026-03,Balikpapan,SITE-0040,Voice,21.02,0.0,8.76,70.09,98.484,89.85
2026-03-12T06:00:00,2026-03-12,2026-03,Jakarta,SITE-0041,Cloud Connectivity,59.37,1.817,25.46,69.75,97.19,55.34
2026-03-12T12:00:00,2026-03-12,2026-03,Bandung,SITE-0042,Voice,29.26,0.52,7.42,61.58,99.152,86.49
2026-03-12T18:00:00,2026-03-12,2026-03,Surabaya,SITE-0043,Cloud Connectivity,11.42,0.075,9.38,68.73,99.004,92.18
2026-03-12T18:00:00,2026-03-12,2026-03,Medan,SITE-0044,Cloud Connectivity,37.8,0.441,7.18,55.04,99.453,85.72
2026-03-12T18:00:00,2026-03-12,2026-03,Makassar,SITE-0045,Fiber Internet,30.25,0.598,9.16,65.82,98.681,83.77
2026-03-12T06:00:00,2026-03-12,2026-03,Semarang,SITE-0046,Cloud Connectivity,33.38,0.791,10.16,49.71,98.835,81.58
2026-03-12T06:00:00,2026-03-12,2026-03,Yogyakarta,SITE-0047,Mobile Broadband,29.3,0.993,4.18,57.7,99.921,84.48
2026-03-12T06:00:00,2026-03-12,2026-03,Denpasar,SITE-0048,Voice,24.5,0.393,7.72,68.45,98.647,87.14
2026-03-12T00:00:00,2026-03-12,2026-03,Palembang,SITE-0049,IPTV,9.11,0.496,6.98,51.67,99.018,90.55
2026-03-12T00:00:00,2026-03-12,2026-03,Balikpapan,SITE-0050,Cloud Connectivity,23.39,0.657,2.63,69.98,99.99,89.09
2026-03-19T12:00:00,2026-03-19,2026-03,Jakarta,SITE-0001,IPTV,67.24,2.561,17.91,86.07,95.76,42.86
2026-03-19T12:00:00,2026-03-19,2026-03,Bandung,SITE-0002,Mobile Broadband,9.93,0.083,11.08,48.02,98.735,90.66
2026-03-19T00:00:00,2026-03-19,2026-03,Surabaya,SITE-0003,Fiber Internet,40.09,0.197,0.86,57.09,99.379,90.74
2026-03-19T12:00:00,2026-03-19,2026-03,Medan,SITE-0004,IPTV,47.21,0.417,0.5,57.97,98.87,87.5
2026-03-19T12:00:00,2026-03-19,2026-03,Makassar,SITE-0005,Fiber Internet,34.86,0.216,12.2,73.74,99.776,85.29
2026-03-19T12:00:00,2026-03-19,2026-03,Semarang,SITE-0006,Cloud Connectivity,26.66,0.423,1.63,55.63,99.99,90.92
2026-03-19T12:00:00,2026-03-19,2026-03,Yogyakarta,SITE-0007,IPTV,19.88,0.725,9.96,77.77,99.99,83.9
2026-03-19T00:00:00,2026-03-19,2026-03,Denpasar,SITE-0008,Fiber Internet,21.24,0.0,3.98,77.69,98.727,91.96
2026-03-19T18:00:00,2026-03-19,2026-03,Palembang,SITE-0009,IPTV,20.76,0.32,13.72,64.13,98.809,85.58
2026-03-19T12:00:00,2026-03-19,2026-03,Balikpapan,SITE-0010,Cloud Connectivity,19.23,0.516,3.42,68.86,99.469,90.53
2026-03-19T18:00:00,2026-03-19,2026-03,Jakarta,SITE-0011,Cloud Connectivity,58.31,2.056,16.4,95.83,96.39,46.84
2026-03-19T06:00:00,2026-03-19,2026-03,Bandung,SITE-0012,Fiber Internet,24.36,0.379,8.27,75.74,98.848,87.25
2026-03-19T06:00:00,2026-03-19,2026-03,Surabaya,SITE-0013,Mobile Broadband,23.73,0.145,3.34,67.1,99.681,92.73
2026-03-19T00:00:00,2026-03-19,2026-03,Medan,SITE-0014,Voice,47.3,0.055,5.84,67.3,99.453,87.84
2026-03-19T18:00:00,2026-03-19,2026-03,Makassar,SITE-0015,Mobile Broadband,15.96,0.718,0.94,60.38,99.089,90.86
2026-03-19T06:00:00,2026-03-19,2026-03,Semarang,SITE-0016,Enterprise VPN,59.82,0.369,2.48,59.25,98.224,82.58
2026-03-19T18:00:00,2026-03-19,2026-03,Yogyakarta,SITE-0017,IPTV,24.57,0.039,10.59,50.31,99.717,89.44
2026-03-19T00:00:00,2026-03-19,2026-03,Denpasar,SITE-0018,Cloud Connectivity,26.62,0.418,15.4,75.42,99.99,83.21
2026-03-19T00:00:00,2026-03-19,2026-03,Palembang,SITE-0019,Enterprise VPN,18.98,0.365,4.03,79.76,98.97,89.22
2026-03-19T18:00:00,2026-03-19,2026-03,Balikpapan,SITE-0020,Mobile Broadband,16.75,0.53,0.5,72.18,99.346,92.47
2026-03-19T00:00:00,2026-03-19,2026-03,Jakarta,SITE-0021,Enterprise VPN,95.35,2.349,19.14,91.46,96.863,39.7
2026-03-19T00:00:00,2026-03-19,2026-03,Bandung,SITE-0022,Mobile Broadband,31.02,0.109,7.07,75.87,98.487,87.73
2026-03-19T12:00:00,2026-03-19,2026-03,Surabaya,SITE-0023,Cloud Connectivity,13.7,0.816,6.56,50.27,99.974,87.4
2026-03-19T06:00:00,2026-03-19,2026-03,Medan,SITE-0024,Voice,28.22,0.593,5.69,63.25,98.408,85.27
2026-03-19T06:00:00,2026-03-19,2026-03,Makassar,SITE-0025,IPTV,33.89,0.286,0.66,67.6,98.828,90.74
2026-03-19T06:00:00,2026-03-19,2026-03,Semarang,SITE-0026,Enterprise VPN,18.05,0.227,7.43,61.46,99.99,90.85
2026-03-19T18:00:00,2026-03-19,2026-03,Yogyakarta,SITE-0027,IPTV,34.62,0.302,3.45,55.61,99.344,89.46
2026-03-19T18:00:00,2026-03-19,2026-03,Denpasar,SITE-0028,Voice,8.78,0.399,0.5,52.74,99.108,94.95
2026-03-19T06:00:00,2026-03-19,2026-03,Palembang,SITE-0029,Voice,39.77,0.601,9.62,66.48,98.514,81.29
2026-03-19T00:00:00,2026-03-19,2026-03,Balikpapan,SITE-0030,Enterprise VPN,13.37,0.354,0.5,59.26,99.668,94.48
2026-03-19T12:00:00,2026-03-19,2026-03,Jakarta,SITE-0031,Cloud Connectivity,65.83,1.91,13.16,92.37,95.966,48.71
2026-03-19T18:00:00,2026-03-19,2026-03,Bandung,SITE-0032,Enterprise VPN,14.35,0.85,1.83,68.82,98.967,89.51
2026-03-19T18:00:00,2026-03-19,2026-03,Surabaya,SITE-0033,Voice,38.09,0.0,0.5,60.4,99.99,92.87
2026-03-19T06:00:00,2026-03-19,2026-03,Medan,SITE-0034,Mobile Broadband,24.95,0.251,7.86,60.87,98.87,88.79
2026-03-19T12:00:00,2026-03-19,2026-03,Makassar,SITE-0035,Mobile Broadband,22.35,0.57,7.47,55.95,98.83,86.8
2026-03-19T06:00:00,2026-03-19,2026-03,Semarang,SITE-0036,Enterprise VPN,29.21,0.0,1.11,59.02,98.225,91.81
2026-03-19T00:00:00,2026-03-19,2026-03,Yogyakarta,SITE-0037,Cloud Connectivity,15.57,0.34,1.88,49.58,99.492,93.45
2026-03-19T00:00:00,2026-03-19,2026-03,Denpasar,SITE-0038,Enterprise VPN,28.01,0.695,5.12,67.74,98.257,84.35
2026-03-19T12:00:00,2026-03-19,2026-03,Palembang,SITE-0039,IPTV,50.21,0.42,3.58,75.73,99.136,85.3
2026-03-19T12:00:00,2026-03-19,2026-03,Balikpapan,SITE-0040,Voice,44.08,0.61,8.51,54.1,99.791,82.5
2026-03-19T00:00:00,2026-03-19,2026-03,Jakarta,SITE-0041,Cloud Connectivity,57.68,2.859,20.96,97.43,96.165,36.61
2026-03-19T06:00:00,2026-03-19,2026-03,Bandung,SITE-0042,Voice,35.83,0.322,7.63,68.96,98.791,86.15
2026-03-19T00:00:00,2026-03-19,2026-03,Surabaya,SITE-0043,Cloud Connectivity,29.0,0.768,1.72,55.64,99.99,87.69
2026-03-19T00:00:00,2026-03-19,2026-03,Medan,SITE-0044,Cloud Connectivity,37.76,0.649,5.62,51.23,99.012,84.92
2026-03-19T06:00:00,2026-03-19,2026-03,Makassar,SITE-0045,Fiber Internet,30.39,0.313,5.58,53.4,99.024,88.96
2026-03-19T00:00:00,2026-03-19,2026-03,Semarang,SITE-0046,Cloud Connectivity,41.7,0.214,1.84,57.38,99.99,89.77
2026-03-19T18:00:00,2026-03-19,2026-03,Yogyakarta,SITE-0047,Mobile Broadband,26.37,0.0,7.91,60.49,98.666,89.9
2026-03-19T12:00:00,2026-03-19,2026-03,Denpasar,SITE-0048,Voice,23.71,0.176,3.85,59.67,98.814,91.65
2026-03-19T12:00:00,2026-03-19,2026-03,Palembang,SITE-0049,IPTV,31.43,0.42,4.76,67.88,98.751,87.62
2026-03-19T12:00:00,2026-03-19,2026-03,Balikpapan,SITE-0050,Cloud Connectivity,34.64,0.608,5.98,60.43,98.592,84.39
2026-03-26T00:00:00,2026-03-26,2026-03,Jakarta,SITE-0001,IPTV,81.33,1.854,22.07,90.96,96.682,44.25
2026-03-26T06:00:00,2026-03-26,2026-03,Bandung,SITE-0002,Mobile Broadband,15.32,0.42,7.96,80.01,99.058,87.25
2026-03-26T12:00:00,2026-03-26,2026-03,Surabaya,SITE-0003,Fiber Internet,5.0,0.0,2.18,61.26,98.576,96.63
2026-03-26T06:00:00,2026-03-26,2026-03,Medan,SITE-0004,IPTV,29.74,0.603,9.81,55.89,99.253,84.42
2026-03-26T06:00:00,2026-03-26,2026-03,Makassar,SITE-0005,Fiber Internet,18.75,0.0,8.84,67.34,99.844,91.76
2026-03-26T18:00:00,2026-03-26,2026-03,Semarang,SITE-0006,Cloud Connectivity,38.42,0.225,1.0,51.86,99.631,90.73
2026-03-26T18:00:00,2026-03-26,2026-03,Yogyakarta,SITE-0007,IPTV,12.5,0.433,7.25,64.94,99.573,90.3
2026-03-26T12:00:00,2026-03-26,2026-03,Denpasar,SITE-0008,Fiber Internet,19.51,0.766,9.1,75.49,99.392,85.13
2026-03-26T06:00:00,2026-03-26,2026-03,Palembang,SITE-0009,IPTV,39.05,0.308,15.54,63.99,98.957,81.83
2026-03-26T12:00:00,2026-03-26,2026-03,Balikpapan,SITE-0010,Cloud Connectivity,15.81,0.275,4.79,59.75,99.189,92.32
2026-03-26T00:00:00,2026-03-26,2026-03,Jakarta,SITE-0011,Cloud Connectivity,73.37,1.661,19.61,87.01,96.834,50.82
2026-03-26T00:00:00,2026-03-26,2026-03,Bandung,SITE-0012,Fiber Internet,32.88,0.652,1.08,53.84,99.128,88.27
2026-03-26T00:00:00,2026-03-26,2026-03,Surabaya,SITE-0013,Mobile Broadband,38.71,0.417,0.53,58.09,98.822,88.87
2026-03-26T18:00:00,2026-03-26,2026-03,Medan,SITE-0014,Voice,15.02,0.616,4.99,57.77,98.576,88.36
2026-03-26T18:00:00,2026-03-26,2026-03,Makassar,SITE-0015,Mobile Broadband,22.63,0.882,5.96,77.38,98.523,83.09
2026-03-26T06:00:00,2026-03-26,2026-03,Semarang,SITE-0016,Enterprise VPN,16.38,0.0,13.4,71.79,98.963,89.57
2026-03-26T06:00:00,2026-03-26,2026-03,Yogyakarta,SITE-0017,IPTV,38.9,0.667,8.14,68.94,99.769,83.18
2026-03-26T06:00:00,2026-03-26,2026-03,Denpasar,SITE-0018,Cloud Connectivity,54.54,0.166,2.7,44.86,99.585,87.37
2026-03-26T06:00:00,2026-03-26,2026-03,Palembang,SITE-0019,Enterprise VPN,31.6,0.337,6.65,62.94,98.584,86.71
2026-03-26T06:00:00,2026-03-26,2026-03,Balikpapan,SITE-0020,Mobile Broadband,33.83,0.687,3.4,69.28,99.99,86.55
2026-03-26T18:00:00,2026-03-26,2026-03,Jakarta,SITE-0021,Enterprise VPN,83.28,2.066,12.84,79.31,96.489,51.94
2026-03-26T06:00:00,2026-03-26,2026-03,Bandung,SITE-0022,Mobile Broadband,16.54,0.341,6.06,49.87,98.83,90.45
2026-03-26T18:00:00,2026-03-26,2026-03,Surabaya,SITE-0023,Cloud Connectivity,30.09,0.921,8.34,62.38,99.99,82.63
2026-03-26T18:00:00,2026-03-26,2026-03,Medan,SITE-0024,Voice,25.42,0.78,6.74,60.76,99.626,85.48
2026-03-26T12:00:00,2026-03-26,2026-03,Makassar,SITE-0025,IPTV,25.64,1.319,10.58,64.9,99.633,79.01
2026-03-26T18:00:00,2026-03-26,2026-03,Semarang,SITE-0026,Enterprise VPN,29.09,0.726,9.99,66.92,99.982,83.46
2026-03-26T18:00:00,2026-03-26,2026-03,Yogyakarta,SITE-0027,IPTV,47.36,0.37,9.71,63.42,99.26,83.18
2026-03-26T06:00:00,2026-03-26,2026-03,Denpasar,SITE-0028,Voice,23.38,0.42,7.57,53.69,97.8,84.67
2026-03-26T12:00:00,2026-03-26,2026-03,Palembang,SITE-0029,Voice,11.71,0.735,7.66,54.95,99.311,87.79
2026-03-26T18:00:00,2026-03-26,2026-03,Balikpapan,SITE-0030,Enterprise VPN,37.45,0.608,2.52,52.01,99.148,87.01
2026-03-26T18:00:00,2026-03-26,2026-03,Jakarta,SITE-0031,Cloud Connectivity,61.08,2.009,16.07,75.04,96.793,57.45
2026-03-26T12:00:00,2026-03-26,2026-03,Bandung,SITE-0032,Enterprise VPN,33.69,0.0,13.46,61.01,98.488,85.0
2026-03-26T00:00:00,2026-03-26,2026-03,Surabaya,SITE-0033,Voice,33.75,0.474,1.54,66.14,99.023,89.29
2026-03-26T06:00:00,2026-03-26,2026-03,Medan,SITE-0034,Mobile Broadband,19.79,0.578,8.88,64.84,98.617,85.78
2026-03-26T06:00:00,2026-03-26,2026-03,Makassar,SITE-0035,Mobile Broadband,49.47,1.092,4.9,67.17,99.13,79.67
2026-03-26T00:00:00,2026-03-26,2026-03,Semarang,SITE-0036,Enterprise VPN,19.29,0.491,1.42,43.42,99.0,91.82
2026-03-26T12:00:00,2026-03-26,2026-03,Yogyakarta,SITE-0037,Cloud Connectivity,37.6,0.614,3.6,40.9,99.99,86.34
2026-03-26T12:00:00,2026-03-26,2026-03,Denpasar,SITE-0038,Enterprise VPN,49.16,0.0,3.53,53.79,99.729,89.21
2026-03-26T06:00:00,2026-03-26,2026-03,Palembang,SITE-0039,IPTV,18.65,0.945,4.07,54.12,98.336,84.85
2026-03-26T12:00:00,2026-03-26,2026-03,Balikpapan,SITE-0040,Voice,18.7,0.934,2.34,35.94,99.505,87.88
2026-03-26T06:00:00,2026-03-26,2026-03,Jakarta,SITE-0041,Cloud Connectivity,66.69,1.918,23.84,83.07,97.362,51.0
2026-03-26T12:00:00,2026-03-26,2026-03,Bandung,SITE-0042,Voice,19.03,0.587,0.5,48.69,99.31,91.6
2026-03-26T18:00:00,2026-03-26,2026-03,Surabaya,SITE-0043,Cloud Connectivity,23.32,0.663,1.46,62.07,98.487,88.15
2026-03-26T06:00:00,2026-03-26,2026-03,Medan,SITE-0044,Cloud Connectivity,37.46,0.544,0.5,52.35,99.393,88.63
2026-03-26T12:00:00,2026-03-26,2026-03,Makassar,SITE-0045,Fiber Internet,38.97,0.966,3.76,64.36,99.548,83.19
2026-03-26T00:00:00,2026-03-26,2026-03,Semarang,SITE-0046,Cloud Connectivity,26.76,0.594,3.79,63.55,98.899,88.05
2026-03-26T00:00:00,2026-03-26,2026-03,Yogyakarta,SITE-0047,Mobile Broadband,24.44,0.0,5.5,47.99,98.278,90.41
2026-03-26T00:00:00,2026-03-26,2026-03,Denpasar,SITE-0048,Voice,47.13,0.744,3.41,51.72,99.099,83.69
2026-03-26T00:00:00,2026-03-26,2026-03,Palembang,SITE-0049,IPTV,27.73,0.536,8.44,79.14,99.021,84.21
2026-03-26T00:00:00,2026-03-26,2026-03,Balikpapan,SITE-0050,Cloud Connectivity,21.17,0.25,6.77,56.86,99.424,90.46
2026-04-02T00:00:00,2026-04-02,2026-04,Jakarta,SITE-0001,IPTV,18.78,0.195,6.32,63.05,99.99,91.59
2026-04-02T06:00:00,2026-04-02,2026-04,Bandung,SITE-0002,Mobile Broadband,49.07,0.209,4.27,65.45,99.051,87.15
2026-04-02T06:00:00,2026-04-02,2026-04,Surabaya,SITE-0003,Fiber Internet,20.99,0.244,4.85,75.42,99.484,91.41
2026-04-02T12:00:00,2026-04-02,2026-04,Medan,SITE-0004,IPTV,27.12,0.589,2.33,60.11,99.987,89.13
2026-04-02T00:00:00,2026-04-02,2026-04,Makassar,SITE-0005,Fiber Internet,17.93,0.511,3.98,80.51,98.448,86.36
2026-04-02T12:00:00,2026-04-02,2026-04,Semarang,SITE-0006,Cloud Connectivity,6.75,0.667,10.17,58.38,99.99,87.86
2026-04-02T06:00:00,2026-04-02,2026-04,Yogyakarta,SITE-0007,IPTV,36.05,0.6,5.62,55.02,98.648,84.56
2026-04-02T12:00:00,2026-04-02,2026-04,Denpasar,SITE-0008,Fiber Internet,28.76,0.305,5.26,60.76,99.06,89.49
2026-04-02T12:00:00,2026-04-02,2026-04,Palembang,SITE-0009,IPTV,34.58,0.612,0.56,57.89,99.112,88.57
2026-04-02T00:00:00,2026-04-02,2026-04,Balikpapan,SITE-0010,Cloud Connectivity,10.91,0.115,0.5,57.49,98.625,95.71
2026-04-02T06:00:00,2026-04-02,2026-04,Jakarta,SITE-0011,Cloud Connectivity,32.34,0.351,8.92,64.96,99.094,86.46
2026-04-02T12:00:00,2026-04-02,2026-04,Bandung,SITE-0012,Fiber Internet,19.59,0.34,2.18,71.11,99.239,92.56
2026-04-02T06:00:00,2026-04-02,2026-04,Surabaya,SITE-0013,Mobile Broadband,40.29,1.095,4.12,73.21,98.381,79.87
2026-04-02T00:00:00,2026-04-02,2026-04,Medan,SITE-0014,Voice,26.81,0.233,3.34,66.03,99.779,91.47
2026-04-02T12:00:00,2026-04-02,2026-04,Makassar,SITE-0015,Mobile Broadband,29.14,0.376,7.73,69.13,98.649,86.44
2026-04-02T12:00:00,2026-04-02,2026-04,Semarang,SITE-0016,Enterprise VPN,43.58,0.108,2.48,65.01,98.66,88.91
2026-04-02T00:00:00,2026-04-02,2026-04,Yogyakarta,SITE-0017,IPTV,18.34,0.68,9.74,42.6,99.99,85.9
2026-04-02T12:00:00,2026-04-02,2026-04,Denpasar,SITE-0018,Cloud Connectivity,16.48,0.818,9.66,69.54,99.978,85.18
2026-04-02T06:00:00,2026-04-02,2026-04,Palembang,SITE-0019,Enterprise VPN,15.33,0.036,4.36,53.55,99.611,94.56
2026-04-02T06:00:00,2026-04-02,2026-04,Balikpapan,SITE-0020,Mobile Broadband,17.6,0.0,15.01,60.18,99.777,88.57
2026-04-02T18:00:00,2026-04-02,2026-04,Jakarta,SITE-0021,Enterprise VPN,30.21,0.878,10.46,69.2,98.212,79.42
2026-04-02T12:00:00,2026-04-02,2026-04,Bandung,SITE-0022,Mobile Broadband,23.6,0.372,3.91,65.51,99.99,90.62
2026-04-02T18:00:00,2026-04-02,2026-04,Surabaya,SITE-0023,Cloud Connectivity,26.82,0.413,2.09,58.92,98.381,88.87
2026-04-02T00:00:00,2026-04-02,2026-04,Medan,SITE-0024,Voice,37.96,0.515,6.56,55.58,99.005,85.44
2026-04-02T12:00:00,2026-04-02,2026-04,Makassar,SITE-0025,IPTV,20.88,0.246,0.5,58.09,99.99,94.0
2026-04-02T12:00:00,2026-04-02,2026-04,Semarang,SITE-0026,Enterprise VPN,35.9,0.659,1.48,55.03,99.352,87.45
2026-04-02T18:00:00,2026-04-02,2026-04,Yogyakarta,SITE-0027,IPTV,31.21,0.11,6.18,47.97,98.922,89.87
2026-04-02T00:00:00,2026-04-02,2026-04,Denpasar,SITE-0028,Voice,31.03,0.4,0.5,68.79,99.647,90.94
2026-04-02T18:00:00,2026-04-02,2026-04,Palembang,SITE-0029,Voice,14.23,1.189,6.03,72.15,99.99,84.61
2026-04-02T00:00:00,2026-04-02,2026-04,Balikpapan,SITE-0030,Enterprise VPN,9.05,0.339,5.86,65.6,99.352,92.44
2026-04-02T00:00:00,2026-04-02,2026-04,Jakarta,SITE-0031,Cloud Connectivity,17.44,0.287,8.28,81.76,99.68,86.97
2026-04-02T18:00:00,2026-04-02,2026-04,Bandung,SITE-0032,Enterprise VPN,35.86,0.196,6.46,54.68,99.895,88.43
2026-04-02T18:00:00,2026-04-02,2026-04,Surabaya,SITE-0033,Voice,37.88,0.282,1.25,52.45,98.7,89.34
2026-04-02T00:00:00,2026-04-02,2026-04,Medan,SITE-0034,Mobile Broadband,27.42,0.949,18.35,66.58,99.48,77.38
2026-04-02T12:00:00,2026-04-02,2026-04,Makassar,SITE-0035,Mobile Broadband,23.3,0.034,8.53,66.18,98.559,89.52
2026-04-02T06:00:00,2026-04-02,2026-04,Semarang,SITE-0036,Enterprise VPN,15.2,0.759,2.81,74.86,98.831,89.14
2026-04-02T00:00:00,2026-04-02,2026-04,Yogyakarta,SITE-0037,Cloud Connectivity,22.55,0.496,0.91,52.62,99.048,91.48
2026-04-02T06:00:00,2026-04-02,2026-04,Denpasar,SITE-0038,Enterprise VPN,8.12,0.115,7.8,54.41,99.12,93.33
2026-04-02T18:00:00,2026-04-02,2026-04,Palembang,SITE-0039,IPTV,37.37,0.432,3.87,49.79,99.284,87.69
2026-04-02T12:00:00,2026-04-02,2026-04,Balikpapan,SITE-0040,Voice,27.97,0.702,10.19,68.07,99.88,83.74
2026-04-02T18:00:00,2026-04-02,2026-04,Jakarta,SITE-0041,Cloud Connectivity,27.14,0.583,0.5,58.51,98.437,88.49
2026-04-02T18:00:00,2026-04-02,2026-04,Bandung,SITE-0042,Voice,22.41,0.0,5.9,57.27,98.858,92.3
2026-04-02T18:00:00,2026-04-02,2026-04,Surabaya,SITE-0043,Cloud Connectivity,5.0,0.667,10.23,67.98,98.716,87.29
2026-04-02T12:00:00,2026-04-02,2026-04,Medan,SITE-0044,Cloud Connectivity,46.14,0.397,11.31,72.93,99.52,82.3
2026-04-02T06:00:00,2026-04-02,2026-04,Makassar,SITE-0045,Fiber Internet,15.45,0.467,11.58,60.04,99.249,87.11
2026-04-02T00:00:00,2026-04-02,2026-04,Semarang,SITE-0046,Cloud Connectivity,30.33,0.326,4.05,55.39,98.788,89.07
2026-04-02T12:00:00,2026-04-02,2026-04,Yogyakarta,SITE-0047,Mobile Broadband,28.06,0.0,2.12,49.49,99.376,93.79
2026-04-02T06:00:00,2026-04-02,2026-04,Denpasar,SITE-0048,Voice,24.63,0.691,7.9,53.4,98.597,84.48
2026-04-02T06:00:00,2026-04-02,2026-04,Palembang,SITE-0049,IPTV,35.04,0.135,6.23,66.08,99.642,89.19
2026-04-02T00:00:00,2026-04-02,2026-04,Balikpapan,SITE-0050,Cloud Connectivity,10.07,0.825,2.81,57.98,98.878,89.68
2026-04-09T00:00:00,2026-04-09,2026-04,Jakarta,SITE-0001,IPTV,16.59,0.084,0.98,46.44,98.692,94.88
2026-04-09T00:00:00,2026-04-09,2026-04,Bandung,SITE-0002,Mobile Broadband,31.73,0.567,4.71,55.64,98.639,86.08
2026-04-09T12:00:00,2026-04-09,2026-04,Surabaya,SITE-0003,Fiber Internet,21.6,0.0,5.49,50.43,99.646,93.1
2026-04-09T00:00:00,2026-04-09,2026-04,Medan,SITE-0004,IPTV,24.81,0.362,13.63,63.07,99.78,85.14
2026-04-09T06:00:00,2026-04-09,2026-04,Makassar,SITE-0005,Fiber Internet,26.45,0.441,9.4,63.26,98.888,86.2
2026-04-09T06:00:00,2026-04-09,2026-04,Semarang,SITE-0006,Cloud Connectivity,8.07,0.693,0.5,51.15,98.766,92.02
2026-04-09T00:00:00,2026-04-09,2026-04,Yogyakarta,SITE-0007,IPTV,20.46,0.432,3.0,63.71,99.092,91.21
2026-04-09T12:00:00,2026-04-09,2026-04,Denpasar,SITE-0008,Fiber Internet,33.02,0.685,3.11,54.44,99.613,86.87
2026-04-09T06:00:00,2026-04-09,2026-04,Palembang,SITE-0009,IPTV,21.81,1.109,7.43,56.33,99.319,83.12
2026-04-09T18:00:00,2026-04-09,2026-04,Balikpapan,SITE-0010,Cloud Connectivity,36.39,0.142,5.47,57.75,99.447,89.3
2026-04-09T00:00:00,2026-04-09,2026-04,Jakarta,SITE-0011,Cloud Connectivity,31.6,0.518,5.5,61.01,99.99,87.14
2026-04-09T06:00:00,2026-04-09,2026-04,Bandung,SITE-0012,Fiber Internet,27.8,0.411,4.32,72.76,99.305,89.34
2026-04-09T12:00:00,2026-04-09,2026-04,Surabaya,SITE-0013,Mobile Broadband,26.99,0.393,5.49,70.65,98.206,86.59
2026-04-09T12:00:00,2026-04-09,2026-04,Medan,SITE-0014,Voice,32.03,0.392,7.87,73.86,98.904,86.48
2026-04-09T18:00:00,2026-04-09,2026-04,Makassar,SITE-0015,Mobile Broadband,27.18,0.0,8.61,63.8,98.504,88.88
2026-04-09T18:00:00,2026-04-09,2026-04,Semarang,SITE-0016,Enterprise VPN,34.39,0.341,1.79,52.92,98.878,89.73
2026-04-09T06:00:00,2026-04-09,2026-04,Yogyakarta,SITE-0017,IPTV,27.81,0.424,4.92,64.83,98.259,86.68
2026-04-09T12:00:00,2026-04-09,2026-04,Denpasar,SITE-0018,Cloud Connectivity,33.76,0.576,3.58,59.69,99.453,87.35
2026-04-09T18:00:00,2026-04-09,2026-04,Palembang,SITE-0019,Enterprise VPN,27.6,0.34,7.07,75.29,99.99,88.3
2026-04-09T06:00:00,2026-04-09,2026-04,Balikpapan,SITE-0020,Mobile Broadband,32.42,0.416,7.57,55.49,99.265,86.68
2026-04-09T18:00:00,2026-04-09,2026-04,Jakarta,SITE-0021,Enterprise VPN,27.96,0.013,12.51,63.16,99.063,87.98
2026-04-09T18:00:00,2026-04-09,2026-04,Bandung,SITE-0022,Mobile Broadband,45.76,0.193,8.98,67.49,99.067,85.28
2026-04-09T00:00:00,2026-04-09,2026-04,Surabaya,SITE-0023,Cloud Connectivity,25.62,0.456,4.22,41.22,98.728,88.6
2026-04-09T06:00:00,2026-04-09,2026-04,Medan,SITE-0024,Voice,31.76,0.541,6.03,44.48,99.99,86.64
2026-04-09T12:00:00,2026-04-09,2026-04,Makassar,SITE-0025,IPTV,17.67,0.444,0.5,51.1,99.166,92.99
2026-04-09T18:00:00,2026-04-09,2026-04,Semarang,SITE-0026,Enterprise VPN,20.84,0.269,6.71,60.2,99.805,90.4
2026-04-09T12:00:00,2026-04-09,2026-04,Yogyakarta,SITE-0027,IPTV,26.59,0.512,2.95,60.84,98.61,88.33
2026-04-09T12:00:00,2026-04-09,2026-04,Denpasar,SITE-0028,Voice,24.87,0.0,0.5,69.42,98.602,94.05
2026-04-09T12:00:00,2026-04-09,2026-04,Palembang,SITE-0029,Voice,35.93,0.533,0.5,51.91,99.768,88.99
2026-04-09T12:00:00,2026-04-09,2026-04,Balikpapan,SITE-0030,Enterprise VPN,31.11,0.0,4.5,65.36,99.217,91.93
2026-04-09T06:00:00,2026-04-09,2026-04,Jakarta,SITE-0031,Cloud Connectivity,13.29,0.325,8.64,75.14,97.872,86.81
2026-04-09T18:00:00,2026-04-09,2026-04,Bandung,SITE-0032,Enterprise VPN,30.01,0.665,2.86,64.35,98.992,87.68
2026-04-09T12:00:00,2026-04-09,2026-04,Surabaya,SITE-0033,Voice,19.55,0.679,3.73,58.76,97.691,85.07
2026-04-09T00:00:00,2026-04-09,2026-04,Medan,SITE-0034,Mobile Broadband,33.97,0.602,4.86,46.81,98.725,85.57
2026-04-09T06:00:00,2026-04-09,2026-04,Makassar,SITE-0035,Mobile Broadband,45.4,0.05,4.89,75.18,99.034,88.66
2026-04-09T00:00:00,2026-04-09,2026-04,Semarang,SITE-0036,Enterprise VPN,5.0,0.978,4.49,60.14,98.336,86.81
2026-04-09T06:00:00,2026-04-09,2026-04,Yogyakarta,SITE-0037,Cloud Connectivity,35.21,0.496,1.06,59.99,98.986,89.07
2026-04-09T12:00:00,2026-04-09,2026-04,Denpasar,SITE-0038,Enterprise VPN,27.03,0.0,7.15,63.52,98.688,90.27
2026-04-09T06:00:00,2026-04-09,2026-04,Palembang,SITE-0039,IPTV,28.84,0.756,8.39,70.24,99.572,84.15
2026-04-09T06:00:00,2026-04-09,2026-04,Balikpapan,SITE-0040,Voice,16.82,0.611,9.59,38.16,99.537,86.81
2026-04-09T00:00:00,2026-04-09,2026-04,Jakarta,SITE-0041,Cloud Connectivity,24.72,0.494,7.56,51.94,99.547,87.44
2026-04-09T12:00:00,2026-04-09,2026-04,Bandung,SITE-0042,Voice,31.24,0.48,8.0,55.75,99.99,86.14
2026-04-09T06:00:00,2026-04-09,2026-04,Surabaya,SITE-0043,Cloud Connectivity,47.58,0.697,0.5,60.3,98.799,84.98
2026-04-09T12:00:00,2026-04-09,2026-04,Medan,SITE-0044,Cloud Connectivity,15.3,0.019,6.62,63.1,99.244,93.45
2026-04-09T00:00:00,2026-04-09,2026-04,Makassar,SITE-0045,Fiber Internet,28.66,0.217,4.78,56.43,99.202,90.48
2026-04-09T00:00:00,2026-04-09,2026-04,Semarang,SITE-0046,Cloud Connectivity,10.19,0.185,4.64,52.56,98.314,92.08
2026-04-09T12:00:00,2026-04-09,2026-04,Yogyakarta,SITE-0047,Mobile Broadband,30.78,0.404,2.59,61.62,99.324,89.8
2026-04-09T12:00:00,2026-04-09,2026-04,Denpasar,SITE-0048,Voice,32.95,0.203,8.59,55.57,98.89,87.39
2026-04-09T12:00:00,2026-04-09,2026-04,Palembang,SITE-0049,IPTV,21.75,0.347,6.0,62.62,99.037,90.01
2026-04-09T06:00:00,2026-04-09,2026-04,Balikpapan,SITE-0050,Cloud Connectivity,33.96,0.0,2.76,63.16,98.704,91.48
2026-04-16T18:00:00,2026-04-16,2026-04,Jakarta,SITE-0001,IPTV,11.31,0.0,10.61,88.91,99.159,85.87
2026-04-16T00:00:00,2026-04-16,2026-04,Bandung,SITE-0002,Mobile Broadband,31.34,0.251,6.69,55.01,99.902,88.67
2026-04-16T00:00:00,2026-04-16,2026-04,Surabaya,SITE-0003,Fiber Internet,46.64,0.549,3.79,60.53,98.81,84.55
2026-04-16T18:00:00,2026-04-16,2026-04,Medan,SITE-0004,IPTV,18.56,0.899,9.69,41.33,99.377,84.13
2026-04-16T18:00:00,2026-04-16,2026-04,Makassar,SITE-0005,Fiber Internet,34.34,0.453,3.15,56.49,99.134,88.46
2026-04-16T06:00:00,2026-04-16,2026-04,Semarang,SITE-0006,Cloud Connectivity,36.85,0.507,6.02,64.93,97.95,82.85
2026-04-16T06:00:00,2026-04-16,2026-04,Yogyakarta,SITE-0007,IPTV,29.85,0.744,4.63,72.87,97.748,82.37
2026-04-16T00:00:00,2026-04-16,2026-04,Denpasar,SITE-0008,Fiber Internet,26.0,0.535,2.54,66.14,99.265,89.64
2026-04-16T00:00:00,2026-04-16,2026-04,Palembang,SITE-0009,IPTV,27.62,0.665,7.17,58.16,99.046,85.77
2026-04-16T18:00:00,2026-04-16,2026-04,Balikpapan,SITE-0010,Cloud Connectivity,38.02,0.464,2.15,35.0,98.838,87.78
2026-04-16T12:00:00,2026-04-16,2026-04,Jakarta,SITE-0011,Cloud Connectivity,42.32,0.0,3.13,73.46,98.654,89.62
2026-04-16T12:00:00,2026-04-16,2026-04,Bandung,SITE-0012,Fiber Internet,20.56,0.238,5.26,49.68,98.429,89.79
2026-04-16T00:00:00,2026-04-16,2026-04,Surabaya,SITE-0013,Mobile Broadband,31.22,0.264,7.96,47.56,99.607,87.89
2026-04-16T00:00:00,2026-04-16,2026-04,Medan,SITE-0014,Voice,35.4,0.0,8.61,65.15,99.46,88.89
2026-04-16T00:00:00,2026-04-16,2026-04,Makassar,SITE-0015,Mobile Broadband,6.73,0.335,8.17,77.54,97.797,86.86
2026-04-16T18:00:00,2026-04-16,2026-04,Semarang,SITE-0016,Enterprise VPN,30.57,0.229,6.4,71.28,99.42,89.15
2026-04-16T18:00:00,2026-04-16,2026-04,Yogyakarta,SITE-0017,IPTV,5.0,0.655,0.5,48.76,98.714,92.73
2026-04-16T00:00:00,2026-04-16,2026-04,Denpasar,SITE-0018,Cloud Connectivity,29.02,0.112,1.57,49.12,98.816,92.46
2026-04-16T18:00:00,2026-04-16,2026-04,Palembang,SITE-0019,Enterprise VPN,29.45,0.675,10.21,74.37,99.99,83.68
2026-04-16T06:00:00,2026-04-16,2026-04,Balikpapan,SITE-0020,Mobile Broadband,30.62,0.505,6.2,66.96,99.393,87.04
2026-04-16T18:00:00,2026-04-16,2026-04,Jakarta,SITE-0021,Enterprise VPN,22.21,0.0,1.79,52.34,98.53,93.61
2026-04-16T12:00:00,2026-04-16,2026-04,Bandung,SITE-0022,Mobile Broadband,37.65,0.644,3.72,62.4,99.321,86.02
2026-04-16T06:00:00,2026-04-16,2026-04,Surabaya,SITE-0023,Cloud Connectivity,33.72,0.694,8.7,50.86,98.94,83.41
2026-04-16T12:00:00,2026-04-16,2026-04,Medan,SITE-0024,Voice,36.82,0.0,10.8,59.98,99.411,87.43
2026-04-16T06:00:00,2026-04-16,2026-04,Makassar,SITE-0025,IPTV,23.63,0.0,6.1,67.04,99.051,92.39
2026-04-16T00:00:00,2026-04-16,2026-04,Semarang,SITE-0026,Enterprise VPN,20.08,0.189,8.54,46.12,99.629,90.17
2026-04-16T18:00:00,2026-04-16,2026-04,Yogyakarta,SITE-0027,IPTV,33.64,0.422,5.6,61.07,98.957,87.35
2026-04-16T18:00:00,2026-04-16,2026-04,Denpasar,SITE-0028,Voice,33.73,0.044,1.85,63.15,99.187,92.56
2026-04-16T18:00:00,2026-04-16,2026-04,Palembang,SITE-0029,Voice,39.22,0.0,1.36,48.8,99.663,92.19
2026-04-16T00:00:00,2026-04-16,2026-04,Balikpapan,SITE-0030,Enterprise VPN,21.36,0.496,7.81,70.19,99.157,87.89
2026-04-16T06:00:00,2026-04-16,2026-04,Jakarta,SITE-0031,Cloud Connectivity,22.19,0.326,3.23,63.87,98.667,90.62
2026-04-16T18:00:00,2026-04-16,2026-04,Bandung,SITE-0032,Enterprise VPN,39.33,0.176,9.69,59.0,98.452,84.54
2026-04-16T00:00:00,2026-04-16,2026-04,Surabaya,SITE-0033,Voice,39.0,0.334,2.92,63.85,99.12,88.7
2026-04-16T12:00:00,2026-04-16,2026-04,Medan,SITE-0034,Mobile Broadband,34.52,0.719,5.39,74.3,99.404,85.08
2026-04-16T06:00:00,2026-04-16,2026-04,Makassar,SITE-0035,Mobile Broadband,32.76,0.0,6.3,56.73,99.13,90.64
2026-04-16T18:00:00,2026-04-16,2026-04,Semarang,SITE-0036,Enterprise VPN,28.27,0.734,10.38,66.92,98.623,82.2
2026-04-16T12:00:00,2026-04-16,2026-04,Yogyakarta,SITE-0037,Cloud Connectivity,44.39,0.0,2.57,65.62,98.787,89.95
2026-04-16T06:00:00,2026-04-16,2026-04,Denpasar,SITE-0038,Enterprise VPN,18.65,0.279,4.76,67.38,98.125,89.17
2026-04-16T00:00:00,2026-04-16,2026-04,Palembang,SITE-0039,IPTV,33.87,0.785,1.31,68.63,99.897,86.9
2026-04-16T00:00:00,2026-04-16,2026-04,Balikpapan,SITE-0040,Voice,17.28,0.97,1.06,77.39,99.801,87.47
2026-04-16T06:00:00,2026-04-16,2026-04,Jakarta,SITE-0041,Cloud Connectivity,32.62,0.0,0.5,60.99,98.938,93.67
2026-04-16T06:00:00,2026-04-16,2026-04,Bandung,SITE-0042,Voice,28.98,0.428,8.57,64.94,99.419,86.65
2026-04-16T18:00:00,2026-04-16,2026-04,Surabaya,SITE-0043,Cloud Connectivity,39.18,0.798,5.89,58.17,99.237,83.32
2026-04-16T12:00:00,2026-04-16,2026-04,Medan,SITE-0044,Cloud Connectivity,28.68,0.52,3.48,53.82,98.835,88.27
2026-04-16T06:00:00,2026-04-16,2026-04,Makassar,SITE-0045,Fiber Internet,7.14,0.454,0.5,40.4,99.283,94.81
2026-04-16T12:00:00,2026-04-16,2026-04,Semarang,SITE-0046,Cloud Connectivity,18.48,0.0,2.91,59.3,99.149,95.07
2026-04-16T06:00:00,2026-04-16,2026-04,Yogyakarta,SITE-0047,Mobile Broadband,31.79,0.06,6.9,54.71,98.902,89.71
2026-04-16T06:00:00,2026-04-16,2026-04,Denpasar,SITE-0048,Voice,57.96,0.138,5.98,76.21,99.413,84.64
2026-04-16T12:00:00,2026-04-16,2026-04,Palembang,SITE-0049,IPTV,34.14,1.058,15.49,45.69,98.364,74.96
2026-04-16T12:00:00,2026-04-16,2026-04,Balikpapan,SITE-0050,Cloud Connectivity,21.03,0.584,6.94,69.42,98.059,84.9
2026-04-23T00:00:00,2026-04-23,2026-04,Jakarta,SITE-0001,IPTV,27.15,0.419,0.5,69.84,99.23,91.49
2026-04-23T00:00:00,2026-04-23,2026-04,Bandung,SITE-0002,Mobile Broadband,27.54,0.587,0.5,57.74,99.171,90.07
2026-04-23T06:00:00,2026-04-23,2026-04,Surabaya,SITE-0003,Fiber Internet,7.48,0.28,6.25,63.31,98.876,92.61
2026-04-23T00:00:00,2026-04-23,2026-04,Medan,SITE-0004,IPTV,37.79,0.051,5.34,59.44,97.627,85.74
2026-04-23T00:00:00,2026-04-23,2026-04,Makassar,SITE-0005,Fiber Internet,29.87,0.0,2.19,72.67,99.063,93.42
2026-04-23T00:00:00,2026-04-23,2026-04,Semarang,SITE-0006,Cloud Connectivity,22.24,0.063,7.38,55.5,99.254,91.43
2026-04-23T18:00:00,2026-04-23,2026-04,Yogyakarta,SITE-0007,IPTV,19.17,0.313,0.5,42.27,99.894,93.77
2026-04-23T06:00:00,2026-04-23,2026-04,Denpasar,SITE-0008,Fiber Internet,21.29,0.171,3.02,50.51,98.352,91.2
2026-04-23T12:00:00,2026-04-23,2026-04,Palembang,SITE-0009,IPTV,22.48,0.637,1.78,62.91,98.281,87.72
2026-04-23T00:00:00,2026-04-23,2026-04,Balikpapan,SITE-0010,Cloud Connectivity,42.62,0.305,13.08,64.73,98.345,80.73
2026-04-23T06:00:00,2026-04-23,2026-04,Jakarta,SITE-0011,Cloud Connectivity,21.02,0.391,0.5,47.93,99.726,92.81
2026-04-23T00:00:00,2026-04-23,2026-04,Bandung,SITE-0012,Fiber Internet,31.8,0.526,3.55,62.96,98.746,87.36
2026-04-23T18:00:00,2026-04-23,2026-04,Surabaya,SITE-0013,Mobile Broadband,26.49,0.0,1.04,48.34,99.99,94.66
2026-04-23T00:00:00,2026-04-23,2026-04,Medan,SITE-0014,Voice,27.51,0.937,6.64,60.73,99.064,83.9
2026-04-23T00:00:00,2026-04-23,2026-04,Makassar,SITE-0015,Mobile Broadband,28.25,0.531,0.5,56.47,99.118,90.39
2026-04-23T00:00:00,2026-04-23,2026-04,Semarang,SITE-0016,Enterprise VPN,29.97,0.339,2.5,72.38,99.395,90.52
2026-04-23T18:00:00,2026-04-23,2026-04,Yogyakarta,SITE-0017,IPTV,9.25,0.037,4.7,51.32,98.731,94.65
2026-04-23T06:00:00,2026-04-23,2026-04,Denpasar,SITE-0018,Cloud Connectivity,24.02,0.485,9.49,48.28,99.034,86.58
2026-04-23T18:00:00,2026-04-23,2026-04,Palembang,SITE-0019,Enterprise VPN,26.15,1.129,7.5,69.23,99.572,82.14
2026-04-23T12:00:00,2026-04-23,2026-04,Balikpapan,SITE-0020,Mobile Broadband,31.97,0.192,10.46,49.19,98.954,86.82
2026-04-23T18:00:00,2026-04-23,2026-04,Jakarta,SITE-0021,Enterprise VPN,26.17,0.0,2.04,54.84,98.1,91.47
2026-04-23T12:00:00,2026-04-23,2026-04,Bandung,SITE-0022,Mobile Broadband,26.79,0.852,11.89,64.98,99.99,81.82
2026-04-23T12:00:00,2026-04-23,2026-04,Surabaya,SITE-0023,Cloud Connectivity,29.62,0.955,7.75,55.41,99.781,82.77
2026-04-23T18:00:00,2026-04-23,2026-04,Medan,SITE-0024,Voice,42.4,0.725,10.87,73.61,99.729,80.59
2026-04-23T18:00:00,2026-04-23,2026-04,Makassar,SITE-0025,IPTV,21.12,0.396,1.75,64.3,98.791,91.44
2026-04-23T00:00:00,2026-04-23,2026-04,Semarang,SITE-0026,Enterprise VPN,13.19,0.974,9.43,63.84,98.389,82.82
2026-04-23T12:00:00,2026-04-23,2026-04,Yogyakarta,SITE-0027,IPTV,14.47,0.397,12.17,66.1,98.993,87.5
2026-04-23T18:00:00,2026-04-23,2026-04,Denpasar,SITE-0028,Voice,19.93,0.0,8.48,68.82,99.281,91.75
2026-04-23T06:00:00,2026-04-23,2026-04,Palembang,SITE-0029,Voice,19.51,0.0,5.03,69.92,99.948,93.72
2026-04-23T00:00:00,2026-04-23,2026-04,Balikpapan,SITE-0030,Enterprise VPN,42.64,0.334,9.48,46.53,98.567,83.14
2026-04-23T06:00:00,2026-04-23,2026-04,Jakarta,SITE-0031,Cloud Connectivity,43.21,0.186,3.37,56.27,99.696,88.88
2026-04-23T18:00:00,2026-04-23,2026-04,Bandung,SITE-0032,Enterprise VPN,30.61,0.873,1.24,45.91,99.214,86.82
2026-04-23T00:00:00,2026-04-23,2026-04,Surabaya,SITE-0033,Voice,22.63,0.618,2.25,63.39,98.99,89.71
2026-04-23T00:00:00,2026-04-23,2026-04,Medan,SITE-0034,Mobile Broadband,13.91,0.13,8.27,62.55,98.812,91.35
2026-04-23T06:00:00,2026-04-23,2026-04,Makassar,SITE-0035,Mobile Broadband,30.77,0.0,1.99,54.37,99.497,93.37
2026-04-23T00:00:00,2026-04-23,2026-04,Semarang,SITE-0036,Enterprise VPN,34.12,0.528,8.93,67.06,98.809,84.15
2026-04-23T00:00:00,2026-04-23,2026-04,Yogyakarta,SITE-0037,Cloud Connectivity,25.91,0.875,3.63,45.46,99.171,86.34
2026-04-23T06:00:00,2026-04-23,2026-04,Denpasar,SITE-0038,Enterprise VPN,17.41,0.144,6.62,51.21,99.259,92.08
2026-04-23T00:00:00,2026-04-23,2026-04,Palembang,SITE-0039,IPTV,27.24,1.343,5.54,59.74,98.976,81.23
2026-04-23T06:00:00,2026-04-23,2026-04,Balikpapan,SITE-0040,Voice,28.21,0.07,2.66,70.85,97.658,88.87
2026-04-23T18:00:00,2026-04-23,2026-04,Jakarta,SITE-0041,Cloud Connectivity,31.86,0.0,7.45,80.43,99.966,87.72
2026-04-23T12:00:00,2026-04-23,2026-04,Bandung,SITE-0042,Voice,32.24,0.762,6.68,67.52,99.811,84.43
2026-04-23T00:00:00,2026-04-23,2026-04,Surabaya,SITE-0043,Cloud Connectivity,27.61,0.267,5.12,70.09,99.028,90.08
2026-04-23T06:00:00,2026-04-23,2026-04,Medan,SITE-0044,Cloud Connectivity,39.72,0.523,6.39,51.38,98.712,84.28
2026-04-23T00:00:00,2026-04-23,2026-04,Makassar,SITE-0045,Fiber Internet,31.37,0.403,8.46,57.36,99.143,86.48
2026-04-23T18:00:00,2026-04-23,2026-04,Semarang,SITE-0046,Cloud Connectivity,22.09,0.428,1.7,70.4,99.149,91.66
2026-04-23T12:00:00,2026-04-23,2026-04,Yogyakarta,SITE-0047,Mobile Broadband,28.84,0.365,8.68,70.77,98.15,84.56
2026-04-23T12:00:00,2026-04-23,2026-04,Denpasar,SITE-0048,Voice,31.04,0.36,7.11,55.03,98.108,84.94
2026-04-23T00:00:00,2026-04-23,2026-04,Palembang,SITE-0049,IPTV,27.35,0.0,7.6,62.78,99.257,90.9
2026-04-23T06:00:00,2026-04-23,2026-04,Balikpapan,SITE-0050,Cloud Connectivity,32.86,0.098,13.06,59.73,99.365,86.12
2026-04-30T06:00:00,2026-04-30,2026-04,Jakarta,SITE-0001,IPTV,18.87,0.0,0.5,55.12,98.254,94.09
2026-04-30T18:00:00,2026-04-30,2026-04,Bandung,SITE-0002,Mobile Broadband,27.93,0.244,4.59,54.04,99.369,90.5
2026-04-30T12:00:00,2026-04-30,2026-04,Surabaya,SITE-0003,Fiber Internet,35.66,0.716,9.08,61.32,99.289,82.86
2026-04-30T18:00:00,2026-04-30,2026-04,Medan,SITE-0004,IPTV,23.07,0.516,11.09,63.47,99.402,85.62
2026-04-30T00:00:00,2026-04-30,2026-04,Makassar,SITE-0005,Fiber Internet,34.6,0.626,6.36,51.48,98.73,84.45
2026-04-30T12:00:00,2026-04-30,2026-04,Semarang,SITE-0006,Cloud Connectivity,21.85,0.673,4.15,68.06,98.907,88.12
2026-04-30T00:00:00,2026-04-30,2026-04,Yogyakarta,SITE-0007,IPTV,32.68,0.597,5.84,68.73,98.723,85.3
2026-04-30T00:00:00,2026-04-30,2026-04,Denpasar,SITE-0008,Fiber Internet,17.93,0.0,1.56,69.49,99.359,95.92
2026-04-30T06:00:00,2026-04-30,2026-04,Palembang,SITE-0009,IPTV,48.7,0.0,11.27,68.71,98.941,84.86
2026-04-30T00:00:00,2026-04-30,2026-04,Balikpapan,SITE-0010,Cloud Connectivity,27.66,0.168,3.7,66.63,99.99,91.64
2026-04-30T18:00:00,2026-04-30,2026-04,Jakarta,SITE-0011,Cloud Connectivity,18.94,0.476,0.5,79.83,99.027,90.33
2026-04-30T12:00:00,2026-04-30,2026-04,Bandung,SITE-0012,Fiber Internet,48.38,0.604,0.5,65.23,98.813,85.63
2026-04-30T00:00:00,2026-04-30,2026-04,Surabaya,SITE-0013,Mobile Broadband,15.17,0.0,6.39,43.91,99.591,93.76
2026-04-30T12:00:00,2026-04-30,2026-04,Medan,SITE-0014,Voice,39.7,0.001,7.68,51.29,98.799,88.02
2026-04-30T12:00:00,2026-04-30,2026-04,Makassar,SITE-0015,Mobile Broadband,31.07,0.861,6.06,66.13,98.584,82.94
2026-04-30T18:00:00,2026-04-30,2026-04,Semarang,SITE-0016,Enterprise VPN,10.07,0.0,3.63,75.1,98.808,95.57
2026-04-30T00:00:00,2026-04-30,2026-04,Yogyakarta,SITE-0017,IPTV,19.94,0.033,4.35,57.16,98.72,92.91
2026-04-30T06:00:00,2026-04-30,2026-04,Denpasar,SITE-0018,Cloud Connectivity,26.49,0.129,7.42,56.55,98.848,89.67
2026-04-30T18:00:00,2026-04-30,2026-04,Palembang,SITE-0019,Enterprise VPN,28.91,0.544,11.48,65.51,98.76,83.4
2026-04-30T18:00:00,2026-04-30,2026-04,Balikpapan,SITE-0020,Mobile Broadband,32.65,0.539,5.07,55.19,98.218,84.68
2026-04-30T12:00:00,2026-04-30,2026-04,Jakarta,SITE-0021,Enterprise VPN,36.88,0.469,3.89,36.31,99.551,87.47
2026-04-30T18:00:00,2026-04-30,2026-04,Bandung,SITE-0022,Mobile Broadband,17.85,0.9,5.91,63.85,99.248,86.33
2026-04-30T00:00:00,2026-04-30,2026-04,Surabaya,SITE-0023,Cloud Connectivity,36.01,0.1,13.75,58.48,98.314,83.09
2026-04-30T18:00:00,2026-04-30,2026-04,Medan,SITE-0024,Voice,31.31,0.374,5.24,72.67,98.02,85.54
2026-04-30T06:00:00,2026-04-30,2026-04,Makassar,SITE-0025,IPTV,34.23,0.947,6.47,55.08,99.962,82.7
2026-04-30T00:00:00,2026-04-30,2026-04,Semarang,SITE-0026,Enterprise VPN,32.9,0.0,3.8,53.7,98.63,90.88
2026-04-30T00:00:00,2026-04-30,2026-04,Yogyakarta,SITE-0027,IPTV,29.52,0.801,8.82,50.51,99.6,83.43
2026-04-30T06:00:00,2026-04-30,2026-04,Denpasar,SITE-0028,Voice,35.06,0.549,5.7,55.83,99.213,86.16
2026-04-30T00:00:00,2026-04-30,2026-04,Palembang,SITE-0029,Voice,37.2,0.287,3.98,66.41,99.99,88.82
2026-04-30T18:00:00,2026-04-30,2026-04,Balikpapan,SITE-0030,Enterprise VPN,35.67,0.335,5.44,54.96,99.264,87.91
2026-04-30T18:00:00,2026-04-30,2026-04,Jakarta,SITE-0031,Cloud Connectivity,38.88,0.452,4.08,66.4,99.091,87.14
2026-04-30T00:00:00,2026-04-30,2026-04,Bandung,SITE-0032,Enterprise VPN,15.16,0.317,0.57,52.66,99.223,94.42
2026-04-30T06:00:00,2026-04-30,2026-04,Surabaya,SITE-0033,Voice,25.66,0.495,6.89,29.71,99.764,87.63
2026-04-30T12:00:00,2026-04-30,2026-04,Medan,SITE-0034,Mobile Broadband,28.36,0.307,11.9,71.95,98.849,85.44
2026-04-30T06:00:00,2026-04-30,2026-04,Makassar,SITE-0035,Mobile Broadband,43.98,0.232,10.33,60.29,99.104,84.55
2026-04-30T12:00:00,2026-04-30,2026-04,Semarang,SITE-0036,Enterprise VPN,29.26,0.493,13.74,58.08,99.014,83.23
2026-04-30T12:00:00,2026-04-30,2026-04,Yogyakarta,SITE-0037,Cloud Connectivity,23.28,0.263,7.96,69.97,99.319,89.33
2026-04-30T12:00:00,2026-04-30,2026-04,Denpasar,SITE-0038,Enterprise VPN,18.26,0.112,7.66,43.1,98.791,90.98
2026-04-30T06:00:00,2026-04-30,2026-04,Palembang,SITE-0039,IPTV,27.41,0.098,5.23,43.62,99.052,91.4
2026-04-30T12:00:00,2026-04-30,2026-04,Balikpapan,SITE-0040,Voice,36.35,0.0,3.26,53.81,99.029,91.66
2026-04-30T00:00:00,2026-04-30,2026-04,Jakarta,SITE-0041,Cloud Connectivity,10.01,0.137,0.5,56.26,98.614,95.67
2026-04-30T18:00:00,2026-04-30,2026-04,Bandung,SITE-0042,Voice,32.7,0.0,7.13,60.8,99.376,90.19
2026-04-30T00:00:00,2026-04-30,2026-04,Surabaya,SITE-0043,Cloud Connectivity,24.57,0.0,9.32,52.93,98.738,89.67
2026-04-30T00:00:00,2026-04-30,2026-04,Medan,SITE-0044,Cloud Connectivity,45.99,0.049,5.28,56.52,99.538,88.42
2026-04-30T18:00:00,2026-04-30,2026-04,Makassar,SITE-0045,Fiber Internet,34.91,0.447,0.5,40.36,98.712,89.0
2026-04-30T12:00:00,2026-04-30,2026-04,Semarang,SITE-0046,Cloud Connectivity,35.43,0.473,9.72,65.04,99.491,84.49
2026-04-30T00:00:00,2026-04-30,2026-04,Yogyakarta,SITE-0047,Mobile Broadband,25.55,1.072,6.77,45.01,99.628,83.1
2026-04-30T12:00:00,2026-04-30,2026-04,Denpasar,SITE-0048,Voice,19.04,0.0,2.7,52.01,99.959,95.09
2026-04-30T00:00:00,2026-04-30,2026-04,Palembang,SITE-0049,IPTV,27.1,0.439,0.5,68.86,98.84,90.86
2026-04-30T00:00:00,2026-04-30,2026-04,Balikpapan,SITE-0050,Cloud Connectivity,54.82,0.232,6.63,52.66,98.813,84.07
2026-05-07T18:00:00,2026-05-07,2026-05,Jakarta,SITE-0001,IPTV,44.89,0.332,1.25,67.18,97.695,84.66
2026-05-07T00:00:00,2026-05-07,2026-05,Bandung,SITE-0002,Mobile Broadband,35.16,1.274,3.87,78.6,99.676,79.74
2026-05-07T18:00:00,2026-05-07,2026-05,Surabaya,SITE-0003,Fiber Internet,71.67,1.907,19.79,72.08,95.936,51.77
2026-05-07T12:00:00,2026-05-07,2026-05,Medan,SITE-0004,IPTV,43.55,1.449,2.71,78.86,99.534,77.34
2026-05-07T18:00:00,2026-05-07,2026-05,Makassar,SITE-0005,Fiber Internet,14.64,0.003,2.0,62.85,97.798,92.64
2026-05-07T12:00:00,2026-05-07,2026-05,Semarang,SITE-0006,Cloud Connectivity,44.88,0.183,6.81,72.41,99.244,86.71
2026-05-07T18:00:00,2026-05-07,2026-05,Yogyakarta,SITE-0007,IPTV,45.71,0.716,2.31,61.5,99.832,84.77
2026-05-07T12:00:00,2026-05-07,2026-05,Denpasar,SITE-0008,Fiber Internet,29.59,0.441,7.75,54.25,99.525,86.88
2026-05-07T12:00:00,2026-05-07,2026-05,Palembang,SITE-0009,IPTV,28.41,0.563,4.66,70.33,99.823,87.81
2026-05-07T00:00:00,2026-05-07,2026-05,Balikpapan,SITE-0010,Cloud Connectivity,29.87,0.314,2.65,66.55,99.351,90.65
2026-05-07T00:00:00,2026-05-07,2026-05,Jakarta,SITE-0011,Cloud Connectivity,22.02,0.363,8.52,63.6,99.191,88.45
2026-05-07T18:00:00,2026-05-07,2026-05,Bandung,SITE-0012,Fiber Internet,38.15,0.0,8.8,69.02,98.898,87.99
2026-05-07T00:00:00,2026-05-07,2026-05,Surabaya,SITE-0013,Mobile Broadband,74.9,2.532,19.08,92.22,96.489,40.48
2026-05-07T12:00:00,2026-05-07,2026-05,Medan,SITE-0014,Voice,16.45,0.024,5.88,74.84,98.862,93.2
2026-05-07T00:00:00,2026-05-07,2026-05,Makassar,SITE-0015,Mobile Broadband,46.97,0.0,4.22,72.69,98.673,88.25
2026-05-07T06:00:00,2026-05-07,2026-05,Semarang,SITE-0016,Enterprise VPN,12.69,0.0,11.78,72.46,99.192,91.24
2026-05-07T18:00:00,2026-05-07,2026-05,Yogyakarta,SITE-0017,IPTV,37.54,0.3,6.04,59.94,97.965,84.42
2026-05-07T12:00:00,2026-05-07,2026-05,Denpasar,SITE-0018,Cloud Connectivity,21.4,0.386,3.4,62.85,99.229,91.19
2026-05-07T06:00:00,2026-05-07,2026-05,Palembang,SITE-0019,Enterprise VPN,30.62,0.423,9.0,52.92,98.337,84.16
2026-05-07T12:00:00,2026-05-07,2026-05,Balikpapan,SITE-0020,Mobile Broadband,28.61,0.365,8.4,63.72,99.342,87.31
2026-05-07T00:00:00,2026-05-07,2026-05,Jakarta,SITE-0021,Enterprise VPN,38.81,1.195,0.5,57.99,99.311,83.18
2026-05-07T00:00:00,2026-05-07,2026-05,Bandung,SITE-0022,Mobile Broadband,36.05,0.109,1.16,58.15,99.504,92.0
2026-05-07T00:00:00,2026-05-07,2026-05,Surabaya,SITE-0023,Cloud Connectivity,79.72,2.307,18.51,85.3,95.789,42.75
2026-05-07T06:00:00,2026-05-07,2026-05,Medan,SITE-0024,Voice,30.05,0.116,4.53,56.34,98.898,90.86
2026-05-07T06:00:00,2026-05-07,2026-05,Makassar,SITE-0025,IPTV,24.44,0.085,1.59,63.68,98.828,93.53
2026-05-07T12:00:00,2026-05-07,2026-05,Semarang,SITE-0026,Enterprise VPN,31.72,0.121,2.44,56.16,98.655,90.95
2026-05-07T18:00:00,2026-05-07,2026-05,Yogyakarta,SITE-0027,IPTV,12.36,0.658,1.99,54.57,99.217,91.41
2026-05-07T12:00:00,2026-05-07,2026-05,Denpasar,SITE-0028,Voice,43.92,0.0,0.5,64.39,98.917,91.57
2026-05-07T12:00:00,2026-05-07,2026-05,Palembang,SITE-0029,Voice,29.33,0.0,2.82,65.62,99.99,93.17
2026-05-07T06:00:00,2026-05-07,2026-05,Balikpapan,SITE-0030,Enterprise VPN,27.13,0.482,0.5,53.97,99.207,90.99
2026-05-07T18:00:00,2026-05-07,2026-05,Jakarta,SITE-0031,Cloud Connectivity,22.27,0.395,10.25,64.58,98.494,85.68
2026-05-07T18:00:00,2026-05-07,2026-05,Bandung,SITE-0032,Enterprise VPN,31.85,0.0,10.51,71.15,99.233,88.48
2026-05-07T00:00:00,2026-05-07,2026-05,Surabaya,SITE-0033,Voice,84.29,2.324,22.96,91.34,96.86,39.84
2026-05-07T06:00:00,2026-05-07,2026-05,Medan,SITE-0034,Mobile Broadband,10.47,0.602,2.73,54.1,99.143,91.8
2026-05-07T18:00:00,2026-05-07,2026-05,Makassar,SITE-0035,Mobile Broadband,37.98,0.242,0.58,50.93,99.33,90.9
2026-05-07T06:00:00,2026-05-07,2026-05,Semarang,SITE-0036,Enterprise VPN,29.61,0.566,4.81,50.97,97.882,84.15
2026-05-07T06:00:00,2026-05-07,2026-05,Yogyakarta,SITE-0037,Cloud Connectivity,33.89,0.088,7.44,66.32,99.515,89.1
2026-05-07T18:00:00,2026-05-07,2026-05,Denpasar,SITE-0038,Enterprise VPN,29.07,0.267,3.91,63.63,98.885,90.13
2026-05-07T18:00:00,2026-05-07,2026-05,Palembang,SITE-0039,IPTV,29.85,0.195,3.95,55.73,99.194,90.9
2026-05-07T12:00:00,2026-05-07,2026-05,Balikpapan,SITE-0040,Voice,34.18,0.0,6.73,51.75,99.277,90.14
2026-05-07T06:00:00,2026-05-07,2026-05,Jakarta,SITE-0041,Cloud Connectivity,8.95,0.082,3.57,57.46,98.748,95.02
2026-05-07T12:00:00,2026-05-07,2026-05,Bandung,SITE-0042,Voice,21.54,0.589,2.05,58.82,98.653,89.24
2026-05-07T06:00:00,2026-05-07,2026-05,Surabaya,SITE-0043,Cloud Connectivity,73.48,1.709,20.13,83.64,95.597,47.93
2026-05-07T00:00:00,2026-05-07,2026-05,Medan,SITE-0044,Cloud Connectivity,5.0,0.361,6.87,61.95,98.736,91.64
2026-05-07T00:00:00,2026-05-07,2026-05,Makassar,SITE-0045,Fiber Internet,15.36,0.334,1.92,57.22,98.421,91.77
2026-05-07T00:00:00,2026-05-07,2026-05,Semarang,SITE-0046,Cloud Connectivity,20.32,0.382,0.5,45.44,99.151,93.01
2026-05-07T06:00:00,2026-05-07,2026-05,Yogyakarta,SITE-0047,Mobile Broadband,43.42,0.432,4.77,58.71,99.198,86.11
2026-05-07T12:00:00,2026-05-07,2026-05,Denpasar,SITE-0048,Voice,22.78,0.321,2.24,58.74,99.355,92.1
2026-05-07T12:00:00,2026-05-07,2026-05,Palembang,SITE-0049,IPTV,24.13,0.533,8.97,58.94,98.578,85.19
2026-05-07T06:00:00,2026-05-07,2026-05,Balikpapan,SITE-0050,Cloud Connectivity,29.02,0.895,2.0,57.13,99.486,86.52
2026-05-14T18:00:00,2026-05-14,2026-05,Jakarta,SITE-0001,IPTV,8.28,0.118,4.29,55.37,99.088,95.21
2026-05-14T06:00:00,2026-05-14,2026-05,Bandung,SITE-0002,Mobile Broadband,28.38,0.427,9.61,54.75,99.706,86.19
2026-05-14T12:00:00,2026-05-14,2026-05,Surabaya,SITE-0003,Fiber Internet,46.85,2.481,15.29,80.6,97.303,55.7
2026-05-14T18:00:00,2026-05-14,2026-05,Medan,SITE-0004,IPTV,15.31,0.764,3.96,56.49,98.783,88.31
2026-05-14T12:00:00,2026-05-14,2026-05,Makassar,SITE-0005,Fiber Internet,30.95,0.441,5.97,79.09,99.677,85.78
2026-05-14T18:00:00,2026-05-14,2026-05,Semarang,SITE-0006,Cloud Connectivity,30.73,0.0,2.25,59.49,99.157,93.23
2026-05-14T06:00:00,2026-05-14,2026-05,Yogyakarta,SITE-0007,IPTV,23.83,0.647,4.29,77.49,99.966,87.06
2026-05-14T00:00:00,2026-05-14,2026-05,Denpasar,SITE-0008,Fiber Internet,19.74,0.0,7.09,59.67,99.408,92.55
2026-05-14T00:00:00,2026-05-14,2026-05,Palembang,SITE-0009,IPTV,43.06,0.455,9.72,76.42,97.781,78.97
2026-05-14T18:00:00,2026-05-14,2026-05,Balikpapan,SITE-0010,Cloud Connectivity,9.53,0.382,3.55,66.25,99.137,93.27
2026-05-14T00:00:00,2026-05-14,2026-05,Jakarta,SITE-0011,Cloud Connectivity,22.73,0.143,3.68,47.91,98.37,90.85
2026-05-14T12:00:00,2026-05-14,2026-05,Bandung,SITE-0012,Fiber Internet,27.98,0.23,11.12,65.97,98.677,86.04
2026-05-14T18:00:00,2026-05-14,2026-05,Surabaya,SITE-0013,Mobile Broadband,65.81,2.418,20.54,90.86,96.808,43.8
2026-05-14T00:00:00,2026-05-14,2026-05,Medan,SITE-0014,Voice,25.06,0.763,4.64,48.93,99.568,86.84
2026-05-14T00:00:00,2026-05-14,2026-05,Makassar,SITE-0015,Mobile Broadband,18.17,0.848,4.46,81.35,98.663,83.62
2026-05-14T00:00:00,2026-05-14,2026-05,Semarang,SITE-0016,Enterprise VPN,39.9,0.611,5.05,57.98,99.596,85.15
2026-05-14T12:00:00,2026-05-14,2026-05,Yogyakarta,SITE-0017,IPTV,37.77,0.065,8.16,63.47,99.829,88.19
2026-05-14T12:00:00,2026-05-14,2026-05,Denpasar,SITE-0018,Cloud Connectivity,23.3,0.0,5.65,56.97,99.582,92.7
2026-05-14T18:00:00,2026-05-14,2026-05,Palembang,SITE-0019,Enterprise VPN,19.69,0.143,3.9,60.97,98.631,92.06
2026-05-14T12:00:00,2026-05-14,2026-05,Balikpapan,SITE-0020,Mobile Broadband,46.35,0.476,2.1,61.56,98.944,86.52
2026-05-14T18:00:00,2026-05-14,2026-05,Jakarta,SITE-0021,Enterprise VPN,33.27,0.361,6.38,61.2,98.712,86.75
2026-05-14T18:00:00,2026-05-14,2026-05,Bandung,SITE-0022,Mobile Broadband,32.42,0.265,5.82,70.88,99.898,88.85
2026-05-14T00:00:00,2026-05-14,2026-05,Surabaya,SITE-0023,Cloud Connectivity,84.23,2.663,20.59,89.81,96.529,38.14
2026-05-14T06:00:00,2026-05-14,2026-05,Medan,SITE-0024,Voice,36.58,0.151,5.53,66.43,97.884,85.82
2026-05-14T06:00:00,2026-05-14,2026-05,Makassar,SITE-0025,IPTV,33.45,0.377,9.99,54.16,98.486,83.93
2026-05-14T00:00:00,2026-05-14,2026-05,Semarang,SITE-0026,Enterprise VPN,34.37,0.484,8.31,55.94,99.335,85.37
2026-05-14T00:00:00,2026-05-14,2026-05,Yogyakarta,SITE-0027,IPTV,29.11,0.0,13.68,53.27,98.996,87.22
2026-05-14T12:00:00,2026-05-14,2026-05,Denpasar,SITE-0028,Voice,33.75,0.301,0.5,59.15,99.876,91.24
2026-05-14T18:00:00,2026-05-14,2026-05,Palembang,SITE-0029,Voice,18.86,0.286,11.2,75.7,99.087,87.84
2026-05-14T00:00:00,2026-05-14,2026-05,Balikpapan,SITE-0030,Enterprise VPN,9.01,1.453,5.81,52.98,99.471,83.55
2026-05-14T06:00:00,2026-05-14,2026-05,Jakarta,SITE-0031,Cloud Connectivity,25.6,0.857,0.5,72.57,98.342,86.28
2026-05-14T12:00:00,2026-05-14,2026-05,Bandung,SITE-0032,Enterprise VPN,21.86,0.114,0.93,62.74,99.046,94.65
2026-05-14T12:00:00,2026-05-14,2026-05,Surabaya,SITE-0033,Voice,74.68,2.665,20.79,82.65,96.514,42.9
2026-05-14T00:00:00,2026-05-14,2026-05,Medan,SITE-0034,Mobile Broadband,24.21,0.155,3.15,55.56,99.035,92.67
2026-05-14T18:00:00,2026-05-14,2026-05,Makassar,SITE-0035,Mobile Broadband,28.79,0.176,2.97,54.66,98.622,90.64
2026-05-14T00:00:00,2026-05-14,2026-05,Semarang,SITE-0036,Enterprise VPN,44.81,0.394,10.21,57.43,99.833,83.17
2026-05-14T00:00:00,2026-05-14,2026-05,Yogyakarta,SITE-0037,Cloud Connectivity,33.07,0.19,6.21,52.34,98.44,87.43
2026-05-14T12:00:00,2026-05-14,2026-05,Denpasar,SITE-0038,Enterprise VPN,34.31,0.257,8.78,60.42,99.174,86.94
2026-05-14T12:00:00,2026-05-14,2026-05,Palembang,SITE-0039,IPTV,34.93,0.491,5.83,64.11,99.18,86.58
2026-05-14T12:00:00,2026-05-14,2026-05,Balikpapan,SITE-0040,Voice,12.49,0.344,3.49,67.31,98.869,92.69
2026-05-14T18:00:00,2026-05-14,2026-05,Jakarta,SITE-0041,Cloud Connectivity,17.25,0.0,3.51,71.71,99.123,94.96
2026-05-14T12:00:00,2026-05-14,2026-05,Bandung,SITE-0042,Voice,11.13,0.519,0.5,48.85,99.737,93.57
2026-05-14T18:00:00,2026-05-14,2026-05,Surabaya,SITE-0043,Cloud Connectivity,62.15,1.919,16.67,89.14,96.253,49.69
2026-05-14T12:00:00,2026-05-14,2026-05,Medan,SITE-0044,Cloud Connectivity,45.07,0.051,8.28,66.82,98.05,84.08
2026-05-14T18:00:00,2026-05-14,2026-05,Makassar,SITE-0045,Fiber Internet,39.22,0.306,8.44,41.4,98.775,85.18
2026-05-14T00:00:00,2026-05-14,2026-05,Semarang,SITE-0046,Cloud Connectivity,19.3,0.37,12.36,62.37,98.584,85.52
2026-05-14T18:00:00,2026-05-14,2026-05,Yogyakarta,SITE-0047,Mobile Broadband,24.17,0.0,3.68,74.83,99.509,93.63
2026-05-14T00:00:00,2026-05-14,2026-05,Denpasar,SITE-0048,Voice,36.53,0.797,1.65,63.2,98.599,84.94
2026-05-14T00:00:00,2026-05-14,2026-05,Palembang,SITE-0049,IPTV,32.89,0.364,5.43,52.86,98.93,87.97
2026-05-14T12:00:00,2026-05-14,2026-05,Balikpapan,SITE-0050,Cloud Connectivity,28.53,0.739,5.39,65.63,99.166,85.99
2026-05-21T00:00:00,2026-05-21,2026-05,Jakarta,SITE-0001,IPTV,18.56,0.005,3.51,57.18,99.99,94.69
2026-05-21T00:00:00,2026-05-21,2026-05,Bandung,SITE-0002,Mobile Broadband,9.27,0.407,8.77,68.85,99.857,90.25
2026-05-21T12:00:00,2026-05-21,2026-05,Surabaya,SITE-0003,Fiber Internet,75.51,1.975,21.31,85.29,96.781,47.6
2026-05-21T18:00:00,2026-05-21,2026-05,Medan,SITE-0004,IPTV,46.12,0.678,6.55,60.16,98.945,82.51
2026-05-21T06:00:00,2026-05-21,2026-05,Makassar,SITE-0005,Fiber Internet,21.17,0.286,5.79,69.63,98.773,90.04
2026-05-21T18:00:00,2026-05-21,2026-05,Semarang,SITE-0006,Cloud Connectivity,31.1,0.155,0.59,58.27,99.793,92.83
2026-05-21T18:00:00,2026-05-21,2026-05,Yogyakarta,SITE-0007,IPTV,35.44,0.0,4.11,65.76,99.287,91.36
2026-05-21T18:00:00,2026-05-21,2026-05,Denpasar,SITE-0008,Fiber Internet,35.6,0.217,9.54,59.59,98.88,86.25
2026-05-21T06:00:00,2026-05-21,2026-05,Palembang,SITE-0009,IPTV,18.34,0.92,8.41,57.29,99.403,84.71
2026-05-21T18:00:00,2026-05-21,2026-05,Balikpapan,SITE-0010,Cloud Connectivity,18.51,0.0,5.12,60.35,99.514,93.85
2026-05-21T06:00:00,2026-05-21,2026-05,Jakarta,SITE-0011,Cloud Connectivity,35.65,0.967,9.16,59.22,98.627,79.69
2026-05-21T12:00:00,2026-05-21,2026-05,Bandung,SITE-0012,Fiber Internet,34.88,0.501,6.2,70.54,99.71,86.31
2026-05-21T18:00:00,2026-05-21,2026-05,Surabaya,SITE-0013,Mobile Broadband,60.88,2.217,16.22,74.21,96.339,54.41
2026-05-21T18:00:00,2026-05-21,2026-05,Medan,SITE-0014,Voice,20.13,0.455,5.67,45.53,99.588,89.62
2026-05-21T18:00:00,2026-05-21,2026-05,Makassar,SITE-0015,Mobile Broadband,35.47,0.146,8.6,48.72,99.351,87.72
2026-05-21T06:00:00,2026-05-21,2026-05,Semarang,SITE-0016,Enterprise VPN,26.58,0.604,3.38,56.1,99.164,88.53
2026-05-21T06:00:00,2026-05-21,2026-05,Yogyakarta,SITE-0017,IPTV,41.57,0.802,1.34,68.11,98.547,84.0
2026-05-21T00:00:00,2026-05-21,2026-05,Denpasar,SITE-0018,Cloud Connectivity,29.31,0.0,12.01,69.91,99.99,88.12
2026-05-21T12:00:00,2026-05-21,2026-05,Palembang,SITE-0019,Enterprise VPN,28.87,0.398,8.13,72.39,99.409,87.15
2026-05-21T18:00:00,2026-05-21,2026-05,Balikpapan,SITE-0020,Mobile Broadband,28.86,0.378,3.66,67.24,99.148,89.77
2026-05-21T06:00:00,2026-05-21,2026-05,Jakarta,SITE-0021,Enterprise VPN,20.04,0.493,9.07,75.63,98.448,85.52
2026-05-21T00:00:00,2026-05-21,2026-05,Bandung,SITE-0022,Mobile Broadband,23.39,0.0,11.62,64.55,98.691,88.47
2026-05-21T18:00:00,2026-05-21,2026-05,Surabaya,SITE-0023,Cloud Connectivity,63.88,2.589,13.52,94.37,95.737,41.84
2026-05-21T12:00:00,2026-05-21,2026-05,Medan,SITE-0024,Voice,17.4,0.648,10.84,62.78,99.99,85.72
2026-05-21T06:00:00,2026-05-21,2026-05,Makassar,SITE-0025,IPTV,22.04,0.0,7.76,68.05,98.963,91.65
2026-05-21T18:00:00,2026-05-21,2026-05,Semarang,SITE-0026,Enterprise VPN,33.21,0.154,2.88,55.73,99.815,91.2
2026-05-21T00:00:00,2026-05-21,2026-05,Yogyakarta,SITE-0027,IPTV,30.26,0.042,6.17,52.45,98.916,90.57
2026-05-21T18:00:00,2026-05-21,2026-05,Denpasar,SITE-0028,Voice,27.4,0.356,7.44,50.78,99.199,88.13
2026-05-21T06:00:00,2026-05-21,2026-05,Palembang,SITE-0029,Voice,37.38,1.157,8.67,49.4,97.356,74.32
2026-05-21T00:00:00,2026-05-21,2026-05,Balikpapan,SITE-0030,Enterprise VPN,36.76,0.201,10.33,59.35,99.457,86.09
2026-05-21T12:00:00,2026-05-21,2026-05,Jakarta,SITE-0031,Cloud Connectivity,15.55,0.117,2.57,69.62,98.505,93.37
2026-05-21T12:00:00,2026-05-21,2026-05,Bandung,SITE-0032,Enterprise VPN,31.99,0.0,1.46,44.41,98.93,93.23
2026-05-21T18:00:00,2026-05-21,2026-05,Surabaya,SITE-0033,Voice,71.35,1.773,15.29,98.0,95.728,44.4
2026-05-21T00:00:00,2026-05-21,2026-05,Medan,SITE-0034,Mobile Broadband,20.45,0.137,7.83,59.79,99.357,90.92
2026-05-21T18:00:00,2026-05-21,2026-05,Makassar,SITE-0035,Mobile Broadband,33.77,0.0,9.25,52.48,99.028,88.84
2026-05-21T18:00:00,2026-05-21,2026-05,Semarang,SITE-0036,Enterprise VPN,26.95,0.175,4.49,70.12,97.822,87.75
2026-05-21T06:00:00,2026-05-21,2026-05,Yogyakarta,SITE-0037,Cloud Connectivity,5.0,0.318,6.18,65.36,98.959,93.03
2026-05-21T06:00:00,2026-05-21,2026-05,Denpasar,SITE-0038,Enterprise VPN,12.95,0.515,2.51,60.24,99.421,92.17
2026-05-21T12:00:00,2026-05-21,2026-05,Palembang,SITE-0039,IPTV,26.49,0.199,7.21,65.24,98.884,89.33
2026-05-21T18:00:00,2026-05-21,2026-05,Balikpapan,SITE-0040,Voice,35.41,0.0,3.16,49.98,99.99,91.89
2026-05-21T00:00:00,2026-05-21,2026-05,Jakarta,SITE-0041,Cloud Connectivity,30.78,0.0,2.36,57.2,98.267,90.96
2026-05-21T12:00:00,2026-05-21,2026-05,Bandung,SITE-0042,Voice,25.06,0.296,2.8,62.1,98.46,89.97
2026-05-21T12:00:00,2026-05-21,2026-05,Surabaya,SITE-0043,Cloud Connectivity,66.89,2.223,18.46,90.64,96.462,45.37
2026-05-21T18:00:00,2026-05-21,2026-05,Medan,SITE-0044,Cloud Connectivity,20.54,0.725,6.07,57.43,99.78,87.16
2026-05-21T18:00:00,2026-05-21,2026-05,Makassar,SITE-0045,Fiber Internet,36.6,0.0,7.5,58.47,99.508,89.28
2026-05-21T12:00:00,2026-05-21,2026-05,Semarang,SITE-0046,Cloud Connectivity,37.16,0.0,7.74,47.41,99.771,89.05
2026-05-21T00:00:00,2026-05-21,2026-05,Yogyakarta,SITE-0047,Mobile Broadband,40.33,0.39,6.92,55.53,98.419,84.07
2026-05-21T00:00:00,2026-05-21,2026-05,Denpasar,SITE-0048,Voice,24.99,0.494,2.32,50.45,99.388,90.27
2026-05-21T18:00:00,2026-05-21,2026-05,Palembang,SITE-0049,IPTV,6.77,0.456,2.14,61.45,97.955,90.82
2026-05-21T12:00:00,2026-05-21,2026-05,Balikpapan,SITE-0050,Cloud Connectivity,31.73,0.259,1.13,63.69,99.347,91.59
2026-05-28T06:00:00,2026-05-28,2026-05,Jakarta,SITE-0001,IPTV,18.17,1.112,9.93,54.8,99.967,82.37
2026-05-28T18:00:00,2026-05-28,2026-05,Bandung,SITE-0002,Mobile Broadband,25.26,0.225,5.04,59.36,99.289,90.88
2026-05-28T12:00:00,2026-05-28,2026-05,Surabaya,SITE-0003,Fiber Internet,45.12,1.006,9.48,59.26,98.867,78.21
2026-05-28T06:00:00,2026-05-28,2026-05,Medan,SITE-0004,IPTV,21.22,0.0,3.67,56.29,98.957,94.03
2026-05-28T00:00:00,2026-05-28,2026-05,Makassar,SITE-0005,Fiber Internet,25.36,0.048,9.98,68.34,99.396,89.56
2026-05-28T00:00:00,2026-05-28,2026-05,Semarang,SITE-0006,Cloud Connectivity,13.03,0.509,3.71,66.89,98.205,89.16
2026-05-28T12:00:00,2026-05-28,2026-05,Yogyakarta,SITE-0007,IPTV,9.6,0.83,9.9,52.91,99.836,86.19
2026-05-28T06:00:00,2026-05-28,2026-05,Denpasar,SITE-0008,Fiber Internet,27.1,0.788,0.5,56.83,99.296,88.55
2026-05-28T12:00:00,2026-05-28,2026-05,Palembang,SITE-0009,IPTV,24.68,0.048,9.31,56.82,99.188,90.05
2026-05-28T12:00:00,2026-05-28,2026-05,Balikpapan,SITE-0010,Cloud Connectivity,5.0,0.508,1.92,65.56,99.603,93.98
2026-05-28T18:00:00,2026-05-28,2026-05,Jakarta,SITE-0011,Cloud Connectivity,14.36,0.325,5.7,74.38,99.048,91.68
2026-05-28T00:00:00,2026-05-28,2026-05,Bandung,SITE-0012,Fiber Internet,33.5,0.602,2.39,56.49,98.863,87.43
2026-05-28T12:00:00,2026-05-28,2026-05,Surabaya,SITE-0013,Mobile Broadband,44.75,0.0,3.2,51.94,99.407,90.19
2026-05-28T12:00:00,2026-05-28,2026-05,Medan,SITE-0014,Voice,11.27,0.489,11.08,49.79,98.789,87.33
2026-05-28T18:00:00,2026-05-28,2026-05,Makassar,SITE-0015,Mobile Broadband,22.07,0.0,4.15,66.96,99.701,93.74
2026-05-28T12:00:00,2026-05-28,2026-05,Semarang,SITE-0016,Enterprise VPN,38.07,0.0,6.98,65.55,98.585,88.06
2026-05-28T12:00:00,2026-05-28,2026-05,Yogyakarta,SITE-0017,IPTV,26.48,0.613,7.07,43.46,99.99,86.44
2026-05-28T06:00:00,2026-05-28,2026-05,Denpasar,SITE-0018,Cloud Connectivity,41.08,0.516,4.86,71.26,98.598,84.6
2026-05-28T00:00:00,2026-05-28,2026-05,Palembang,SITE-0019,Enterprise VPN,31.49,0.24,4.7,72.9,99.484,89.82
2026-05-28T06:00:00,2026-05-28,2026-05,Balikpapan,SITE-0020,Mobile Broadband,5.0,0.754,8.46,75.96,99.99,87.98
2026-05-28T00:00:00,2026-05-28,2026-05,Jakarta,SITE-0021,Enterprise VPN,8.99,0.362,2.51,68.06,98.617,92.96
2026-05-28T18:00:00,2026-05-28,2026-05,Bandung,SITE-0022,Mobile Broadband,39.08,0.294,6.51,50.32,99.382,87.04
2026-05-28T18:00:00,2026-05-28,2026-05,Surabaya,SITE-0023,Cloud Connectivity,21.74,0.545,2.01,55.66,99.99,90.63
2026-05-28T00:00:00,2026-05-28,2026-05,Medan,SITE-0024,Voice,29.4,0.474,2.49,60.92,99.149,89.55
2026-05-28T06:00:00,2026-05-28,2026-05,Makassar,SITE-0025,IPTV,10.3,0.0,2.23,63.7,99.601,96.92
2026-05-28T12:00:00,2026-05-28,2026-05,Semarang,SITE-0026,Enterprise VPN,20.76,0.0,8.53,62.8,98.69,90.65
2026-05-28T12:00:00,2026-05-28,2026-05,Yogyakarta,SITE-0027,IPTV,41.09,0.015,8.15,50.48,99.99,88.0
2026-05-28T18:00:00,2026-05-28,2026-05,Denpasar,SITE-0028,Voice,31.72,0.0,3.1,67.68,99.764,92.58
2026-05-28T00:00:00,2026-05-28,2026-05,Palembang,SITE-0029,Voice,20.2,0.0,6.26,63.76,99.587,92.92
2026-05-28T18:00:00,2026-05-28,2026-05,Balikpapan,SITE-0030,Enterprise VPN,29.55,0.668,8.49,51.49,99.595,84.67
2026-05-28T00:00:00,2026-05-28,2026-05,Jakarta,SITE-0031,Cloud Connectivity,37.29,0.782,9.2,49.76,99.025,81.97
2026-05-28T12:00:00,2026-05-28,2026-05,Bandung,SITE-0032,Enterprise VPN,38.58,0.794,11.0,48.31,98.938,80.47
2026-05-28T12:00:00,2026-05-28,2026-05,Surabaya,SITE-0033,Voice,27.43,0.261,1.93,82.32,98.151,86.07
2026-05-28T12:00:00,2026-05-28,2026-05,Medan,SITE-0034,Mobile Broadband,40.87,0.372,10.04,64.85,99.41,84.15
2026-05-28T00:00:00,2026-05-28,2026-05,Makassar,SITE-0035,Mobile Broadband,30.09,0.104,8.97,75.6,98.642,87.47
2026-05-28T18:00:00,2026-05-28,2026-05,Semarang,SITE-0036,Enterprise VPN,33.08,0.884,3.27,66.26,99.428,85.18
2026-05-28T06:00:00,2026-05-28,2026-05,Yogyakarta,SITE-0037,Cloud Connectivity,48.9,0.0,1.52,61.23,99.562,90.36
2026-05-28T06:00:00,2026-05-28,2026-05,Denpasar,SITE-0038,Enterprise VPN,33.34,0.062,1.59,65.02,99.61,92.63
2026-05-28T18:00:00,2026-05-28,2026-05,Palembang,SITE-0039,IPTV,22.35,0.69,3.82,64.47,99.819,88.36
2026-05-28T06:00:00,2026-05-28,2026-05,Balikpapan,SITE-0040,Voice,31.02,0.158,3.51,76.61,98.257,88.26
2026-05-28T06:00:00,2026-05-28,2026-05,Jakarta,SITE-0041,Cloud Connectivity,14.78,0.0,5.16,69.5,99.562,94.5
2026-05-28T00:00:00,2026-05-28,2026-05,Bandung,SITE-0042,Voice,26.3,0.403,5.19,59.08,99.176,89.19
2026-05-28T00:00:00,2026-05-28,2026-05,Surabaya,SITE-0043,Cloud Connectivity,40.02,0.393,7.89,60.41,98.749,84.56
2026-05-28T00:00:00,2026-05-28,2026-05,Medan,SITE-0044,Cloud Connectivity,43.5,0.336,4.93,39.57,98.475,85.19
2026-05-28T06:00:00,2026-05-28,2026-05,Makassar,SITE-0045,Fiber Internet,33.46,0.556,13.29,60.0,99.612,82.22
2026-05-28T12:00:00,2026-05-28,2026-05,Semarang,SITE-0046,Cloud Connectivity,27.5,0.0,1.95,67.8,99.859,93.98
2026-05-28T06:00:00,2026-05-28,2026-05,Yogyakarta,SITE-0047,Mobile Broadband,12.34,0.0,7.64,66.95,99.459,93.58
2026-05-28T06:00:00,2026-05-28,2026-05,Denpasar,SITE-0048,Voice,9.4,0.678,12.58,58.82,98.968,85.87
2026-05-28T12:00:00,2026-05-28,2026-05,Palembang,SITE-0049,IPTV,15.37,0.324,6.58,63.78,99.143,91.02
2026-05-28T00:00:00,2026-05-28,2026-05,Balikpapan,SITE-0050,Cloud Connectivity,30.36,0.639,6.44,56.86,99.565,85.88
2026-06-04T00:00:00,2026-06-04,2026-06,Jakarta,SITE-0001,IPTV,19.21,0.0,5.52,62.67,99.779,93.51
2026-06-04T18:00:00,2026-06-04,2026-06,Bandung,SITE-0002,Mobile Broadband,24.5,0.975,6.91,72.82,99.503,83.98
2026-06-04T18:00:00,2026-06-04,2026-06,Surabaya,SITE-0003,Fiber Internet,35.85,0.0,2.42,44.25,99.247,92.22
2026-06-04T06:00:00,2026-06-04,2026-06,Medan,SITE-0004,IPTV,25.71,0.627,6.18,63.44,99.99,86.96
2026-06-04T00:00:00,2026-06-04,2026-06,Makassar,SITE-0005,Fiber Internet,11.0,0.285,11.51,54.91,98.107,86.73
2026-06-04T12:00:00,2026-06-04,2026-06,Semarang,SITE-0006,Cloud Connectivity,27.32,0.0,15.64,67.32,98.508,85.01
2026-06-04T18:00:00,2026-06-04,2026-06,Yogyakarta,SITE-0007,IPTV,28.02,0.109,7.36,51.92,99.99,90.03
2026-06-04T00:00:00,2026-06-04,2026-06,Denpasar,SITE-0008,Fiber Internet,36.85,0.441,4.78,66.74,99.029,87.21
2026-06-04T18:00:00,2026-06-04,2026-06,Palembang,SITE-0009,IPTV,42.91,0.048,4.27,64.71,98.883,89.19
2026-06-04T06:00:00,2026-06-04,2026-06,Balikpapan,SITE-0010,Cloud Connectivity,21.58,0.259,11.62,63.02,98.823,87.12
2026-06-04T00:00:00,2026-06-04,2026-06,Jakarta,SITE-0011,Cloud Connectivity,44.7,0.322,6.13,62.39,99.456,86.01
2026-06-04T12:00:00,2026-06-04,2026-06,Bandung,SITE-0012,Fiber Internet,16.36,0.0,4.54,70.21,99.99,94.56
2026-06-04T06:00:00,2026-06-04,2026-06,Surabaya,SITE-0013,Mobile Broadband,44.53,0.473,0.5,57.85,99.372,87.93
2026-06-04T12:00:00,2026-06-04,2026-06,Medan,SITE-0014,Voice,35.96,0.0,3.21,53.05,99.99,91.76
2026-06-04T18:00:00,2026-06-04,2026-06,Makassar,SITE-0015,Mobile Broadband,5.0,0.16,2.7,63.56,98.677,95.37
2026-06-04T12:00:00,2026-06-04,2026-06,Semarang,SITE-0016,Enterprise VPN,40.7,0.173,1.23,70.33,99.399,90.61
2026-06-04T00:00:00,2026-06-04,2026-06,Yogyakarta,SITE-0017,IPTV,10.26,0.371,8.67,55.0,99.081,90.41
2026-06-04T12:00:00,2026-06-04,2026-06,Denpasar,SITE-0018,Cloud Connectivity,28.42,0.009,8.47,55.4,99.99,90.16
2026-06-04T06:00:00,2026-06-04,2026-06,Palembang,SITE-0019,Enterprise VPN,37.87,0.76,7.61,56.98,97.839,79.44
2026-06-04T12:00:00,2026-06-04,2026-06,Balikpapan,SITE-0020,Mobile Broadband,44.95,0.284,3.6,45.99,99.6,87.65
2026-06-04T18:00:00,2026-06-04,2026-06,Jakarta,SITE-0021,Enterprise VPN,31.13,0.103,12.42,54.14,99.286,86.74
2026-06-04T06:00:00,2026-06-04,2026-06,Bandung,SITE-0022,Mobile Broadband,14.01,0.359,2.38,54.13,99.066,93.3
2026-06-04T12:00:00,2026-06-04,2026-06,Surabaya,SITE-0023,Cloud Connectivity,25.08,0.297,0.5,56.44,99.42,92.83
2026-06-04T06:00:00,2026-06-04,2026-06,Medan,SITE-0024,Voice,13.14,1.552,11.02,71.82,97.939,75.97
2026-06-04T00:00:00,2026-06-04,2026-06,Makassar,SITE-0025,IPTV,36.54,0.54,6.48,43.46,98.811,84.97
2026-06-04T00:00:00,2026-06-04,2026-06,Semarang,SITE-0026,Enterprise VPN,24.46,1.135,7.23,62.06,98.384,80.69
2026-06-04T06:00:00,2026-06-04,2026-06,Yogyakarta,SITE-0027,IPTV,13.49,0.026,0.5,74.77,99.527,97.09
2026-06-04T12:00:00,2026-06-04,2026-06,Denpasar,SITE-0028,Voice,32.55,0.422,5.77,73.11,99.99,87.59
2026-06-04T06:00:00,2026-06-04,2026-06,Palembang,SITE-0029,Voice,35.5,0.781,1.06,57.72,99.99,86.78
2026-06-04T18:00:00,2026-06-04,2026-06,Balikpapan,SITE-0030,Enterprise VPN,43.3,0.571,3.66,73.91,97.421,80.88
2026-06-04T18:00:00,2026-06-04,2026-06,Jakarta,SITE-0031,Cloud Connectivity,17.09,1.022,8.46,82.41,98.758,80.04
2026-06-04T18:00:00,2026-06-04,2026-06,Bandung,SITE-0032,Enterprise VPN,25.44,0.0,4.11,72.63,99.579,93.16
2026-06-04T18:00:00,2026-06-04,2026-06,Surabaya,SITE-0033,Voice,54.7,0.0,0.81,61.32,99.421,89.71
2026-06-04T18:00:00,2026-06-04,2026-06,Medan,SITE-0034,Mobile Broadband,5.0,0.516,5.31,70.45,99.544,92.05
2026-06-04T06:00:00,2026-06-04,2026-06,Makassar,SITE-0035,Mobile Broadband,22.3,0.672,0.5,75.23,99.348,90.23
2026-06-04T00:00:00,2026-06-04,2026-06,Semarang,SITE-0036,Enterprise VPN,25.24,0.473,8.46,69.97,98.452,85.38
2026-06-04T12:00:00,2026-06-04,2026-06,Yogyakarta,SITE-0037,Cloud Connectivity,15.64,0.637,7.77,49.03,98.815,87.26
2026-06-04T18:00:00,2026-06-04,2026-06,Denpasar,SITE-0038,Enterprise VPN,40.8,0.0,8.11,49.89,98.653,87.16
2026-06-04T12:00:00,2026-06-04,2026-06,Palembang,SITE-0039,IPTV,29.72,0.518,1.01,51.61,99.99,89.95
2026-06-04T12:00:00,2026-06-04,2026-06,Balikpapan,SITE-0040,Voice,30.4,0.424,8.02,53.63,98.753,85.99
2026-06-04T12:00:00,2026-06-04,2026-06,Jakarta,SITE-0041,Cloud Connectivity,13.57,0.336,3.4,64.75,98.693,92.08
2026-06-04T12:00:00,2026-06-04,2026-06,Bandung,SITE-0042,Voice,35.12,0.0,1.26,58.77,98.87,92.6
2026-06-04T12:00:00,2026-06-04,2026-06,Surabaya,SITE-0043,Cloud Connectivity,26.56,0.374,7.02,61.16,99.143,88.36
2026-06-04T12:00:00,2026-06-04,2026-06,Medan,SITE-0044,Cloud Connectivity,28.87,0.11,11.39,70.29,98.649,86.61
2026-06-04T06:00:00,2026-06-04,2026-06,Makassar,SITE-0045,Fiber Internet,5.0,0.0,5.83,57.4,98.71,95.02
2026-06-04T06:00:00,2026-06-04,2026-06,Semarang,SITE-0046,Cloud Connectivity,12.52,0.066,5.18,65.85,98.358,92.44
2026-06-04T00:00:00,2026-06-04,2026-06,Yogyakarta,SITE-0047,Mobile Broadband,23.53,0.0,5.27,62.63,98.79,92.24
2026-06-04T00:00:00,2026-06-04,2026-06,Denpasar,SITE-0048,Voice,27.98,0.515,4.34,49.34,98.461,86.84
2026-06-04T06:00:00,2026-06-04,2026-06,Palembang,SITE-0049,IPTV,27.3,0.437,0.5,46.13,98.66,90.29
2026-06-04T00:00:00,2026-06-04,2026-06,Balikpapan,SITE-0050,Cloud Connectivity,34.84,0.0,4.63,65.32,99.558,91.18
2026-06-11T00:00:00,2026-06-11,2026-06,Jakarta,SITE-0001,IPTV,13.9,0.415,3.45,71.44,99.358,92.28
2026-06-11T00:00:00,2026-06-11,2026-06,Bandung,SITE-0002,Mobile Broadband,30.67,0.0,2.28,61.31,99.359,93.22
2026-06-11T12:00:00,2026-06-11,2026-06,Surabaya,SITE-0003,Fiber Internet,28.17,0.831,10.55,61.08,98.421,80.74
2026-06-11T18:00:00,2026-06-11,2026-06,Medan,SITE-0004,IPTV,32.16,0.0,9.49,57.29,99.645,88.99
2026-06-11T18:00:00,2026-06-11,2026-06,Makassar,SITE-0005,Fiber Internet,28.11,0.275,0.53,58.04,98.802,91.86
2026-06-11T00:00:00,2026-06-11,2026-06,Semarang,SITE-0006,Cloud Connectivity,29.69,0.0,12.7,62.82,99.332,87.67
2026-06-11T06:00:00,2026-06-11,2026-06,Yogyakarta,SITE-0007,IPTV,29.0,0.375,3.07,56.36,99.593,90.09
2026-06-11T06:00:00,2026-06-11,2026-06,Denpasar,SITE-0008,Fiber Internet,24.78,0.297,8.34,67.05,99.99,88.58
2026-06-11T00:00:00,2026-06-11,2026-06,Palembang,SITE-0009,IPTV,33.97,0.348,4.03,65.43,99.067,88.89
2026-06-11T00:00:00,2026-06-11,2026-06,Balikpapan,SITE-0010,Cloud Connectivity,49.43,0.128,3.8,77.28,99.56,86.96
2026-06-11T06:00:00,2026-06-11,2026-06,Jakarta,SITE-0011,Cloud Connectivity,28.03,0.434,10.11,66.83,98.57,84.63
2026-06-11T06:00:00,2026-06-11,2026-06,Bandung,SITE-0012,Fiber Internet,17.8,0.904,9.3,60.69,98.903,84.16
2026-06-11T12:00:00,2026-06-11,2026-06,Surabaya,SITE-0013,Mobile Broadband,33.12,0.401,0.61,56.84,99.587,90.5
2026-06-11T06:00:00,2026-06-11,2026-06,Medan,SITE-0014,Voice,32.39,0.215,6.16,52.72,97.834,85.56
2026-06-11T18:00:00,2026-06-11,2026-06,Makassar,SITE-0015,Mobile Broadband,22.18,0.399,10.9,64.33,98.438,85.13
2026-06-11T12:00:00,2026-06-11,2026-06,Semarang,SITE-0016,Enterprise VPN,16.23,0.056,1.53,61.95,98.342,93.82
2026-06-11T00:00:00,2026-06-11,2026-06,Yogyakarta,SITE-0017,IPTV,20.88,0.566,6.64,59.8,99.99,88.07
2026-06-11T00:00:00,2026-06-11,2026-06,Denpasar,SITE-0018,Cloud Connectivity,18.97,0.606,11.97,51.73,98.664,84.15
2026-06-11T06:00:00,2026-06-11,2026-06,Palembang,SITE-0019,Enterprise VPN,30.59,0.0,4.69,66.94,98.49,90.39
2026-06-11T18:00:00,2026-06-11,2026-06,Balikpapan,SITE-0020,Mobile Broadband,20.11,0.329,8.12,66.95,98.548,87.92
2026-06-11T00:00:00,2026-06-11,2026-06,Jakarta,SITE-0021,Enterprise VPN,35.63,0.961,10.88,61.99,98.641,78.84
2026-06-11T18:00:00,2026-06-11,2026-06,Bandung,SITE-0022,Mobile Broadband,48.48,0.831,8.1,64.14,99.477,80.17
2026-06-11T06:00:00,2026-06-11,2026-06,Surabaya,SITE-0023,Cloud Connectivity,36.71,0.434,7.45,62.9,98.013,82.86
2026-06-11T18:00:00,2026-06-11,2026-06,Medan,SITE-0024,Voice,33.22,0.119,1.46,61.39,98.869,91.87
2026-06-11T12:00:00,2026-06-11,2026-06,Makassar,SITE-0025,IPTV,23.6,0.546,7.01,60.37,98.618,86.38
2026-06-11T06:00:00,2026-06-11,2026-06,Semarang,SITE-0026,Enterprise VPN,28.94,0.076,0.5,65.96,99.668,93.91
2026-06-11T06:00:00,2026-06-11,2026-06,Yogyakarta,SITE-0027,IPTV,13.61,0.304,4.67,57.84,99.714,92.55
2026-06-11T18:00:00,2026-06-11,2026-06,Denpasar,SITE-0028,Voice,26.42,0.564,0.5,59.34,98.819,89.91
2026-06-11T06:00:00,2026-06-11,2026-06,Palembang,SITE-0029,Voice,36.99,0.401,6.21,55.75,99.026,86.72
2026-06-11T18:00:00,2026-06-11,2026-06,Balikpapan,SITE-0030,Enterprise VPN,16.09,1.045,4.4,64.72,98.715,85.47
2026-06-11T00:00:00,2026-06-11,2026-06,Jakarta,SITE-0031,Cloud Connectivity,42.47,0.269,10.56,69.14,98.626,83.27
2026-06-11T06:00:00,2026-06-11,2026-06,Bandung,SITE-0032,Enterprise VPN,36.65,0.0,13.28,72.83,98.064,83.29
2026-06-11T06:00:00,2026-06-11,2026-06,Surabaya,SITE-0033,Voice,36.37,0.0,13.68,62.3,99.623,85.93
2026-06-11T12:00:00,2026-06-11,2026-06,Medan,SITE-0034,Mobile Broadband,26.98,0.681,5.66,56.01,98.968,86.49
2026-06-11T06:00:00,2026-06-11,2026-06,Makassar,SITE-0035,Mobile Broadband,15.91,1.028,7.07,65.23,99.688,85.03
2026-06-11T06:00:00,2026-06-11,2026-06,Semarang,SITE-0036,Enterprise VPN,36.67,0.577,9.64,67.85,99.547,83.48
2026-06-11T06:00:00,2026-06-11,2026-06,Yogyakarta,SITE-0037,Cloud Connectivity,27.45,0.364,3.85,59.03,99.724,90.03
2026-06-11T12:00:00,2026-06-11,2026-06,Denpasar,SITE-0038,Enterprise VPN,33.22,0.34,4.76,58.29,99.03,88.68
2026-06-11T06:00:00,2026-06-11,2026-06,Palembang,SITE-0039,IPTV,31.48,0.862,9.89,60.96,99.849,82.0
2026-06-11T12:00:00,2026-06-11,2026-06,Balikpapan,SITE-0040,Voice,28.94,0.357,10.24,63.17,99.076,86.3
2026-06-11T12:00:00,2026-06-11,2026-06,Jakarta,SITE-0041,Cloud Connectivity,12.82,0.264,0.5,58.86,98.977,95.23
2026-06-11T00:00:00,2026-06-11,2026-06,Bandung,SITE-0042,Voice,18.43,0.203,9.59,67.04,99.271,89.79
2026-06-11T12:00:00,2026-06-11,2026-06,Surabaya,SITE-0043,Cloud Connectivity,35.76,0.024,1.46,67.46,98.237,90.27
2026-06-11T18:00:00,2026-06-11,2026-06,Medan,SITE-0044,Cloud Connectivity,15.43,0.486,11.32,66.39,99.581,87.11
2026-06-11T06:00:00,2026-06-11,2026-06,Makassar,SITE-0045,Fiber Internet,34.39,0.915,4.8,51.05,98.879,83.48
2026-06-11T00:00:00,2026-06-11,2026-06,Semarang,SITE-0046,Cloud Connectivity,29.83,0.266,4.77,56.16,99.001,89.88
2026-06-11T12:00:00,2026-06-11,2026-06,Yogyakarta,SITE-0047,Mobile Broadband,27.46,0.124,6.46,61.64,99.223,90.51
2026-06-11T12:00:00,2026-06-11,2026-06,Denpasar,SITE-0048,Voice,30.83,0.0,3.25,67.27,98.806,92.08
2026-06-11T12:00:00,2026-06-11,2026-06,Palembang,SITE-0049,IPTV,33.93,0.096,3.89,56.41,99.529,90.98
2026-06-11T18:00:00,2026-06-11,2026-06,Balikpapan,SITE-0050,Cloud Connectivity,13.6,0.044,1.13,56.9,98.144,94.01
2026-06-18T12:00:00,2026-06-18,2026-06,Jakarta,SITE-0001,IPTV,18.09,0.0,11.35,46.67,99.409,90.5
2026-06-18T18:00:00,2026-06-18,2026-06,Bandung,SITE-0002,Mobile Broadband,21.77,0.44,1.49,66.58,99.664,91.74
2026-06-18T18:00:00,2026-06-18,2026-06,Surabaya,SITE-0003,Fiber Internet,20.87,0.0,8.21,63.09,99.24,91.73
2026-06-18T12:00:00,2026-06-18,2026-06,Medan,SITE-0004,IPTV,22.48,0.262,4.61,57.95,99.99,91.32
2026-06-18T06:00:00,2026-06-18,2026-06,Makassar,SITE-0005,Fiber Internet,24.93,0.066,14.46,72.35,98.794,86.41
2026-06-18T18:00:00,2026-06-18,2026-06,Semarang,SITE-0006,Cloud Connectivity,30.97,0.364,1.59,68.82,99.564,90.64
2026-06-18T06:00:00,2026-06-18,2026-06,Yogyakarta,SITE-0007,IPTV,39.87,0.13,4.23,54.47,98.669,88.46
2026-06-18T00:00:00,2026-06-18,2026-06,Denpasar,SITE-0008,Fiber Internet,38.43,0.218,8.79,50.78,99.846,86.51
2026-06-18T12:00:00,2026-06-18,2026-06,Palembang,SITE-0009,IPTV,33.5,0.298,0.5,58.41,98.41,89.54
2026-06-18T06:00:00,2026-06-18,2026-06,Balikpapan,SITE-0010,Cloud Connectivity,22.94,0.0,8.52,52.7,98.786,90.54
2026-06-18T00:00:00,2026-06-18,2026-06,Jakarta,SITE-0011,Cloud Connectivity,38.71,0.24,3.87,60.3,98.481,87.42
2026-06-18T00:00:00,2026-06-18,2026-06,Bandung,SITE-0012,Fiber Internet,14.99,0.391,6.15,67.38,98.889,90.46
2026-06-18T06:00:00,2026-06-18,2026-06,Surabaya,SITE-0013,Mobile Broadband,47.2,0.288,5.53,72.08,99.408,86.16
2026-06-18T00:00:00,2026-06-18,2026-06,Medan,SITE-0014,Voice,37.66,0.312,6.04,58.24,98.853,86.96
2026-06-18T00:00:00,2026-06-18,2026-06,Makassar,SITE-0015,Mobile Broadband,11.68,0.631,9.45,61.18,98.745,86.89
2026-06-18T12:00:00,2026-06-18,2026-06,Semarang,SITE-0016,Enterprise VPN,24.38,0.477,6.66,72.39,99.536,88.13
2026-06-18T12:00:00,2026-06-18,2026-06,Yogyakarta,SITE-0017,IPTV,26.72,0.119,5.68,51.88,99.008,91.12
2026-06-18T06:00:00,2026-06-18,2026-06,Denpasar,SITE-0018,Cloud Connectivity,23.67,0.093,6.3,65.04,99.417,91.53
2026-06-18T00:00:00,2026-06-18,2026-06,Palembang,SITE-0019,Enterprise VPN,31.58,0.0,2.13,55.35,97.827,89.62
2026-06-18T12:00:00,2026-06-18,2026-06,Balikpapan,SITE-0020,Mobile Broadband,23.63,0.159,4.04,81.58,98.545,87.93
2026-06-18T12:00:00,2026-06-18,2026-06,Jakarta,SITE-0021,Enterprise VPN,23.64,0.473,8.73,50.67,99.859,87.16
2026-06-18T18:00:00,2026-06-18,2026-06,Bandung,SITE-0022,Mobile Broadband,35.52,0.44,6.2,55.19,99.646,86.68
2026-06-18T00:00:00,2026-06-18,2026-06,Surabaya,SITE-0023,Cloud Connectivity,31.0,0.72,5.0,58.94,99.161,85.91
2026-06-18T12:00:00,2026-06-18,2026-06,Medan,SITE-0024,Voice,10.17,0.436,8.15,72.82,99.531,90.19
2026-06-18T12:00:00,2026-06-18,2026-06,Makassar,SITE-0025,IPTV,21.78,1.165,2.79,53.93,99.627,85.23
2026-06-18T00:00:00,2026-06-18,2026-06,Semarang,SITE-0026,Enterprise VPN,26.18,1.157,11.16,57.9,98.78,79.24
2026-06-18T06:00:00,2026-06-18,2026-06,Yogyakarta,SITE-0027,IPTV,8.68,0.8,0.5,54.36,99.99,91.76
2026-06-18T18:00:00,2026-06-18,2026-06,Denpasar,SITE-0028,Voice,33.82,0.0,4.49,47.42,99.678,91.44
2026-06-18T12:00:00,2026-06-18,2026-06,Palembang,SITE-0029,Voice,44.33,0.048,4.51,57.59,99.99,89.16
2026-06-18T12:00:00,2026-06-18,2026-06,Balikpapan,SITE-0030,Enterprise VPN,59.3,0.03,12.38,72.78,99.06,82.28
2026-06-18T12:00:00,2026-06-18,2026-06,Jakarta,SITE-0031,Cloud Connectivity,20.41,0.091,6.46,63.33,99.09,92.05
2026-06-18T18:00:00,2026-06-18,2026-06,Bandung,SITE-0032,Enterprise VPN,21.96,1.373,3.69,69.09,99.679,83.03
2026-06-18T06:00:00,2026-06-18,2026-06,Surabaya,SITE-0033,Voice,37.03,0.225,1.95,77.06,99.375,89.54
2026-06-18T00:00:00,2026-06-18,2026-06,Medan,SITE-0034,Mobile Broadband,38.31,1.056,1.25,58.38,99.754,83.97
2026-06-18T00:00:00,2026-06-18,2026-06,Makassar,SITE-0035,Mobile Broadband,39.56,0.152,1.83,56.38,98.894,90.34
2026-06-18T06:00:00,2026-06-18,2026-06,Semarang,SITE-0036,Enterprise VPN,36.03,0.316,8.87,66.8,99.09,86.11
2026-06-18T00:00:00,2026-06-18,2026-06,Yogyakarta,SITE-0037,Cloud Connectivity,45.78,0.707,0.5,55.75,97.892,82.5
2026-06-18T18:00:00,2026-06-18,2026-06,Denpasar,SITE-0038,Enterprise VPN,28.09,0.956,6.62,60.41,99.945,83.65
2026-06-18T12:00:00,2026-06-18,2026-06,Palembang,SITE-0039,IPTV,48.36,0.605,7.26,56.95,99.569,82.47
2026-06-18T12:00:00,2026-06-18,2026-06,Balikpapan,SITE-0040,Voice,30.92,0.852,0.5,64.94,98.115,84.69
2026-06-18T18:00:00,2026-06-18,2026-06,Jakarta,SITE-0041,Cloud Connectivity,25.03,0.579,5.98,49.51,98.952,87.43
2026-06-18T12:00:00,2026-06-18,2026-06,Bandung,SITE-0042,Voice,17.53,0.173,8.01,61.72,98.377,89.19
2026-06-18T06:00:00,2026-06-18,2026-06,Surabaya,SITE-0043,Cloud Connectivity,15.55,0.0,5.17,45.61,99.379,94.36
2026-06-18T00:00:00,2026-06-18,2026-06,Medan,SITE-0044,Cloud Connectivity,30.18,0.127,0.5,61.16,98.945,93.11
2026-06-18T12:00:00,2026-06-18,2026-06,Makassar,SITE-0045,Fiber Internet,35.37,0.137,7.62,46.75,99.983,88.35
2026-06-18T00:00:00,2026-06-18,2026-06,Semarang,SITE-0046,Cloud Connectivity,17.32,0.0,5.66,67.37,99.612,93.77
2026-06-18T12:00:00,2026-06-18,2026-06,Yogyakarta,SITE-0047,Mobile Broadband,24.04,0.725,3.48,56.71,99.791,87.96
2026-06-18T12:00:00,2026-06-18,2026-06,Denpasar,SITE-0048,Voice,30.15,0.46,9.69,80.04,99.305,83.3
2026-06-18T12:00:00,2026-06-18,2026-06,Palembang,SITE-0049,IPTV,49.29,0.623,5.55,53.0,98.513,81.63
2026-06-18T00:00:00,2026-06-18,2026-06,Balikpapan,SITE-0050,Cloud Connectivity,40.09,0.357,2.18,67.09,99.89,88.73
2026-06-25T12:00:00,2026-06-25,2026-06,Jakarta,SITE-0001,IPTV,39.25,0.964,0.69,68.93,98.708,83.97
2026-06-25T12:00:00,2026-06-25,2026-06,Bandung,SITE-0002,Mobile Broadband,25.82,0.166,0.5,62.73,98.878,93.38
2026-06-25T12:00:00,2026-06-25,2026-06,Surabaya,SITE-0003,Fiber Internet,11.31,0.233,7.39,60.76,98.372,90.15
2026-06-25T00:00:00,2026-06-25,2026-06,Medan,SITE-0004,IPTV,22.41,0.365,4.27,57.88,99.581,90.7
2026-06-25T12:00:00,2026-06-25,2026-06,Makassar,SITE-0005,Fiber Internet,22.33,0.44,10.52,49.01,97.843,83.21
2026-06-25T00:00:00,2026-06-25,2026-06,Semarang,SITE-0006,Cloud Connectivity,15.31,0.466,7.39,55.85,98.483,87.9
2026-06-25T12:00:00,2026-06-25,2026-06,Yogyakarta,SITE-0007,IPTV,5.0,0.425,12.67,65.29,98.958,88.61
2026-06-25T12:00:00,2026-06-25,2026-06,Denpasar,SITE-0008,Fiber Internet,36.78,0.321,9.33,59.7,98.513,84.22
2026-06-25T12:00:00,2026-06-25,2026-06,Palembang,SITE-0009,IPTV,33.18,0.0,1.97,76.38,99.99,92.32
2026-06-25T18:00:00,2026-06-25,2026-06,Balikpapan,SITE-0010,Cloud Connectivity,9.76,0.023,4.51,71.13,98.783,94.93
2026-06-25T06:00:00,2026-06-25,2026-06,Jakarta,SITE-0011,Cloud Connectivity,12.02,0.638,8.24,63.38,98.6,87.0
2026-06-25T18:00:00,2026-06-25,2026-06,Bandung,SITE-0012,Fiber Internet,30.12,0.8,0.5,62.62,99.616,87.91
2026-06-25T06:00:00,2026-06-25,2026-06,Surabaya,SITE-0013,Mobile Broadband,21.03,0.845,6.72,52.08,98.931,85.55
2026-06-25T12:00:00,2026-06-25,2026-06,Medan,SITE-0014,Voice,16.49,0.206,7.05,63.62,98.721,90.67
2026-06-25T00:00:00,2026-06-25,2026-06,Makassar,SITE-0015,Mobile Broadband,21.26,0.655,4.63,61.03,99.741,88.39
2026-06-25T00:00:00,2026-06-25,2026-06,Semarang,SITE-0016,Enterprise VPN,27.03,0.169,7.62,69.86,99.526,89.6
2026-06-25T18:00:00,2026-06-25,2026-06,Yogyakarta,SITE-0017,IPTV,21.43,0.671,7.52,73.14,99.183,86.64
2026-06-25T00:00:00,2026-06-25,2026-06,Denpasar,SITE-0018,Cloud Connectivity,48.13,0.203,1.79,74.07,98.116,86.08
2026-06-25T12:00:00,2026-06-25,2026-06,Palembang,SITE-0019,Enterprise VPN,20.98,0.677,6.76,52.58,98.49,85.56
2026-06-25T00:00:00,2026-06-25,2026-06,Balikpapan,SITE-0020,Mobile Broadband,49.14,0.245,8.08,58.74,98.481,83.19
2026-06-25T06:00:00,2026-06-25,2026-06,Jakarta,SITE-0021,Enterprise VPN,49.17,0.866,6.71,55.5,99.177,80.53
2026-06-25T12:00:00,2026-06-25,2026-06,Bandung,SITE-0022,Mobile Broadband,19.18,0.381,8.1,67.72,98.595,87.83
2026-06-25T06:00:00,2026-06-25,2026-06,Surabaya,SITE-0023,Cloud Connectivity,15.48,0.183,7.31,57.19,98.866,91.32
2026-06-25T00:00:00,2026-06-25,2026-06,Medan,SITE-0024,Voice,24.85,0.818,6.63,67.12,98.395,83.52
2026-06-25T18:00:00,2026-06-25,2026-06,Makassar,SITE-0025,IPTV,37.12,0.485,12.96,38.61,99.128,82.31
2026-06-25T18:00:00,2026-06-25,2026-06,Semarang,SITE-0026,Enterprise VPN,39.18,0.213,6.69,40.79,99.382,87.57
2026-06-25T12:00:00,2026-06-25,2026-06,Yogyakarta,SITE-0027,IPTV,25.33,0.731,8.53,59.8,99.686,84.9
2026-06-25T12:00:00,2026-06-25,2026-06,Denpasar,SITE-0028,Voice,25.64,0.41,12.13,75.14,99.154,85.37
2026-06-25T00:00:00,2026-06-25,2026-06,Palembang,SITE-0029,Voice,16.38,0.672,9.83,80.35,99.897,83.86
2026-06-25T06:00:00,2026-06-25,2026-06,Balikpapan,SITE-0030,Enterprise VPN,29.78,0.218,8.0,44.72,99.021,88.49
2026-06-25T06:00:00,2026-06-25,2026-06,Jakarta,SITE-0031,Cloud Connectivity,23.58,0.079,14.0,70.56,98.989,87.39
2026-06-25T18:00:00,2026-06-25,2026-06,Bandung,SITE-0032,Enterprise VPN,24.9,0.788,7.47,60.29,99.212,85.11
2026-06-25T18:00:00,2026-06-25,2026-06,Surabaya,SITE-0033,Voice,18.82,0.0,1.17,48.97,99.783,95.97
2026-06-25T18:00:00,2026-06-25,2026-06,Medan,SITE-0034,Mobile Broadband,44.56,0.451,6.1,52.8,99.74,85.02
2026-06-25T12:00:00,2026-06-25,2026-06,Makassar,SITE-0035,Mobile Broadband,48.42,0.162,4.93,64.68,98.178,84.81
2026-06-25T06:00:00,2026-06-25,2026-06,Semarang,SITE-0036,Enterprise VPN,20.66,0.237,9.28,66.62,99.97,89.28
2026-06-25T06:00:00,2026-06-25,2026-06,Yogyakarta,SITE-0037,Cloud Connectivity,25.24,0.186,7.18,57.31,99.268,90.02
2026-06-25T18:00:00,2026-06-25,2026-06,Denpasar,SITE-0038,Enterprise VPN,33.29,0.473,13.79,71.75,99.382,82.64
2026-06-25T18:00:00,2026-06-25,2026-06,Palembang,SITE-0039,IPTV,31.82,0.487,2.42,53.52,98.704,88.16
2026-06-25T00:00:00,2026-06-25,2026-06,Balikpapan,SITE-0040,Voice,27.74,0.492,4.78,61.85,98.091,85.72
2026-06-25T00:00:00,2026-06-25,2026-06,Jakarta,SITE-0041,Cloud Connectivity,18.82,0.379,2.72,73.59,99.373,92.09
2026-06-25T12:00:00,2026-06-25,2026-06,Bandung,SITE-0042,Voice,15.78,0.653,6.23,64.22,99.501,88.51
2026-06-25T00:00:00,2026-06-25,2026-06,Surabaya,SITE-0043,Cloud Connectivity,22.65,0.413,4.26,64.25,98.99,90.25
2026-06-25T06:00:00,2026-06-25,2026-06,Medan,SITE-0044,Cloud Connectivity,43.99,0.07,8.06,58.54,98.783,86.44
2026-06-25T12:00:00,2026-06-25,2026-06,Makassar,SITE-0045,Fiber Internet,18.98,0.949,7.04,47.28,99.381,85.12
2026-06-25T00:00:00,2026-06-25,2026-06,Semarang,SITE-0046,Cloud Connectivity,23.94,0.714,9.93,66.1,98.514,83.06
2026-06-25T00:00:00,2026-06-25,2026-06,Yogyakarta,SITE-0047,Mobile Broadband,34.62,0.396,2.05,71.98,99.99,89.47
2026-06-25T06:00:00,2026-06-25,2026-06,Denpasar,SITE-0048,Voice,21.71,0.583,0.5,67.23,99.617,91.16
2026-06-25T00:00:00,2026-06-25,2026-06,Palembang,SITE-0049,IPTV,36.92,0.452,6.94,70.23,98.381,84.07
2026-06-25T18:00:00,2026-06-25,2026-06,Balikpapan,SITE-0050,Cloud Connectivity,14.0,0.712,11.33,57.69,99.202,85.55
2026-07-02T06:00:00,2026-07-02,2026-07,Jakarta,SITE-0001,IPTV,32.25,0.121,0.5,52.43,98.929,92.73
2026-07-02T06:00:00,2026-07-02,2026-07,Bandung,SITE-0002,Mobile Broadband,26.73,0.073,1.39,48.94,98.729,93.02
2026-07-02T00:00:00,2026-07-02,2026-07,Surabaya,SITE-0003,Fiber Internet,19.4,0.377,0.5,64.74,99.211,93.22
2026-07-02T00:00:00,2026-07-02,2026-07,Medan,SITE-0004,IPTV,15.92,0.203,4.3,62.05,99.611,93.14
2026-07-02T00:00:00,2026-07-02,2026-07,Makassar,SITE-0005,Fiber Internet,23.95,0.394,6.81,50.49,99.655,88.79
2026-07-02T00:00:00,2026-07-02,2026-07,Semarang,SITE-0006,Cloud Connectivity,32.67,1.214,5.06,58.83,98.186,79.18
2026-07-02T12:00:00,2026-07-02,2026-07,Yogyakarta,SITE-0007,IPTV,29.15,0.971,7.89,77.99,97.805,77.72
2026-07-02T18:00:00,2026-07-02,2026-07,Denpasar,SITE-0008,Fiber Internet,27.3,0.605,5.63,91.26,99.286,79.83
2026-07-02T00:00:00,2026-07-02,2026-07,Palembang,SITE-0009,IPTV,27.86,0.0,4.21,67.39,99.758,92.67
2026-07-02T00:00:00,2026-07-02,2026-07,Balikpapan,SITE-0010,Cloud Connectivity,25.61,0.293,2.48,58.73,97.9,88.38
2026-07-02T00:00:00,2026-07-02,2026-07,Jakarta,SITE-0011,Cloud Connectivity,35.9,0.64,9.6,75.31,98.57,81.71
2026-07-02T18:00:00,2026-07-02,2026-07,Bandung,SITE-0012,Fiber Internet,33.02,0.027,5.0,67.45,99.556,91.09
2026-07-02T18:00:00,2026-07-02,2026-07,Surabaya,SITE-0013,Mobile Broadband,24.71,0.123,7.34,65.73,98.808,89.96
2026-07-02T12:00:00,2026-07-02,2026-07,Medan,SITE-0014,Voice,29.38,0.189,8.94,49.95,99.646,88.28
2026-07-02T18:00:00,2026-07-02,2026-07,Makassar,SITE-0015,Mobile Broadband,31.96,0.0,3.39,57.15,99.17,92.38
2026-07-02T18:00:00,2026-07-02,2026-07,Semarang,SITE-0016,Enterprise VPN,11.81,1.063,0.5,43.59,99.99,89.1
2026-07-02T12:00:00,2026-07-02,2026-07,Yogyakarta,SITE-0017,IPTV,28.25,1.166,0.5,50.0,99.064,85.31
2026-07-02T18:00:00,2026-07-02,2026-07,Denpasar,SITE-0018,Cloud Connectivity,39.25,0.843,3.21,60.82,99.094,84.42
2026-07-02T12:00:00,2026-07-02,2026-07,Palembang,SITE-0019,Enterprise VPN,33.05,0.427,5.21,58.85,99.927,87.77
2026-07-02T18:00:00,2026-07-02,2026-07,Balikpapan,SITE-0020,Mobile Broadband,22.44,0.46,1.88,56.61,98.011,88.28
2026-07-02T12:00:00,2026-07-02,2026-07,Jakarta,SITE-0021,Enterprise VPN,24.1,0.281,5.28,54.21,98.913,90.25
2026-07-02T06:00:00,2026-07-02,2026-07,Bandung,SITE-0022,Mobile Broadband,23.49,0.409,8.56,66.55,99.99,87.79
2026-07-02T18:00:00,2026-07-02,2026-07,Surabaya,SITE-0023,Cloud Connectivity,34.42,0.052,0.75,45.11,99.022,92.98
2026-07-02T06:00:00,2026-07-02,2026-07,Medan,SITE-0024,Voice,44.36,0.0,5.92,58.29,98.814,88.2
2026-07-02T18:00:00,2026-07-02,2026-07,Makassar,SITE-0025,IPTV,43.82,0.462,5.75,47.41,98.124,82.62
2026-07-02T00:00:00,2026-07-02,2026-07,Semarang,SITE-0026,Enterprise VPN,9.11,0.347,4.33,62.25,99.529,93.2
2026-07-02T06:00:00,2026-07-02,2026-07,Yogyakarta,SITE-0027,IPTV,47.81,0.228,7.76,44.9,99.516,85.3
2026-07-02T12:00:00,2026-07-02,2026-07,Denpasar,SITE-0028,Voice,8.5,0.043,1.23,72.34,99.012,97.45
2026-07-02T00:00:00,2026-07-02,2026-07,Palembang,SITE-0029,Voice,23.67,0.463,4.97,59.34,99.085,89.3
2026-07-02T06:00:00,2026-07-02,2026-07,Balikpapan,SITE-0030,Enterprise VPN,34.68,0.278,9.07,66.19,99.684,86.54
2026-07-02T06:00:00,2026-07-02,2026-07,Jakarta,SITE-0031,Cloud Connectivity,37.59,0.475,4.05,54.32,98.207,84.82
2026-07-02T12:00:00,2026-07-02,2026-07,Bandung,SITE-0032,Enterprise VPN,34.53,0.411,9.83,47.21,99.167,85.09
2026-07-02T06:00:00,2026-07-02,2026-07,Surabaya,SITE-0033,Voice,26.61,0.554,5.34,69.21,99.57,87.84
2026-07-02T06:00:00,2026-07-02,2026-07,Medan,SITE-0034,Mobile Broadband,30.0,0.0,6.79,56.42,99.99,90.87
2026-07-02T06:00:00,2026-07-02,2026-07,Makassar,SITE-0035,Mobile Broadband,37.9,1.372,7.32,43.3,98.972,78.1
2026-07-02T06:00:00,2026-07-02,2026-07,Semarang,SITE-0036,Enterprise VPN,15.76,0.176,9.15,67.99,99.23,90.73
2026-07-02T12:00:00,2026-07-02,2026-07,Yogyakarta,SITE-0037,Cloud Connectivity,37.38,0.086,3.24,64.6,99.509,90.81
2026-07-02T06:00:00,2026-07-02,2026-07,Denpasar,SITE-0038,Enterprise VPN,30.33,0.254,15.2,62.41,98.686,83.21
2026-07-02T06:00:00,2026-07-02,2026-07,Palembang,SITE-0039,IPTV,37.72,0.808,4.65,59.27,99.363,84.19
2026-07-02T12:00:00,2026-07-02,2026-07,Balikpapan,SITE-0040,Voice,15.96,0.648,9.04,53.02,99.032,86.97
2026-07-02T00:00:00,2026-07-02,2026-07,Jakarta,SITE-0041,Cloud Connectivity,29.72,0.054,4.56,48.7,97.694,87.79
2026-07-02T06:00:00,2026-07-02,2026-07,Bandung,SITE-0042,Voice,13.81,0.789,3.09,57.55,98.367,87.6
2026-07-02T18:00:00,2026-07-02,2026-07,Surabaya,SITE-0043,Cloud Connectivity,22.09,0.314,1.47,61.65,99.043,92.71
2026-07-02T00:00:00,2026-07-02,2026-07,Medan,SITE-0044,Cloud Connectivity,44.32,0.0,7.12,61.46,98.943,87.94
2026-07-02T06:00:00,2026-07-02,2026-07,Makassar,SITE-0045,Fiber Internet,16.93,0.148,3.7,52.19,98.175,91.26
2026-07-02T00:00:00,2026-07-02,2026-07,Semarang,SITE-0046,Cloud Connectivity,31.28,0.496,2.48,54.13,98.672,88.05
2026-07-02T00:00:00,2026-07-02,2026-07,Yogyakarta,SITE-0047,Mobile Broadband,20.02,0.0,2.88,61.46,98.474,93.24
2026-07-02T00:00:00,2026-07-02,2026-07,Denpasar,SITE-0048,Voice,31.09,0.483,6.38,66.83,99.551,87.03
2026-07-02T06:00:00,2026-07-02,2026-07,Palembang,SITE-0049,IPTV,21.08,0.501,3.95,65.72,97.546,85.66
2026-07-02T12:00:00,2026-07-02,2026-07,Balikpapan,SITE-0050,Cloud Connectivity,31.61,0.27,0.5,66.78,98.278,89.71
2026-07-09T12:00:00,2026-07-09,2026-07,Jakarta,SITE-0001,IPTV,19.08,0.062,3.55,50.39,99.548,94.12
2026-07-09T18:00:00,2026-07-09,2026-07,Bandung,SITE-0002,Mobile Broadband,40.69,1.091,6.52,43.88,99.809,80.36
2026-07-09T06:00:00,2026-07-09,2026-07,Surabaya,SITE-0003,Fiber Internet,46.37,0.279,5.38,37.25,99.754,86.47
2026-07-09T12:00:00,2026-07-09,2026-07,Medan,SITE-0004,IPTV,87.28,2.125,16.84,77.29,96.272,48.82
2026-07-09T12:00:00,2026-07-09,2026-07,Makassar,SITE-0005,Fiber Internet,23.53,0.875,5.69,54.58,98.977,85.57
2026-07-09T00:00:00,2026-07-09,2026-07,Semarang,SITE-0006,Cloud Connectivity,20.58,0.768,6.96,58.87,98.773,85.65
2026-07-09T18:00:00,2026-07-09,2026-07,Yogyakarta,SITE-0007,IPTV,26.68,0.131,2.1,55.09,97.701,89.1
2026-07-09T00:00:00,2026-07-09,2026-07,Denpasar,SITE-0008,Fiber Internet,32.83,0.492,8.55,57.03,98.683,84.5
2026-07-09T00:00:00,2026-07-09,2026-07,Palembang,SITE-0009,IPTV,34.71,0.42,1.53,64.21,99.128,89.55
2026-07-09T18:00:00,2026-07-09,2026-07,Balikpapan,SITE-0010,Cloud Connectivity,33.09,0.415,0.52,66.67,99.806,90.43
2026-07-09T00:00:00,2026-07-09,2026-07,Jakarta,SITE-0011,Cloud Connectivity,25.03,0.204,7.93,57.26,98.557,88.17
2026-07-09T12:00:00,2026-07-09,2026-07,Bandung,SITE-0012,Fiber Internet,32.25,0.223,2.1,69.44,98.997,91.25
2026-07-09T18:00:00,2026-07-09,2026-07,Surabaya,SITE-0013,Mobile Broadband,10.37,0.351,6.14,57.27,99.99,91.95
2026-07-09T00:00:00,2026-07-09,2026-07,Medan,SITE-0014,Voice,89.66,2.645,16.18,95.87,96.514,36.95
2026-07-09T18:00:00,2026-07-09,2026-07,Makassar,SITE-0015,Mobile Broadband,29.3,0.0,6.29,52.33,98.264,89.06
2026-07-09T12:00:00,2026-07-09,2026-07,Semarang,SITE-0016,Enterprise VPN,8.24,0.223,12.97,75.3,97.915,86.21
2026-07-09T00:00:00,2026-07-09,2026-07,Yogyakarta,SITE-0017,IPTV,30.41,0.393,8.62,50.36,99.272,86.64
2026-07-09T18:00:00,2026-07-09,2026-07,Denpasar,SITE-0018,Cloud Connectivity,28.15,0.347,0.73,80.23,99.09,89.4
2026-07-09T12:00:00,2026-07-09,2026-07,Palembang,SITE-0019,Enterprise VPN,25.98,0.285,11.69,55.72,99.551,86.61
2026-07-09T12:00:00,2026-07-09,2026-07,Balikpapan,SITE-0020,Mobile Broadband,13.04,0.035,4.41,62.19,99.832,94.95
2026-07-09T00:00:00,2026-07-09,2026-07,Jakarta,SITE-0021,Enterprise VPN,26.8,0.275,3.4,70.15,99.689,91.11
2026-07-09T18:00:00,2026-07-09,2026-07,Bandung,SITE-0022,Mobile Broadband,43.08,0.58,11.33,73.56,98.102,78.68
2026-07-09T18:00:00,2026-07-09,2026-07,Surabaya,SITE-0023,Cloud Connectivity,16.72,0.188,11.19,53.5,98.644,88.26
2026-07-09T06:00:00,2026-07-09,2026-07,Medan,SITE-0024,Voice,72.26,2.499,16.85,82.67,97.049,48.42
2026-07-09T12:00:00,2026-07-09,2026-07,Makassar,SITE-0025,IPTV,23.51,0.543,9.92,56.58,99.233,85.97
2026-07-09T18:00:00,2026-07-09,2026-07,Semarang,SITE-0026,Enterprise VPN,24.51,0.39,0.5,77.01,98.573,90.01
2026-07-09T12:00:00,2026-07-09,2026-07,Yogyakarta,SITE-0027,IPTV,37.29,0.329,0.5,62.88,98.63,89.27
2026-07-09T12:00:00,2026-07-09,2026-07,Denpasar,SITE-0028,Voice,32.43,0.085,3.57,62.71,98.595,90.3
2026-07-09T12:00:00,2026-07-09,2026-07,Palembang,SITE-0029,Voice,26.67,0.238,0.5,68.72,99.063,93.02
2026-07-09T12:00:00,2026-07-09,2026-07,Balikpapan,SITE-0030,Enterprise VPN,20.12,0.309,4.24,55.35,98.993,91.55
2026-07-09T06:00:00,2026-07-09,2026-07,Jakarta,SITE-0031,Cloud Connectivity,23.07,0.383,5.53,65.84,99.978,89.74
2026-07-09T00:00:00,2026-07-09,2026-07,Bandung,SITE-0032,Enterprise VPN,36.68,0.816,2.91,65.67,98.956,85.14
2026-07-09T06:00:00,2026-07-09,2026-07,Surabaya,SITE-0033,Voice,41.19,0.428,3.33,65.59,99.007,87.33
2026-07-09T06:00:00,2026-07-09,2026-07,Medan,SITE-0034,Mobile Broadband,69.42,1.993,18.6,93.0,94.302,39.13
2026-07-09T00:00:00,2026-07-09,2026-07,Makassar,SITE-0035,Mobile Broadband,30.9,0.36,2.43,68.22,99.424,90.22
2026-07-09T06:00:00,2026-07-09,2026-07,Semarang,SITE-0036,Enterprise VPN,13.13,0.271,9.11,41.58,98.874,90.08
2026-07-09T06:00:00,2026-07-09,2026-07,Yogyakarta,SITE-0037,Cloud Connectivity,27.01,0.405,2.58,67.76,99.417,90.48
2026-07-09T12:00:00,2026-07-09,2026-07,Denpasar,SITE-0038,Enterprise VPN,46.92,0.951,3.35,50.89,98.423,80.38
2026-07-09T18:00:00,2026-07-09,2026-07,Palembang,SITE-0039,IPTV,30.29,0.762,0.5,66.28,98.573,86.9
2026-07-09T12:00:00,2026-07-09,2026-07,Balikpapan,SITE-0040,Voice,40.25,0.534,8.04,69.41,99.237,84.06
2026-07-09T12:00:00,2026-07-09,2026-07,Jakarta,SITE-0041,Cloud Connectivity,28.54,0.517,0.5,62.65,99.62,90.45
2026-07-09T18:00:00,2026-07-09,2026-07,Bandung,SITE-0042,Voice,29.2,0.596,6.07,61.94,99.137,86.64
2026-07-09T00:00:00,2026-07-09,2026-07,Surabaya,SITE-0043,Cloud Connectivity,21.14,0.893,4.67,66.02,99.63,86.49
2026-07-09T12:00:00,2026-07-09,2026-07,Medan,SITE-0044,Cloud Connectivity,69.06,2.911,17.46,85.19,96.316,42.04
2026-07-09T18:00:00,2026-07-09,2026-07,Makassar,SITE-0045,Fiber Internet,15.64,0.207,1.69,61.53,99.315,94.6
2026-07-09T00:00:00,2026-07-09,2026-07,Semarang,SITE-0046,Cloud Connectivity,27.32,0.508,2.46,70.87,99.371,89.66
2026-07-09T12:00:00,2026-07-09,2026-07,Yogyakarta,SITE-0047,Mobile Broadband,42.39,0.455,7.31,56.92,98.928,84.49
2026-07-09T06:00:00,2026-07-09,2026-07,Denpasar,SITE-0048,Voice,19.07,0.185,7.21,59.55,98.782,90.47
2026-07-09T06:00:00,2026-07-09,2026-07,Palembang,SITE-0049,IPTV,11.74,0.355,2.72,64.99,98.833,93.05
2026-07-09T18:00:00,2026-07-09,2026-07,Balikpapan,SITE-0050,Cloud Connectivity,21.3,0.0,3.73,72.62,99.738,94.12
2026-07-16T12:00:00,2026-07-16,2026-07,Jakarta,SITE-0001,IPTV,27.6,0.0,6.71,76.85,99.726,90.51
2026-07-16T12:00:00,2026-07-16,2026-07,Bandung,SITE-0002,Mobile Broadband,45.55,0.633,9.49,54.78,98.631,80.41
2026-07-16T18:00:00,2026-07-16,2026-07,Surabaya,SITE-0003,Fiber Internet,24.22,0.425,1.23,58.96,97.725,87.74
2026-07-16T06:00:00,2026-07-16,2026-07,Medan,SITE-0004,IPTV,68.03,2.159,19.02,98.0,95.717,39.82
2026-07-16T12:00:00,2026-07-16,2026-07,Makassar,SITE-0005,Fiber Internet,35.47,0.415,13.56,54.35,98.088,80.1
2026-07-16T00:00:00,2026-07-16,2026-07,Semarang,SITE-0006,Cloud Connectivity,33.88,0.173,9.13,59.48,99.326,87.5
2026-07-16T00:00:00,2026-07-16,2026-07,Yogyakarta,SITE-0007,IPTV,18.4,0.0,5.47,51.51,98.222,91.34
2026-07-16T06:00:00,2026-07-16,2026-07,Denpasar,SITE-0008,Fiber Internet,21.48,0.17,4.26,62.55,98.782,91.77
2026-07-16T06:00:00,2026-07-16,2026-07,Palembang,SITE-0009,IPTV,16.28,0.0,0.5,63.71,98.888,96.46
2026-07-16T06:00:00,2026-07-16,2026-07,Balikpapan,SITE-0010,Cloud Connectivity,21.93,0.662,4.18,67.67,99.086,88.46
2026-07-16T06:00:00,2026-07-16,2026-07,Jakarta,SITE-0011,Cloud Connectivity,28.91,1.032,6.82,63.91,99.219,82.79
2026-07-16T18:00:00,2026-07-16,2026-07,Bandung,SITE-0012,Fiber Internet,19.85,0.128,3.65,66.6,98.254,91.15
2026-07-16T12:00:00,2026-07-16,2026-07,Surabaya,SITE-0013,Mobile Broadband,10.12,0.0,1.49,48.37,98.712,96.5
2026-07-16T00:00:00,2026-07-16,2026-07,Medan,SITE-0014,Voice,56.84,2.012,16.0,75.57,96.911,58.34
2026-07-16T06:00:00,2026-07-16,2026-07,Makassar,SITE-0015,Mobile Broadband,30.58,0.068,2.34,63.93,98.943,92.5
2026-07-16T18:00:00,2026-07-16,2026-07,Semarang,SITE-0016,Enterprise VPN,27.36,0.823,3.45,64.01,99.99,86.59
2026-07-16T12:00:00,2026-07-16,2026-07,Yogyakarta,SITE-0017,IPTV,33.59,0.121,4.7,66.14,99.592,90.4
2026-07-16T00:00:00,2026-07-16,2026-07,Denpasar,SITE-0018,Cloud Connectivity,25.39,0.0,0.5,61.45,99.346,95.15
2026-07-16T06:00:00,2026-07-16,2026-07,Palembang,SITE-0019,Enterprise VPN,38.8,0.233,8.58,64.13,99.087,86.43
2026-07-16T06:00:00,2026-07-16,2026-07,Balikpapan,SITE-0020,Mobile Broadband,18.76,0.238,0.5,68.56,98.71,93.58
2026-07-16T18:00:00,2026-07-16,2026-07,Jakarta,SITE-0021,Enterprise VPN,32.75,0.363,7.1,59.9,99.672,87.29
2026-07-16T12:00:00,2026-07-16,2026-07,Bandung,SITE-0022,Mobile Broadband,34.0,0.939,9.93,61.57,98.267,78.7
2026-07-16T12:00:00,2026-07-16,2026-07,Surabaya,SITE-0023,Cloud Connectivity,13.83,0.08,7.28,53.27,99.495,92.86
2026-07-16T00:00:00,2026-07-16,2026-07,Medan,SITE-0024,Voice,51.13,2.139,12.12,77.9,96.322,57.68
2026-07-16T18:00:00,2026-07-16,2026-07,Makassar,SITE-0025,IPTV,24.82,0.611,0.99,77.84,99.99,88.82
2026-07-16T18:00:00,2026-07-16,2026-07,Semarang,SITE-0026,Enterprise VPN,22.52,0.194,6.72,71.94,99.485,90.7
2026-07-16T12:00:00,2026-07-16,2026-07,Yogyakarta,SITE-0027,IPTV,28.36,0.414,1.88,51.11,99.188,90.55
2026-07-16T00:00:00,2026-07-16,2026-07,Denpasar,SITE-0028,Voice,5.0,0.825,3.88,66.35,98.644,89.3
2026-07-16T06:00:00,2026-07-16,2026-07,Palembang,SITE-0029,Voice,31.43,0.842,6.35,59.17,99.865,84.12
2026-07-16T12:00:00,2026-07-16,2026-07,Balikpapan,SITE-0030,Enterprise VPN,33.96,0.274,5.59,57.21,99.491,88.62
2026-07-16T12:00:00,2026-07-16,2026-07,Jakarta,SITE-0031,Cloud Connectivity,27.42,0.186,1.12,63.65,98.238,90.67
2026-07-16T18:00:00,2026-07-16,2026-07,Bandung,SITE-0032,Enterprise VPN,27.05,0.176,3.3,65.13,99.029,91.9
2026-07-16T06:00:00,2026-07-16,2026-07,Surabaya,SITE-0033,Voice,26.2,0.153,10.45,72.16,99.413,88.31
2026-07-16T06:00:00,2026-07-16,2026-07,Medan,SITE-0034,Mobile Broadband,63.47,1.909,18.66,92.79,97.146,49.47
2026-07-16T00:00:00,2026-07-16,2026-07,Makassar,SITE-0035,Mobile Broadband,32.07,0.0,6.87,56.83,98.627,89.33
2026-07-16T12:00:00,2026-07-16,2026-07,Semarang,SITE-0036,Enterprise VPN,46.51,0.097,5.71,64.06,99.079,87.71
2026-07-16T06:00:00,2026-07-16,2026-07,Yogyakarta,SITE-0037,Cloud Connectivity,32.84,0.934,6.15,66.96,98.649,82.18
2026-07-16T00:00:00,2026-07-16,2026-07,Denpasar,SITE-0038,Enterprise VPN,26.05,0.175,4.06,67.48,98.64,90.6
2026-07-16T06:00:00,2026-07-16,2026-07,Palembang,SITE-0039,IPTV,22.31,0.0,9.74,55.82,99.02,90.63
2026-07-16T06:00:00,2026-07-16,2026-07,Balikpapan,SITE-0040,Voice,11.94,0.0,5.3,72.6,98.868,94.54
2026-07-16T18:00:00,2026-07-16,2026-07,Jakarta,SITE-0041,Cloud Connectivity,37.18,0.196,3.29,54.07,99.142,89.93
2026-07-16T18:00:00,2026-07-16,2026-07,Bandung,SITE-0042,Voice,34.99,0.391,3.48,67.99,98.646,87.59
2026-07-16T06:00:00,2026-07-16,2026-07,Surabaya,SITE-0043,Cloud Connectivity,19.89,0.221,4.34,70.62,98.808,91.69
2026-07-16T06:00:00,2026-07-16,2026-07,Medan,SITE-0044,Cloud Connectivity,81.31,2.255,16.08,86.54,97.275,48.12
2026-07-16T12:00:00,2026-07-16,2026-07,Makassar,SITE-0045,Fiber Internet,25.47,0.418,3.22,65.68,99.808,90.3
2026-07-16T12:00:00,2026-07-16,2026-07,Semarang,SITE-0046,Cloud Connectivity,28.64,0.728,2.25,64.43,98.829,87.27
2026-07-16T12:00:00,2026-07-16,2026-07,Yogyakarta,SITE-0047,Mobile Broadband,40.89,0.71,5.15,55.32,99.027,84.13
2026-07-16T00:00:00,2026-07-16,2026-07,Denpasar,SITE-0048,Voice,25.6,0.585,13.0,61.84,98.573,82.28
2026-07-16T06:00:00,2026-07-16,2026-07,Palembang,SITE-0049,IPTV,23.6,0.511,10.89,57.4,99.17,85.67
2026-07-16T18:00:00,2026-07-16,2026-07,Balikpapan,SITE-0050,Cloud Connectivity,27.74,0.09,5.78,64.44,99.375,91.11
2026-07-23T12:00:00,2026-07-23,2026-07,Jakarta,SITE-0001,IPTV,19.39,0.029,2.41,65.64,97.583,90.7
2026-07-23T18:00:00,2026-07-23,2026-07,Bandung,SITE-0002,Mobile Broadband,19.72,0.0,0.82,71.14,99.711,96.0
2026-07-23T18:00:00,2026-07-23,2026-07,Surabaya,SITE-0003,Fiber Internet,34.55,0.294,3.86,66.99,97.906,86.02
2026-07-23T18:00:00,2026-07-23,2026-07,Medan,SITE-0004,IPTV,73.48,1.648,18.78,74.4,96.77,56.57
2026-07-23T06:00:00,2026-07-23,2026-07,Makassar,SITE-0005,Fiber Internet,12.32,0.811,14.73,79.19,99.756,81.31
2026-07-23T06:00:00,2026-07-23,2026-07,Semarang,SITE-0006,Cloud Connectivity,16.7,0.0,6.08,70.86,99.085,93.65
2026-07-23T18:00:00,2026-07-23,2026-07,Yogyakarta,SITE-0007,IPTV,33.36,0.088,10.11,73.55,98.379,85.86
2026-07-23T00:00:00,2026-07-23,2026-07,Denpasar,SITE-0008,Fiber Internet,31.97,0.136,3.93,60.92,99.612,91.0
2026-07-23T18:00:00,2026-07-23,2026-07,Palembang,SITE-0009,IPTV,7.3,0.664,9.17,45.82,99.353,88.33
2026-07-23T06:00:00,2026-07-23,2026-07,Balikpapan,SITE-0010,Cloud Connectivity,14.62,0.786,0.5,76.18,99.715,90.28
2026-07-23T00:00:00,2026-07-23,2026-07,Jakarta,SITE-0011,Cloud Connectivity,39.16,0.08,7.23,61.29,98.657,87.31
2026-07-23T00:00:00,2026-07-23,2026-07,Bandung,SITE-0012,Fiber Internet,40.3,0.855,6.44,73.96,99.389,82.36
2026-07-23T00:00:00,2026-07-23,2026-07,Surabaya,SITE-0013,Mobile Broadband,7.48,0.0,7.74,58.89,99.25,94.39
2026-07-23T00:00:00,2026-07-23,2026-07,Medan,SITE-0014,Voice,65.31,2.262,20.36,85.77,96.198,45.7
2026-07-23T00:00:00,2026-07-23,2026-07,Makassar,SITE-0015,Mobile Broadband,30.98,0.491,1.2,51.54,99.233,89.83
2026-07-23T18:00:00,2026-07-23,2026-07,Semarang,SITE-0016,Enterprise VPN,15.53,0.537,1.53,62.24,99.99,92.07
2026-07-23T18:00:00,2026-07-23,2026-07,Yogyakarta,SITE-0017,IPTV,37.73,0.174,6.92,65.4,99.189,88.01
2026-07-23T18:00:00,2026-07-23,2026-07,Denpasar,SITE-0018,Cloud Connectivity,26.87,0.206,7.6,66.03,98.45,87.69
2026-07-23T00:00:00,2026-07-23,2026-07,Palembang,SITE-0019,Enterprise VPN,15.64,0.092,4.46,67.38,98.334,92.0
2026-07-23T06:00:00,2026-07-23,2026-07,Balikpapan,SITE-0020,Mobile Broadband,29.39,0.215,11.58,54.78,99.112,86.63
2026-07-23T12:00:00,2026-07-23,2026-07,Jakarta,SITE-0021,Enterprise VPN,30.64,0.149,7.15,48.24,99.086,89.36
2026-07-23T06:00:00,2026-07-23,2026-07,Bandung,SITE-0022,Mobile Broadband,46.41,0.896,9.54,58.14,98.293,77.11
2026-07-23T18:00:00,2026-07-23,2026-07,Surabaya,SITE-0023,Cloud Connectivity,9.5,0.0,6.34,62.07,98.902,94.51
2026-07-23T12:00:00,2026-07-23,2026-07,Medan,SITE-0024,Voice,75.87,2.062,11.54,92.0,96.657,48.82
2026-07-23T00:00:00,2026-07-23,2026-07,Makassar,SITE-0025,IPTV,32.89,0.298,4.34,68.76,99.65,89.31
2026-07-23T12:00:00,2026-07-23,2026-07,Semarang,SITE-0026,Enterprise VPN,28.47,0.235,10.62,55.35,99.729,87.16
2026-07-23T00:00:00,2026-07-23,2026-07,Yogyakarta,SITE-0027,IPTV,24.57,0.769,7.85,65.92,99.064,85.11
2026-07-23T00:00:00,2026-07-23,2026-07,Denpasar,SITE-0028,Voice,20.73,0.552,12.09,67.33,99.302,85.2
2026-07-23T12:00:00,2026-07-23,2026-07,Palembang,SITE-0029,Voice,24.35,0.643,9.25,80.3,98.815,82.45
2026-07-23T12:00:00,2026-07-23,2026-07,Balikpapan,SITE-0030,Enterprise VPN,29.93,0.309,10.01,71.06,99.344,86.64
2026-07-23T18:00:00,2026-07-23,2026-07,Jakarta,SITE-0031,Cloud Connectivity,33.11,0.326,8.17,65.4,98.683,85.99
2026-07-23T00:00:00,2026-07-23,2026-07,Bandung,SITE-0032,Enterprise VPN,20.69,0.477,8.48,55.43,99.712,87.8
2026-07-23T06:00:00,2026-07-23,2026-07,Surabaya,SITE-0033,Voice,35.73,0.233,7.2,44.7,99.221,87.74
2026-07-23T06:00:00,2026-07-23,2026-07,Medan,SITE-0034,Mobile Broadband,63.15,2.831,15.05,98.0,96.063,38.55
2026-07-23T00:00:00,2026-07-23,2026-07,Makassar,SITE-0035,Mobile Broadband,29.34,0.67,2.79,76.46,99.912,87.17
2026-07-23T12:00:00,2026-07-23,2026-07,Semarang,SITE-0036,Enterprise VPN,25.36,0.553,7.82,57.75,99.092,86.71
2026-07-23T18:00:00,2026-07-23,2026-07,Yogyakarta,SITE-0037,Cloud Connectivity,17.98,0.448,5.25,70.53,99.054,90.29
2026-07-23T18:00:00,2026-07-23,2026-07,Denpasar,SITE-0038,Enterprise VPN,25.92,0.168,9.3,60.18,98.259,86.65
2026-07-23T00:00:00,2026-07-23,2026-07,Palembang,SITE-0039,IPTV,31.17,0.145,8.97,66.07,99.468,88.3
2026-07-23T18:00:00,2026-07-23,2026-07,Balikpapan,SITE-0040,Voice,10.72,0.0,10.64,71.43,99.99,92.22
2026-07-23T06:00:00,2026-07-23,2026-07,Jakarta,SITE-0041,Cloud Connectivity,27.3,0.0,11.95,46.64,99.819,88.51
2026-07-23T12:00:00,2026-07-23,2026-07,Bandung,SITE-0042,Voice,32.27,0.118,7.29,57.79,98.665,88.23
2026-07-23T12:00:00,2026-07-23,2026-07,Surabaya,SITE-0043,Cloud Connectivity,16.14,0.0,8.64,55.48,98.387,90.5
2026-07-23T06:00:00,2026-07-23,2026-07,Medan,SITE-0044,Cloud Connectivity,71.86,2.243,13.95,77.75,95.952,51.07
2026-07-23T18:00:00,2026-07-23,2026-07,Makassar,SITE-0045,Fiber Internet,42.11,0.477,12.01,51.13,98.783,81.35
2026-07-23T18:00:00,2026-07-23,2026-07,Semarang,SITE-0046,Cloud Connectivity,31.59,0.282,7.23,62.64,98.292,85.96
2026-07-23T18:00:00,2026-07-23,2026-07,Yogyakarta,SITE-0047,Mobile Broadband,25.76,0.455,4.17,53.57,99.949,89.43
2026-07-23T18:00:00,2026-07-23,2026-07,Denpasar,SITE-0048,Voice,29.78,0.594,4.13,65.54,98.026,84.69
2026-07-23T12:00:00,2026-07-23,2026-07,Palembang,SITE-0049,IPTV,27.37,0.35,10.62,58.22,98.895,86.12
2026-07-23T06:00:00,2026-07-23,2026-07,Balikpapan,SITE-0050,Cloud Connectivity,23.16,0.456,9.46,74.89,98.866,86.58
2026-07-30T06:00:00,2026-07-30,2026-07,Jakarta,SITE-0001,IPTV,23.49,0.0,6.15,68.29,99.471,92.39
2026-07-30T12:00:00,2026-07-30,2026-07,Bandung,SITE-0002,Mobile Broadband,25.31,0.622,4.18,53.03,98.693,87.25
2026-07-30T06:00:00,2026-07-30,2026-07,Surabaya,SITE-0003,Fiber Internet,23.1,0.457,6.72,46.39,99.085,88.49
2026-07-30T18:00:00,2026-07-30,2026-07,Medan,SITE-0004,IPTV,15.76,1.053,6.04,68.44,99.011,85.42
2026-07-30T06:00:00,2026-07-30,2026-07,Makassar,SITE-0005,Fiber Internet,53.27,0.843,0.5,61.64,99.401,83.39
2026-07-30T12:00:00,2026-07-30,2026-07,Semarang,SITE-0006,Cloud Connectivity,30.97,0.223,0.5,58.74,99.071,92.37
2026-07-30T12:00:00,2026-07-30,2026-07,Yogyakarta,SITE-0007,IPTV,36.82,0.453,5.77,76.68,98.565,84.52
2026-07-30T12:00:00,2026-07-30,2026-07,Denpasar,SITE-0008,Fiber Internet,35.87,0.349,8.53,74.13,99.99,86.06
2026-07-30T18:00:00,2026-07-30,2026-07,Palembang,SITE-0009,IPTV,31.58,0.681,5.67,65.4,99.115,85.75
2026-07-30T18:00:00,2026-07-30,2026-07,Balikpapan,SITE-0010,Cloud Connectivity,29.18,0.094,4.83,61.74,99.131,91.34
2026-07-30T00:00:00,2026-07-30,2026-07,Jakarta,SITE-0011,Cloud Connectivity,13.26,0.0,8.54,71.12,98.438,91.23
2026-07-30T18:00:00,2026-07-30,2026-07,Bandung,SITE-0012,Fiber Internet,35.29,0.323,10.13,35.15,99.017,85.49
2026-07-30T12:00:00,2026-07-30,2026-07,Surabaya,SITE-0013,Mobile Broadband,23.27,0.426,4.23,54.15,99.285,90.08
2026-07-30T00:00:00,2026-07-30,2026-07,Medan,SITE-0014,Voice,43.34,0.15,3.97,68.27,98.973,88.74
2026-07-30T18:00:00,2026-07-30,2026-07,Makassar,SITE-0015,Mobile Broadband,18.33,0.48,9.13,69.4,98.826,87.32
2026-07-30T06:00:00,2026-07-30,2026-07,Semarang,SITE-0016,Enterprise VPN,36.91,0.007,8.91,64.37,97.842,84.93
2026-07-30T12:00:00,2026-07-30,2026-07,Yogyakarta,SITE-0017,IPTV,30.57,0.482,1.85,56.48,98.858,89.2
2026-07-30T18:00:00,2026-07-30,2026-07,Denpasar,SITE-0018,Cloud Connectivity,26.53,0.069,9.19,57.86,99.187,89.62
2026-07-30T18:00:00,2026-07-30,2026-07,Palembang,SITE-0019,Enterprise VPN,27.21,0.0,4.16,68.47,99.578,92.81
2026-07-30T06:00:00,2026-07-30,2026-07,Balikpapan,SITE-0020,Mobile Broadband,38.44,0.308,2.64,63.66,99.766,89.17
2026-07-30T00:00:00,2026-07-30,2026-07,Jakarta,SITE-0021,Enterprise VPN,22.02,0.0,0.5,62.51,99.19,95.76
2026-07-30T12:00:00,2026-07-30,2026-07,Bandung,SITE-0022,Mobile Broadband,34.59,0.16,3.77,52.56,99.672,90.42
2026-07-30T06:00:00,2026-07-30,2026-07,Surabaya,SITE-0023,Cloud Connectivity,31.91,0.857,6.39,62.47,98.123,81.25
2026-07-30T18:00:00,2026-07-30,2026-07,Medan,SITE-0024,Voice,36.56,0.136,15.33,50.31,99.99,83.9
2026-07-30T18:00:00,2026-07-30,2026-07,Makassar,SITE-0025,IPTV,29.38,0.395,8.18,60.84,98.802,86.46
2026-07-30T12:00:00,2026-07-30,2026-07,Semarang,SITE-0026,Enterprise VPN,22.27,0.246,6.45,65.49,99.393,90.48
2026-07-30T00:00:00,2026-07-30,2026-07,Yogyakarta,SITE-0027,IPTV,30.32,0.55,6.81,54.74,99.216,86.4
2026-07-30T12:00:00,2026-07-30,2026-07,Denpasar,SITE-0028,Voice,9.07,0.217,0.5,71.51,99.203,96.35
2026-07-30T06:00:00,2026-07-30,2026-07,Palembang,SITE-0029,Voice,25.9,0.356,4.71,68.08,99.874,89.9
2026-07-30T06:00:00,2026-07-30,2026-07,Balikpapan,SITE-0030,Enterprise VPN,15.82,0.0,5.33,58.51,99.51,94.22
2026-07-30T00:00:00,2026-07-30,2026-07,Jakarta,SITE-0031,Cloud Connectivity,26.57,0.144,6.25,60.7,99.14,90.63
2026-07-30T00:00:00,2026-07-30,2026-07,Bandung,SITE-0032,Enterprise VPN,41.35,0.485,4.44,66.8,98.495,84.72
2026-07-30T00:00:00,2026-07-30,2026-07,Surabaya,SITE-0033,Voice,55.67,0.124,7.97,63.61,98.797,84.0
2026-07-30T06:00:00,2026-07-30,2026-07,Medan,SITE-0034,Mobile Broadband,26.83,0.743,7.15,71.36,99.133,85.3
2026-07-30T06:00:00,2026-07-30,2026-07,Makassar,SITE-0035,Mobile Broadband,18.34,0.386,11.68,64.42,99.056,87.19
2026-07-30T00:00:00,2026-07-30,2026-07,Semarang,SITE-0036,Enterprise VPN,9.37,0.181,11.11,63.88,99.053,90.76
2026-07-30T06:00:00,2026-07-30,2026-07,Yogyakarta,SITE-0037,Cloud Connectivity,30.05,0.727,0.5,42.43,99.053,88.5
2026-07-30T00:00:00,2026-07-30,2026-07,Denpasar,SITE-0038,Enterprise VPN,13.63,0.788,2.38,65.05,98.556,88.6
2026-07-30T18:00:00,2026-07-30,2026-07,Palembang,SITE-0039,IPTV,32.12,0.291,0.73,57.96,99.203,91.49
2026-07-30T12:00:00,2026-07-30,2026-07,Balikpapan,SITE-0040,Voice,15.66,0.213,11.91,59.09,99.417,88.93
2026-07-30T00:00:00,2026-07-30,2026-07,Jakarta,SITE-0041,Cloud Connectivity,21.43,0.0,6.88,49.54,99.99,92.36
2026-07-30T06:00:00,2026-07-30,2026-07,Bandung,SITE-0042,Voice,22.34,0.434,7.01,62.66,97.987,85.61
2026-07-30T12:00:00,2026-07-30,2026-07,Surabaya,SITE-0043,Cloud Connectivity,19.64,0.362,6.73,75.42,98.89,89.35
2026-07-30T06:00:00,2026-07-30,2026-07,Medan,SITE-0044,Cloud Connectivity,20.6,0.0,6.55,63.88,99.922,92.69
2026-07-30T00:00:00,2026-07-30,2026-07,Makassar,SITE-0045,Fiber Internet,41.22,0.906,3.72,61.82,98.731,82.49
2026-07-30T06:00:00,2026-07-30,2026-07,Semarang,SITE-0046,Cloud Connectivity,20.15,0.234,4.55,56.62,99.218,92.0
2026-07-30T18:00:00,2026-07-30,2026-07,Yogyakarta,SITE-0047,Mobile Broadband,34.0,0.269,11.57,61.56,98.45,83.72
2026-07-30T00:00:00,2026-07-30,2026-07,Denpasar,SITE-0048,Voice,19.05,0.757,2.14,70.37,99.437,89.34
2026-07-30T18:00:00,2026-07-30,2026-07,Palembang,SITE-0049,IPTV,36.51,0.248,9.15,67.35,98.949,86.26
2026-07-30T00:00:00,2026-07-30,2026-07,Balikpapan,SITE-0050,Cloud Connectivity,19.21,0.637,3.21,70.4,98.657,88.65
2026-08-06T00:00:00,2026-08-06,2026-08,Jakarta,SITE-0001,IPTV,42.85,0.367,9.07,69.31,98.835,83.87
2026-08-06T18:00:00,2026-08-06,2026-08,Bandung,SITE-0002,Mobile Broadband,35.21,0.228,6.0,56.29,99.472,88.54
2026-08-06T00:00:00,2026-08-06,2026-08,Surabaya,SITE-0003,Fiber Internet,23.46,0.0,7.58,55.99,99.361,91.61
2026-08-06T00:00:00,2026-08-06,2026-08,Medan,SITE-0004,IPTV,27.44,0.857,6.84,58.34,98.492,82.92
2026-08-06T06:00:00,2026-08-06,2026-08,Makassar,SITE-0005,Fiber Internet,16.46,0.473,6.66,65.95,98.655,88.56
2026-08-06T06:00:00,2026-08-06,2026-08,Semarang,SITE-0006,Cloud Connectivity,13.92,0.365,3.03,52.99,97.815,89.35
2026-08-06T18:00:00,2026-08-06,2026-08,Yogyakarta,SITE-0007,IPTV,27.88,0.549,10.93,65.21,99.802,84.58
2026-08-06T12:00:00,2026-08-06,2026-08,Denpasar,SITE-0008,Fiber Internet,31.05,0.172,7.63,52.27,98.673,87.86
2026-08-06T18:00:00,2026-08-06,2026-08,Palembang,SITE-0009,IPTV,17.99,0.58,6.12,59.37,97.836,85.26
2026-08-06T18:00:00,2026-08-06,2026-08,Balikpapan,SITE-0010,Cloud Connectivity,26.03,0.0,1.82,58.22,99.99,94.31
2026-08-06T18:00:00,2026-08-06,2026-08,Jakarta,SITE-0011,Cloud Connectivity,43.98,0.0,1.88,58.95,98.094,88.33
2026-08-06T06:00:00,2026-08-06,2026-08,Bandung,SITE-0012,Fiber Internet,44.39,0.684,1.66,57.5,98.927,85.41
2026-08-06T18:00:00,2026-08-06,2026-08,Surabaya,SITE-0013,Mobile Broadband,29.37,0.519,9.22,59.08,99.148,85.49
2026-08-06T18:00:00,2026-08-06,2026-08,Medan,SITE-0014,Voice,35.56,0.314,0.5,57.73,99.163,90.82
2026-08-06T06:00:00,2026-08-06,2026-08,Makassar,SITE-0015,Mobile Broadband,14.26,0.0,12.95,48.82,99.191,90.31
2026-08-06T00:00:00,2026-08-06,2026-08,Semarang,SITE-0016,Enterprise VPN,24.22,0.086,1.23,50.28,99.663,94.28
2026-08-06T12:00:00,2026-08-06,2026-08,Yogyakarta,SITE-0017,IPTV,50.21,0.539,5.39,56.12,99.677,83.68
2026-08-06T06:00:00,2026-08-06,2026-08,Denpasar,SITE-0018,Cloud Connectivity,43.8,0.921,6.2,55.15,99.124,81.33
2026-08-06T18:00:00,2026-08-06,2026-08,Palembang,SITE-0019,Enterprise VPN,24.5,0.327,1.13,75.49,99.036,92.13
2026-08-06T18:00:00,2026-08-06,2026-08,Balikpapan,SITE-0020,Mobile Broadband,31.27,0.0,2.83,53.82,98.461,91.2
2026-08-06T12:00:00,2026-08-06,2026-08,Jakarta,SITE-0021,Enterprise VPN,21.88,0.0,9.53,63.1,99.94,90.82
2026-08-06T12:00:00,2026-08-06,2026-08,Bandung,SITE-0022,Mobile Broadband,21.53,0.361,11.26,58.85,98.649,85.99
2026-08-06T06:00:00,2026-08-06,2026-08,Surabaya,SITE-0023,Cloud Connectivity,22.28,0.0,0.5,50.7,99.484,95.71
2026-08-06T00:00:00,2026-08-06,2026-08,Medan,SITE-0024,Voice,30.58,0.0,6.92,83.22,99.809,86.99
2026-08-06T00:00:00,2026-08-06,2026-08,Makassar,SITE-0025,IPTV,32.1,0.241,11.6,58.11,99.99,85.92
2026-08-06T06:00:00,2026-08-06,2026-08,Semarang,SITE-0026,Enterprise VPN,39.73,0.24,7.5,53.15,99.031,86.8
2026-08-06T00:00:00,2026-08-06,2026-08,Yogyakarta,SITE-0027,IPTV,40.4,0.187,11.44,72.23,98.093,82.22
2026-08-06T00:00:00,2026-08-06,2026-08,Denpasar,SITE-0028,Voice,47.47,0.38,8.55,65.09,99.99,83.71
2026-08-06T18:00:00,2026-08-06,2026-08,Palembang,SITE-0029,Voice,31.68,0.67,6.75,68.19,98.329,83.22
2026-08-06T18:00:00,2026-08-06,2026-08,Balikpapan,SITE-0030,Enterprise VPN,55.16,0.941,6.08,69.35,99.639,79.2
2026-08-06T12:00:00,2026-08-06,2026-08,Jakarta,SITE-0031,Cloud Connectivity,14.98,0.367,0.5,66.05,97.931,90.88
2026-08-06T06:00:00,2026-08-06,2026-08,Bandung,SITE-0032,Enterprise VPN,38.4,0.0,1.48,63.02,99.99,92.27
2026-08-06T06:00:00,2026-08-06,2026-08,Surabaya,SITE-0033,Voice,11.23,0.198,2.61,55.51,98.737,94.17
2026-08-06T06:00:00,2026-08-06,2026-08,Medan,SITE-0034,Mobile Broadband,24.41,0.342,8.42,72.19,99.99,88.24
2026-08-06T12:00:00,2026-08-06,2026-08,Makassar,SITE-0035,Mobile Broadband,14.69,0.195,7.39,50.93,99.108,91.73
2026-08-06T06:00:00,2026-08-06,2026-08,Semarang,SITE-0036,Enterprise VPN,43.12,0.479,7.7,58.97,99.674,84.17
2026-08-06T06:00:00,2026-08-06,2026-08,Yogyakarta,SITE-0037,Cloud Connectivity,37.07,0.631,3.57,59.46,98.281,84.16
2026-08-06T18:00:00,2026-08-06,2026-08,Denpasar,SITE-0038,Enterprise VPN,39.59,0.209,4.16,61.44,98.649,87.86
2026-08-06T00:00:00,2026-08-06,2026-08,Palembang,SITE-0039,IPTV,27.66,0.247,2.87,55.19,98.728,90.65
2026-08-06T18:00:00,2026-08-06,2026-08,Balikpapan,SITE-0040,Voice,16.78,0.908,1.09,64.45,98.395,87.29
2026-08-06T00:00:00,2026-08-06,2026-08,Jakarta,SITE-0041,Cloud Connectivity,32.38,0.436,8.27,61.43,99.622,86.14
2026-08-06T18:00:00,2026-08-06,2026-08,Bandung,SITE-0042,Voice,20.99,0.467,1.4,66.68,99.99,91.71
2026-08-06T06:00:00,2026-08-06,2026-08,Surabaya,SITE-0043,Cloud Connectivity,8.66,0.582,4.06,56.55,99.444,91.55
2026-08-06T18:00:00,2026-08-06,2026-08,Medan,SITE-0044,Cloud Connectivity,24.98,0.599,4.09,62.12,98.48,86.9
2026-08-06T18:00:00,2026-08-06,2026-08,Makassar,SITE-0045,Fiber Internet,27.94,0.297,1.28,54.91,99.173,91.89
2026-08-06T00:00:00,2026-08-06,2026-08,Semarang,SITE-0046,Cloud Connectivity,10.16,0.0,3.68,65.35,99.39,96.15
2026-08-06T00:00:00,2026-08-06,2026-08,Yogyakarta,SITE-0047,Mobile Broadband,48.26,0.705,7.89,34.09,98.228,79.02
2026-08-06T06:00:00,2026-08-06,2026-08,Denpasar,SITE-0048,Voice,33.31,0.712,6.79,68.33,99.814,84.58
2026-08-06T18:00:00,2026-08-06,2026-08,Palembang,SITE-0049,IPTV,46.38,0.909,5.22,53.13,98.252,79.26
2026-08-06T12:00:00,2026-08-06,2026-08,Balikpapan,SITE-0050,Cloud Connectivity,21.1,0.284,10.72,64.57,99.193,88.03
2026-08-13T00:00:00,2026-08-13,2026-08,Jakarta,SITE-0001,IPTV,15.81,0.387,9.22,62.18,98.548,87.63
2026-08-13T06:00:00,2026-08-13,2026-08,Bandung,SITE-0002,Mobile Broadband,14.06,0.0,9.51,65.6,98.714,91.38
2026-08-13T06:00:00,2026-08-13,2026-08,Surabaya,SITE-0003,Fiber Internet,17.92,0.816,11.08,53.66,98.911,83.88
2026-08-13T12:00:00,2026-08-13,2026-08,Medan,SITE-0004,IPTV,29.02,0.12,4.7,75.79,99.229,90.87
2026-08-13T00:00:00,2026-08-13,2026-08,Makassar,SITE-0005,Fiber Internet,42.85,0.489,4.72,55.89,99.224,85.78
2026-08-13T00:00:00,2026-08-13,2026-08,Semarang,SITE-0006,Cloud Connectivity,31.25,0.0,7.78,53.83,99.216,90.1
2026-08-13T12:00:00,2026-08-13,2026-08,Yogyakarta,SITE-0007,IPTV,24.23,0.0,12.38,61.43,99.99,88.83
2026-08-13T18:00:00,2026-08-13,2026-08,Denpasar,SITE-0008,Fiber Internet,19.93,0.595,7.41,72.63,99.652,87.58
2026-08-13T00:00:00,2026-08-13,2026-08,Palembang,SITE-0009,IPTV,21.06,0.36,7.45,55.57,98.894,88.91
2026-08-13T00:00:00,2026-08-13,2026-08,Balikpapan,SITE-0010,Cloud Connectivity,22.41,0.557,8.79,54.05,97.837,83.19
2026-08-13T06:00:00,2026-08-13,2026-08,Jakarta,SITE-0011,Cloud Connectivity,25.51,0.0,8.46,45.25,99.371,90.75
2026-08-13T12:00:00,2026-08-13,2026-08,Bandung,SITE-0012,Fiber Internet,46.71,0.119,1.02,63.34,99.99,90.08
2026-08-13T12:00:00,2026-08-13,2026-08,Surabaya,SITE-0013,Mobile Broadband,19.99,0.266,8.52,59.7,98.207,87.22
2026-08-13T18:00:00,2026-08-13,2026-08,Medan,SITE-0014,Voice,29.81,0.259,5.88,65.04,99.106,89.33
2026-08-13T12:00:00,2026-08-13,2026-08,Makassar,SITE-0015,Mobile Broadband,16.55,0.692,3.87,68.88,99.146,89.36
2026-08-13T18:00:00,2026-08-13,2026-08,Semarang,SITE-0016,Enterprise VPN,29.92,0.0,14.86,56.74,98.588,85.2
2026-08-13T18:00:00,2026-08-13,2026-08,Yogyakarta,SITE-0017,IPTV,36.43,0.511,3.07,64.47,99.111,87.66
2026-08-13T06:00:00,2026-08-13,2026-08,Denpasar,SITE-0018,Cloud Connectivity,33.56,0.406,13.12,61.76,99.425,83.49
2026-08-13T00:00:00,2026-08-13,2026-08,Palembang,SITE-0019,Enterprise VPN,33.1,0.577,7.42,60.55,99.751,85.35
2026-08-13T06:00:00,2026-08-13,2026-08,Balikpapan,SITE-0020,Mobile Broadband,27.86,0.727,5.13,64.27,98.102,83.65
2026-08-13T12:00:00,2026-08-13,2026-08,Jakarta,SITE-0021,Enterprise VPN,22.64,0.006,7.15,60.82,98.876,91.57
2026-08-13T00:00:00,2026-08-13,2026-08,Bandung,SITE-0022,Mobile Broadband,41.38,0.523,8.46,64.34,99.51,83.71
2026-08-13T06:00:00,2026-08-13,2026-08,Surabaya,SITE-0023,Cloud Connectivity,36.08,0.0,6.01,64.37,98.738,89.41
2026-08-13T00:00:00,2026-08-13,2026-08,Medan,SITE-0024,Voice,25.13,0.614,2.33,60.24,98.355,87.35
2026-08-13T00:00:00,2026-08-13,2026-08,Makassar,SITE-0025,IPTV,11.9,0.468,8.38,67.55,98.697,88.59
2026-08-13T18:00:00,2026-08-13,2026-08,Semarang,SITE-0026,Enterprise VPN,32.36,0.447,9.18,52.45,99.502,85.55
2026-08-13T12:00:00,2026-08-13,2026-08,Yogyakarta,SITE-0027,IPTV,25.37,0.299,5.42,65.92,99.704,90.06
2026-08-13T06:00:00,2026-08-13,2026-08,Denpasar,SITE-0028,Voice,31.85,0.357,5.75,57.88,99.99,88.25
2026-08-13T00:00:00,2026-08-13,2026-08,Palembang,SITE-0029,Voice,31.28,0.684,5.01,62.09,99.46,86.14
2026-08-13T18:00:00,2026-08-13,2026-08,Balikpapan,SITE-0030,Enterprise VPN,24.09,0.299,7.49,64.15,98.294,87.04
2026-08-13T12:00:00,2026-08-13,2026-08,Jakarta,SITE-0031,Cloud Connectivity,7.6,0.546,0.5,69.08,98.745,93.23
2026-08-13T12:00:00,2026-08-13,2026-08,Bandung,SITE-0032,Enterprise VPN,25.14,0.0,1.61,71.89,99.603,94.59
2026-08-13T00:00:00,2026-08-13,2026-08,Surabaya,SITE-0033,Voice,26.21,0.494,3.18,58.81,99.61,89.58
2026-08-13T00:00:00,2026-08-13,2026-08,Medan,SITE-0034,Mobile Broadband,27.98,0.797,13.21,63.22,99.182,81.32
2026-08-13T00:00:00,2026-08-13,2026-08,Makassar,SITE-0035,Mobile Broadband,35.85,0.12,5.79,53.75,99.778,89.41
2026-08-13T06:00:00,2026-08-13,2026-08,Semarang,SITE-0036,Enterprise VPN,6.34,0.0,0.5,65.97,98.836,98.09
2026-08-13T06:00:00,2026-08-13,2026-08,Yogyakarta,SITE-0037,Cloud Connectivity,40.14,0.156,9.2,56.04,98.024,83.54
2026-08-13T00:00:00,2026-08-13,2026-08,Denpasar,SITE-0038,Enterprise VPN,13.55,0.0,4.47,63.43,98.966,95.0
2026-08-13T12:00:00,2026-08-13,2026-08,Palembang,SITE-0039,IPTV,18.0,1.121,0.5,60.1,97.845,84.05
2026-08-13T00:00:00,2026-08-13,2026-08,Balikpapan,SITE-0040,Voice,26.02,0.413,8.74,61.13,98.238,84.91
2026-08-13T00:00:00,2026-08-13,2026-08,Jakarta,SITE-0041,Cloud Connectivity,21.19,0.0,3.82,63.21,99.318,94.08
2026-08-13T00:00:00,2026-08-13,2026-08,Bandung,SITE-0042,Voice,34.47,0.487,14.96,80.96,98.551,77.64
2026-08-13T06:00:00,2026-08-13,2026-08,Surabaya,SITE-0043,Cloud Connectivity,31.74,0.652,4.75,50.45,99.613,86.45
2026-08-13T18:00:00,2026-08-13,2026-08,Medan,SITE-0044,Cloud Connectivity,23.73,0.09,10.62,50.74,98.261,86.95
2026-08-13T12:00:00,2026-08-13,2026-08,Makassar,SITE-0045,Fiber Internet,22.88,0.0,3.91,53.53,99.836,93.73
2026-08-13T18:00:00,2026-08-13,2026-08,Semarang,SITE-0046,Cloud Connectivity,24.63,0.671,4.37,74.95,99.154,87.79
2026-08-13T18:00:00,2026-08-13,2026-08,Yogyakarta,SITE-0047,Mobile Broadband,36.79,0.193,0.5,66.6,98.952,91.41
2026-08-13T12:00:00,2026-08-13,2026-08,Denpasar,SITE-0048,Voice,35.27,0.566,1.51,64.23,98.948,88.13
2026-08-13T18:00:00,2026-08-13,2026-08,Palembang,SITE-0049,IPTV,5.0,0.567,11.06,67.12,98.627,87.36
2026-08-13T12:00:00,2026-08-13,2026-08,Balikpapan,SITE-0050,Cloud Connectivity,17.8,0.12,0.77,51.98,99.433,95.41
2026-08-20T12:00:00,2026-08-20,2026-08,Jakarta,SITE-0001,IPTV,34.39,0.0,5.12,60.86,99.691,90.99
2026-08-20T12:00:00,2026-08-20,2026-08,Bandung,SITE-0002,Mobile Broadband,43.56,0.78,8.91,68.14,98.56,79.7
2026-08-20T00:00:00,2026-08-20,2026-08,Surabaya,SITE-0003,Fiber Internet,41.41,0.659,5.4,64.25,99.388,84.3
2026-08-20T18:00:00,2026-08-20,2026-08,Medan,SITE-0004,IPTV,39.69,0.0,1.39,53.19,98.991,92.06
2026-08-20T18:00:00,2026-08-20,2026-08,Makassar,SITE-0005,Fiber Internet,22.94,0.802,10.95,50.25,99.386,83.44
2026-08-20T00:00:00,2026-08-20,2026-08,Semarang,SITE-0006,Cloud Connectivity,32.98,0.0,4.71,51.44,98.713,90.61
2026-08-20T06:00:00,2026-08-20,2026-08,Yogyakarta,SITE-0007,IPTV,5.0,0.044,2.94,55.35,99.15,97.13
2026-08-20T18:00:00,2026-08-20,2026-08,Denpasar,SITE-0008,Fiber Internet,35.5,0.474,9.18,58.91,98.278,82.6
2026-08-20T06:00:00,2026-08-20,2026-08,Palembang,SITE-0009,IPTV,19.28,0.59,0.5,63.46,98.099,88.83
2026-08-20T00:00:00,2026-08-20,2026-08,Balikpapan,SITE-0010,Cloud Connectivity,35.05,0.0,4.42,43.09,98.31,89.19
2026-08-20T00:00:00,2026-08-20,2026-08,Jakarta,SITE-0011,Cloud Connectivity,29.05,0.501,3.8,31.87,98.446,87.01
2026-08-20T00:00:00,2026-08-20,2026-08,Bandung,SITE-0012,Fiber Internet,24.34,0.613,4.68,80.1,98.898,85.54
2026-08-20T06:00:00,2026-08-20,2026-08,Surabaya,SITE-0013,Mobile Broadband,34.35,0.399,0.5,60.92,98.879,89.99
2026-08-20T06:00:00,2026-08-20,2026-08,Medan,SITE-0014,Voice,26.17,0.315,4.17,62.19,99.896,90.48
2026-08-20T18:00:00,2026-08-20,2026-08,Makassar,SITE-0015,Mobile Broadband,29.09,0.691,8.4,52.23,99.828,84.61
2026-08-20T00:00:00,2026-08-20,2026-08,Semarang,SITE-0016,Enterprise VPN,18.46,0.378,9.32,54.41,99.018,88.53
2026-08-20T00:00:00,2026-08-20,2026-08,Yogyakarta,SITE-0017,IPTV,24.18,0.042,8.31,70.45,99.151,90.74
2026-08-20T00:00:00,2026-08-20,2026-08,Denpasar,SITE-0018,Cloud Connectivity,27.06,0.404,4.76,60.8,98.456,87.65
2026-08-20T18:00:00,2026-08-20,2026-08,Palembang,SITE-0019,Enterprise VPN,26.99,0.252,11.66,52.58,98.703,85.82
2026-08-20T18:00:00,2026-08-20,2026-08,Balikpapan,SITE-0020,Mobile Broadband,9.02,0.382,7.04,53.74,98.747,90.69
2026-08-20T06:00:00,2026-08-20,2026-08,Jakarta,SITE-0021,Enterprise VPN,34.18,0.148,8.7,71.43,98.786,87.24
2026-08-20T12:00:00,2026-08-20,2026-08,Bandung,SITE-0022,Mobile Broadband,13.26,0.267,13.22,74.52,98.88,87.84
2026-08-20T00:00:00,2026-08-20,2026-08,Surabaya,SITE-0023,Cloud Connectivity,35.52,0.0,6.75,76.78,98.841,88.62
2026-08-20T06:00:00,2026-08-20,2026-08,Medan,SITE-0024,Voice,38.8,0.359,8.94,70.25,98.779,84.57
2026-08-20T12:00:00,2026-08-20,2026-08,Makassar,SITE-0025,IPTV,30.21,0.045,4.01,58.74,98.659,90.98
2026-08-20T00:00:00,2026-08-20,2026-08,Semarang,SITE-0026,Enterprise VPN,52.62,0.177,0.5,67.46,98.037,85.95
2026-08-20T06:00:00,2026-08-20,2026-08,Yogyakarta,SITE-0027,IPTV,22.26,0.197,1.4,64.6,98.955,93.51
2026-08-20T18:00:00,2026-08-20,2026-08,Denpasar,SITE-0028,Voice,44.98,0.197,5.88,65.07,98.684,86.15
2026-08-20T06:00:00,2026-08-20,2026-08,Palembang,SITE-0029,Voice,43.08,0.0,8.65,52.1,98.302,85.4
2026-08-20T18:00:00,2026-08-20,2026-08,Balikpapan,SITE-0030,Enterprise VPN,14.76,0.533,7.58,66.77,99.153,88.9
2026-08-20T06:00:00,2026-08-20,2026-08,Jakarta,SITE-0031,Cloud Connectivity,28.44,0.031,11.9,52.89,99.841,88.08
2026-08-20T00:00:00,2026-08-20,2026-08,Bandung,SITE-0032,Enterprise VPN,14.49,0.419,9.69,63.57,98.577,87.44
2026-08-20T12:00:00,2026-08-20,2026-08,Surabaya,SITE-0033,Voice,29.08,0.217,4.86,68.48,99.079,90.36
2026-08-20T12:00:00,2026-08-20,2026-08,Medan,SITE-0034,Mobile Broadband,29.68,0.094,6.5,55.28,99.99,90.33
2026-08-20T06:00:00,2026-08-20,2026-08,Makassar,SITE-0035,Mobile Broadband,17.24,0.333,1.7,68.85,98.755,92.56
2026-08-20T00:00:00,2026-08-20,2026-08,Semarang,SITE-0036,Enterprise VPN,41.93,0.716,12.13,62.47,99.179,80.05
2026-08-20T18:00:00,2026-08-20,2026-08,Yogyakarta,SITE-0037,Cloud Connectivity,32.04,0.112,14.06,75.74,99.99,85.28
2026-08-20T12:00:00,2026-08-20,2026-08,Denpasar,SITE-0038,Enterprise VPN,19.37,0.0,5.78,62.71,98.667,92.34
2026-08-20T18:00:00,2026-08-20,2026-08,Palembang,SITE-0039,IPTV,34.87,0.206,2.44,65.23,99.282,90.73
2026-08-20T12:00:00,2026-08-20,2026-08,Balikpapan,SITE-0040,Voice,26.78,0.4,4.6,61.62,98.7,88.55
2026-08-20T06:00:00,2026-08-20,2026-08,Jakarta,SITE-0041,Cloud Connectivity,23.39,0.568,0.5,70.23,99.165,90.97
2026-08-20T18:00:00,2026-08-20,2026-08,Bandung,SITE-0042,Voice,26.55,0.0,3.74,77.14,99.688,92.2
2026-08-20T06:00:00,2026-08-20,2026-08,Surabaya,SITE-0043,Cloud Connectivity,23.26,0.487,11.29,58.88,98.496,84.2
2026-08-20T18:00:00,2026-08-20,2026-08,Medan,SITE-0044,Cloud Connectivity,39.17,0.148,6.75,58.98,98.586,86.81
2026-08-20T06:00:00,2026-08-20,2026-08,Makassar,SITE-0045,Fiber Internet,25.9,0.3,1.33,71.96,98.647,91.15
2026-08-20T12:00:00,2026-08-20,2026-08,Semarang,SITE-0046,Cloud Connectivity,33.48,0.293,4.38,51.85,99.465,89.22
2026-08-20T18:00:00,2026-08-20,2026-08,Yogyakarta,SITE-0047,Mobile Broadband,26.63,0.0,5.23,68.0,99.325,92.33
2026-08-20T00:00:00,2026-08-20,2026-08,Denpasar,SITE-0048,Voice,27.77,0.034,7.69,80.39,99.76,88.07
2026-08-20T06:00:00,2026-08-20,2026-08,Palembang,SITE-0049,IPTV,29.99,1.299,0.5,77.04,99.603,83.02
2026-08-20T18:00:00,2026-08-20,2026-08,Balikpapan,SITE-0050,Cloud Connectivity,14.39,0.993,4.43,58.11,99.916,87.03
2026-08-27T18:00:00,2026-08-27,2026-08,Jakarta,SITE-0001,IPTV,21.19,0.193,1.47,89.46,98.695,86.41
2026-08-27T18:00:00,2026-08-27,2026-08,Bandung,SITE-0002,Mobile Broadband,15.47,0.214,9.0,61.8,98.707,89.68
2026-08-27T00:00:00,2026-08-27,2026-08,Surabaya,SITE-0003,Fiber Internet,28.78,0.135,10.75,65.25,98.66,86.81
2026-08-27T12:00:00,2026-08-27,2026-08,Medan,SITE-0004,IPTV,43.49,0.85,10.43,74.01,99.664,79.63
2026-08-27T00:00:00,2026-08-27,2026-08,Makassar,SITE-0005,Fiber Internet,12.34,0.052,9.56,72.3,99.501,92.11
2026-08-27T00:00:00,2026-08-27,2026-08,Semarang,SITE-0006,Cloud Connectivity,39.64,0.313,2.8,63.87,98.874,88.45
2026-08-27T06:00:00,2026-08-27,2026-08,Yogyakarta,SITE-0007,IPTV,31.67,0.903,13.24,70.69,98.692,78.87
2026-08-27T18:00:00,2026-08-27,2026-08,Denpasar,SITE-0008,Fiber Internet,28.38,0.436,3.84,65.12,99.151,89.29
2026-08-27T18:00:00,2026-08-27,2026-08,Palembang,SITE-0009,IPTV,35.55,0.0,5.52,57.2,99.438,90.56
2026-08-27T12:00:00,2026-08-27,2026-08,Balikpapan,SITE-0010,Cloud Connectivity,22.0,0.428,1.51,53.74,99.224,91.78
2026-08-27T06:00:00,2026-08-27,2026-08,Jakarta,SITE-0011,Cloud Connectivity,25.34,0.524,0.5,48.86,99.013,90.97
2026-08-27T00:00:00,2026-08-27,2026-08,Bandung,SITE-0012,Fiber Internet,29.1,0.006,2.44,58.8,99.928,93.37
2026-08-27T12:00:00,2026-08-27,2026-08,Surabaya,SITE-0013,Mobile Broadband,38.7,0.0,0.5,75.0,99.288,92.76
2026-08-27T06:00:00,2026-08-27,2026-08,Medan,SITE-0014,Voice,41.36,0.484,7.41,54.25,99.366,84.61
2026-08-27T12:00:00,2026-08-27,2026-08,Makassar,SITE-0015,Mobile Broadband,7.08,0.0,12.2,67.15,99.99,92.02
2026-08-27T00:00:00,2026-08-27,2026-08,Semarang,SITE-0016,Enterprise VPN,18.86,0.0,3.0,58.47,98.672,93.97
2026-08-27T18:00:00,2026-08-27,2026-08,Yogyakarta,SITE-0017,IPTV,22.57,0.0,7.77,62.47,98.711,90.8
2026-08-27T00:00:00,2026-08-27,2026-08,Denpasar,SITE-0018,Cloud Connectivity,32.96,0.44,8.33,64.37,99.637,85.97
2026-08-27T12:00:00,2026-08-27,2026-08,Palembang,SITE-0019,Enterprise VPN,32.85,0.309,9.81,43.35,99.541,86.22
2026-08-27T00:00:00,2026-08-27,2026-08,Balikpapan,SITE-0020,Mobile Broadband,24.32,0.069,7.16,70.86,99.077,91.13
2026-08-27T12:00:00,2026-08-27,2026-08,Jakarta,SITE-0021,Enterprise VPN,32.71,0.841,4.81,56.75,99.142,84.73
2026-08-27T00:00:00,2026-08-27,2026-08,Bandung,SITE-0022,Mobile Broadband,38.22,0.785,12.08,55.3,98.961,80.08
2026-08-27T00:00:00,2026-08-27,2026-08,Surabaya,SITE-0023,Cloud Connectivity,43.8,0.312,12.33,64.78,98.665,81.84
2026-08-27T18:00:00,2026-08-27,2026-08,Medan,SITE-0024,Voice,23.28,0.436,9.32,54.93,99.517,87.19
2026-08-27T06:00:00,2026-08-27,2026-08,Makassar,SITE-0025,IPTV,26.43,0.81,2.79,77.75,97.83,82.48
2026-08-27T18:00:00,2026-08-27,2026-08,Semarang,SITE-0026,Enterprise VPN,20.72,0.609,9.11,50.44,99.486,86.39
2026-08-27T06:00:00,2026-08-27,2026-08,Yogyakarta,SITE-0027,IPTV,29.07,0.252,0.5,61.33,99.99,92.48
2026-08-27T12:00:00,2026-08-27,2026-08,Denpasar,SITE-0028,Voice,34.57,0.0,5.28,58.68,99.337,90.87
2026-08-27T06:00:00,2026-08-27,2026-08,Palembang,SITE-0029,Voice,26.81,0.537,8.39,59.55,99.99,86.26
2026-08-27T12:00:00,2026-08-27,2026-08,Balikpapan,SITE-0030,Enterprise VPN,39.19,0.102,1.74,47.72,99.301,91.18
2026-08-27T18:00:00,2026-08-27,2026-08,Jakarta,SITE-0031,Cloud Connectivity,23.86,0.0,0.68,68.08,98.506,93.85
2026-08-27T06:00:00,2026-08-27,2026-08,Bandung,SITE-0032,Enterprise VPN,22.95,0.131,9.38,75.17,99.808,89.58
2026-08-27T00:00:00,2026-08-27,2026-08,Surabaya,SITE-0033,Voice,41.74,0.637,8.01,54.31,98.734,82.19
2026-08-27T12:00:00,2026-08-27,2026-08,Medan,SITE-0034,Mobile Broadband,41.74,0.181,5.13,59.21,99.534,88.22
2026-08-27T12:00:00,2026-08-27,2026-08,Makassar,SITE-0035,Mobile Broadband,22.39,0.095,6.36,70.3,99.941,91.71
2026-08-27T12:00:00,2026-08-27,2026-08,Semarang,SITE-0036,Enterprise VPN,33.04,0.38,5.54,61.4,98.479,86.4
2026-08-27T00:00:00,2026-08-27,2026-08,Yogyakarta,SITE-0037,Cloud Connectivity,33.28,0.133,7.48,77.04,98.091,85.18
2026-08-27T12:00:00,2026-08-27,2026-08,Denpasar,SITE-0038,Enterprise VPN,24.74,0.006,7.51,66.73,99.217,91.37
2026-08-27T06:00:00,2026-08-27,2026-08,Palembang,SITE-0039,IPTV,20.74,0.217,6.65,68.81,98.8,90.27
2026-08-27T12:00:00,2026-08-27,2026-08,Balikpapan,SITE-0040,Voice,11.8,1.267,4.08,71.52,99.99,85.5
2026-08-27T18:00:00,2026-08-27,2026-08,Jakarta,SITE-0041,Cloud Connectivity,41.01,0.338,6.82,75.91,99.63,85.75
2026-08-27T18:00:00,2026-08-27,2026-08,Bandung,SITE-0042,Voice,32.14,0.318,8.59,52.18,99.99,86.95
2026-08-27T12:00:00,2026-08-27,2026-08,Surabaya,SITE-0043,Cloud Connectivity,38.03,0.0,0.87,43.75,99.616,92.68
2026-08-27T18:00:00,2026-08-27,2026-08,Medan,SITE-0044,Cloud Connectivity,47.92,0.509,3.29,46.89,98.705,84.61
2026-08-27T12:00:00,2026-08-27,2026-08,Makassar,SITE-0045,Fiber Internet,39.2,0.0,11.13,52.18,99.234,86.82
2026-08-27T06:00:00,2026-08-27,2026-08,Semarang,SITE-0046,Cloud Connectivity,21.32,0.238,0.5,79.76,99.93,91.84
2026-08-27T06:00:00,2026-08-27,2026-08,Yogyakarta,SITE-0047,Mobile Broadband,18.89,0.563,8.19,51.42,99.069,87.59
2026-08-27T18:00:00,2026-08-27,2026-08,Denpasar,SITE-0048,Voice,9.91,0.946,9.9,61.19,97.487,80.66
2026-08-27T12:00:00,2026-08-27,2026-08,Palembang,SITE-0049,IPTV,47.49,0.915,8.89,67.21,99.99,79.24
2026-08-27T18:00:00,2026-08-27,2026-08,Balikpapan,SITE-0050,Cloud Connectivity,23.88,0.455,4.28,62.09,98.253,87.47
2026-09-03T12:00:00,2026-09-03,2026-09,Jakarta,SITE-0001,IPTV,45.55,0.737,2.45,60.54,98.44,82.88
2026-09-03T12:00:00,2026-09-03,2026-09,Bandung,SITE-0002,Mobile Broadband,23.98,0.477,5.9,71.21,98.978,88.56
2026-09-03T06:00:00,2026-09-03,2026-09,Surabaya,SITE-0003,Fiber Internet,20.51,0.586,2.56,52.87,98.222,87.88
2026-09-03T06:00:00,2026-09-03,2026-09,Medan,SITE-0004,IPTV,30.11,1.001,1.78,68.54,99.284,85.6
2026-09-03T12:00:00,2026-09-03,2026-09,Makassar,SITE-0005,Fiber Internet,30.53,0.227,9.02,61.32,98.342,85.76
2026-09-03T18:00:00,2026-09-03,2026-09,Semarang,SITE-0006,Cloud Connectivity,21.5,0.475,5.66,58.02,99.99,89.22
2026-09-03T18:00:00,2026-09-03,2026-09,Yogyakarta,SITE-0007,IPTV,27.17,0.714,13.18,51.12,99.784,82.15
2026-09-03T06:00:00,2026-09-03,2026-09,Denpasar,SITE-0008,Fiber Internet,30.23,0.465,0.81,55.38,99.394,90.39
2026-09-03T06:00:00,2026-09-03,2026-09,Palembang,SITE-0009,IPTV,23.84,0.608,4.0,68.06,98.249,86.4
2026-09-03T06:00:00,2026-09-03,2026-09,Balikpapan,SITE-0010,Cloud Connectivity,38.66,0.045,5.86,49.26,99.238,89.46
2026-09-03T12:00:00,2026-09-03,2026-09,Jakarta,SITE-0011,Cloud Connectivity,25.69,0.52,5.66,70.4,99.99,88.1
2026-09-03T06:00:00,2026-09-03,2026-09,Bandung,SITE-0012,Fiber Internet,16.7,0.076,9.99,63.23,98.991,90.86
2026-09-03T06:00:00,2026-09-03,2026-09,Surabaya,SITE-0013,Mobile Broadband,31.03,0.848,8.74,64.03,98.434,81.13
2026-09-03T18:00:00,2026-09-03,2026-09,Medan,SITE-0014,Voice,23.37,0.181,3.55,58.17,99.248,92.39
2026-09-03T12:00:00,2026-09-03,2026-09,Makassar,SITE-0015,Mobile Broadband,24.72,0.222,5.17,62.0,99.711,90.93
2026-09-03T06:00:00,2026-09-03,2026-09,Semarang,SITE-0016,Enterprise VPN,27.48,0.286,8.09,54.79,99.758,88.32
2026-09-03T00:00:00,2026-09-03,2026-09,Yogyakarta,SITE-0017,IPTV,17.67,0.0,3.2,83.8,99.99,91.1
2026-09-03T12:00:00,2026-09-03,2026-09,Denpasar,SITE-0018,Cloud Connectivity,31.41,0.02,9.44,67.46,98.841,88.51
2026-09-03T06:00:00,2026-09-03,2026-09,Palembang,SITE-0019,Enterprise VPN,28.27,0.951,7.48,50.19,98.509,81.72
2026-09-03T18:00:00,2026-09-03,2026-09,Balikpapan,SITE-0020,Mobile Broadband,35.41,0.802,7.71,62.42,98.664,81.96
2026-09-03T18:00:00,2026-09-03,2026-09,Jakarta,SITE-0021,Enterprise VPN,21.8,0.32,11.31,67.56,99.315,87.3
2026-09-03T06:00:00,2026-09-03,2026-09,Bandung,SITE-0022,Mobile Broadband,28.74,0.0,6.35,60.43,98.615,90.18
2026-09-03T06:00:00,2026-09-03,2026-09,Surabaya,SITE-0023,Cloud Connectivity,46.84,0.541,8.19,67.82,99.699,82.73
2026-09-03T00:00:00,2026-09-03,2026-09,Medan,SITE-0024,Voice,21.73,0.325,2.82,64.54,98.455,90.3
2026-09-03T12:00:00,2026-09-03,2026-09,Makassar,SITE-0025,IPTV,27.57,0.32,6.85,56.71,99.104,88.71
2026-09-03T06:00:00,2026-09-03,2026-09,Semarang,SITE-0026,Enterprise VPN,41.91,0.891,6.07,57.24,98.974,81.91
2026-09-03T12:00:00,2026-09-03,2026-09,Yogyakarta,SITE-0027,IPTV,31.47,0.368,3.88,68.63,99.164,89.26
2026-09-03T18:00:00,2026-09-03,2026-09,Denpasar,SITE-0028,Voice,25.6,0.041,4.73,50.67,97.433,87.76
2026-09-03T18:00:00,2026-09-03,2026-09,Palembang,SITE-0029,Voice,31.25,0.655,2.09,58.3,98.291,85.86
2026-09-03T00:00:00,2026-09-03,2026-09,Balikpapan,SITE-0030,Enterprise VPN,30.65,0.0,4.53,67.26,98.761,91.27
2026-09-03T06:00:00,2026-09-03,2026-09,Jakarta,SITE-0031,Cloud Connectivity,23.84,0.552,8.63,47.12,98.653,85.51
2026-09-03T00:00:00,2026-09-03,2026-09,Bandung,SITE-0032,Enterprise VPN,29.6,0.578,10.94,78.95,98.226,79.93
2026-09-03T06:00:00,2026-09-03,2026-09,Surabaya,SITE-0033,Voice,21.02,0.117,8.91,64.86,99.037,90.38
2026-09-03T12:00:00,2026-09-03,2026-09,Medan,SITE-0034,Mobile Broadband,21.02,0.273,4.76,57.55,99.771,91.41
2026-09-03T00:00:00,2026-09-03,2026-09,Makassar,SITE-0035,Mobile Broadband,41.21,0.0,1.85,55.26,98.968,91.47
2026-09-03T12:00:00,2026-09-03,2026-09,Semarang,SITE-0036,Enterprise VPN,25.35,0.0,0.57,71.82,99.624,95.12
2026-09-03T06:00:00,2026-09-03,2026-09,Yogyakarta,SITE-0037,Cloud Connectivity,32.19,0.332,5.09,68.83,98.265,86.54
2026-09-03T18:00:00,2026-09-03,2026-09,Denpasar,SITE-0038,Enterprise VPN,29.6,0.0,0.5,44.01,99.99,94.4
2026-09-03T06:00:00,2026-09-03,2026-09,Palembang,SITE-0039,IPTV,38.47,0.63,3.26,66.42,99.99,86.24
2026-09-03T00:00:00,2026-09-03,2026-09,Balikpapan,SITE-0040,Voice,15.05,0.936,7.0,56.45,98.859,85.53
2026-09-03T12:00:00,2026-09-03,2026-09,Jakarta,SITE-0041,Cloud Connectivity,18.46,1.196,8.35,52.15,99.576,82.52
2026-09-03T12:00:00,2026-09-03,2026-09,Bandung,SITE-0042,Voice,21.78,0.976,6.47,67.27,99.057,84.72
2026-09-03T06:00:00,2026-09-03,2026-09,Surabaya,SITE-0043,Cloud Connectivity,32.14,0.0,6.44,73.52,99.198,90.67
2026-09-03T00:00:00,2026-09-03,2026-09,Medan,SITE-0044,Cloud Connectivity,21.98,0.445,1.62,49.69,99.073,91.59
2026-09-03T06:00:00,2026-09-03,2026-09,Makassar,SITE-0045,Fiber Internet,37.16,0.209,10.23,68.59,98.541,84.64
2026-09-03T00:00:00,2026-09-03,2026-09,Semarang,SITE-0046,Cloud Connectivity,33.79,0.351,5.24,71.09,99.688,88.23
2026-09-03T06:00:00,2026-09-03,2026-09,Yogyakarta,SITE-0047,Mobile Broadband,23.0,0.139,1.66,48.56,98.926,93.61
2026-09-03T00:00:00,2026-09-03,2026-09,Denpasar,SITE-0048,Voice,26.09,1.051,8.4,64.14,98.716,81.43
2026-09-03T00:00:00,2026-09-03,2026-09,Palembang,SITE-0049,IPTV,27.3,0.361,5.78,84.19,98.842,84.41
2026-09-03T00:00:00,2026-09-03,2026-09,Balikpapan,SITE-0050,Cloud Connectivity,22.77,0.0,7.11,70.69,99.268,91.99
2026-09-10T06:00:00,2026-09-10,2026-09,Jakarta,SITE-0001,IPTV,39.73,0.624,6.82,67.08,98.885,83.76
2026-09-10T06:00:00,2026-09-10,2026-09,Bandung,SITE-0002,Mobile Broadband,24.21,0.779,2.89,66.56,99.646,87.82
2026-09-10T06:00:00,2026-09-10,2026-09,Surabaya,SITE-0003,Fiber Internet,32.01,0.625,7.77,66.27,99.538,84.97
2026-09-10T00:00:00,2026-09-10,2026-09,Medan,SITE-0004,IPTV,30.75,1.199,6.81,62.5,99.99,81.13
2026-09-10T00:00:00,2026-09-10,2026-09,Makassar,SITE-0005,Fiber Internet,68.59,2.3,7.56,71.99,96.589,57.86
2026-09-10T12:00:00,2026-09-10,2026-09,Semarang,SITE-0006,Cloud Connectivity,37.56,0.169,9.26,56.48,99.545,86.79
2026-09-10T12:00:00,2026-09-10,2026-09,Yogyakarta,SITE-0007,IPTV,40.27,0.038,10.52,51.74,99.99,86.66
2026-09-10T06:00:00,2026-09-10,2026-09,Denpasar,SITE-0008,Fiber Internet,26.92,0.469,4.7,58.05,98.256,86.58
2026-09-10T12:00:00,2026-09-10,2026-09,Palembang,SITE-0009,IPTV,33.2,0.0,1.76,59.09,99.084,93.05
2026-09-10T18:00:00,2026-09-10,2026-09,Balikpapan,SITE-0010,Cloud Connectivity,22.68,0.916,10.73,47.38,98.926,82.46
2026-09-10T06:00:00,2026-09-10,2026-09,Jakarta,SITE-0011,Cloud Connectivity,34.61,0.223,4.0,52.96,99.604,89.78
2026-09-10T18:00:00,2026-09-10,2026-09,Bandung,SITE-0012,Fiber Internet,50.97,0.0,5.45,60.76,99.552,87.83
2026-09-10T18:00:00,2026-09-10,2026-09,Surabaya,SITE-0013,Mobile Broadband,19.81,0.369,0.5,61.7,98.958,93.08
2026-09-10T00:00:00,2026-09-10,2026-09,Medan,SITE-0014,Voice,29.16,0.829,5.03,56.81,99.99,85.36
2026-09-10T12:00:00,2026-09-10,2026-09,Makassar,SITE-0015,Mobile Broadband,76.64,2.882,16.33,78.69,97.65,48.46
2026-09-10T18:00:00,2026-09-10,2026-09,Semarang,SITE-0016,Enterprise VPN,15.62,0.52,0.5,67.89,99.239,92.76
2026-09-10T12:00:00,2026-09-10,2026-09,Yogyakarta,SITE-0017,IPTV,30.54,0.729,2.34,55.22,99.913,87.38
2026-09-10T00:00:00,2026-09-10,2026-09,Denpasar,SITE-0018,Cloud Connectivity,37.16,0.712,5.32,61.14,98.87,84.3
2026-09-10T12:00:00,2026-09-10,2026-09,Palembang,SITE-0019,Enterprise VPN,19.95,0.367,7.69,37.51,98.674,88.27
2026-09-10T12:00:00,2026-09-10,2026-09,Balikpapan,SITE-0020,Mobile Broadband,24.42,0.0,4.65,67.7,99.042,93.05
2026-09-10T00:00:00,2026-09-10,2026-09,Jakarta,SITE-0021,Enterprise VPN,23.18,0.078,11.47,61.5,98.621,87.76
2026-09-10T18:00:00,2026-09-10,2026-09,Bandung,SITE-0022,Mobile Broadband,30.66,0.346,8.8,71.41,99.08,86.87
2026-09-10T18:00:00,2026-09-10,2026-09,Surabaya,SITE-0023,Cloud Connectivity,26.41,0.55,2.38,62.52,99.99,89.54
2026-09-10T00:00:00,2026-09-10,2026-09,Medan,SITE-0024,Voice,40.21,0.282,3.26,64.38,99.344,88.72
2026-09-10T12:00:00,2026-09-10,2026-09,Makassar,SITE-0025,IPTV,77.86,2.771,16.39,88.4,95.74,39.0
2026-09-10T18:00:00,2026-09-10,2026-09,Semarang,SITE-0026,Enterprise VPN,49.17,0.087,4.69,59.62,99.99,87.87
2026-09-10T12:00:00,2026-09-10,2026-09,Yogyakarta,SITE-0027,IPTV,26.8,0.0,5.73,60.37,98.839,91.54
2026-09-10T12:00:00,2026-09-10,2026-09,Denpasar,SITE-0028,Voice,33.83,0.749,5.2,61.12,99.83,85.06
2026-09-10T00:00:00,2026-09-10,2026-09,Palembang,SITE-0029,Voice,32.67,0.294,7.62,60.69,98.56,86.25
2026-09-10T12:00:00,2026-09-10,2026-09,Balikpapan,SITE-0030,Enterprise VPN,35.6,0.07,0.54,67.77,99.058,92.74
2026-09-10T06:00:00,2026-09-10,2026-09,Jakarta,SITE-0031,Cloud Connectivity,32.41,0.0,7.55,52.77,99.912,90.01
2026-09-10T18:00:00,2026-09-10,2026-09,Bandung,SITE-0032,Enterprise VPN,24.0,0.768,3.01,57.01,98.505,86.39
2026-09-10T12:00:00,2026-09-10,2026-09,Surabaya,SITE-0033,Voice,25.6,0.589,8.43,61.46,97.884,82.69
2026-09-10T12:00:00,2026-09-10,2026-09,Medan,SITE-0034,Mobile Broadband,22.86,0.219,8.2,70.22,99.221,89.62
2026-09-10T18:00:00,2026-09-10,2026-09,Makassar,SITE-0035,Mobile Broadband,57.5,2.028,13.02,92.3,96.912,52.22
2026-09-10T12:00:00,2026-09-10,2026-09,Semarang,SITE-0036,Enterprise VPN,27.21,0.136,5.6,54.56,99.119,90.93
2026-09-10T12:00:00,2026-09-10,2026-09,Yogyakarta,SITE-0037,Cloud Connectivity,19.68,0.578,6.3,64.08,99.845,88.37
2026-09-10T12:00:00,2026-09-10,2026-09,Denpasar,SITE-0038,Enterprise VPN,27.71,0.667,5.14,58.85,99.823,86.85
2026-09-10T12:00:00,2026-09-10,2026-09,Palembang,SITE-0039,IPTV,23.87,0.314,5.63,50.81,98.543,88.73
2026-09-10T00:00:00,2026-09-10,2026-09,Balikpapan,SITE-0040,Voice,30.72,0.976,10.15,74.74,99.661,81.08
2026-09-10T18:00:00,2026-09-10,2026-09,Jakarta,SITE-0041,Cloud Connectivity,21.61,0.514,4.29,48.14,98.707,88.76
2026-09-10T18:00:00,2026-09-10,2026-09,Bandung,SITE-0042,Voice,35.6,0.741,6.37,73.06,97.737,80.37
2026-09-10T00:00:00,2026-09-10,2026-09,Surabaya,SITE-0043,Cloud Connectivity,33.17,0.0,4.61,46.34,99.858,91.49
2026-09-10T18:00:00,2026-09-10,2026-09,Medan,SITE-0044,Cloud Connectivity,12.94,0.026,5.22,72.27,99.309,94.59
2026-09-10T06:00:00,2026-09-10,2026-09,Makassar,SITE-0045,Fiber Internet,68.45,2.336,12.75,97.25,96.444,44.3
2026-09-10T18:00:00,2026-09-10,2026-09,Semarang,SITE-0046,Cloud Connectivity,24.05,0.372,9.36,57.77,98.611,86.38
2026-09-10T00:00:00,2026-09-10,2026-09,Yogyakarta,SITE-0047,Mobile Broadband,10.77,0.217,7.28,61.26,99.409,92.32
2026-09-10T00:00:00,2026-09-10,2026-09,Denpasar,SITE-0048,Voice,22.47,0.357,2.45,67.39,99.019,91.75
2026-09-10T18:00:00,2026-09-10,2026-09,Palembang,SITE-0049,IPTV,21.41,0.296,9.62,60.71,98.554,87.15
2026-09-10T00:00:00,2026-09-10,2026-09,Balikpapan,SITE-0050,Cloud Connectivity,23.08,0.0,6.79,67.97,99.98,92.11
2026-09-17T06:00:00,2026-09-17,2026-09,Jakarta,SITE-0001,IPTV,23.3,1.006,5.38,70.56,97.581,80.54
2026-09-17T06:00:00,2026-09-17,2026-09,Bandung,SITE-0002,Mobile Broadband,29.45,0.496,8.52,63.67,98.58,84.79
2026-09-17T00:00:00,2026-09-17,2026-09,Surabaya,SITE-0003,Fiber Internet,26.37,0.278,6.03,64.29,97.941,86.54
2026-09-17T06:00:00,2026-09-17,2026-09,Medan,SITE-0004,IPTV,38.39,0.0,3.24,52.03,98.729,90.49
2026-09-17T18:00:00,2026-09-17,2026-09,Makassar,SITE-0005,Fiber Internet,76.47,1.848,20.78,82.41,97.23,51.38
2026-09-17T00:00:00,2026-09-17,2026-09,Semarang,SITE-0006,Cloud Connectivity,36.36,0.214,3.25,74.77,99.359,89.96
2026-09-17T12:00:00,2026-09-17,2026-09,Yogyakarta,SITE-0007,IPTV,43.45,0.677,5.24,73.08,98.953,83.74
2026-09-17T12:00:00,2026-09-17,2026-09,Denpasar,SITE-0008,Fiber Internet,33.48,0.383,0.5,61.8,99.078,90.63
2026-09-17T12:00:00,2026-09-17,2026-09,Palembang,SITE-0009,IPTV,16.96,0.274,4.92,48.76,98.682,91.09
2026-09-17T00:00:00,2026-09-17,2026-09,Balikpapan,SITE-0010,Cloud Connectivity,17.32,0.0,9.21,55.41,98.607,90.64
2026-09-17T06:00:00,2026-09-17,2026-09,Jakarta,SITE-0011,Cloud Connectivity,25.4,0.305,6.26,66.12,99.306,89.55
2026-09-17T12:00:00,2026-09-17,2026-09,Bandung,SITE-0012,Fiber Internet,27.73,0.118,4.28,66.26,99.067,91.72
2026-09-17T00:00:00,2026-09-17,2026-09,Surabaya,SITE-0013,Mobile Broadband,18.76,0.761,1.56,61.82,99.07,89.67
2026-09-17T00:00:00,2026-09-17,2026-09,Medan,SITE-0014,Voice,31.07,0.0,8.0,70.78,99.047,90.01
2026-09-17T06:00:00,2026-09-17,2026-09,Makassar,SITE-0015,Mobile Broadband,62.05,2.096,13.2,92.16,96.243,48.81
2026-09-17T12:00:00,2026-09-17,2026-09,Semarang,SITE-0016,Enterprise VPN,36.1,0.13,4.06,58.49,98.46,88.61
2026-09-17T12:00:00,2026-09-17,2026-09,Yogyakarta,SITE-0017,IPTV,17.54,1.59,10.37,62.8,99.203,78.42
2026-09-17T06:00:00,2026-09-17,2026-09,Denpasar,SITE-0018,Cloud Connectivity,27.98,0.0,5.11,62.6,99.742,92.15
2026-09-17T00:00:00,2026-09-17,2026-09,Palembang,SITE-0019,Enterprise VPN,30.73,0.61,5.9,54.33,99.321,86.34
2026-09-17T06:00:00,2026-09-17,2026-09,Balikpapan,SITE-0020,Mobile Broadband,7.8,0.754,0.5,49.14,98.165,89.78
2026-09-17T12:00:00,2026-09-17,2026-09,Jakarta,SITE-0021,Enterprise VPN,35.03,0.189,9.95,59.65,99.083,86.71
2026-09-17T18:00:00,2026-09-17,2026-09,Bandung,SITE-0022,Mobile Broadband,37.46,0.935,16.88,61.17,99.828,76.49
2026-09-17T06:00:00,2026-09-17,2026-09,Surabaya,SITE-0023,Cloud Connectivity,17.06,0.0,7.93,67.62,98.271,90.38
2026-09-17T00:00:00,2026-09-17,2026-09,Medan,SITE-0024,Voice,33.9,0.9,1.89,55.63,98.873,85.27
2026-09-17T12:00:00,2026-09-17,2026-09,Makassar,SITE-0025,IPTV,75.44,2.244,17.98,73.58,96.001,49.58
2026-09-17T12:00:00,2026-09-17,2026-09,Semarang,SITE-0026,Enterprise VPN,29.18,0.183,0.99,57.68,99.622,92.74
2026-09-17T06:00:00,2026-09-17,2026-09,Yogyakarta,SITE-0027,IPTV,19.65,0.896,7.31,64.6,98.646,84.21
2026-09-17T00:00:00,2026-09-17,2026-09,Denpasar,SITE-0028,Voice,41.59,0.148,0.5,57.06,99.188,91.06
2026-09-17T18:00:00,2026-09-17,2026-09,Palembang,SITE-0029,Voice,18.08,0.458,2.81,69.86,99.787,91.53
2026-09-17T18:00:00,2026-09-17,2026-09,Balikpapan,SITE-0030,Enterprise VPN,35.74,0.0,7.42,52.34,99.272,89.49
2026-09-17T06:00:00,2026-09-17,2026-09,Jakarta,SITE-0031,Cloud Connectivity,30.13,0.0,7.26,65.91,99.195,90.58
2026-09-17T18:00:00,2026-09-17,2026-09,Bandung,SITE-0032,Enterprise VPN,39.91,0.41,6.11,63.92,99.696,86.18
2026-09-17T06:00:00,2026-09-17,2026-09,Surabaya,SITE-0033,Voice,22.04,0.617,0.61,54.33,99.667,90.76
2026-09-17T00:00:00,2026-09-17,2026-09,Medan,SITE-0034,Mobile Broadband,25.45,0.863,3.08,48.92,99.274,86.82
2026-09-17T06:00:00,2026-09-17,2026-09,Makassar,SITE-0035,Mobile Broadband,66.51,2.204,14.73,80.65,96.182,51.3
2026-09-17T06:00:00,2026-09-17,2026-09,Semarang,SITE-0036,Enterprise VPN,18.94,0.083,4.39,75.49,98.814,92.74
2026-09-17T06:00:00,2026-09-17,2026-09,Yogyakarta,SITE-0037,Cloud Connectivity,31.87,0.468,9.27,44.24,97.924,82.19
2026-09-17T12:00:00,2026-09-17,2026-09,Denpasar,SITE-0038,Enterprise VPN,41.63,0.125,2.38,64.58,98.849,89.75
2026-09-17T00:00:00,2026-09-17,2026-09,Palembang,SITE-0039,IPTV,23.0,0.756,2.34,52.57,98.859,88.1
2026-09-17T00:00:00,2026-09-17,2026-09,Balikpapan,SITE-0040,Voice,9.13,0.876,4.02,51.0,99.99,89.14
2026-09-17T12:00:00,2026-09-17,2026-09,Jakarta,SITE-0041,Cloud Connectivity,23.2,0.506,15.55,62.27,99.379,83.22
2026-09-17T00:00:00,2026-09-17,2026-09,Bandung,SITE-0042,Voice,37.2,0.104,2.26,57.36,98.131,88.62
2026-09-17T18:00:00,2026-09-17,2026-09,Surabaya,SITE-0043,Cloud Connectivity,27.71,0.324,1.41,52.53,97.764,87.94
2026-09-17T00:00:00,2026-09-17,2026-09,Medan,SITE-0044,Cloud Connectivity,23.81,0.927,7.01,62.59,98.434,82.74
2026-09-17T06:00:00,2026-09-17,2026-09,Makassar,SITE-0045,Fiber Internet,72.58,2.227,13.75,90.2,97.962,51.6
2026-09-17T12:00:00,2026-09-17,2026-09,Semarang,SITE-0046,Cloud Connectivity,11.04,0.309,6.63,59.69,97.845,88.43
2026-09-17T00:00:00,2026-09-17,2026-09,Yogyakarta,SITE-0047,Mobile Broadband,39.61,0.179,2.92,63.49,99.697,89.84
2026-09-17T18:00:00,2026-09-17,2026-09,Denpasar,SITE-0048,Voice,41.39,0.667,6.05,74.41,99.393,83.89
2026-09-17T18:00:00,2026-09-17,2026-09,Palembang,SITE-0049,IPTV,25.63,0.344,3.17,77.55,98.695,88.83
2026-09-17T00:00:00,2026-09-17,2026-09,Balikpapan,SITE-0050,Cloud Connectivity,28.6,1.275,7.69,51.35,98.752,79.67
2026-09-24T12:00:00,2026-09-24,2026-09,Jakarta,SITE-0001,IPTV,21.25,0.543,6.87,55.56,99.006,88.05
2026-09-24T18:00:00,2026-09-24,2026-09,Bandung,SITE-0002,Mobile Broadband,29.51,0.684,4.46,70.82,99.282,86.76
2026-09-24T18:00:00,2026-09-24,2026-09,Surabaya,SITE-0003,Fiber Internet,22.6,0.0,8.58,52.5,98.801,90.62
2026-09-24T18:00:00,2026-09-24,2026-09,Medan,SITE-0004,IPTV,20.59,0.485,13.73,61.67,98.61,83.7
2026-09-24T06:00:00,2026-09-24,2026-09,Makassar,SITE-0005,Fiber Internet,51.99,0.497,9.15,71.76,98.766,80.93
2026-09-24T00:00:00,2026-09-24,2026-09,Semarang,SITE-0006,Cloud Connectivity,19.73,0.861,2.5,54.12,99.094,88.19
2026-09-24T06:00:00,2026-09-24,2026-09,Yogyakarta,SITE-0007,IPTV,34.65,0.177,7.18,61.47,98.776,87.73
2026-09-24T12:00:00,2026-09-24,2026-09,Denpasar,SITE-0008,Fiber Internet,32.13,0.266,6.03,52.31,99.99,88.77
2026-09-24T00:00:00,2026-09-24,2026-09,Palembang,SITE-0009,IPTV,20.45,0.602,9.5,56.88,99.446,86.28
2026-09-24T18:00:00,2026-09-24,2026-09,Balikpapan,SITE-0010,Cloud Connectivity,35.71,0.224,4.92,63.07,99.615,89.08
2026-09-24T00:00:00,2026-09-24,2026-09,Jakarta,SITE-0011,Cloud Connectivity,37.32,0.806,9.18,55.66,99.641,81.79
2026-09-24T00:00:00,2026-09-24,2026-09,Bandung,SITE-0012,Fiber Internet,21.88,0.0,6.95,67.61,99.513,92.24
2026-09-24T12:00:00,2026-09-24,2026-09,Surabaya,SITE-0013,Mobile Broadband,7.22,0.0,13.22,68.78,98.498,89.92
2026-09-24T18:00:00,2026-09-24,2026-09,Medan,SITE-0014,Voice,22.21,0.406,0.5,71.76,99.049,92.48
2026-09-24T00:00:00,2026-09-24,2026-09,Makassar,SITE-0015,Mobile Broadband,26.26,0.674,2.68,81.3,98.726,84.75
2026-09-24T18:00:00,2026-09-24,2026-09,Semarang,SITE-0016,Enterprise VPN,38.04,0.258,4.34,68.02,98.669,87.71
2026-09-24T12:00:00,2026-09-24,2026-09,Yogyakarta,SITE-0017,IPTV,27.36,0.0,9.14,68.71,98.721,89.21
2026-09-24T00:00:00,2026-09-24,2026-09,Denpasar,SITE-0018,Cloud Connectivity,42.52,0.328,6.25,62.06,99.791,86.28
2026-09-24T18:00:00,2026-09-24,2026-09,Palembang,SITE-0019,Enterprise VPN,33.01,0.338,4.18,63.99,99.824,89.05
2026-09-24T06:00:00,2026-09-24,2026-09,Balikpapan,SITE-0020,Mobile Broadband,52.84,1.148,2.96,53.45,99.363,79.68
2026-09-24T18:00:00,2026-09-24,2026-09,Jakarta,SITE-0021,Enterprise VPN,27.54,0.327,3.47,71.57,99.262,90.52
2026-09-24T06:00:00,2026-09-24,2026-09,Bandung,SITE-0022,Mobile Broadband,23.13,0.356,4.9,76.32,99.185,89.7
2026-09-24T12:00:00,2026-09-24,2026-09,Surabaya,SITE-0023,Cloud Connectivity,25.19,0.0,13.87,67.88,98.474,86.26
2026-09-24T18:00:00,2026-09-24,2026-09,Medan,SITE-0024,Voice,25.26,0.109,2.32,72.03,98.571,92.02
2026-09-24T06:00:00,2026-09-24,2026-09,Makassar,SITE-0025,IPTV,28.7,0.129,14.03,77.7,99.786,84.87
2026-09-24T06:00:00,2026-09-24,2026-09,Semarang,SITE-0026,Enterprise VPN,24.77,0.233,14.12,53.63,98.614,84.76
2026-09-24T12:00:00,2026-09-24,2026-09,Yogyakarta,SITE-0027,IPTV,27.46,0.803,2.06,56.47,99.327,87.49
2026-09-24T12:00:00,2026-09-24,2026-09,Denpasar,SITE-0028,Voice,47.71,0.743,5.45,49.0,97.937,79.28
2026-09-24T12:00:00,2026-09-24,2026-09,Palembang,SITE-0029,Voice,29.87,0.737,11.75,57.75,99.517,82.27
2026-09-24T06:00:00,2026-09-24,2026-09,Balikpapan,SITE-0030,Enterprise VPN,16.35,0.275,5.71,68.07,98.853,91.28
2026-09-24T06:00:00,2026-09-24,2026-09,Jakarta,SITE-0031,Cloud Connectivity,36.42,0.884,4.07,50.54,99.16,84.13
2026-09-24T12:00:00,2026-09-24,2026-09,Bandung,SITE-0032,Enterprise VPN,43.54,0.074,5.12,53.88,99.084,88.76
2026-09-24T18:00:00,2026-09-24,2026-09,Surabaya,SITE-0033,Voice,21.96,0.178,4.44,76.8,98.838,90.88
2026-09-24T06:00:00,2026-09-24,2026-09,Medan,SITE-0034,Mobile Broadband,39.03,0.0,3.5,65.84,98.789,90.42
2026-09-24T06:00:00,2026-09-24,2026-09,Makassar,SITE-0035,Mobile Broadband,27.32,0.386,3.92,62.85,98.706,88.96
2026-09-24T06:00:00,2026-09-24,2026-09,Semarang,SITE-0036,Enterprise VPN,28.98,0.445,6.42,62.99,98.738,86.9
2026-09-24T06:00:00,2026-09-24,2026-09,Yogyakarta,SITE-0037,Cloud Connectivity,17.32,0.0,3.83,56.57,98.263,92.56
2026-09-24T18:00:00,2026-09-24,2026-09,Denpasar,SITE-0038,Enterprise VPN,31.97,0.266,7.99,51.91,99.273,87.72
2026-09-24T06:00:00,2026-09-24,2026-09,Palembang,SITE-0039,IPTV,10.76,0.0,4.12,60.79,99.971,95.8
2026-09-24T06:00:00,2026-09-24,2026-09,Balikpapan,SITE-0040,Voice,31.05,0.886,2.78,63.36,99.283,85.79
2026-09-24T12:00:00,2026-09-24,2026-09,Jakarta,SITE-0041,Cloud Connectivity,31.16,0.599,3.51,49.71,98.774,86.99
2026-09-24T00:00:00,2026-09-24,2026-09,Bandung,SITE-0042,Voice,11.31,0.225,4.18,84.87,99.763,89.42
2026-09-24T12:00:00,2026-09-24,2026-09,Surabaya,SITE-0043,Cloud Connectivity,44.94,0.37,10.53,55.86,99.119,83.15
2026-09-24T12:00:00,2026-09-24,2026-09,Medan,SITE-0044,Cloud Connectivity,30.46,0.3,0.5,51.91,99.99,91.84
2026-09-24T00:00:00,2026-09-24,2026-09,Makassar,SITE-0045,Fiber Internet,17.59,0.586,6.89,65.86,98.688,87.42
2026-09-24T06:00:00,2026-09-24,2026-09,Semarang,SITE-0046,Cloud Connectivity,13.69,0.443,3.42,56.18,99.409,92.11
2026-09-24T18:00:00,2026-09-24,2026-09,Yogyakarta,SITE-0047,Mobile Broadband,34.29,0.511,6.47,61.55,98.592,84.96
2026-09-24T12:00:00,2026-09-24,2026-09,Denpasar,SITE-0048,Voice,31.38,0.173,4.65,70.23,98.095,87.69
2026-09-24T12:00:00,2026-09-24,2026-09,Palembang,SITE-0049,IPTV,32.97,0.0,8.09,48.59,99.375,89.62
2026-09-24T00:00:00,2026-09-24,2026-09,Balikpapan,SITE-0050,Cloud Connectivity,43.19,0.454,7.06,62.84,98.467,83.11
2026-10-01T06:00:00,2026-10-01,2026-10,Jakarta,SITE-0001,IPTV,36.04,0.587,10.6,67.52,98.999,82.98
2026-10-01T00:00:00,2026-10-01,2026-10,Bandung,SITE-0002,Mobile Broadband,30.69,0.831,4.67,70.64,99.621,85.26
2026-10-01T06:00:00,2026-10-01,2026-10,Surabaya,SITE-0003,Fiber Internet,29.16,0.533,7.5,58.51,99.99,86.36
2026-10-01T12:00:00,2026-10-01,2026-10,Medan,SITE-0004,IPTV,37.61,0.315,6.5,64.31,98.61,85.97
2026-10-01T06:00:00,2026-10-01,2026-10,Makassar,SITE-0005,Fiber Internet,12.52,0.545,7.83,56.59,99.727,89.08
2026-10-01T18:00:00,2026-10-01,2026-10,Semarang,SITE-0006,Cloud Connectivity,35.33,0.02,7.69,52.87,98.596,88.04
2026-10-01T12:00:00,2026-10-01,2026-10,Yogyakarta,SITE-0007,IPTV,37.94,0.574,7.47,67.58,99.119,84.47
2026-10-01T12:00:00,2026-10-01,2026-10,Denpasar,SITE-0008,Fiber Internet,33.5,0.334,8.54,72.24,98.107,83.92
2026-10-01T18:00:00,2026-10-01,2026-10,Palembang,SITE-0009,IPTV,36.01,0.056,13.57,67.34,99.936,85.61
2026-10-01T00:00:00,2026-10-01,2026-10,Balikpapan,SITE-0010,Cloud Connectivity,22.67,0.508,2.34,57.43,99.307,90.57
2026-10-01T12:00:00,2026-10-01,2026-10,Jakarta,SITE-0011,Cloud Connectivity,28.7,0.0,6.42,58.32,99.231,91.3
2026-10-01T18:00:00,2026-10-01,2026-10,Bandung,SITE-0012,Fiber Internet,22.69,0.552,3.11,49.19,99.694,89.79
2026-10-01T18:00:00,2026-10-01,2026-10,Surabaya,SITE-0013,Mobile Broadband,20.99,0.238,2.4,60.44,98.614,91.84
2026-10-01T18:00:00,2026-10-01,2026-10,Medan,SITE-0014,Voice,35.74,0.463,0.5,64.22,98.442,87.92
2026-10-01T18:00:00,2026-10-01,2026-10,Makassar,SITE-0015,Mobile Broadband,18.05,0.0,11.14,65.22,99.533,90.63
2026-10-01T00:00:00,2026-10-01,2026-10,Semarang,SITE-0016,Enterprise VPN,17.84,1.065,4.68,60.76,99.571,85.69
2026-10-01T00:00:00,2026-10-01,2026-10,Yogyakarta,SITE-0017,IPTV,24.33,0.0,4.0,63.78,98.784,92.77
2026-10-01T00:00:00,2026-10-01,2026-10,Denpasar,SITE-0018,Cloud Connectivity,14.8,0.262,3.56,75.87,98.606,91.71
2026-10-01T12:00:00,2026-10-01,2026-10,Palembang,SITE-0019,Enterprise VPN,34.65,0.283,4.98,58.25,99.358,88.76
2026-10-01T00:00:00,2026-10-01,2026-10,Balikpapan,SITE-0020,Mobile Broadband,53.49,0.228,2.18,53.79,98.049,84.5
2026-10-01T12:00:00,2026-10-01,2026-10,Jakarta,SITE-0021,Enterprise VPN,15.83,0.395,2.62,72.75,99.009,92.54
2026-10-01T00:00:00,2026-10-01,2026-10,Bandung,SITE-0022,Mobile Broadband,47.23,0.0,3.65,42.97,99.843,89.49
2026-10-01T12:00:00,2026-10-01,2026-10,Surabaya,SITE-0023,Cloud Connectivity,45.52,0.379,9.97,68.63,98.714,82.43
2026-10-01T12:00:00,2026-10-01,2026-10,Medan,SITE-0024,Voice,15.22,0.54,1.1,47.25,99.305,92.34
2026-10-01T12:00:00,2026-10-01,2026-10,Makassar,SITE-0025,IPTV,14.39,0.166,2.75,45.53,99.142,94.56
2026-10-01T06:00:00,2026-10-01,2026-10,Semarang,SITE-0026,Enterprise VPN,19.38,0.098,8.16,55.09,98.589,90.01
2026-10-01T18:00:00,2026-10-01,2026-10,Yogyakarta,SITE-0027,IPTV,21.78,0.904,7.26,72.65,99.173,84.85
2026-10-01T00:00:00,2026-10-01,2026-10,Denpasar,SITE-0028,Voice,41.7,1.247,6.81,54.71,98.993,78.75
2026-10-01T00:00:00,2026-10-01,2026-10,Palembang,SITE-0029,Voice,41.15,0.0,1.16,62.55,99.585,91.95
2026-10-01T06:00:00,2026-10-01,2026-10,Balikpapan,SITE-0030,Enterprise VPN,35.26,0.228,4.57,58.64,99.558,89.31
2026-10-01T12:00:00,2026-10-01,2026-10,Jakarta,SITE-0031,Cloud Connectivity,36.94,0.44,6.29,64.03,99.559,86.37
2026-10-01T06:00:00,2026-10-01,2026-10,Bandung,SITE-0032,Enterprise VPN,20.04,0.212,7.68,62.42,99.99,90.47
2026-10-01T06:00:00,2026-10-01,2026-10,Surabaya,SITE-0033,Voice,23.99,0.497,2.32,70.19,99.042,90.44
2026-10-01T18:00:00,2026-10-01,2026-10,Medan,SITE-0034,Mobile Broadband,25.32,0.729,4.92,60.97,99.961,86.9
2026-10-01T00:00:00,2026-10-01,2026-10,Makassar,SITE-0035,Mobile Broadband,35.11,0.193,3.91,52.83,99.294,89.99
2026-10-01T00:00:00,2026-10-01,2026-10,Semarang,SITE-0036,Enterprise VPN,5.0,0.55,5.79,80.58,99.295,89.0
2026-10-01T18:00:00,2026-10-01,2026-10,Yogyakarta,SITE-0037,Cloud Connectivity,35.12,0.215,6.64,72.49,98.199,85.9
2026-10-01T00:00:00,2026-10-01,2026-10,Denpasar,SITE-0038,Enterprise VPN,22.98,0.304,5.77,49.78,98.54,88.88
2026-10-01T12:00:00,2026-10-01,2026-10,Palembang,SITE-0039,IPTV,28.86,0.894,5.41,64.32,99.406,84.68
2026-10-01T06:00:00,2026-10-01,2026-10,Balikpapan,SITE-0040,Voice,27.94,0.0,8.58,62.64,99.923,90.25
2026-10-01T18:00:00,2026-10-01,2026-10,Jakarta,SITE-0041,Cloud Connectivity,22.24,0.0,11.33,76.07,99.26,89.28
2026-10-01T12:00:00,2026-10-01,2026-10,Bandung,SITE-0042,Voice,50.77,0.552,4.36,49.03,98.514,82.59
2026-10-01T06:00:00,2026-10-01,2026-10,Surabaya,SITE-0043,Cloud Connectivity,24.2,0.384,4.47,52.42,99.103,90.11
2026-10-01T18:00:00,2026-10-01,2026-10,Medan,SITE-0044,Cloud Connectivity,22.83,0.769,4.59,70.91,98.456,85.58
2026-10-01T18:00:00,2026-10-01,2026-10,Makassar,SITE-0045,Fiber Internet,41.05,0.336,1.18,54.78,99.294,89.28
2026-10-01T06:00:00,2026-10-01,2026-10,Semarang,SITE-0046,Cloud Connectivity,26.45,0.0,5.27,59.28,99.205,92.34
2026-10-01T12:00:00,2026-10-01,2026-10,Yogyakarta,SITE-0047,Mobile Broadband,16.7,0.0,0.83,57.69,99.779,96.54
2026-10-01T06:00:00,2026-10-01,2026-10,Denpasar,SITE-0048,Voice,17.08,0.007,7.26,66.79,99.589,92.88
2026-10-01T18:00:00,2026-10-01,2026-10,Palembang,SITE-0049,IPTV,5.0,0.0,5.46,53.69,99.806,96.1
2026-10-01T12:00:00,2026-10-01,2026-10,Balikpapan,SITE-0050,Cloud Connectivity,28.81,0.061,3.33,54.57,99.722,92.49
2026-10-08T12:00:00,2026-10-08,2026-10,Jakarta,SITE-0001,IPTV,28.0,0.559,4.11,65.18,99.133,88.23
2026-10-08T00:00:00,2026-10-08,2026-10,Bandung,SITE-0002,Mobile Broadband,20.03,0.403,5.69,62.59,99.4,90.04
2026-10-08T00:00:00,2026-10-08,2026-10,Surabaya,SITE-0003,Fiber Internet,36.52,0.777,1.74,69.32,99.99,86.25
2026-10-08T06:00:00,2026-10-08,2026-10,Medan,SITE-0004,IPTV,19.46,0.0,0.9,79.48,99.418,93.99
2026-10-08T06:00:00,2026-10-08,2026-10,Makassar,SITE-0005,Fiber Internet,22.5,1.0,7.9,55.89,99.4,83.6
2026-10-08T06:00:00,2026-10-08,2026-10,Semarang,SITE-0006,Cloud Connectivity,50.33,0.529,8.43,53.72,99.304,82.07
2026-10-08T06:00:00,2026-10-08,2026-10,Yogyakarta,SITE-0007,IPTV,26.46,0.689,5.7,64.09,99.61,86.59
2026-10-08T06:00:00,2026-10-08,2026-10,Denpasar,SITE-0008,Fiber Internet,21.65,0.858,9.52,58.72,99.055,84.0
2026-10-08T06:00:00,2026-10-08,2026-10,Palembang,SITE-0009,IPTV,28.45,0.191,4.77,51.99,99.059,90.73
2026-10-08T00:00:00,2026-10-08,2026-10,Balikpapan,SITE-0010,Cloud Connectivity,32.58,0.453,7.91,66.5,98.78,85.5
2026-10-08T06:00:00,2026-10-08,2026-10,Jakarta,SITE-0011,Cloud Connectivity,30.58,0.302,7.42,53.46,99.093,88.0
2026-10-08T12:00:00,2026-10-08,2026-10,Bandung,SITE-0012,Fiber Internet,27.68,0.0,10.75,63.66,99.99,89.11
2026-10-08T12:00:00,2026-10-08,2026-10,Surabaya,SITE-0013,Mobile Broadband,29.77,0.362,4.08,57.6,98.462,87.89
2026-10-08T06:00:00,2026-10-08,2026-10,Medan,SITE-0014,Voice,13.15,0.784,2.88,66.64,98.406,88.0
2026-10-08T00:00:00,2026-10-08,2026-10,Makassar,SITE-0015,Mobile Broadband,22.34,0.058,5.21,69.2,98.685,91.71
2026-10-08T12:00:00,2026-10-08,2026-10,Semarang,SITE-0016,Enterprise VPN,24.57,0.0,4.78,51.28,98.833,92.44
2026-10-08T18:00:00,2026-10-08,2026-10,Yogyakarta,SITE-0017,IPTV,22.6,0.0,9.63,51.5,99.717,90.63
2026-10-08T12:00:00,2026-10-08,2026-10,Denpasar,SITE-0018,Cloud Connectivity,39.15,0.364,0.5,61.93,99.101,89.77
2026-10-08T06:00:00,2026-10-08,2026-10,Palembang,SITE-0019,Enterprise VPN,36.01,0.35,9.0,67.69,99.031,85.77
2026-10-08T00:00:00,2026-10-08,2026-10,Balikpapan,SITE-0020,Mobile Broadband,31.11,0.847,2.11,61.34,98.575,85.19
2026-10-08T00:00:00,2026-10-08,2026-10,Jakarta,SITE-0021,Enterprise VPN,22.11,0.62,8.12,57.65,99.99,86.6
2026-10-08T06:00:00,2026-10-08,2026-10,Bandung,SITE-0022,Mobile Broadband,33.46,0.373,3.56,52.25,98.568,87.74
2026-10-08T06:00:00,2026-10-08,2026-10,Surabaya,SITE-0023,Cloud Connectivity,27.72,0.924,4.65,64.52,98.992,85.03
2026-10-08T18:00:00,2026-10-08,2026-10,Medan,SITE-0024,Voice,40.82,1.291,9.86,54.61,99.877,76.9
2026-10-08T06:00:00,2026-10-08,2026-10,Makassar,SITE-0025,IPTV,23.54,0.509,5.22,51.97,98.366,86.92
2026-10-08T12:00:00,2026-10-08,2026-10,Semarang,SITE-0026,Enterprise VPN,35.45,1.059,9.29,62.62,99.012,80.04
2026-10-08T18:00:00,2026-10-08,2026-10,Yogyakarta,SITE-0027,IPTV,14.15,0.125,2.28,57.25,99.251,95.19
2026-10-08T00:00:00,2026-10-08,2026-10,Denpasar,SITE-0028,Voice,25.22,0.362,5.03,51.76,98.566,88.5
2026-10-08T18:00:00,2026-10-08,2026-10,Palembang,SITE-0029,Voice,34.15,0.373,5.97,62.82,98.458,85.96
2026-10-08T06:00:00,2026-10-08,2026-10,Balikpapan,SITE-0030,Enterprise VPN,20.62,0.651,2.29,55.25,99.528,89.82
2026-10-08T06:00:00,2026-10-08,2026-10,Jakarta,SITE-0031,Cloud Connectivity,20.43,0.295,2.87,75.34,99.175,92.23
2026-10-08T06:00:00,2026-10-08,2026-10,Bandung,SITE-0032,Enterprise VPN,24.53,0.781,6.96,73.02,98.739,84.73
2026-10-08T06:00:00,2026-10-08,2026-10,Surabaya,SITE-0033,Voice,27.86,0.272,9.32,66.36,99.99,87.69
2026-10-08T06:00:00,2026-10-08,2026-10,Medan,SITE-0034,Mobile Broadband,5.0,0.0,8.49,64.48,97.958,91.3
2026-10-08T18:00:00,2026-10-08,2026-10,Makassar,SITE-0035,Mobile Broadband,27.08,0.498,8.91,60.57,98.775,85.57
2026-10-08T12:00:00,2026-10-08,2026-10,Semarang,SITE-0036,Enterprise VPN,18.87,0.23,7.66,56.75,98.768,89.86
2026-10-08T12:00:00,2026-10-08,2026-10,Yogyakarta,SITE-0037,Cloud Connectivity,20.29,0.78,9.71,76.08,99.694,84.28
2026-10-08T06:00:00,2026-10-08,2026-10,Denpasar,SITE-0038,Enterprise VPN,30.52,0.091,0.5,54.49,98.816,92.95
2026-10-08T00:00:00,2026-10-08,2026-10,Palembang,SITE-0039,IPTV,31.01,0.161,4.69,54.29,98.117,87.9
2026-10-08T18:00:00,2026-10-08,2026-10,Balikpapan,SITE-0040,Voice,24.9,0.497,4.33,66.45,99.053,89.16
2026-10-08T12:00:00,2026-10-08,2026-10,Jakarta,SITE-0041,Cloud Connectivity,17.71,0.121,0.5,52.84,99.46,95.57
2026-10-08T18:00:00,2026-10-08,2026-10,Bandung,SITE-0042,Voice,14.66,0.502,14.4,59.49,98.394,83.61
2026-10-08T06:00:00,2026-10-08,2026-10,Surabaya,SITE-0043,Cloud Connectivity,23.35,0.0,1.51,42.82,98.417,93.22
2026-10-08T00:00:00,2026-10-08,2026-10,Medan,SITE-0044,Cloud Connectivity,24.76,0.0,8.52,72.39,98.009,87.88
2026-10-08T18:00:00,2026-10-08,2026-10,Makassar,SITE-0045,Fiber Internet,43.65,0.541,4.66,38.64,99.317,85.25
2026-10-08T06:00:00,2026-10-08,2026-10,Semarang,SITE-0046,Cloud Connectivity,28.08,0.464,4.85,43.65,99.913,88.57
2026-10-08T00:00:00,2026-10-08,2026-10,Yogyakarta,SITE-0047,Mobile Broadband,20.64,0.0,1.92,78.94,99.048,93.45
2026-10-08T12:00:00,2026-10-08,2026-10,Denpasar,SITE-0048,Voice,16.24,0.553,8.76,44.0,99.916,87.84
2026-10-08T18:00:00,2026-10-08,2026-10,Palembang,SITE-0049,IPTV,36.26,0.906,3.6,63.23,99.99,84.25
2026-10-08T18:00:00,2026-10-08,2026-10,Balikpapan,SITE-0050,Cloud Connectivity,19.16,0.046,3.07,59.44,98.842,94.02
2026-10-15T00:00:00,2026-10-15,2026-10,Jakarta,SITE-0001,IPTV,30.11,0.607,0.5,54.23,99.803,89.45
2026-10-15T06:00:00,2026-10-15,2026-10,Bandung,SITE-0002,Mobile Broadband,29.82,0.035,14.98,64.78,99.456,86.12
2026-10-15T12:00:00,2026-10-15,2026-10,Surabaya,SITE-0003,Fiber Internet,33.42,0.197,10.86,51.58,99.044,86.44
2026-10-15T18:00:00,2026-10-15,2026-10,Medan,SITE-0004,IPTV,40.0,0.732,5.32,61.13,98.122,81.38
2026-10-15T18:00:00,2026-10-15,2026-10,Makassar,SITE-0005,Fiber Internet,29.84,1.056,12.03,50.36,99.795,79.57
2026-10-15T12:00:00,2026-10-15,2026-10,Semarang,SITE-0006,Cloud Connectivity,27.55,0.781,10.63,50.14,99.504,82.94
2026-10-15T06:00:00,2026-10-15,2026-10,Yogyakarta,SITE-0007,IPTV,39.59,0.0,9.21,75.66,99.692,87.51
2026-10-15T18:00:00,2026-10-15,2026-10,Denpasar,SITE-0008,Fiber Internet,19.58,0.323,9.0,59.27,98.501,87.44
2026-10-15T00:00:00,2026-10-15,2026-10,Palembang,SITE-0009,IPTV,26.28,0.605,2.7,64.48,99.713,88.94
2026-10-15T06:00:00,2026-10-15,2026-10,Balikpapan,SITE-0010,Cloud Connectivity,38.97,0.773,0.68,62.13,98.653,85.39
2026-10-15T06:00:00,2026-10-15,2026-10,Jakarta,SITE-0011,Cloud Connectivity,10.31,0.356,7.97,68.76,99.663,90.91
2026-10-15T18:00:00,2026-10-15,2026-10,Bandung,SITE-0012,Fiber Internet,36.38,0.2,9.27,71.81,99.99,86.75
2026-10-15T18:00:00,2026-10-15,2026-10,Surabaya,SITE-0013,Mobile Broadband,33.36,0.659,2.6,75.51,99.277,87.06
2026-10-15T00:00:00,2026-10-15,2026-10,Medan,SITE-0014,Voice,37.14,0.188,7.42,69.9,99.146,87.73
2026-10-15T06:00:00,2026-10-15,2026-10,Makassar,SITE-0015,Mobile Broadband,33.15,0.463,4.57,60.28,98.107,85.14
2026-10-15T00:00:00,2026-10-15,2026-10,Semarang,SITE-0016,Enterprise VPN,25.6,0.313,9.19,64.04,99.495,87.84
2026-10-15T06:00:00,2026-10-15,2026-10,Yogyakarta,SITE-0017,IPTV,44.8,0.296,7.66,60.33,99.0,85.36
2026-10-15T06:00:00,2026-10-15,2026-10,Denpasar,SITE-0018,Cloud Connectivity,31.67,0.185,1.34,64.37,99.99,92.08
2026-10-15T18:00:00,2026-10-15,2026-10,Palembang,SITE-0019,Enterprise VPN,23.65,0.695,0.5,67.31,97.899,86.61
2026-10-15T00:00:00,2026-10-15,2026-10,Balikpapan,SITE-0020,Mobile Broadband,31.99,0.241,9.06,47.24,98.878,86.97
2026-10-15T12:00:00,2026-10-15,2026-10,Jakarta,SITE-0021,Enterprise VPN,29.62,0.452,5.71,61.4,99.142,87.92
2026-10-15T06:00:00,2026-10-15,2026-10,Bandung,SITE-0022,Mobile Broadband,32.08,0.014,4.0,73.05,99.482,91.92
2026-10-15T18:00:00,2026-10-15,2026-10,Surabaya,SITE-0023,Cloud Connectivity,22.21,0.0,4.65,52.75,99.99,93.44
2026-10-15T12:00:00,2026-10-15,2026-10,Medan,SITE-0024,Voice,23.87,0.35,5.44,63.99,99.99,89.91
2026-10-15T06:00:00,2026-10-15,2026-10,Makassar,SITE-0025,IPTV,23.12,0.407,5.21,55.65,98.946,89.55
2026-10-15T00:00:00,2026-10-15,2026-10,Semarang,SITE-0026,Enterprise VPN,36.63,0.5,8.39,51.16,98.618,83.64
2026-10-15T12:00:00,2026-10-15,2026-10,Yogyakarta,SITE-0027,IPTV,40.89,0.695,9.67,63.36,98.839,81.28
2026-10-15T00:00:00,2026-10-15,2026-10,Denpasar,SITE-0028,Voice,25.26,0.577,0.5,65.92,99.497,90.56
2026-10-15T18:00:00,2026-10-15,2026-10,Palembang,SITE-0029,Voice,26.54,0.872,6.59,64.56,98.959,84.5
2026-10-15T12:00:00,2026-10-15,2026-10,Balikpapan,SITE-0030,Enterprise VPN,31.91,0.671,3.24,74.2,99.186,87.11
2026-10-15T06:00:00,2026-10-15,2026-10,Jakarta,SITE-0031,Cloud Connectivity,18.86,0.428,9.72,65.21,99.011,87.83
2026-10-15T00:00:00,2026-10-15,2026-10,Bandung,SITE-0032,Enterprise VPN,23.67,0.765,3.48,61.09,98.807,87.13
2026-10-15T06:00:00,2026-10-15,2026-10,Surabaya,SITE-0033,Voice,22.69,0.322,3.86,61.81,98.941,91.04
2026-10-15T18:00:00,2026-10-15,2026-10,Medan,SITE-0034,Mobile Broadband,17.74,0.44,3.28,63.19,99.899,91.48
2026-10-15T18:00:00,2026-10-15,2026-10,Makassar,SITE-0035,Mobile Broadband,39.12,0.156,5.54,67.51,99.114,88.66
2026-10-15T12:00:00,2026-10-15,2026-10,Semarang,SITE-0036,Enterprise VPN,28.75,0.431,5.07,63.35,98.386,86.75
2026-10-15T06:00:00,2026-10-15,2026-10,Yogyakarta,SITE-0037,Cloud Connectivity,37.25,0.653,3.42,68.56,98.251,83.94
2026-10-15T18:00:00,2026-10-15,2026-10,Denpasar,SITE-0038,Enterprise VPN,27.35,0.243,13.54,51.64,99.632,85.69
2026-10-15T06:00:00,2026-10-15,2026-10,Palembang,SITE-0039,IPTV,21.1,0.211,8.16,52.16,99.129,90.03
2026-10-15T18:00:00,2026-10-15,2026-10,Balikpapan,SITE-0040,Voice,39.69,0.332,6.31,48.06,99.35,86.73
2026-10-15T18:00:00,2026-10-15,2026-10,Jakarta,SITE-0041,Cloud Connectivity,7.91,0.655,4.75,61.92,98.313,88.66
2026-10-15T00:00:00,2026-10-15,2026-10,Bandung,SITE-0042,Voice,33.8,0.584,10.78,59.83,98.906,83.04
2026-10-15T06:00:00,2026-10-15,2026-10,Surabaya,SITE-0043,Cloud Connectivity,26.15,0.245,10.16,51.42,99.757,87.74
2026-10-15T18:00:00,2026-10-15,2026-10,Medan,SITE-0044,Cloud Connectivity,28.41,0.493,0.5,65.78,99.058,90.66
2026-10-15T00:00:00,2026-10-15,2026-10,Makassar,SITE-0045,Fiber Internet,22.59,0.002,5.61,75.26,99.345,92.71
2026-10-15T00:00:00,2026-10-15,2026-10,Semarang,SITE-0046,Cloud Connectivity,27.63,0.328,11.59,67.78,99.081,86.03
2026-10-15T06:00:00,2026-10-15,2026-10,Yogyakarta,SITE-0047,Mobile Broadband,24.35,0.247,3.17,50.78,99.047,91.89
2026-10-15T06:00:00,2026-10-15,2026-10,Denpasar,SITE-0048,Voice,28.12,0.106,0.5,60.52,98.247,91.55
2026-10-15T00:00:00,2026-10-15,2026-10,Palembang,SITE-0049,IPTV,23.26,0.462,1.99,68.06,99.99,91.03
2026-10-15T00:00:00,2026-10-15,2026-10,Balikpapan,SITE-0050,Cloud Connectivity,28.52,0.0,8.33,61.3,99.506,90.28
2026-10-22T00:00:00,2026-10-22,2026-10,Jakarta,SITE-0001,IPTV,39.24,0.882,2.87,60.98,99.211,84.31
2026-10-22T00:00:00,2026-10-22,2026-10,Bandung,SITE-0002,Mobile Broadband,32.51,0.302,6.91,53.73,99.074,87.93
2026-10-22T12:00:00,2026-10-22,2026-10,Surabaya,SITE-0003,Fiber Internet,27.04,0.459,2.22,58.45,98.776,89.56
2026-10-22T12:00:00,2026-10-22,2026-10,Medan,SITE-0004,IPTV,25.14,0.0,0.5,56.71,99.99,95.2
2026-10-22T00:00:00,2026-10-22,2026-10,Makassar,SITE-0005,Fiber Internet,15.83,0.222,6.47,59.72,99.99,91.82
2026-10-22T06:00:00,2026-10-22,2026-10,Semarang,SITE-0006,Cloud Connectivity,28.88,0.531,3.46,57.74,99.196,88.65
2026-10-22T12:00:00,2026-10-22,2026-10,Yogyakarta,SITE-0007,IPTV,31.44,0.277,2.95,65.88,99.99,90.5
2026-10-22T06:00:00,2026-10-22,2026-10,Denpasar,SITE-0008,Fiber Internet,30.59,0.699,0.5,53.21,99.924,88.63
2026-10-22T00:00:00,2026-10-22,2026-10,Palembang,SITE-0009,IPTV,32.19,0.305,0.57,54.38,98.834,90.95
2026-10-22T00:00:00,2026-10-22,2026-10,Balikpapan,SITE-0010,Cloud Connectivity,41.34,0.617,0.5,68.77,98.746,86.58
2026-10-22T06:00:00,2026-10-22,2026-10,Jakarta,SITE-0011,Cloud Connectivity,14.74,0.75,11.45,87.18,99.954,79.57
2026-10-22T18:00:00,2026-10-22,2026-10,Bandung,SITE-0012,Fiber Internet,44.51,0.0,3.22,60.95,98.878,89.85
2026-10-22T00:00:00,2026-10-22,2026-10,Surabaya,SITE-0013,Mobile Broadband,24.94,0.0,4.06,65.59,98.486,91.74
2026-10-22T18:00:00,2026-10-22,2026-10,Medan,SITE-0014,Voice,18.16,0.239,5.92,72.01,99.99,91.57
2026-10-22T06:00:00,2026-10-22,2026-10,Makassar,SITE-0015,Mobile Broadband,37.48,0.27,5.9,62.75,99.141,87.85
2026-10-22T00:00:00,2026-10-22,2026-10,Semarang,SITE-0016,Enterprise VPN,33.03,0.0,9.5,64.75,99.704,88.83
2026-10-22T18:00:00,2026-10-22,2026-10,Yogyakarta,SITE-0017,IPTV,9.88,0.473,11.76,58.09,99.0,87.97
2026-10-22T12:00:00,2026-10-22,2026-10,Denpasar,SITE-0018,Cloud Connectivity,27.76,0.0,0.5,59.16,99.144,94.73
2026-10-22T00:00:00,2026-10-22,2026-10,Palembang,SITE-0019,Enterprise VPN,38.36,0.3,5.31,56.87,99.686,87.77
2026-10-22T06:00:00,2026-10-22,2026-10,Balikpapan,SITE-0020,Mobile Broadband,29.46,0.631,4.52,45.08,98.944,86.99
2026-10-22T06:00:00,2026-10-22,2026-10,Jakarta,SITE-0021,Enterprise VPN,28.63,0.814,5.75,57.69,99.952,85.18
2026-10-22T12:00:00,2026-10-22,2026-10,Bandung,SITE-0022,Mobile Broadband,24.59,0.833,5.73,70.04,99.99,85.76
2026-10-22T18:00:00,2026-10-22,2026-10,Surabaya,SITE-0023,Cloud Connectivity,14.12,0.516,7.19,66.71,98.663,88.36
2026-10-22T06:00:00,2026-10-22,2026-10,Medan,SITE-0024,Voice,12.49,0.421,6.36,49.88,99.549,90.89
2026-10-22T12:00:00,2026-10-22,2026-10,Makassar,SITE-0025,IPTV,50.72,0.169,3.99,67.86,98.764,86.61
2026-10-22T00:00:00,2026-10-22,2026-10,Semarang,SITE-0026,Enterprise VPN,31.23,1.001,12.47,65.05,99.99,79.52
2026-10-22T00:00:00,2026-10-22,2026-10,Yogyakarta,SITE-0027,IPTV,27.98,0.77,4.29,59.14,99.275,86.45
2026-10-22T18:00:00,2026-10-22,2026-10,Denpasar,SITE-0028,Voice,31.18,0.0,5.0,66.31,98.07,88.85
2026-10-22T18:00:00,2026-10-22,2026-10,Palembang,SITE-0029,Voice,16.47,0.0,6.67,72.57,99.306,93.37
2026-10-22T00:00:00,2026-10-22,2026-10,Balikpapan,SITE-0030,Enterprise VPN,26.48,0.401,1.08,63.42,99.811,91.43
2026-10-22T06:00:00,2026-10-22,2026-10,Jakarta,SITE-0031,Cloud Connectivity,26.38,0.0,6.26,56.08,99.342,91.81
2026-10-22T12:00:00,2026-10-22,2026-10,Bandung,SITE-0032,Enterprise VPN,21.95,0.094,6.08,41.08,99.264,91.95
2026-10-22T00:00:00,2026-10-22,2026-10,Surabaya,SITE-0033,Voice,41.57,0.0,6.68,65.67,98.773,88.16
2026-10-22T12:00:00,2026-10-22,2026-10,Medan,SITE-0034,Mobile Broadband,26.45,0.207,9.8,60.23,99.365,88.19
2026-10-22T00:00:00,2026-10-22,2026-10,Makassar,SITE-0035,Mobile Broadband,26.21,0.462,11.41,51.33,98.692,84.39
2026-10-22T18:00:00,2026-10-22,2026-10,Semarang,SITE-0036,Enterprise VPN,23.77,0.0,5.08,66.81,98.572,91.64
2026-10-22T00:00:00,2026-10-22,2026-10,Yogyakarta,SITE-0037,Cloud Connectivity,38.36,0.744,11.79,59.81,99.545,80.66
2026-10-22T06:00:00,2026-10-22,2026-10,Denpasar,SITE-0038,Enterprise VPN,37.38,0.099,1.7,71.26,99.801,91.54
2026-10-22T12:00:00,2026-10-22,2026-10,Palembang,SITE-0039,IPTV,21.62,0.284,7.15,52.23,98.915,89.65
2026-10-22T00:00:00,2026-10-22,2026-10,Balikpapan,SITE-0040,Voice,46.99,0.165,3.26,64.61,99.197,88.43
2026-10-22T06:00:00,2026-10-22,2026-10,Jakarta,SITE-0041,Cloud Connectivity,21.04,0.715,11.57,80.12,99.273,81.83
2026-10-22T00:00:00,2026-10-22,2026-10,Bandung,SITE-0042,Voice,28.26,0.0,5.36,44.39,98.258,89.74
2026-10-22T12:00:00,2026-10-22,2026-10,Surabaya,SITE-0043,Cloud Connectivity,29.97,0.051,2.41,62.27,99.048,92.87
2026-10-22T00:00:00,2026-10-22,2026-10,Medan,SITE-0044,Cloud Connectivity,17.02,0.87,8.61,71.33,99.911,85.24
2026-10-22T00:00:00,2026-10-22,2026-10,Makassar,SITE-0045,Fiber Internet,24.17,0.707,8.49,63.73,99.193,85.32
2026-10-22T00:00:00,2026-10-22,2026-10,Semarang,SITE-0046,Cloud Connectivity,20.54,0.0,13.87,60.34,99.085,88.67
2026-10-22T12:00:00,2026-10-22,2026-10,Yogyakarta,SITE-0047,Mobile Broadband,40.78,0.0,6.46,46.53,97.839,85.63
2026-10-22T18:00:00,2026-10-22,2026-10,Denpasar,SITE-0048,Voice,20.36,0.119,2.54,55.96,99.043,93.98
2026-10-22T12:00:00,2026-10-22,2026-10,Palembang,SITE-0049,IPTV,19.8,0.54,9.04,53.76,98.633,86.05
2026-10-22T12:00:00,2026-10-22,2026-10,Balikpapan,SITE-0050,Cloud Connectivity,24.45,1.073,5.13,58.33,98.779,83.53
2026-10-29T00:00:00,2026-10-29,2026-10,Jakarta,SITE-0001,IPTV,21.99,0.265,10.44,60.96,97.825,84.65
2026-10-29T06:00:00,2026-10-29,2026-10,Bandung,SITE-0002,Mobile Broadband,38.33,0.0,4.22,63.29,98.873,90.4
2026-10-29T12:00:00,2026-10-29,2026-10,Surabaya,SITE-0003,Fiber Internet,16.8,0.141,9.9,56.78,98.114,87.75
2026-10-29T00:00:00,2026-10-29,2026-10,Medan,SITE-0004,IPTV,35.64,0.236,4.84,70.07,98.623,87.9
2026-10-29T06:00:00,2026-10-29,2026-10,Makassar,SITE-0005,Fiber Internet,21.68,0.304,0.5,65.75,98.659,92.37
2026-10-29T06:00:00,2026-10-29,2026-10,Semarang,SITE-0006,Cloud Connectivity,44.57,0.0,2.98,57.28,99.731,90.34
2026-10-29T00:00:00,2026-10-29,2026-10,Yogyakarta,SITE-0007,IPTV,21.81,0.162,5.55,53.28,99.659,91.73
2026-10-29T00:00:00,2026-10-29,2026-10,Denpasar,SITE-0008,Fiber Internet,25.0,0.0,6.35,62.95,98.95,91.86
2026-10-29T18:00:00,2026-10-29,2026-10,Palembang,SITE-0009,IPTV,43.5,0.157,6.04,56.55,99.401,87.59
2026-10-29T18:00:00,2026-10-29,2026-10,Balikpapan,SITE-0010,Cloud Connectivity,35.18,0.306,6.42,65.25,99.477,87.69
2026-10-29T18:00:00,2026-10-29,2026-10,Jakarta,SITE-0011,Cloud Connectivity,19.36,0.181,10.95,48.98,99.727,89.04
2026-10-29T00:00:00,2026-10-29,2026-10,Bandung,SITE-0012,Fiber Internet,23.96,0.833,2.67,59.08,98.763,86.85
2026-10-29T00:00:00,2026-10-29,2026-10,Surabaya,SITE-0013,Mobile Broadband,34.42,0.0,5.7,61.7,99.99,90.67
2026-10-29T12:00:00,2026-10-29,2026-10,Medan,SITE-0014,Voice,28.61,0.35,6.3,59.04,99.502,88.59
2026-10-29T18:00:00,2026-10-29,2026-10,Makassar,SITE-0015,Mobile Broadband,11.86,0.421,12.53,76.84,99.915,86.77
2026-10-29T18:00:00,2026-10-29,2026-10,Semarang,SITE-0016,Enterprise VPN,20.53,0.424,9.22,55.84,99.412,87.85
2026-10-29T18:00:00,2026-10-29,2026-10,Yogyakarta,SITE-0017,IPTV,42.31,0.821,9.6,62.48,98.535,79.14
2026-10-29T18:00:00,2026-10-29,2026-10,Denpasar,SITE-0018,Cloud Connectivity,34.3,0.721,11.3,60.7,98.525,80.42
2026-10-29T00:00:00,2026-10-29,2026-10,Palembang,SITE-0019,Enterprise VPN,43.83,0.559,7.57,63.76,98.921,83.23
2026-10-29T12:00:00,2026-10-29,2026-10,Balikpapan,SITE-0020,Mobile Broadband,24.44,0.0,0.5,61.79,99.366,95.33
2026-10-29T18:00:00,2026-10-29,2026-10,Jakarta,SITE-0021,Enterprise VPN,25.53,0.409,7.01,48.87,99.784,88.28
2026-10-29T18:00:00,2026-10-29,2026-10,Bandung,SITE-0022,Mobile Broadband,30.01,0.0,9.06,60.98,99.859,89.61
2026-10-29T12:00:00,2026-10-29,2026-10,Surabaya,SITE-0023,Cloud Connectivity,12.53,0.502,12.14,68.54,98.36,85.13
2026-10-29T12:00:00,2026-10-29,2026-10,Medan,SITE-0024,Voice,25.87,0.035,5.63,59.54,99.505,91.97
2026-10-29T12:00:00,2026-10-29,2026-10,Makassar,SITE-0025,IPTV,31.79,0.385,9.71,72.4,98.453,84.22
2026-10-29T18:00:00,2026-10-29,2026-10,Semarang,SITE-0026,Enterprise VPN,40.61,1.147,6.65,65.08,98.85,79.41
2026-10-29T18:00:00,2026-10-29,2026-10,Yogyakarta,SITE-0027,IPTV,20.03,0.0,11.42,66.9,98.193,87.69
2026-10-29T18:00:00,2026-10-29,2026-10,Denpasar,SITE-0028,Voice,32.63,2.002,3.06,81.05,99.99,73.71
2026-10-29T06:00:00,2026-10-29,2026-10,Palembang,SITE-0029,Voice,23.17,0.0,5.18,54.0,99.99,92.98
2026-10-29T18:00:00,2026-10-29,2026-10,Balikpapan,SITE-0030,Enterprise VPN,19.33,1.224,1.91,57.78,98.773,84.99
2026-10-29T12:00:00,2026-10-29,2026-10,Jakarta,SITE-0031,Cloud Connectivity,32.67,0.288,6.0,65.22,99.985,88.51
2026-10-29T00:00:00,2026-10-29,2026-10,Bandung,SITE-0032,Enterprise VPN,32.56,0.937,4.22,61.73,99.018,84.32
2026-10-29T00:00:00,2026-10-29,2026-10,Surabaya,SITE-0033,Voice,29.24,0.252,6.6,58.86,99.257,89.09
2026-10-29T12:00:00,2026-10-29,2026-10,Medan,SITE-0034,Mobile Broadband,21.83,1.18,3.71,63.15,98.774,83.91
2026-10-29T12:00:00,2026-10-29,2026-10,Makassar,SITE-0035,Mobile Broadband,25.06,0.223,8.52,55.26,98.928,88.8
2026-10-29T00:00:00,2026-10-29,2026-10,Semarang,SITE-0036,Enterprise VPN,33.01,0.0,1.12,74.01,99.99,93.44
2026-10-29T12:00:00,2026-10-29,2026-10,Yogyakarta,SITE-0037,Cloud Connectivity,37.87,0.764,4.56,64.92,99.538,84.56
2026-10-29T00:00:00,2026-10-29,2026-10,Denpasar,SITE-0038,Enterprise VPN,29.27,0.678,8.66,59.68,98.742,83.77
2026-10-29T18:00:00,2026-10-29,2026-10,Palembang,SITE-0039,IPTV,37.79,0.493,5.43,50.1,99.201,86.27
2026-10-29T18:00:00,2026-10-29,2026-10,Balikpapan,SITE-0040,Voice,41.42,0.203,3.47,74.25,98.639,87.93
2026-10-29T12:00:00,2026-10-29,2026-10,Jakarta,SITE-0041,Cloud Connectivity,26.0,0.728,3.1,71.38,99.99,87.79
2026-10-29T12:00:00,2026-10-29,2026-10,Bandung,SITE-0042,Voice,30.66,0.0,4.25,74.31,99.99,92.14
2026-10-29T18:00:00,2026-10-29,2026-10,Surabaya,SITE-0043,Cloud Connectivity,39.35,0.371,1.23,69.48,98.887,88.93
2026-10-29T00:00:00,2026-10-29,2026-10,Medan,SITE-0044,Cloud Connectivity,12.95,0.608,6.76,67.9,98.292,86.96
2026-10-29T00:00:00,2026-10-29,2026-10,Makassar,SITE-0045,Fiber Internet,36.87,0.207,2.68,56.09,99.285,90.23
2026-10-29T18:00:00,2026-10-29,2026-10,Semarang,SITE-0046,Cloud Connectivity,20.59,0.765,3.7,56.88,99.441,88.14
2026-10-29T00:00:00,2026-10-29,2026-10,Yogyakarta,SITE-0047,Mobile Broadband,7.9,0.998,8.52,45.5,99.107,85.91
2026-10-29T06:00:00,2026-10-29,2026-10,Denpasar,SITE-0048,Voice,10.85,0.0,7.82,63.64,98.826,93.22
2026-10-29T06:00:00,2026-10-29,2026-10,Palembang,SITE-0049,IPTV,25.35,0.257,3.99,67.02,99.531,91.19
2026-10-29T00:00:00,2026-10-29,2026-10,Balikpapan,SITE-0050,Cloud Connectivity,28.51,0.237,2.09,57.62,99.407,91.82
2026-11-05T18:00:00,2026-11-05,2026-11,Jakarta,SITE-0001,IPTV,7.47,0.081,1.75,51.39,99.289,97.05
2026-11-05T12:00:00,2026-11-05,2026-11,Bandung,SITE-0002,Mobile Broadband,30.04,0.0,0.94,62.62,98.025,91.15
2026-11-05T18:00:00,2026-11-05,2026-11,Surabaya,SITE-0003,Fiber Internet,25.3,0.244,0.5,61.15,99.99,93.22
2026-11-05T12:00:00,2026-11-05,2026-11,Medan,SITE-0004,IPTV,32.72,0.0,3.31,44.58,99.074,92.29
2026-11-05T12:00:00,2026-11-05,2026-11,Makassar,SITE-0005,Fiber Internet,34.56,0.831,10.48,72.85,99.214,81.37
2026-11-05T18:00:00,2026-11-05,2026-11,Semarang,SITE-0006,Cloud Connectivity,27.3,0.0,2.17,59.2,99.203,93.89
2026-11-05T12:00:00,2026-11-05,2026-11,Yogyakarta,SITE-0007,IPTV,17.59,0.818,3.14,58.45,99.011,88.56
2026-11-05T18:00:00,2026-11-05,2026-11,Denpasar,SITE-0008,Fiber Internet,43.35,0.054,7.16,50.46,99.014,87.82
2026-11-05T18:00:00,2026-11-05,2026-11,Palembang,SITE-0009,IPTV,32.29,0.0,5.74,58.48,99.903,91.03
2026-11-05T18:00:00,2026-11-05,2026-11,Balikpapan,SITE-0010,Cloud Connectivity,25.11,0.656,8.88,44.1,99.232,85.35
2026-11-05T18:00:00,2026-11-05,2026-11,Jakarta,SITE-0011,Cloud Connectivity,15.56,0.693,0.5,55.9,99.119,91.38
2026-11-05T12:00:00,2026-11-05,2026-11,Bandung,SITE-0012,Fiber Internet,25.85,0.2,10.44,74.76,99.952,88.0
2026-11-05T00:00:00,2026-11-05,2026-11,Surabaya,SITE-0013,Mobile Broadband,32.1,0.0,6.91,79.49,99.99,88.4
2026-11-05T12:00:00,2026-11-05,2026-11,Medan,SITE-0014,Voice,38.81,0.635,11.24,68.28,98.8,81.15
2026-11-05T00:00:00,2026-11-05,2026-11,Makassar,SITE-0015,Mobile Broadband,21.43,0.062,7.84,56.72,99.12,91.33
2026-11-05T12:00:00,2026-11-05,2026-11,Semarang,SITE-0016,Enterprise VPN,30.57,0.438,5.54,57.2,99.99,87.94
2026-11-05T12:00:00,2026-11-05,2026-11,Yogyakarta,SITE-0017,IPTV,31.33,0.353,13.62,68.13,99.988,84.04
2026-11-05T18:00:00,2026-11-05,2026-11,Denpasar,SITE-0018,Cloud Connectivity,36.28,0.526,5.81,53.49,99.695,86.07
2026-11-05T00:00:00,2026-11-05,2026-11,Palembang,SITE-0019,Enterprise VPN,24.83,0.551,1.85,47.55,99.99,90.1
2026-11-05T12:00:00,2026-11-05,2026-11,Balikpapan,SITE-0020,Mobile Broadband,29.69,0.195,2.71,51.49,98.825,91.08
2026-11-05T18:00:00,2026-11-05,2026-11,Jakarta,SITE-0021,Enterprise VPN,33.65,0.795,6.22,62.98,99.646,84.16
2026-11-05T18:00:00,2026-11-05,2026-11,Bandung,SITE-0022,Mobile Broadband,35.04,0.65,11.61,80.59,99.264,79.59
2026-11-05T06:00:00,2026-11-05,2026-11,Surabaya,SITE-0023,Cloud Connectivity,29.9,0.389,2.94,58.98,98.666,88.88
2026-11-05T06:00:00,2026-11-05,2026-11,Medan,SITE-0024,Voice,34.22,0.254,8.47,54.02,98.878,86.78
2026-11-05T12:00:00,2026-11-05,2026-11,Makassar,SITE-0025,IPTV,23.96,0.643,0.72,58.24,99.133,90.14
2026-11-05T00:00:00,2026-11-05,2026-11,Semarang,SITE-0026,Enterprise VPN,26.12,0.259,0.5,64.14,98.944,92.78
2026-11-05T06:00:00,2026-11-05,2026-11,Yogyakarta,SITE-0027,IPTV,45.01,0.34,3.72,59.49,99.141,87.13
2026-11-05T12:00:00,2026-11-05,2026-11,Denpasar,SITE-0028,Voice,49.96,0.176,7.8,79.61,98.253,80.99
2026-11-05T12:00:00,2026-11-05,2026-11,Palembang,SITE-0029,Voice,23.22,0.157,5.02,54.77,98.755,91.07
2026-11-05T00:00:00,2026-11-05,2026-11,Balikpapan,SITE-0030,Enterprise VPN,43.87,0.0,8.59,55.69,98.915,87.12
2026-11-05T12:00:00,2026-11-05,2026-11,Jakarta,SITE-0031,Cloud Connectivity,33.45,0.231,5.5,58.39,99.287,89.11
2026-11-05T12:00:00,2026-11-05,2026-11,Bandung,SITE-0032,Enterprise VPN,25.48,0.038,9.52,63.84,98.673,88.9
2026-11-05T12:00:00,2026-11-05,2026-11,Surabaya,SITE-0033,Voice,29.59,0.196,0.5,67.65,98.817,92.28
2026-11-05T18:00:00,2026-11-05,2026-11,Medan,SITE-0034,Mobile Broadband,42.8,1.003,5.31,58.85,98.646,80.29
2026-11-05T00:00:00,2026-11-05,2026-11,Makassar,SITE-0035,Mobile Broadband,22.53,0.31,2.84,56.78,98.743,91.13
2026-11-05T12:00:00,2026-11-05,2026-11,Semarang,SITE-0036,Enterprise VPN,40.11,0.196,5.03,47.39,99.611,88.45
2026-11-05T00:00:00,2026-11-05,2026-11,Yogyakarta,SITE-0037,Cloud Connectivity,39.45,0.0,9.49,61.88,98.447,86.02
2026-11-05T06:00:00,2026-11-05,2026-11,Denpasar,SITE-0038,Enterprise VPN,41.18,0.519,8.79,47.41,98.887,83.26
2026-11-05T18:00:00,2026-11-05,2026-11,Palembang,SITE-0039,IPTV,21.35,0.28,5.55,54.93,98.297,88.75
2026-11-05T06:00:00,2026-11-05,2026-11,Balikpapan,SITE-0040,Voice,34.33,0.389,5.22,64.31,99.514,87.84
2026-11-05T18:00:00,2026-11-05,2026-11,Jakarta,SITE-0041,Cloud Connectivity,24.51,0.861,9.98,53.45,97.766,79.51
2026-11-05T18:00:00,2026-11-05,2026-11,Bandung,SITE-0042,Voice,37.92,0.324,7.64,68.52,99.063,86.38
2026-11-05T12:00:00,2026-11-05,2026-11,Surabaya,SITE-0043,Cloud Connectivity,5.0,0.319,9.18,49.34,99.182,91.5
2026-11-05T18:00:00,2026-11-05,2026-11,Medan,SITE-0044,Cloud Connectivity,16.63,0.228,7.19,77.69,98.095,87.3
2026-11-05T18:00:00,2026-11-05,2026-11,Makassar,SITE-0045,Fiber Internet,19.92,0.192,4.37,54.46,98.755,91.74
2026-11-05T06:00:00,2026-11-05,2026-11,Semarang,SITE-0046,Cloud Connectivity,24.77,0.377,0.5,53.13,98.536,90.86
2026-11-05T00:00:00,2026-11-05,2026-11,Yogyakarta,SITE-0047,Mobile Broadband,7.84,0.0,5.1,56.34,99.219,95.78
2026-11-05T06:00:00,2026-11-05,2026-11,Denpasar,SITE-0048,Voice,30.2,0.0,3.52,72.21,98.781,91.97
2026-11-05T00:00:00,2026-11-05,2026-11,Palembang,SITE-0049,IPTV,16.6,0.211,6.34,65.46,99.893,91.83
2026-11-05T12:00:00,2026-11-05,2026-11,Balikpapan,SITE-0050,Cloud Connectivity,26.69,0.0,4.34,57.81,99.604,92.81
2026-11-12T06:00:00,2026-11-12,2026-11,Jakarta,SITE-0001,IPTV,19.79,0.0,1.61,72.43,98.883,95.2
2026-11-12T00:00:00,2026-11-12,2026-11,Bandung,SITE-0002,Mobile Broadband,22.14,0.349,5.99,59.67,97.983,86.88
2026-11-12T18:00:00,2026-11-12,2026-11,Surabaya,SITE-0003,Fiber Internet,37.92,1.478,0.5,62.35,99.278,81.07
2026-11-12T18:00:00,2026-11-12,2026-11,Medan,SITE-0004,IPTV,37.51,0.736,6.17,55.29,99.135,83.96
2026-11-12T18:00:00,2026-11-12,2026-11,Makassar,SITE-0005,Fiber Internet,14.39,0.54,7.32,59.69,99.47,89.07
2026-11-12T18:00:00,2026-11-12,2026-11,Semarang,SITE-0006,Cloud Connectivity,24.82,0.632,4.28,66.51,99.564,88.12
2026-11-12T18:00:00,2026-11-12,2026-11,Yogyakarta,SITE-0007,IPTV,30.8,0.146,8.22,59.47,99.113,88.77
2026-11-12T18:00:00,2026-11-12,2026-11,Denpasar,SITE-0008,Fiber Internet,29.32,0.677,6.61,67.81,99.99,85.67
2026-11-12T18:00:00,2026-11-12,2026-11,Palembang,SITE-0009,IPTV,24.79,0.267,0.5,60.83,98.856,92.69
2026-11-12T12:00:00,2026-11-12,2026-11,Balikpapan,SITE-0010,Cloud Connectivity,74.45,2.114,17.96,98.0,97.714,45.6
2026-11-12T06:00:00,2026-11-12,2026-11,Jakarta,SITE-0011,Cloud Connectivity,21.83,0.269,5.74,61.02,98.981,90.71
2026-11-12T18:00:00,2026-11-12,2026-11,Bandung,SITE-0012,Fiber Internet,20.99,0.847,9.28,64.07,99.894,84.34
2026-11-12T00:00:00,2026-11-12,2026-11,Surabaya,SITE-0013,Mobile Broadband,31.37,0.201,0.5,49.9,98.959,92.35
2026-11-12T06:00:00,2026-11-12,2026-11,Medan,SITE-0014,Voice,24.76,0.152,1.8,62.8,99.005,93.34
2026-11-12T06:00:00,2026-11-12,2026-11,Makassar,SITE-0015,Mobile Broadband,41.15,0.165,0.5,53.63,98.711,90.13
2026-11-12T12:00:00,2026-11-12,2026-11,Semarang,SITE-0016,Enterprise VPN,32.21,0.158,3.67,66.64,99.885,90.93
2026-11-12T06:00:00,2026-11-12,2026-11,Yogyakarta,SITE-0017,IPTV,31.7,0.787,1.85,45.02,98.568,85.68
2026-11-12T18:00:00,2026-11-12,2026-11,Denpasar,SITE-0018,Cloud Connectivity,29.26,1.182,6.9,57.48,99.118,81.48
2026-11-12T12:00:00,2026-11-12,2026-11,Palembang,SITE-0019,Enterprise VPN,41.3,0.336,3.81,68.68,98.604,86.59
2026-11-12T00:00:00,2026-11-12,2026-11,Balikpapan,SITE-0020,Mobile Broadband,61.05,2.009,13.53,98.0,96.97,49.05
2026-11-12T00:00:00,2026-11-12,2026-11,Jakarta,SITE-0021,Enterprise VPN,37.79,0.9,8.16,59.7,99.847,81.5
2026-11-12T00:00:00,2026-11-12,2026-11,Bandung,SITE-0022,Mobile Broadband,27.92,0.092,2.88,63.83,99.145,92.66
2026-11-12T18:00:00,2026-11-12,2026-11,Surabaya,SITE-0023,Cloud Connectivity,37.44,0.245,0.5,71.03,98.832,90.52
2026-11-12T12:00:00,2026-11-12,2026-11,Medan,SITE-0024,Voice,18.83,1.074,8.66,54.33,99.112,83.25
2026-11-12T12:00:00,2026-11-12,2026-11,Makassar,SITE-0025,IPTV,15.22,0.0,0.5,58.25,99.99,96.98
2026-11-12T18:00:00,2026-11-12,2026-11,Semarang,SITE-0026,Enterprise VPN,23.44,0.124,4.47,58.47,99.628,92.33
2026-11-12T12:00:00,2026-11-12,2026-11,Yogyakarta,SITE-0027,IPTV,48.06,0.68,6.52,78.36,98.719,79.97
2026-11-12T06:00:00,2026-11-12,2026-11,Denpasar,SITE-0028,Voice,20.13,0.993,4.28,64.33,99.063,86.08
2026-11-12T12:00:00,2026-11-12,2026-11,Palembang,SITE-0029,Voice,39.86,0.281,8.67,48.07,99.368,85.81
2026-11-12T06:00:00,2026-11-12,2026-11,Balikpapan,SITE-0030,Enterprise VPN,82.86,2.142,14.42,90.95,96.741,46.06
2026-11-12T00:00:00,2026-11-12,2026-11,Jakarta,SITE-0031,Cloud Connectivity,18.86,0.488,4.73,64.98,99.639,90.09
2026-11-12T06:00:00,2026-11-12,2026-11,Bandung,SITE-0032,Enterprise VPN,24.4,0.798,5.16,71.09,98.386,84.54
2026-11-12T00:00:00,2026-11-12,2026-11,Surabaya,SITE-0033,Voice,34.19,0.371,6.99,56.46,99.027,87.03
2026-11-12T18:00:00,2026-11-12,2026-11,Medan,SITE-0034,Mobile Broadband,32.14,0.0,1.17,50.56,99.508,93.57
2026-11-12T06:00:00,2026-11-12,2026-11,Makassar,SITE-0035,Mobile Broadband,32.47,0.602,3.95,62.28,99.276,87.17
2026-11-12T06:00:00,2026-11-12,2026-11,Semarang,SITE-0036,Enterprise VPN,23.89,0.137,5.14,64.16,98.608,90.6
2026-11-12T06:00:00,2026-11-12,2026-11,Yogyakarta,SITE-0037,Cloud Connectivity,35.18,0.658,8.97,72.22,99.99,83.47
2026-11-12T18:00:00,2026-11-12,2026-11,Denpasar,SITE-0038,Enterprise VPN,37.72,0.223,6.82,70.58,98.258,85.46
2026-11-12T18:00:00,2026-11-12,2026-11,Palembang,SITE-0039,IPTV,22.43,0.343,6.69,64.85,98.129,86.92
2026-11-12T00:00:00,2026-11-12,2026-11,Balikpapan,SITE-0040,Voice,85.85,1.922,15.07,87.16,97.725,51.59
2026-11-12T12:00:00,2026-11-12,2026-11,Jakarta,SITE-0041,Cloud Connectivity,32.46,0.316,1.29,49.06,99.27,90.92
2026-11-12T18:00:00,2026-11-12,2026-11,Bandung,SITE-0042,Voice,25.25,1.1,6.91,66.95,99.294,82.85
2026-11-12T06:00:00,2026-11-12,2026-11,Surabaya,SITE-0043,Cloud Connectivity,27.22,0.205,6.69,66.39,99.663,89.78
2026-11-12T12:00:00,2026-11-12,2026-11,Medan,SITE-0044,Cloud Connectivity,5.0,0.0,2.26,74.12,99.701,97.86
2026-11-12T06:00:00,2026-11-12,2026-11,Makassar,SITE-0045,Fiber Internet,8.04,0.644,7.86,66.29,99.99,89.07
2026-11-12T00:00:00,2026-11-12,2026-11,Semarang,SITE-0046,Cloud Connectivity,35.26,0.468,2.11,72.45,99.885,88.75
2026-11-12T00:00:00,2026-11-12,2026-11,Yogyakarta,SITE-0047,Mobile Broadband,26.89,1.032,2.66,75.47,99.007,85.23
2026-11-12T18:00:00,2026-11-12,2026-11,Denpasar,SITE-0048,Voice,21.68,0.0,6.41,61.21,99.545,92.57
2026-11-12T18:00:00,2026-11-12,2026-11,Palembang,SITE-0049,IPTV,7.65,0.42,5.87,54.15,99.052,92.03
2026-11-12T06:00:00,2026-11-12,2026-11,Balikpapan,SITE-0050,Cloud Connectivity,62.97,1.778,11.98,86.29,96.174,54.29
2026-11-19T12:00:00,2026-11-19,2026-11,Jakarta,SITE-0001,IPTV,23.06,0.42,3.61,66.75,99.308,90.5
2026-11-19T18:00:00,2026-11-19,2026-11,Bandung,SITE-0002,Mobile Broadband,29.39,0.656,6.01,70.78,98.517,84.71
2026-11-19T06:00:00,2026-11-19,2026-11,Surabaya,SITE-0003,Fiber Internet,14.13,0.612,5.3,68.83,98.852,89.2
2026-11-19T12:00:00,2026-11-19,2026-11,Medan,SITE-0004,IPTV,28.94,0.564,5.34,73.59,99.191,87.34
2026-11-19T18:00:00,2026-11-19,2026-11,Makassar,SITE-0005,Fiber Internet,10.08,0.413,4.23,52.53,99.258,92.55
2026-11-19T18:00:00,2026-11-19,2026-11,Semarang,SITE-0006,Cloud Connectivity,30.01,0.718,2.91,75.33,98.834,86.61
2026-11-19T12:00:00,2026-11-19,2026-11,Yogyakarta,SITE-0007,IPTV,23.28,0.695,7.0,50.84,98.702,85.51
2026-11-19T06:00:00,2026-11-19,2026-11,Denpasar,SITE-0008,Fiber Internet,35.53,0.634,8.43,61.45,99.51,83.9
2026-11-19T00:00:00,2026-11-19,2026-11,Palembang,SITE-0009,IPTV,17.96,0.067,8.74,72.26,99.397,91.43
2026-11-19T00:00:00,2026-11-19,2026-11,Balikpapan,SITE-0010,Cloud Connectivity,85.32,1.794,10.6,78.94,95.912,53.43
2026-11-19T18:00:00,2026-11-19,2026-11,Jakarta,SITE-0011,Cloud Connectivity,30.16,0.229,7.31,48.49,98.739,87.94
2026-11-19T12:00:00,2026-11-19,2026-11,Bandung,SITE-0012,Fiber Internet,31.11,0.514,0.5,42.85,99.302,90.01
2026-11-19T00:00:00,2026-11-19,2026-11,Surabaya,SITE-0013,Mobile Broadband,14.4,0.976,6.67,79.29,98.806,83.42
2026-11-19T12:00:00,2026-11-19,2026-11,Medan,SITE-0014,Voice,43.28,0.576,3.05,58.39,98.703,85.04
2026-11-19T12:00:00,2026-11-19,2026-11,Makassar,SITE-0015,Mobile Broadband,18.19,0.0,4.94,61.2,99.031,94.01
2026-11-19T06:00:00,2026-11-19,2026-11,Semarang,SITE-0016,Enterprise VPN,35.64,0.518,6.96,60.35,98.551,84.26
2026-11-19T12:00:00,2026-11-19,2026-11,Yogyakarta,SITE-0017,IPTV,35.64,0.151,8.69,68.4,99.394,87.6
2026-11-19T18:00:00,2026-11-19,2026-11,Denpasar,SITE-0018,Cloud Connectivity,20.0,0.455,7.59,72.25,99.837,88.59
2026-11-19T18:00:00,2026-11-19,2026-11,Palembang,SITE-0019,Enterprise VPN,21.15,0.095,10.12,64.56,98.855,89.43
2026-11-19T00:00:00,2026-11-19,2026-11,Balikpapan,SITE-0020,Mobile Broadband,75.05,1.572,21.04,87.66,97.001,50.65
2026-11-19T12:00:00,2026-11-19,2026-11,Jakarta,SITE-0021,Enterprise VPN,39.13,0.521,8.51,49.2,98.71,83.24
2026-11-19T00:00:00,2026-11-19,2026-11,Bandung,SITE-0022,Mobile Broadband,32.67,0.231,3.54,55.6,97.863,86.91
2026-11-19T12:00:00,2026-11-19,2026-11,Surabaya,SITE-0023,Cloud Connectivity,30.43,0.618,0.98,57.78,99.957,89.04
2026-11-19T18:00:00,2026-11-19,2026-11,Medan,SITE-0024,Voice,33.9,0.093,10.94,56.48,98.55,85.78
2026-11-19T18:00:00,2026-11-19,2026-11,Makassar,SITE-0025,IPTV,8.68,0.0,5.59,51.52,99.99,95.36
2026-11-19T06:00:00,2026-11-19,2026-11,Semarang,SITE-0026,Enterprise VPN,18.74,0.043,4.21,70.91,99.722,93.97
2026-11-19T18:00:00,2026-11-19,2026-11,Yogyakarta,SITE-0027,IPTV,23.95,0.0,5.39,57.21,99.366,92.73
2026-11-19T12:00:00,2026-11-19,2026-11,Denpasar,SITE-0028,Voice,28.78,0.418,10.84,71.5,99.292,85.51
2026-11-19T18:00:00,2026-11-19,2026-11,Palembang,SITE-0029,Voice,27.99,0.858,7.91,61.77,99.272,83.75
2026-11-19T00:00:00,2026-11-19,2026-11,Balikpapan,SITE-0030,Enterprise VPN,68.12,1.896,14.59,94.77,97.186,50.2
2026-11-19T12:00:00,2026-11-19,2026-11,Jakarta,SITE-0031,Cloud Connectivity,37.49,0.582,6.52,60.82,99.325,85.01
2026-11-19T12:00:00,2026-11-19,2026-11,Bandung,SITE-0032,Enterprise VPN,22.33,0.186,6.15,52.22,99.476,91.11
2026-11-19T06:00:00,2026-11-19,2026-11,Surabaya,SITE-0033,Voice,16.64,0.239,7.4,67.16,99.622,91.02
2026-11-19T06:00:00,2026-11-19,2026-11,Medan,SITE-0034,Mobile Broadband,23.87,0.581,10.52,61.08,98.57,83.98
2026-11-19T00:00:00,2026-11-19,2026-11,Makassar,SITE-0035,Mobile Broadband,23.33,0.22,7.48,69.23,98.719,89.08
2026-11-19T18:00:00,2026-11-19,2026-11,Semarang,SITE-0036,Enterprise VPN,24.01,0.627,3.23,52.21,98.37,87.0
2026-11-19T12:00:00,2026-11-19,2026-11,Yogyakarta,SITE-0037,Cloud Connectivity,18.93,0.472,8.89,61.52,98.612,86.76
2026-11-19T18:00:00,2026-11-19,2026-11,Denpasar,SITE-0038,Enterprise VPN,19.64,0.353,0.5,58.37,98.973,93.29
2026-11-19T06:00:00,2026-11-19,2026-11,Palembang,SITE-0039,IPTV,24.93,0.359,4.15,69.92,98.53,88.95
2026-11-19T00:00:00,2026-11-19,2026-11,Balikpapan,SITE-0040,Voice,75.79,2.055,15.79,90.14,96.62,47.28
2026-11-19T06:00:00,2026-11-19,2026-11,Jakarta,SITE-0041,Cloud Connectivity,34.52,0.492,6.62,61.84,99.212,86.21
2026-11-19T06:00:00,2026-11-19,2026-11,Bandung,SITE-0042,Voice,40.4,0.715,7.19,65.06,99.275,83.05
2026-11-19T18:00:00,2026-11-19,2026-11,Surabaya,SITE-0043,Cloud Connectivity,18.3,0.176,0.52,77.78,98.731,92.96
2026-11-19T12:00:00,2026-11-19,2026-11,Medan,SITE-0044,Cloud Connectivity,36.01,1.181,3.6,50.83,98.76,81.36
2026-11-19T06:00:00,2026-11-19,2026-11,Makassar,SITE-0045,Fiber Internet,42.27,0.0,4.76,68.97,98.571,88.48
2026-11-19T00:00:00,2026-11-19,2026-11,Semarang,SITE-0046,Cloud Connectivity,29.94,0.106,6.29,66.89,99.323,90.31
2026-11-19T12:00:00,2026-11-19,2026-11,Yogyakarta,SITE-0047,Mobile Broadband,38.4,0.525,6.54,57.09,98.756,84.56
2026-11-19T00:00:00,2026-11-19,2026-11,Denpasar,SITE-0048,Voice,14.3,0.652,1.93,73.76,98.701,90.25
2026-11-19T06:00:00,2026-11-19,2026-11,Palembang,SITE-0049,IPTV,36.17,0.67,3.99,63.39,98.382,84.08
2026-11-19T18:00:00,2026-11-19,2026-11,Balikpapan,SITE-0050,Cloud Connectivity,66.81,1.929,20.89,91.14,95.911,44.53
2026-11-26T00:00:00,2026-11-26,2026-11,Jakarta,SITE-0001,IPTV,36.53,1.001,6.53,58.29,98.97,81.73
2026-11-26T12:00:00,2026-11-26,2026-11,Bandung,SITE-0002,Mobile Broadband,38.76,0.179,5.25,77.85,98.79,86.79
2026-11-26T18:00:00,2026-11-26,2026-11,Surabaya,SITE-0003,Fiber Internet,17.58,0.33,3.06,69.37,98.865,92.1
2026-11-26T00:00:00,2026-11-26,2026-11,Medan,SITE-0004,IPTV,40.26,0.481,5.28,80.02,99.394,83.75
2026-11-26T06:00:00,2026-11-26,2026-11,Makassar,SITE-0005,Fiber Internet,20.98,1.184,4.9,74.18,99.625,84.06
2026-11-26T18:00:00,2026-11-26,2026-11,Semarang,SITE-0006,Cloud Connectivity,16.33,0.452,6.94,65.84,98.73,88.81
2026-11-26T12:00:00,2026-11-26,2026-11,Yogyakarta,SITE-0007,IPTV,23.71,0.0,6.29,57.61,99.09,92.27
2026-11-26T18:00:00,2026-11-26,2026-11,Denpasar,SITE-0008,Fiber Internet,26.54,0.4,0.5,56.67,99.747,91.75
2026-11-26T06:00:00,2026-11-26,2026-11,Palembang,SITE-0009,IPTV,22.12,0.922,8.14,66.87,99.712,84.16
2026-11-26T06:00:00,2026-11-26,2026-11,Balikpapan,SITE-0010,Cloud Connectivity,75.19,1.412,15.66,86.08,96.444,53.9
2026-11-26T18:00:00,2026-11-26,2026-11,Jakarta,SITE-0011,Cloud Connectivity,32.42,0.124,5.47,71.79,99.46,90.16
2026-11-26T18:00:00,2026-11-26,2026-11,Bandung,SITE-0012,Fiber Internet,37.96,0.432,4.09,56.94,99.406,87.46
2026-11-26T18:00:00,2026-11-26,2026-11,Surabaya,SITE-0013,Mobile Broadband,20.55,0.0,8.14,57.79,97.926,88.6
2026-11-26T12:00:00,2026-11-26,2026-11,Medan,SITE-0014,Voice,9.38,0.0,7.68,55.87,99.555,94.09
2026-11-26T00:00:00,2026-11-26,2026-11,Makassar,SITE-0015,Mobile Broadband,36.49,0.411,2.62,57.28,98.643,87.63
2026-11-26T12:00:00,2026-11-26,2026-11,Semarang,SITE-0016,Enterprise VPN,18.03,0.379,8.16,70.58,98.385,87.39
2026-11-26T00:00:00,2026-11-26,2026-11,Yogyakarta,SITE-0017,IPTV,24.03,0.0,5.54,68.82,99.115,92.62
2026-11-26T18:00:00,2026-11-26,2026-11,Denpasar,SITE-0018,Cloud Connectivity,31.76,0.299,2.73,54.93,99.883,90.38
2026-11-26T00:00:00,2026-11-26,2026-11,Palembang,SITE-0019,Enterprise VPN,27.05,0.054,0.5,47.0,98.983,94.37
2026-11-26T12:00:00,2026-11-26,2026-11,Balikpapan,SITE-0020,Mobile Broadband,76.58,2.08,15.76,92.72,96.588,45.7
2026-11-26T18:00:00,2026-11-26,2026-11,Jakarta,SITE-0021,Enterprise VPN,19.05,0.405,4.79,69.3,97.913,87.44
2026-11-26T12:00:00,2026-11-26,2026-11,Bandung,SITE-0022,Mobile Broadband,19.99,0.289,10.01,49.61,97.987,85.55
2026-11-26T06:00:00,2026-11-26,2026-11,Surabaya,SITE-0023,Cloud Connectivity,29.43,0.0,5.72,65.32,99.42,91.56
2026-11-26T18:00:00,2026-11-26,2026-11,Medan,SITE-0024,Voice,27.43,0.608,7.57,64.66,98.899,85.73
2026-11-26T18:00:00,2026-11-26,2026-11,Makassar,SITE-0025,IPTV,17.2,0.922,1.5,52.07,99.554,88.7
2026-11-26T06:00:00,2026-11-26,2026-11,Semarang,SITE-0026,Enterprise VPN,19.42,0.451,8.16,62.49,99.99,88.42
2026-11-26T12:00:00,2026-11-26,2026-11,Yogyakarta,SITE-0027,IPTV,15.6,0.055,5.3,54.34,98.674,92.86
2026-11-26T00:00:00,2026-11-26,2026-11,Denpasar,SITE-0028,Voice,28.01,0.717,5.24,67.36,98.758,85.61
2026-11-26T18:00:00,2026-11-26,2026-11,Palembang,SITE-0029,Voice,13.69,0.118,8.09,61.06,99.99,92.14
2026-11-26T18:00:00,2026-11-26,2026-11,Balikpapan,SITE-0030,Enterprise VPN,64.38,1.796,14.38,82.83,97.151,57.06
2026-11-26T18:00:00,2026-11-26,2026-11,Jakarta,SITE-0031,Cloud Connectivity,28.35,0.47,5.47,52.31,99.989,88.13
2026-11-26T06:00:00,2026-11-26,2026-11,Bandung,SITE-0032,Enterprise VPN,9.04,0.488,1.29,51.57,99.694,93.76
2026-11-26T18:00:00,2026-11-26,2026-11,Surabaya,SITE-0033,Voice,33.91,0.0,9.77,63.31,98.908,88.25
2026-11-26T06:00:00,2026-11-26,2026-11,Medan,SITE-0034,Mobile Broadband,20.63,0.348,2.76,60.9,98.856,91.56
2026-11-26T12:00:00,2026-11-26,2026-11,Makassar,SITE-0035,Mobile Broadband,26.84,0.0,2.38,62.28,99.3,93.86
2026-11-26T00:00:00,2026-11-26,2026-11,Semarang,SITE-0036,Enterprise VPN,38.23,0.177,7.69,67.53,99.925,87.48
2026-11-26T00:00:00,2026-11-26,2026-11,Yogyakarta,SITE-0037,Cloud Connectivity,35.09,0.757,4.7,56.74,98.615,83.89
2026-11-26T12:00:00,2026-11-26,2026-11,Denpasar,SITE-0038,Enterprise VPN,38.07,1.003,9.47,78.44,99.193,78.37
2026-11-26T00:00:00,2026-11-26,2026-11,Palembang,SITE-0039,IPTV,27.89,0.105,7.85,54.65,99.002,89.82
2026-11-26T00:00:00,2026-11-26,2026-11,Balikpapan,SITE-0040,Voice,65.52,2.175,14.22,87.22,96.136,48.89
2026-11-26T00:00:00,2026-11-26,2026-11,Jakarta,SITE-0041,Cloud Connectivity,36.48,0.468,4.2,70.32,99.222,87.38
2026-11-26T00:00:00,2026-11-26,2026-11,Bandung,SITE-0042,Voice,33.82,0.435,11.67,56.24,98.766,83.31
2026-11-26T12:00:00,2026-11-26,2026-11,Surabaya,SITE-0043,Cloud Connectivity,27.69,0.154,5.15,69.16,98.493,89.43
2026-11-26T12:00:00,2026-11-26,2026-11,Medan,SITE-0044,Cloud Connectivity,28.81,0.206,2.97,64.26,99.097,91.53
2026-11-26T18:00:00,2026-11-26,2026-11,Makassar,SITE-0045,Fiber Internet,11.17,0.0,10.6,56.5,99.198,92.16
2026-11-26T12:00:00,2026-11-26,2026-11,Semarang,SITE-0046,Cloud Connectivity,14.7,0.0,5.24,71.14,99.947,94.47
2026-11-26T18:00:00,2026-11-26,2026-11,Yogyakarta,SITE-0047,Mobile Broadband,23.59,0.251,5.44,69.32,98.328,88.74
2026-11-26T00:00:00,2026-11-26,2026-11,Denpasar,SITE-0048,Voice,26.44,0.751,7.12,55.93,98.358,83.4
2026-11-26T06:00:00,2026-11-26,2026-11,Palembang,SITE-0049,IPTV,33.22,0.778,0.5,52.03,99.927,87.52
2026-11-26T12:00:00,2026-11-26,2026-11,Balikpapan,SITE-0050,Cloud Connectivity,60.42,2.556,18.38,87.23,97.0,47.06
2026-12-03T00:00:00,2026-12-03,2026-12,Jakarta,SITE-0001,IPTV,36.61,0.138,3.43,49.21,98.799,89.82
2026-12-03T06:00:00,2026-12-03,2026-12,Bandung,SITE-0002,Mobile Broadband,34.52,0.363,4.66,67.51,99.99,88.32
2026-12-03T18:00:00,2026-12-03,2026-12,Surabaya,SITE-0003,Fiber Internet,35.29,0.96,11.34,59.31,99.41,79.73
2026-12-03T12:00:00,2026-12-03,2026-12,Medan,SITE-0004,IPTV,22.23,0.0,2.48,50.78,98.891,94.31
2026-12-03T12:00:00,2026-12-03,2026-12,Makassar,SITE-0005,Fiber Internet,21.03,0.59,5.37,63.83,98.445,86.88
2026-12-03T06:00:00,2026-12-03,2026-12,Semarang,SITE-0006,Cloud Connectivity,25.57,0.086,3.37,66.43,99.297,92.85
2026-12-03T18:00:00,2026-12-03,2026-12,Yogyakarta,SITE-0007,IPTV,37.44,0.173,7.35,51.75,98.71,86.96
2026-12-03T12:00:00,2026-12-03,2026-12,Denpasar,SITE-0008,Fiber Internet,40.04,0.193,0.58,64.92,98.069,88.14
2026-12-03T12:00:00,2026-12-03,2026-12,Palembang,SITE-0009,IPTV,25.55,1.227,9.22,76.6,99.637,79.79
2026-12-03T12:00:00,2026-12-03,2026-12,Balikpapan,SITE-0010,Cloud Connectivity,43.74,0.413,0.5,66.47,98.609,87.38
2026-12-03T00:00:00,2026-12-03,2026-12,Jakarta,SITE-0011,Cloud Connectivity,17.63,0.408,0.5,63.42,99.01,93.29
2026-12-03T18:00:00,2026-12-03,2026-12,Bandung,SITE-0012,Fiber Internet,27.41,0.778,5.24,70.08,99.066,85.95
2026-12-03T18:00:00,2026-12-03,2026-12,Surabaya,SITE-0013,Mobile Broadband,5.0,0.064,8.53,46.93,99.584,93.9
2026-12-03T00:00:00,2026-12-03,2026-12,Medan,SITE-0014,Voice,45.29,0.196,3.27,64.59,98.739,87.7
2026-12-03T06:00:00,2026-12-03,2026-12,Makassar,SITE-0015,Mobile Broadband,18.08,0.21,6.94,61.09,97.963,88.14
2026-12-03T18:00:00,2026-12-03,2026-12,Semarang,SITE-0016,Enterprise VPN,33.83,0.0,3.55,64.54,98.872,91.57
2026-12-03T18:00:00,2026-12-03,2026-12,Yogyakarta,SITE-0017,IPTV,35.65,0.39,6.67,56.71,99.018,86.79
2026-12-03T12:00:00,2026-12-03,2026-12,Denpasar,SITE-0018,Cloud Connectivity,28.21,0.028,8.92,59.37,99.659,89.79
2026-12-03T06:00:00,2026-12-03,2026-12,Palembang,SITE-0019,Enterprise VPN,20.02,0.223,7.8,49.75,99.117,90.32
2026-12-03T12:00:00,2026-12-03,2026-12,Balikpapan,SITE-0020,Mobile Broadband,45.53,0.567,0.5,52.03,98.161,84.48
2026-12-03T12:00:00,2026-12-03,2026-12,Jakarta,SITE-0021,Enterprise VPN,31.57,0.369,7.76,63.73,98.955,86.97
2026-12-03T12:00:00,2026-12-03,2026-12,Bandung,SITE-0022,Mobile Broadband,38.7,0.658,4.34,76.98,97.788,80.86
2026-12-03T18:00:00,2026-12-03,2026-12,Surabaya,SITE-0023,Cloud Connectivity,11.09,0.368,4.68,50.75,98.443,90.82
2026-12-03T06:00:00,2026-12-03,2026-12,Medan,SITE-0024,Voice,44.07,0.0,2.22,63.23,98.966,90.74
2026-12-03T00:00:00,2026-12-03,2026-12,Makassar,SITE-0025,IPTV,45.92,0.0,0.5,45.88,98.793,90.84
2026-12-03T18:00:00,2026-12-03,2026-12,Semarang,SITE-0026,Enterprise VPN,5.0,0.579,6.17,60.11,98.86,90.65
2026-12-03T18:00:00,2026-12-03,2026-12,Yogyakarta,SITE-0027,IPTV,14.58,0.03,6.62,58.96,99.753,93.49
2026-12-03T18:00:00,2026-12-03,2026-12,Denpasar,SITE-0028,Voice,42.96,1.066,6.05,57.03,98.964,80.3
2026-12-03T06:00:00,2026-12-03,2026-12,Palembang,SITE-0029,Voice,50.34,0.3,2.82,54.71,97.821,83.45
2026-12-03T12:00:00,2026-12-03,2026-12,Balikpapan,SITE-0030,Enterprise VPN,15.08,0.0,6.93,64.01,99.238,93.48
2026-12-03T12:00:00,2026-12-03,2026-12,Jakarta,SITE-0031,Cloud Connectivity,61.84,0.0,6.45,53.17,99.543,85.32
2026-12-03T00:00:00,2026-12-03,2026-12,Bandung,SITE-0032,Enterprise VPN,17.25,0.379,3.75,58.28,99.077,91.8
2026-12-03T06:00:00,2026-12-03,2026-12,Surabaya,SITE-0033,Voice,18.91,0.46,6.46,51.28,99.093,89.36
2026-12-03T18:00:00,2026-12-03,2026-12,Medan,SITE-0034,Mobile Broadband,18.47,0.0,4.41,52.62,97.809,90.67
2026-12-03T06:00:00,2026-12-03,2026-12,Makassar,SITE-0035,Mobile Broadband,41.39,0.751,7.61,60.0,99.435,82.36
2026-12-03T06:00:00,2026-12-03,2026-12,Semarang,SITE-0036,Enterprise VPN,20.56,0.0,8.26,66.34,99.687,91.76
2026-12-03T00:00:00,2026-12-03,2026-12,Yogyakarta,SITE-0037,Cloud Connectivity,21.62,0.4,0.5,62.49,98.946,92.47
2026-12-03T18:00:00,2026-12-03,2026-12,Denpasar,SITE-0038,Enterprise VPN,20.61,0.0,0.5,53.24,98.568,94.72
2026-12-03T00:00:00,2026-12-03,2026-12,Palembang,SITE-0039,IPTV,30.41,0.576,6.4,66.77,98.658,85.37
2026-12-03T06:00:00,2026-12-03,2026-12,Balikpapan,SITE-0040,Voice,22.91,0.635,7.58,75.24,99.99,86.52
2026-12-03T12:00:00,2026-12-03,2026-12,Jakarta,SITE-0041,Cloud Connectivity,38.52,0.926,5.58,50.23,98.188,80.15
2026-12-03T00:00:00,2026-12-03,2026-12,Bandung,SITE-0042,Voice,41.03,0.429,7.7,57.99,99.393,84.94
2026-12-03T12:00:00,2026-12-03,2026-12,Surabaya,SITE-0043,Cloud Connectivity,27.68,0.554,9.0,58.06,99.028,85.64
2026-12-03T12:00:00,2026-12-03,2026-12,Medan,SITE-0044,Cloud Connectivity,29.91,0.546,5.25,72.36,99.533,87.36
2026-12-03T12:00:00,2026-12-03,2026-12,Makassar,SITE-0045,Fiber Internet,31.38,0.345,0.5,65.63,99.399,91.32
2026-12-03T06:00:00,2026-12-03,2026-12,Semarang,SITE-0046,Cloud Connectivity,6.64,0.0,0.5,57.8,98.905,98.24
2026-12-03T12:00:00,2026-12-03,2026-12,Yogyakarta,SITE-0047,Mobile Broadband,19.3,0.175,11.25,38.02,99.676,88.94
2026-12-03T12:00:00,2026-12-03,2026-12,Denpasar,SITE-0048,Voice,18.34,0.405,6.18,51.46,98.594,88.84
2026-12-03T12:00:00,2026-12-03,2026-12,Palembang,SITE-0049,IPTV,14.45,0.543,5.37,57.61,98.794,89.49
2026-12-03T12:00:00,2026-12-03,2026-12,Balikpapan,SITE-0050,Cloud Connectivity,25.17,0.607,0.56,63.41,98.756,89.57
2026-12-10T18:00:00,2026-12-10,2026-12,Jakarta,SITE-0001,IPTV,12.48,0.453,0.5,58.13,99.252,93.86
2026-12-10T00:00:00,2026-12-10,2026-12,Bandung,SITE-0002,Mobile Broadband,37.88,0.578,5.64,68.95,99.175,85.46
2026-12-10T18:00:00,2026-12-10,2026-12,Surabaya,SITE-0003,Fiber Internet,20.74,0.758,8.61,61.42,99.35,85.47
2026-12-10T06:00:00,2026-12-10,2026-12,Medan,SITE-0004,IPTV,8.99,0.337,9.85,67.25,98.488,88.73
2026-12-10T06:00:00,2026-12-10,2026-12,Makassar,SITE-0005,Fiber Internet,23.37,0.369,0.5,55.22,99.431,92.57
2026-12-10T00:00:00,2026-12-10,2026-12,Semarang,SITE-0006,Cloud Connectivity,27.1,0.665,3.28,79.48,99.142,85.98
2026-12-10T12:00:00,2026-12-10,2026-12,Yogyakarta,SITE-0007,IPTV,17.28,0.069,8.25,64.39,98.684,90.85
2026-12-10T18:00:00,2026-12-10,2026-12,Denpasar,SITE-0008,Fiber Internet,26.82,0.0,0.5,53.05,99.419,94.9
2026-12-10T12:00:00,2026-12-10,2026-12,Palembang,SITE-0009,IPTV,42.25,1.146,0.5,38.89,99.321,82.95
2026-12-10T12:00:00,2026-12-10,2026-12,Balikpapan,SITE-0010,Cloud Connectivity,53.71,0.443,3.53,73.3,98.312,82.78
2026-12-10T06:00:00,2026-12-10,2026-12,Jakarta,SITE-0011,Cloud Connectivity,26.47,0.138,6.7,69.04,99.77,90.44
2026-12-10T06:00:00,2026-12-10,2026-12,Bandung,SITE-0012,Fiber Internet,31.94,0.541,5.53,67.32,98.671,85.9
2026-12-10T06:00:00,2026-12-10,2026-12,Surabaya,SITE-0013,Mobile Broadband,16.04,0.594,5.83,66.31,99.278,89.16
2026-12-10T00:00:00,2026-12-10,2026-12,Medan,SITE-0014,Voice,34.52,0.443,1.24,58.43,99.101,89.56
2026-12-10T18:00:00,2026-12-10,2026-12,Makassar,SITE-0015,Mobile Broadband,11.75,0.314,8.56,42.53,98.913,90.41
2026-12-10T00:00:00,2026-12-10,2026-12,Semarang,SITE-0016,Enterprise VPN,23.36,0.734,4.62,61.96,98.747,86.63
2026-12-10T06:00:00,2026-12-10,2026-12,Yogyakarta,SITE-0017,IPTV,19.58,0.127,4.22,46.77,98.652,92.09
2026-12-10T00:00:00,2026-12-10,2026-12,Denpasar,SITE-0018,Cloud Connectivity,9.82,0.0,0.5,58.51,98.792,97.33
2026-12-10T12:00:00,2026-12-10,2026-12,Palembang,SITE-0019,Enterprise VPN,30.52,0.0,4.93,53.62,98.362,89.88
2026-12-10T12:00:00,2026-12-10,2026-12,Balikpapan,SITE-0020,Mobile Broadband,26.39,0.163,0.5,67.89,99.149,93.67
2026-12-10T18:00:00,2026-12-10,2026-12,Jakarta,SITE-0021,Enterprise VPN,31.23,0.153,6.48,49.83,99.596,89.59
2026-12-10T12:00:00,2026-12-10,2026-12,Bandung,SITE-0022,Mobile Broadband,32.48,0.642,1.26,42.87,98.688,87.38
2026-12-10T06:00:00,2026-12-10,2026-12,Surabaya,SITE-0023,Cloud Connectivity,29.63,0.129,4.66,62.83,99.599,91.07
2026-12-10T12:00:00,2026-12-10,2026-12,Medan,SITE-0024,Voice,18.19,0.277,14.89,60.79,99.084,86.32
2026-12-10T12:00:00,2026-12-10,2026-12,Makassar,SITE-0025,IPTV,14.46,0.462,2.29,58.57,98.795,91.82
2026-12-10T00:00:00,2026-12-10,2026-12,Semarang,SITE-0026,Enterprise VPN,20.98,0.911,2.35,76.83,99.077,86.82
2026-12-10T00:00:00,2026-12-10,2026-12,Yogyakarta,SITE-0027,IPTV,30.17,0.398,5.84,51.53,98.511,86.7
2026-12-10T06:00:00,2026-12-10,2026-12,Denpasar,SITE-0028,Voice,34.69,0.461,5.92,56.08,99.012,86.81
2026-12-10T18:00:00,2026-12-10,2026-12,Palembang,SITE-0029,Voice,31.24,0.661,1.57,61.23,98.731,87.42
2026-12-10T12:00:00,2026-12-10,2026-12,Balikpapan,SITE-0030,Enterprise VPN,22.41,0.713,10.36,67.21,98.787,83.93
2026-12-10T18:00:00,2026-12-10,2026-12,Jakarta,SITE-0031,Cloud Connectivity,35.49,0.0,5.23,56.62,99.652,90.74
2026-12-10T06:00:00,2026-12-10,2026-12,Bandung,SITE-0032,Enterprise VPN,10.62,0.0,2.13,62.6,98.176,94.44
2026-12-10T00:00:00,2026-12-10,2026-12,Surabaya,SITE-0033,Voice,21.75,0.407,10.81,61.08,98.841,86.41
2026-12-10T18:00:00,2026-12-10,2026-12,Medan,SITE-0034,Mobile Broadband,20.62,0.198,15.48,64.57,98.14,83.61
2026-12-10T00:00:00,2026-12-10,2026-12,Makassar,SITE-0035,Mobile Broadband,49.7,0.398,11.6,68.31,98.668,80.49
2026-12-10T00:00:00,2026-12-10,2026-12,Semarang,SITE-0036,Enterprise VPN,28.61,0.156,11.11,60.32,98.867,87.1
2026-12-10T06:00:00,2026-12-10,2026-12,Yogyakarta,SITE-0037,Cloud Connectivity,36.67,0.164,1.93,60.2,99.286,91.03
2026-12-10T00:00:00,2026-12-10,2026-12,Denpasar,SITE-0038,Enterprise VPN,19.37,0.0,9.23,70.7,98.449,89.78
2026-12-10T12:00:00,2026-12-10,2026-12,Palembang,SITE-0039,IPTV,25.68,0.009,5.49,67.21,98.81,91.72
2026-12-10T00:00:00,2026-12-10,2026-12,Balikpapan,SITE-0040,Voice,21.71,0.0,4.89,67.49,98.81,92.83
2026-12-10T06:00:00,2026-12-10,2026-12,Jakarta,SITE-0041,Cloud Connectivity,26.11,0.307,8.7,59.91,99.337,88.06
2026-12-10T06:00:00,2026-12-10,2026-12,Bandung,SITE-0042,Voice,19.84,0.715,2.61,62.8,98.624,88.14
2026-12-10T18:00:00,2026-12-10,2026-12,Surabaya,SITE-0043,Cloud Connectivity,26.36,0.589,2.55,57.22,98.671,88.15
2026-12-10T12:00:00,2026-12-10,2026-12,Medan,SITE-0044,Cloud Connectivity,20.1,0.482,3.78,55.23,99.303,90.45
2026-12-10T00:00:00,2026-12-10,2026-12,Makassar,SITE-0045,Fiber Internet,17.48,0.498,10.37,41.65,98.703,86.27
2026-12-10T18:00:00,2026-12-10,2026-12,Semarang,SITE-0046,Cloud Connectivity,27.14,0.26,2.17,58.03,99.731,91.84
2026-12-10T00:00:00,2026-12-10,2026-12,Yogyakarta,SITE-0047,Mobile Broadband,18.22,0.477,2.56,65.7,98.182,89.04
2026-12-10T18:00:00,2026-12-10,2026-12,Denpasar,SITE-0048,Voice,29.0,0.189,10.7,71.17,99.769,87.38
2026-12-10T06:00:00,2026-12-10,2026-12,Palembang,SITE-0049,IPTV,5.0,1.066,3.41,76.52,99.922,88.02
2026-12-10T12:00:00,2026-12-10,2026-12,Balikpapan,SITE-0050,Cloud Connectivity,30.2,0.666,9.17,73.11,98.592,82.97
2026-12-17T12:00:00,2026-12-17,2026-12,Jakarta,SITE-0001,IPTV,33.66,0.439,4.33,59.79,99.741,88.05
2026-12-17T12:00:00,2026-12-17,2026-12,Bandung,SITE-0002,Mobile Broadband,28.15,0.569,11.58,35.66,98.39,82.18
2026-12-17T12:00:00,2026-12-17,2026-12,Surabaya,SITE-0003,Fiber Internet,47.24,0.528,2.23,44.21,99.97,86.05
2026-12-17T12:00:00,2026-12-17,2026-12,Medan,SITE-0004,IPTV,30.92,0.489,11.38,75.38,99.43,84.09
2026-12-17T00:00:00,2026-12-17,2026-12,Makassar,SITE-0005,Fiber Internet,20.21,0.204,0.5,70.67,99.787,94.46
2026-12-17T12:00:00,2026-12-17,2026-12,Semarang,SITE-0006,Cloud Connectivity,27.03,0.327,6.98,58.73,99.007,88.68
2026-12-17T12:00:00,2026-12-17,2026-12,Yogyakarta,SITE-0007,IPTV,14.1,0.368,7.05,54.37,98.38,88.78
2026-12-17T00:00:00,2026-12-17,2026-12,Denpasar,SITE-0008,Fiber Internet,21.86,0.011,9.95,74.61,98.347,88.54
2026-12-17T18:00:00,2026-12-17,2026-12,Palembang,SITE-0009,IPTV,30.95,0.0,0.91,64.98,99.33,93.93
2026-12-17T06:00:00,2026-12-17,2026-12,Balikpapan,SITE-0010,Cloud Connectivity,31.48,0.586,6.3,63.74,99.519,86.18
2026-12-17T06:00:00,2026-12-17,2026-12,Jakarta,SITE-0011,Cloud Connectivity,14.99,0.32,10.2,60.91,98.738,88.35
2026-12-17T06:00:00,2026-12-17,2026-12,Bandung,SITE-0012,Fiber Internet,16.07,0.418,10.1,66.98,98.748,87.45
2026-12-17T18:00:00,2026-12-17,2026-12,Surabaya,SITE-0013,Mobile Broadband,41.36,0.379,3.55,68.1,98.309,85.49
2026-12-17T12:00:00,2026-12-17,2026-12,Medan,SITE-0014,Voice,37.68,0.788,5.39,35.52,98.784,83.3
2026-12-17T18:00:00,2026-12-17,2026-12,Makassar,SITE-0015,Mobile Broadband,10.92,0.0,6.71,53.89,98.472,92.76
2026-12-17T00:00:00,2026-12-17,2026-12,Semarang,SITE-0016,Enterprise VPN,19.08,0.224,4.58,73.27,99.616,92.26
2026-12-17T06:00:00,2026-12-17,2026-12,Yogyakarta,SITE-0017,IPTV,51.74,0.435,8.9,68.68,99.742,82.31
2026-12-17T18:00:00,2026-12-17,2026-12,Denpasar,SITE-0018,Cloud Connectivity,38.44,0.61,7.66,73.89,98.996,83.98
2026-12-17T00:00:00,2026-12-17,2026-12,Palembang,SITE-0019,Enterprise VPN,35.55,0.093,6.14,61.72,99.307,89.48
2026-12-17T18:00:00,2026-12-17,2026-12,Balikpapan,SITE-0020,Mobile Broadband,19.54,0.66,3.94,61.53,98.218,86.7
2026-12-17T12:00:00,2026-12-17,2026-12,Jakarta,SITE-0021,Enterprise VPN,34.67,1.004,0.5,77.59,99.559,84.28
2026-12-17T18:00:00,2026-12-17,2026-12,Bandung,SITE-0022,Mobile Broadband,33.57,0.433,6.32,65.91,99.303,87.02
2026-12-17T12:00:00,2026-12-17,2026-12,Surabaya,SITE-0023,Cloud Connectivity,23.53,0.119,8.58,50.37,99.27,90.09
2026-12-17T18:00:00,2026-12-17,2026-12,Medan,SITE-0024,Voice,38.53,0.473,1.82,64.82,99.083,88.28
2026-12-17T12:00:00,2026-12-17,2026-12,Makassar,SITE-0025,IPTV,28.79,0.851,11.33,43.93,99.132,81.78
2026-12-17T12:00:00,2026-12-17,2026-12,Semarang,SITE-0026,Enterprise VPN,26.35,0.0,0.5,65.29,99.953,94.98
2026-12-17T06:00:00,2026-12-17,2026-12,Yogyakarta,SITE-0027,IPTV,31.67,0.0,5.17,60.56,98.357,89.53
2026-12-17T18:00:00,2026-12-17,2026-12,Denpasar,SITE-0028,Voice,31.36,0.097,3.22,75.78,99.25,91.46
2026-12-17T06:00:00,2026-12-17,2026-12,Palembang,SITE-0029,Voice,26.87,0.0,7.81,65.18,99.236,90.87
2026-12-17T12:00:00,2026-12-17,2026-12,Balikpapan,SITE-0030,Enterprise VPN,42.31,0.448,3.66,48.81,99.201,86.79
2026-12-17T12:00:00,2026-12-17,2026-12,Jakarta,SITE-0031,Cloud Connectivity,44.34,0.879,10.97,74.74,99.386,78.96
2026-12-17T06:00:00,2026-12-17,2026-12,Bandung,SITE-0032,Enterprise VPN,29.27,0.661,1.6,51.01,99.899,88.57
2026-12-17T00:00:00,2026-12-17,2026-12,Surabaya,SITE-0033,Voice,31.57,0.267,3.49,63.69,99.051,90.27
2026-12-17T00:00:00,2026-12-17,2026-12,Medan,SITE-0034,Mobile Broadband,27.98,0.396,8.32,60.64,99.273,87.22
2026-12-17T18:00:00,2026-12-17,2026-12,Makassar,SITE-0035,Mobile Broadband,47.81,0.831,2.97,67.76,99.195,83.11
2026-12-17T18:00:00,2026-12-17,2026-12,Semarang,SITE-0036,Enterprise VPN,32.55,0.313,7.79,82.88,99.628,83.81
2026-12-17T18:00:00,2026-12-17,2026-12,Yogyakarta,SITE-0037,Cloud Connectivity,27.62,0.427,2.67,42.23,99.876,90.14
2026-12-17T18:00:00,2026-12-17,2026-12,Denpasar,SITE-0038,Enterprise VPN,25.48,0.603,0.5,53.39,99.403,90.31
2026-12-17T12:00:00,2026-12-17,2026-12,Palembang,SITE-0039,IPTV,22.03,0.21,9.79,77.84,98.901,87.4
2026-12-17T00:00:00,2026-12-17,2026-12,Balikpapan,SITE-0040,Voice,28.43,0.401,6.41,41.77,98.798,87.54
2026-12-17T12:00:00,2026-12-17,2026-12,Jakarta,SITE-0041,Cloud Connectivity,37.1,0.341,3.41,63.23,97.79,85.09
2026-12-17T12:00:00,2026-12-17,2026-12,Bandung,SITE-0042,Voice,14.7,0.676,7.56,48.41,99.419,87.79
2026-12-17T12:00:00,2026-12-17,2026-12,Surabaya,SITE-0043,Cloud Connectivity,35.22,0.006,2.32,73.74,98.064,89.53
2026-12-17T18:00:00,2026-12-17,2026-12,Medan,SITE-0044,Cloud Connectivity,24.01,0.009,13.86,62.3,99.574,87.98
2026-12-17T00:00:00,2026-12-17,2026-12,Makassar,SITE-0045,Fiber Internet,17.42,0.211,6.14,66.96,98.094,89.08
2026-12-17T00:00:00,2026-12-17,2026-12,Semarang,SITE-0046,Cloud Connectivity,20.3,0.877,5.71,60.47,99.716,86.19
2026-12-17T12:00:00,2026-12-17,2026-12,Yogyakarta,SITE-0047,Mobile Broadband,34.59,0.0,4.62,59.41,99.297,91.23
2026-12-17T18:00:00,2026-12-17,2026-12,Denpasar,SITE-0048,Voice,8.3,0.0,7.88,63.61,99.033,94.17
2026-12-17T12:00:00,2026-12-17,2026-12,Palembang,SITE-0049,IPTV,28.28,0.0,8.3,56.42,99.343,90.35
2026-12-17T00:00:00,2026-12-17,2026-12,Balikpapan,SITE-0050,Cloud Connectivity,24.17,0.343,2.67,50.8,98.881,91.08
2026-12-24T18:00:00,2026-12-24,2026-12,Jakarta,SITE-0001,IPTV,16.78,0.809,6.83,74.58,99.977,86.75
2026-12-24T12:00:00,2026-12-24,2026-12,Bandung,SITE-0002,Mobile Broadband,31.75,0.264,10.67,48.69,99.99,86.31
2026-12-24T00:00:00,2026-12-24,2026-12,Surabaya,SITE-0003,Fiber Internet,33.23,0.39,2.58,39.42,99.476,89.48
2026-12-24T06:00:00,2026-12-24,2026-12,Medan,SITE-0004,IPTV,33.49,0.0,7.79,70.89,98.748,88.93
2026-12-24T06:00:00,2026-12-24,2026-12,Makassar,SITE-0005,Fiber Internet,29.85,0.203,2.98,61.26,99.896,91.37
2026-12-24T12:00:00,2026-12-24,2026-12,Semarang,SITE-0006,Cloud Connectivity,18.12,0.17,13.93,50.96,98.226,85.4
2026-12-24T00:00:00,2026-12-24,2026-12,Yogyakarta,SITE-0007,IPTV,15.19,0.545,10.69,62.51,98.838,86.54
2026-12-24T12:00:00,2026-12-24,2026-12,Denpasar,SITE-0008,Fiber Internet,42.66,0.274,5.21,67.05,99.99,87.26
2026-12-24T00:00:00,2026-12-24,2026-12,Palembang,SITE-0009,IPTV,43.02,0.0,7.72,57.26,99.159,88.01
2026-12-24T06:00:00,2026-12-24,2026-12,Balikpapan,SITE-0010,Cloud Connectivity,34.2,0.957,9.47,59.52,98.929,80.76
2026-12-24T12:00:00,2026-12-24,2026-12,Jakarta,SITE-0011,Cloud Connectivity,13.46,0.0,10.18,48.45,98.953,91.84
2026-12-24T06:00:00,2026-12-24,2026-12,Bandung,SITE-0012,Fiber Internet,24.94,0.216,8.58,59.8,98.103,86.37
2026-12-24T00:00:00,2026-12-24,2026-12,Surabaya,SITE-0013,Mobile Broadband,21.14,1.577,14.33,68.96,97.509,71.23
2026-12-24T00:00:00,2026-12-24,2026-12,Medan,SITE-0014,Voice,18.33,0.24,4.5,55.47,98.877,91.93
2026-12-24T06:00:00,2026-12-24,2026-12,Makassar,SITE-0015,Mobile Broadband,26.45,0.763,0.5,62.53,98.321,86.83
2026-12-24T06:00:00,2026-12-24,2026-12,Semarang,SITE-0016,Enterprise VPN,23.8,0.768,7.02,70.02,99.46,85.71
2026-12-24T06:00:00,2026-12-24,2026-12,Yogyakarta,SITE-0017,IPTV,18.61,0.233,5.65,60.47,99.194,91.68
2026-12-24T00:00:00,2026-12-24,2026-12,Denpasar,SITE-0018,Cloud Connectivity,32.7,0.498,11.92,73.91,99.927,83.58
2026-12-24T18:00:00,2026-12-24,2026-12,Palembang,SITE-0019,Enterprise VPN,26.67,0.129,8.39,70.32,98.97,89.46
2026-12-24T00:00:00,2026-12-24,2026-12,Balikpapan,SITE-0020,Mobile Broadband,5.0,0.905,4.83,50.28,98.706,88.32
2026-12-24T18:00:00,2026-12-24,2026-12,Jakarta,SITE-0021,Enterprise VPN,46.33,0.0,3.15,68.81,99.682,89.93
2026-12-24T12:00:00,2026-12-24,2026-12,Bandung,SITE-0022,Mobile Broadband,20.78,0.307,6.63,56.48,99.485,90.16
2026-12-24T12:00:00,2026-12-24,2026-12,Surabaya,SITE-0023,Cloud Connectivity,35.77,0.983,8.82,56.41,99.796,80.85
2026-12-24T06:00:00,2026-12-24,2026-12,Medan,SITE-0024,Voice,43.96,0.9,1.55,55.09,98.769,83.34
2026-12-24T12:00:00,2026-12-24,2026-12,Makassar,SITE-0025,IPTV,22.07,0.438,0.64,63.72,99.129,92.17
2026-12-24T18:00:00,2026-12-24,2026-12,Semarang,SITE-0026,Enterprise VPN,27.73,0.127,0.5,71.08,98.63,92.61
2026-12-24T00:00:00,2026-12-24,2026-12,Yogyakarta,SITE-0027,IPTV,25.97,0.944,8.19,64.41,99.99,83.27
2026-12-24T12:00:00,2026-12-24,2026-12,Denpasar,SITE-0028,Voice,46.55,0.28,2.98,51.94,99.99,87.74
2026-12-24T18:00:00,2026-12-24,2026-12,Palembang,SITE-0029,Voice,10.05,0.203,2.12,61.16,98.403,93.61
2026-12-24T12:00:00,2026-12-24,2026-12,Balikpapan,SITE-0030,Enterprise VPN,21.49,0.779,2.16,69.19,99.49,88.71
2026-12-24T00:00:00,2026-12-24,2026-12,Jakarta,SITE-0031,Cloud Connectivity,41.35,0.0,0.5,64.38,99.367,92.28
2026-12-24T06:00:00,2026-12-24,2026-12,Bandung,SITE-0032,Enterprise VPN,42.13,0.312,6.84,74.98,99.418,86.16
2026-12-24T00:00:00,2026-12-24,2026-12,Surabaya,SITE-0033,Voice,42.17,0.0,10.14,43.34,99.187,86.83
2026-12-24T12:00:00,2026-12-24,2026-12,Medan,SITE-0034,Mobile Broadband,35.26,0.446,0.82,73.77,98.078,86.87
2026-12-24T06:00:00,2026-12-24,2026-12,Makassar,SITE-0035,Mobile Broadband,26.42,0.482,3.92,61.68,99.535,89.23
2026-12-24T12:00:00,2026-12-24,2026-12,Semarang,SITE-0036,Enterprise VPN,31.83,0.596,8.05,64.7,99.284,85.08
2026-12-24T00:00:00,2026-12-24,2026-12,Yogyakarta,SITE-0037,Cloud Connectivity,30.96,0.44,2.07,69.27,99.224,89.77
2026-12-24T12:00:00,2026-12-24,2026-12,Denpasar,SITE-0038,Enterprise VPN,36.58,0.207,4.02,57.2,99.09,89.55
2026-12-24T12:00:00,2026-12-24,2026-12,Palembang,SITE-0039,IPTV,37.79,0.613,0.5,65.91,99.27,88.02
2026-12-24T00:00:00,2026-12-24,2026-12,Balikpapan,SITE-0040,Voice,23.03,0.966,9.97,63.79,99.892,82.64
2026-12-24T12:00:00,2026-12-24,2026-12,Jakarta,SITE-0041,Cloud Connectivity,23.21,0.0,9.96,62.22,99.198,90.34
2026-12-24T12:00:00,2026-12-24,2026-12,Bandung,SITE-0042,Voice,21.6,0.341,9.9,61.89,99.149,87.94
2026-12-24T06:00:00,2026-12-24,2026-12,Surabaya,SITE-0043,Cloud Connectivity,47.88,0.761,4.95,52.48,99.244,82.57
2026-12-24T06:00:00,2026-12-24,2026-12,Medan,SITE-0044,Cloud Connectivity,38.84,0.272,7.1,53.76,98.624,85.8
2026-12-24T00:00:00,2026-12-24,2026-12,Makassar,SITE-0045,Fiber Internet,29.76,0.065,1.67,54.42,99.195,93.21
2026-12-24T06:00:00,2026-12-24,2026-12,Semarang,SITE-0046,Cloud Connectivity,24.91,0.405,6.27,57.08,98.147,86.27
2026-12-24T00:00:00,2026-12-24,2026-12,Yogyakarta,SITE-0047,Mobile Broadband,35.23,0.605,7.17,61.82,99.276,84.87
2026-12-24T00:00:00,2026-12-24,2026-12,Denpasar,SITE-0048,Voice,39.16,0.418,4.58,63.5,99.921,87.09
2026-12-24T00:00:00,2026-12-24,2026-12,Palembang,SITE-0049,IPTV,42.25,0.281,0.61,66.2,97.597,85.6
2026-12-24T00:00:00,2026-12-24,2026-12,Balikpapan,SITE-0050,Cloud Connectivity,28.21,0.303,6.64,70.41,99.99,88.85
2026-12-31T18:00:00,2026-12-31,2026-12,Jakarta,SITE-0001,IPTV,41.74,0.164,8.98,45.77,99.788,86.24
2026-12-31T18:00:00,2026-12-31,2026-12,Bandung,SITE-0002,Mobile Broadband,25.24,0.579,5.22,61.64,99.524,87.95
2026-12-31T06:00:00,2026-12-31,2026-12,Surabaya,SITE-0003,Fiber Internet,39.99,0.315,2.59,59.49,98.89,88.53
2026-12-31T12:00:00,2026-12-31,2026-12,Medan,SITE-0004,IPTV,19.15,0.473,8.21,66.48,99.31,88.25
2026-12-31T06:00:00,2026-12-31,2026-12,Makassar,SITE-0005,Fiber Internet,37.8,0.492,0.5,44.65,99.062,88.99
2026-12-31T12:00:00,2026-12-31,2026-12,Semarang,SITE-0006,Cloud Connectivity,24.02,0.029,0.86,59.59,98.963,94.86
2026-12-31T12:00:00,2026-12-31,2026-12,Yogyakarta,SITE-0007,IPTV,40.59,0.791,7.56,66.57,98.645,81.14
2026-12-31T12:00:00,2026-12-31,2026-12,Denpasar,SITE-0008,Fiber Internet,44.21,0.693,6.22,53.03,98.727,82.26
2026-12-31T12:00:00,2026-12-31,2026-12,Palembang,SITE-0009,IPTV,32.47,0.187,1.92,77.71,99.99,90.38
2026-12-31T06:00:00,2026-12-31,2026-12,Balikpapan,SITE-0010,Cloud Connectivity,40.12,0.0,9.97,73.91,99.119,87.3
2026-12-31T18:00:00,2026-12-31,2026-12,Jakarta,SITE-0011,Cloud Connectivity,21.48,0.913,8.52,64.48,98.428,82.43
2026-12-31T06:00:00,2026-12-31,2026-12,Bandung,SITE-0012,Fiber Internet,40.53,0.663,0.5,55.75,97.861,83.71
2026-12-31T00:00:00,2026-12-31,2026-12,Surabaya,SITE-0013,Mobile Broadband,43.89,0.789,8.47,50.23,99.21,81.13
2026-12-31T00:00:00,2026-12-31,2026-12,Medan,SITE-0014,Voice,21.68,0.105,3.43,67.72,99.002,93.37
2026-12-31T00:00:00,2026-12-31,2026-12,Makassar,SITE-0015,Mobile Broadband,21.07,0.182,9.74,56.08,98.823,88.86
2026-12-31T12:00:00,2026-12-31,2026-12,Semarang,SITE-0016,Enterprise VPN,24.77,0.512,4.48,59.96,99.427,88.98
2026-12-31T06:00:00,2026-12-31,2026-12,Yogyakarta,SITE-0017,IPTV,26.55,0.049,7.8,74.29,98.009,87.56
2026-12-31T18:00:00,2026-12-31,2026-12,Denpasar,SITE-0018,Cloud Connectivity,45.36,0.52,6.17,63.27,98.395,82.47
2026-12-31T12:00:00,2026-12-31,2026-12,Palembang,SITE-0019,Enterprise VPN,37.82,0.0,9.52,64.43,99.99,87.96
2026-12-31T06:00:00,2026-12-31,2026-12,Balikpapan,SITE-0020,Mobile Broadband,26.22,0.534,6.32,56.79,99.178,87.53
2026-12-31T18:00:00,2026-12-31,2026-12,Jakarta,SITE-0021,Enterprise VPN,5.0,0.172,8.26,59.84,99.258,93.18
2026-12-31T12:00:00,2026-12-31,2026-12,Bandung,SITE-0022,Mobile Broadband,30.06,0.574,4.23,72.13,98.884,87.32
2026-12-31T12:00:00,2026-12-31,2026-12,Surabaya,SITE-0023,Cloud Connectivity,28.69,0.854,0.5,61.39,99.361,87.73
2026-12-31T12:00:00,2026-12-31,2026-12,Medan,SITE-0024,Voice,31.25,0.27,5.07,63.78,98.568,88.14
2026-12-31T00:00:00,2026-12-31,2026-12,Makassar,SITE-0025,IPTV,30.87,0.597,7.89,61.99,99.454,85.32
2026-12-31T12:00:00,2026-12-31,2026-12,Semarang,SITE-0026,Enterprise VPN,32.88,0.0,0.5,56.82,99.99,93.81
2026-12-31T12:00:00,2026-12-31,2026-12,Yogyakarta,SITE-0027,IPTV,18.22,0.0,8.92,62.86,98.836,91.33
2026-12-31T06:00:00,2026-12-31,2026-12,Denpasar,SITE-0028,Voice,5.0,0.0,8.52,65.95,98.538,93.03
2026-12-31T12:00:00,2026-12-31,2026-12,Palembang,SITE-0029,Voice,11.04,0.613,7.74,62.05,98.579,87.59
2026-12-31T18:00:00,2026-12-31,2026-12,Balikpapan,SITE-0030,Enterprise VPN,20.72,0.642,5.12,61.96,98.857,87.89
2026-12-31T12:00:00,2026-12-31,2026-12,Jakarta,SITE-0031,Cloud Connectivity,14.12,0.4,11.34,65.7,98.793,87.4
2026-12-31T18:00:00,2026-12-31,2026-12,Bandung,SITE-0032,Enterprise VPN,46.87,0.506,4.51,56.43,98.647,83.98
2026-12-31T18:00:00,2026-12-31,2026-12,Surabaya,SITE-0033,Voice,28.79,0.498,8.18,41.94,99.99,86.34
2026-12-31T18:00:00,2026-12-31,2026-12,Medan,SITE-0034,Mobile Broadband,29.87,0.728,6.45,47.05,99.012,85.25
2026-12-31T00:00:00,2026-12-31,2026-12,Makassar,SITE-0035,Mobile Broadband,5.0,0.0,5.17,57.45,99.344,96.25
2026-12-31T00:00:00,2026-12-31,2026-12,Semarang,SITE-0036,Enterprise VPN,23.62,1.329,9.35,73.07,99.793,79.98
2026-12-31T18:00:00,2026-12-31,2026-12,Yogyakarta,SITE-0037,Cloud Connectivity,25.35,0.07,3.46,59.66,98.772,92.29
2026-12-31T18:00:00,2026-12-31,2026-12,Denpasar,SITE-0038,Enterprise VPN,17.27,0.589,2.35,81.5,98.484,86.41
2026-12-31T18:00:00,2026-12-31,2026-12,Palembang,SITE-0039,IPTV,30.84,0.818,7.43,52.56,99.629,83.82
2026-12-31T06:00:00,2026-12-31,2026-12,Balikpapan,SITE-0040,Voice,31.84,0.658,6.14,70.16,99.229,85.63
2026-12-31T18:00:00,2026-12-31,2026-12,Jakarta,SITE-0041,Cloud Connectivity,26.32,0.685,5.43,61.45,99.053,86.79
2026-12-31T00:00:00,2026-12-31,2026-12,Bandung,SITE-0042,Voice,34.49,0.11,4.57,50.82,99.343,90.4
2026-12-31T06:00:00,2026-12-31,2026-12,Surabaya,SITE-0043,Cloud Connectivity,31.03,0.0,6.45,87.86,98.608,83.91
2026-12-31T06:00:00,2026-12-31,2026-12,Medan,SITE-0044,Cloud Connectivity,24.62,0.421,2.53,68.83,98.971,90.72
2026-12-31T00:00:00,2026-12-31,2026-12,Makassar,SITE-0045,Fiber Internet,30.63,0.869,6.51,59.03,99.525,83.96
2026-12-31T12:00:00,2026-12-31,2026-12,Semarang,SITE-0046,Cloud Connectivity,21.86,0.318,0.5,62.24,98.581,91.99
2026-12-31T00:00:00,2026-12-31,2026-12,Yogyakarta,SITE-0047,Mobile Broadband,44.72,0.0,4.83,58.42,98.908,89.02
2026-12-31T12:00:00,2026-12-31,2026-12,Denpasar,SITE-0048,Voice,30.52,0.296,3.56,61.74,99.577,90.18
2026-12-31T00:00:00,2026-12-31,2026-12,Palembang,SITE-0049,IPTV,31.9,0.48,9.92,51.6,99.982,84.96
2026-12-31T06:00:00,2026-12-31,2026-12,Balikpapan,SITE-0050,Cloud Connectivity,28.88,0.528,7.59,49.3,99.4,86.41
