date,month,region,service_type,sla_target,sla_actual,uptime_percentage,downtime_minutes,mttr_minutes,breach_count,availability_score
2026-01-01,2026-01,Jakarta,Fiber Internet,98.5,97.887,97.857,30.43,162,1,97.98
2026-01-01,2026-01,Jakarta,Mobile Broadband,98.5,98.055,97.902,28.01,119,1,98.191
2026-01-01,2026-01,Jakarta,Enterprise VPN,99.5,98.738,98.608,18.17,86,1,98.756
2026-01-01,2026-01,Jakarta,IPTV,98.5,98.348,98.316,23.79,84,1,98.511
2026-01-01,2026-01,Jakarta,Voice,98.5,98.405,98.37,22.97,117,1,98.603
2026-01-01,2026-01,Jakarta,Cloud Connectivity,99.5,98.584,98.413,20.39,122,1,98.749
2026-01-01,2026-01,Bandung,Fiber Internet,98.5,98.392,98.278,23.15,124,1,98.585
2026-01-01,2026-01,Bandung,Mobile Broadband,98.5,98.321,98.292,24.18,182,1,98.376
2026-01-01,2026-01,Bandung,Enterprise VPN,99.5,99.008,98.855,14.28,241,1,99.268
2026-01-01,2026-01,Bandung,IPTV,98.5,98.023,97.961,28.46,144,1,98.239
2026-01-01,2026-01,Bandung,Voice,98.5,98.447,98.27,22.37,157,1,98.549
2026-01-01,2026-01,Bandung,Cloud Connectivity,99.5,99.019,98.9,14.12,201,1,99.054
2026-01-01,2026-01,Surabaya,Fiber Internet,98.5,97.996,97.933,28.86,171,1,98.261
2026-01-01,2026-01,Surabaya,Mobile Broadband,98.5,98.213,98.112,25.73,166,1,98.24
2026-01-01,2026-01,Surabaya,Enterprise VPN,99.5,98.866,98.807,16.32,163,1,99.146
2026-01-01,2026-01,Surabaya,IPTV,98.5,98.412,98.35,22.87,138,1,98.674
2026-01-01,2026-01,Surabaya,Voice,98.5,98.316,98.259,24.25,196,1,98.605
2026-01-01,2026-01,Surabaya,Cloud Connectivity,99.5,99.162,99.126,12.07,90,1,99.453
2026-01-01,2026-01,Medan,Fiber Internet,98.5,98.483,98.372,21.85,205,1,98.527
2026-01-01,2026-01,Medan,Mobile Broadband,98.5,98.192,98.026,26.04,183,1,98.198
2026-01-01,2026-01,Medan,Enterprise VPN,99.5,99.297,99.191,10.12,164,1,99.353
2026-01-01,2026-01,Medan,IPTV,98.5,98.464,98.347,22.12,102,1,98.602
2026-01-01,2026-01,Medan,Voice,98.5,98.441,98.3,22.44,127,1,98.501
2026-01-01,2026-01,Medan,Cloud Connectivity,99.5,99.266,99.091,10.58,143,1,99.486
2026-01-01,2026-01,Makassar,Fiber Internet,98.5,97.942,97.795,29.63,97,1,97.975
2026-01-01,2026-01,Makassar,Mobile Broadband,98.5,98.344,98.229,23.85,105,1,98.599
2026-01-01,2026-01,Makassar,Enterprise VPN,99.5,98.989,98.814,14.56,162,1,99.223
2026-01-01,2026-01,Makassar,IPTV,98.5,98.142,98.063,26.76,78,1,98.286
2026-01-01,2026-01,Makassar,Voice,98.5,97.742,97.688,32.52,126,1,97.872
2026-01-01,2026-01,Makassar,Cloud Connectivity,99.5,99.169,99.161,11.97,151,1,99.357
2026-01-01,2026-01,Semarang,Fiber Internet,98.5,98.381,98.344,23.31,66,1,98.439
2026-01-01,2026-01,Semarang,Mobile Broadband,98.5,98.387,98.259,23.23,87,1,98.476
2026-01-01,2026-01,Semarang,Enterprise VPN,99.5,98.825,98.774,16.93,137,1,98.992
2026-01-01,2026-01,Semarang,IPTV,98.5,97.73,97.552,32.69,106,1,97.83
2026-01-01,2026-01,Semarang,Voice,98.5,98.288,98.275,24.65,110,1,98.376
2026-01-01,2026-01,Semarang,Cloud Connectivity,99.5,98.744,98.609,18.09,133,1,98.946
2026-01-01,2026-01,Yogyakarta,Fiber Internet,98.5,98.394,98.295,23.12,146,1,98.46
2026-01-01,2026-01,Yogyakarta,Mobile Broadband,98.5,98.289,98.151,24.64,155,1,98.293
2026-01-01,2026-01,Yogyakarta,Enterprise VPN,99.5,98.877,98.772,16.17,44,1,99.121
2026-01-01,2026-01,Yogyakarta,IPTV,98.5,98.035,97.88,28.29,119,1,98.202
2026-01-01,2026-01,Yogyakarta,Voice,98.5,98.391,98.255,23.17,138,1,98.509
2026-01-01,2026-01,Yogyakarta,Cloud Connectivity,99.5,99.232,99.21,11.06,193,1,99.252
2026-01-01,2026-01,Denpasar,Fiber Internet,98.5,98.047,97.881,28.12,136,1,98.208
2026-01-01,2026-01,Denpasar,Mobile Broadband,98.5,98.494,98.319,21.69,106,1,98.675
2026-01-01,2026-01,Denpasar,Enterprise VPN,99.5,99.051,98.893,13.67,144,1,99.143
2026-01-01,2026-01,Denpasar,IPTV,98.5,98.214,98.058,25.72,49,1,98.469
2026-01-01,2026-01,Denpasar,Voice,98.5,98.178,98.006,26.23,191,1,98.397
2026-01-01,2026-01,Denpasar,Cloud Connectivity,99.5,99.142,99.036,12.36,195,1,99.149
2026-01-01,2026-01,Palembang,Fiber Internet,98.5,98.411,98.267,22.88,141,1,98.581
2026-01-01,2026-01,Palembang,Mobile Broadband,98.5,97.868,97.824,30.7,119,1,98.008
2026-01-01,2026-01,Palembang,Enterprise VPN,99.5,98.902,98.755,15.8,98,1,98.916
2026-01-01,2026-01,Palembang,IPTV,98.5,98.437,98.382,22.51,24,1,98.577
2026-01-01,2026-01,Palembang,Voice,98.5,98.424,98.409,22.7,120,1,98.638
2026-01-01,2026-01,Palembang,Cloud Connectivity,99.5,99.414,99.387,8.44,131,1,99.65
2026-01-01,2026-01,Balikpapan,Fiber Internet,98.5,98.477,98.377,21.94,125,1,98.686
2026-01-01,2026-01,Balikpapan,Mobile Broadband,98.5,98.478,98.473,21.91,159,1,98.773
2026-01-01,2026-01,Balikpapan,Enterprise VPN,99.5,99.049,98.937,13.7,167,1,99.131
2026-01-01,2026-01,Balikpapan,IPTV,98.5,98.373,98.311,23.43,150,1,98.384
2026-01-01,2026-01,Balikpapan,Voice,98.5,97.971,97.822,29.22,103,1,98.123
2026-01-01,2026-01,Balikpapan,Cloud Connectivity,99.5,98.931,98.894,15.4,160,1,99.034
2026-01-15,2026-01,Jakarta,Fiber Internet,98.5,98.197,98.035,25.96,158,1,98.332
2026-01-15,2026-01,Jakarta,Mobile Broadband,98.5,98.391,98.22,23.18,105,1,98.588
2026-01-15,2026-01,Jakarta,Enterprise VPN,99.5,99.02,98.928,14.12,106,1,99.193
2026-01-15,2026-01,Jakarta,IPTV,98.5,98.172,98.118,26.32,55,1,98.398
2026-01-15,2026-01,Jakarta,Voice,98.5,98.32,98.282,24.19,177,1,98.451
2026-01-15,2026-01,Jakarta,Cloud Connectivity,99.5,99.264,99.151,10.6,109,1,99.274
2026-01-15,2026-01,Bandung,Fiber Internet,98.5,98.075,98.048,27.72,115,1,98.245
2026-01-15,2026-01,Bandung,Mobile Broadband,98.5,97.452,97.352,36.69,150,1,97.527
2026-01-15,2026-01,Bandung,Enterprise VPN,99.5,98.927,98.921,15.45,122,1,99.094
2026-01-15,2026-01,Bandung,IPTV,98.5,98.139,98.104,26.79,89,1,98.279
2026-01-15,2026-01,Bandung,Voice,98.5,98.047,97.969,28.12,74,1,98.206
2026-01-15,2026-01,Bandung,Cloud Connectivity,99.5,99.149,99.034,12.25,149,1,99.228
2026-01-15,2026-01,Surabaya,Fiber Internet,98.5,98.24,98.208,25.35,93,1,98.447
2026-01-15,2026-01,Surabaya,Mobile Broadband,98.5,98.245,98.227,25.27,165,1,98.328
2026-01-15,2026-01,Surabaya,Enterprise VPN,99.5,99.164,99.078,12.04,73,1,99.391
2026-01-15,2026-01,Surabaya,IPTV,98.5,98.186,98.022,26.13,133,1,98.324
2026-01-15,2026-01,Surabaya,Voice,98.5,98.247,98.217,25.25,70,1,98.261
2026-01-15,2026-01,Surabaya,Cloud Connectivity,99.5,99.164,99.093,12.04,188,1,99.362
2026-01-15,2026-01,Medan,Fiber Internet,98.5,98.33,98.328,24.05,51,1,98.373
2026-01-15,2026-01,Medan,Mobile Broadband,98.5,97.93,97.855,29.8,132,1,98.074
2026-01-15,2026-01,Medan,Enterprise VPN,99.5,98.978,98.949,14.71,141,1,99.211
2026-01-15,2026-01,Medan,IPTV,98.5,98.4,98.234,23.04,62,1,98.451
2026-01-15,2026-01,Medan,Voice,98.5,98.104,97.996,27.3,102,1,98.352
2026-01-15,2026-01,Medan,Cloud Connectivity,99.5,99.48,99.313,7.48,151,1,99.54
2026-01-15,2026-01,Makassar,Fiber Internet,98.5,97.913,97.748,30.05,102,1,98.137
2026-01-15,2026-01,Makassar,Mobile Broadband,98.5,98.005,97.838,28.73,131,1,98.148
2026-01-15,2026-01,Makassar,Enterprise VPN,99.5,99.083,99.049,13.2,228,1,99.359
2026-01-15,2026-01,Makassar,IPTV,98.5,98.018,98.0,28.53,151,1,98.07
2026-01-15,2026-01,Makassar,Voice,98.5,98.224,98.151,25.58,148,1,98.399
2026-01-15,2026-01,Makassar,Cloud Connectivity,99.5,99.225,99.207,11.16,157,1,99.489
2026-01-15,2026-01,Semarang,Fiber Internet,98.5,98.324,98.273,24.13,105,1,98.425
2026-01-15,2026-01,Semarang,Mobile Broadband,98.5,97.614,97.45,34.36,89,1,97.804
2026-01-15,2026-01,Semarang,Enterprise VPN,99.5,98.92,98.859,15.56,164,1,99.2
2026-01-15,2026-01,Semarang,IPTV,98.5,98.082,98.005,27.62,123,1,98.125
2026-01-15,2026-01,Semarang,Voice,98.5,98.06,98.018,27.93,79,1,98.263
2026-01-15,2026-01,Semarang,Cloud Connectivity,99.5,99.422,99.272,8.32,162,1,99.653
2026-01-15,2026-01,Yogyakarta,Fiber Internet,98.5,97.5,97.497,36.0,75,1,97.612
2026-01-15,2026-01,Yogyakarta,Mobile Broadband,98.5,98.361,98.231,23.6,131,1,98.482
2026-01-15,2026-01,Yogyakarta,Enterprise VPN,99.5,98.748,98.656,18.03,145,1,98.872
2026-01-15,2026-01,Yogyakarta,IPTV,98.5,98.355,98.234,23.69,67,1,98.517
2026-01-15,2026-01,Yogyakarta,Voice,98.5,98.41,98.402,22.9,137,1,98.626
2026-01-15,2026-01,Yogyakarta,Cloud Connectivity,99.5,99.33,99.151,9.65,84,1,99.334
2026-01-15,2026-01,Denpasar,Fiber Internet,98.5,97.723,97.641,32.79,159,1,97.963
2026-01-15,2026-01,Denpasar,Mobile Broadband,98.5,97.888,97.793,30.41,76,1,97.907
2026-01-15,2026-01,Denpasar,Enterprise VPN,99.5,98.833,98.68,16.81,97,1,99.072
2026-01-15,2026-01,Denpasar,IPTV,98.5,98.363,98.301,23.57,111,1,98.54
2026-01-15,2026-01,Denpasar,Voice,98.5,98.428,98.285,22.64,71,1,98.44
2026-01-15,2026-01,Denpasar,Cloud Connectivity,99.5,99.272,99.117,10.48,171,1,99.541
2026-01-15,2026-01,Palembang,Fiber Internet,98.5,98.031,97.906,28.36,177,1,98.069
2026-01-15,2026-01,Palembang,Mobile Broadband,98.5,98.115,98.023,27.15,131,1,98.133
2026-01-15,2026-01,Palembang,Enterprise VPN,99.5,99.435,99.26,8.14,48,1,99.576
2026-01-15,2026-01,Palembang,IPTV,98.5,98.459,98.448,22.19,119,1,98.718
2026-01-15,2026-01,Palembang,Voice,98.5,98.199,98.185,25.94,144,1,98.268
2026-01-15,2026-01,Palembang,Cloud Connectivity,99.5,98.91,98.819,15.69,154,1,99.002
2026-01-15,2026-01,Balikpapan,Fiber Internet,98.5,98.399,98.374,23.06,179,1,98.684
2026-01-15,2026-01,Balikpapan,Mobile Broadband,98.5,98.299,98.281,24.5,89,1,98.512
2026-01-15,2026-01,Balikpapan,Enterprise VPN,99.5,99.328,99.162,9.68,113,1,99.395
2026-01-15,2026-01,Balikpapan,IPTV,98.5,97.77,97.699,32.11,146,1,97.776
2026-01-15,2026-01,Balikpapan,Voice,98.5,98.119,98.047,27.09,121,1,98.289
2026-01-15,2026-01,Balikpapan,Cloud Connectivity,99.5,99.024,98.987,14.06,135,1,99.243
2026-02-01,2026-02,Jakarta,Fiber Internet,98.5,98.165,98.131,26.43,137,1,98.431
2026-02-01,2026-02,Jakarta,Mobile Broadband,98.5,98.294,98.118,24.56,166,1,98.495
2026-02-01,2026-02,Jakarta,Enterprise VPN,99.5,99.2,99.038,11.52,90,1,99.339
2026-02-01,2026-02,Jakarta,IPTV,98.5,98.414,98.253,22.84,95,1,98.435
2026-02-01,2026-02,Jakarta,Voice,98.5,98.173,98.055,26.31,119,1,98.281
2026-02-01,2026-02,Jakarta,Cloud Connectivity,99.5,99.418,99.345,8.39,127,1,99.66
2026-02-01,2026-02,Bandung,Fiber Internet,98.5,98.094,98.084,27.45,94,1,98.131
2026-02-01,2026-02,Bandung,Mobile Broadband,98.5,98.105,98.055,27.28,46,1,98.386
2026-02-01,2026-02,Bandung,Enterprise VPN,99.5,99.48,99.448,7.49,45,1,99.665
2026-02-01,2026-02,Bandung,IPTV,98.5,98.037,97.972,28.27,189,1,98.254
2026-02-01,2026-02,Bandung,Voice,98.5,98.301,98.165,24.47,162,1,98.475
2026-02-01,2026-02,Bandung,Cloud Connectivity,99.5,99.457,99.399,7.81,140,1,99.719
2026-02-01,2026-02,Surabaya,Fiber Internet,98.5,98.478,98.45,21.92,137,1,98.484
2026-02-01,2026-02,Surabaya,Mobile Broadband,98.5,98.245,98.097,25.28,134,1,98.266
2026-02-01,2026-02,Surabaya,Enterprise VPN,99.5,99.355,99.26,9.29,152,1,99.575
2026-02-01,2026-02,Surabaya,IPTV,98.5,97.863,97.822,30.77,123,1,97.941
2026-02-01,2026-02,Surabaya,Voice,98.5,98.357,98.3,23.67,170,1,98.632
2026-02-01,2026-02,Surabaya,Cloud Connectivity,99.5,99.34,99.165,9.51,78,1,99.469
2026-02-01,2026-02,Medan,Fiber Internet,98.5,97.56,97.475,35.13,137,1,97.795
2026-02-01,2026-02,Medan,Mobile Broadband,98.5,98.089,97.919,27.52,134,1,98.377
2026-02-01,2026-02,Medan,Enterprise VPN,99.5,99.421,99.342,8.34,162,1,99.65
2026-02-01,2026-02,Medan,IPTV,98.5,97.713,97.679,32.93,91,1,98.008
2026-02-01,2026-02,Medan,Voice,98.5,97.973,97.9,29.18,136,1,98.161
2026-02-01,2026-02,Medan,Cloud Connectivity,99.5,98.96,98.799,14.97,114,1,98.995
2026-02-01,2026-02,Makassar,Fiber Internet,98.5,97.908,97.794,30.13,96,1,98.018
2026-02-01,2026-02,Makassar,Mobile Broadband,98.5,97.796,97.681,31.74,174,1,98.053
2026-02-01,2026-02,Makassar,Enterprise VPN,99.5,98.693,98.689,18.82,140,1,98.709
2026-02-01,2026-02,Makassar,IPTV,98.5,97.675,97.633,33.48,123,1,97.792
2026-02-01,2026-02,Makassar,Voice,98.5,97.934,97.863,29.75,110,1,98.11
2026-02-01,2026-02,Makassar,Cloud Connectivity,99.5,98.853,98.746,16.52,133,1,99.045
2026-02-01,2026-02,Semarang,Fiber Internet,98.5,98.143,98.003,26.74,75,1,98.202
2026-02-01,2026-02,Semarang,Mobile Broadband,98.5,98.495,98.354,21.68,144,1,98.662
2026-02-01,2026-02,Semarang,Enterprise VPN,99.5,98.712,98.651,18.54,204,1,98.986
2026-02-01,2026-02,Semarang,IPTV,98.5,97.982,97.952,29.05,109,1,98.246
2026-02-01,2026-02,Semarang,Voice,98.5,98.102,98.059,27.33,44,1,98.126
2026-02-01,2026-02,Semarang,Cloud Connectivity,99.5,99.338,99.263,9.53,103,1,99.4
2026-02-01,2026-02,Yogyakarta,Fiber Internet,98.5,98.282,98.119,24.74,146,1,98.398
2026-02-01,2026-02,Yogyakarta,Mobile Broadband,98.5,97.991,97.888,28.93,104,1,98.213
2026-02-01,2026-02,Yogyakarta,Enterprise VPN,99.5,98.996,98.887,14.46,116,1,99.157
2026-02-01,2026-02,Yogyakarta,IPTV,98.5,98.252,98.091,25.17,102,1,98.32
2026-02-01,2026-02,Yogyakarta,Voice,98.5,98.494,98.405,21.69,211,1,98.667
2026-02-01,2026-02,Yogyakarta,Cloud Connectivity,99.5,99.369,99.306,9.09,121,1,99.45
2026-02-01,2026-02,Denpasar,Fiber Internet,98.5,98.155,97.98,26.57,173,1,98.417
2026-02-01,2026-02,Denpasar,Mobile Broadband,98.5,98.409,98.345,22.9,170,1,98.616
2026-02-01,2026-02,Denpasar,Enterprise VPN,99.5,99.027,98.87,14.01,83,1,99.056
2026-02-01,2026-02,Denpasar,IPTV,98.5,97.978,97.898,29.12,121,1,98.216
2026-02-01,2026-02,Denpasar,Voice,98.5,97.632,97.607,34.1,150,1,97.85
2026-02-01,2026-02,Denpasar,Cloud Connectivity,99.5,98.902,98.741,15.82,154,1,99.178
2026-02-01,2026-02,Palembang,Fiber Internet,98.5,98.094,98.082,27.44,212,1,98.348
2026-02-01,2026-02,Palembang,Mobile Broadband,98.5,98.251,98.131,25.18,114,1,98.503
2026-02-01,2026-02,Palembang,Enterprise VPN,99.5,99.269,99.184,10.52,167,1,99.415
2026-02-01,2026-02,Palembang,IPTV,98.5,97.905,97.874,30.16,220,1,97.99
2026-02-01,2026-02,Palembang,Voice,98.5,98.463,98.381,22.13,92,1,98.662
2026-02-01,2026-02,Palembang,Cloud Connectivity,99.5,99.263,99.124,10.62,90,1,99.276
2026-02-01,2026-02,Balikpapan,Fiber Internet,98.5,98.398,98.349,23.06,100,1,98.533
2026-02-01,2026-02,Balikpapan,Mobile Broadband,98.5,98.166,98.057,26.41,113,1,98.426
2026-02-01,2026-02,Balikpapan,Enterprise VPN,99.5,99.213,99.145,11.33,165,1,99.341
2026-02-01,2026-02,Balikpapan,IPTV,98.5,98.241,98.175,25.34,72,1,98.434
2026-02-01,2026-02,Balikpapan,Voice,98.5,98.016,97.995,28.57,187,1,98.257
2026-02-01,2026-02,Balikpapan,Cloud Connectivity,99.5,99.385,99.215,8.85,238,1,99.629
2026-02-15,2026-02,Jakarta,Fiber Internet,98.5,98.028,98.015,28.4,127,1,98.148
2026-02-15,2026-02,Jakarta,Mobile Broadband,98.5,98.223,98.055,25.59,142,1,98.501
2026-02-15,2026-02,Jakarta,Enterprise VPN,99.5,99.099,99.076,12.98,123,1,99.338
2026-02-15,2026-02,Jakarta,IPTV,98.5,98.168,98.154,26.38,82,1,98.411
2026-02-15,2026-02,Jakarta,Voice,98.5,98.251,98.136,25.19,131,1,98.446
2026-02-15,2026-02,Jakarta,Cloud Connectivity,99.5,99.262,99.135,10.63,98,1,99.509
2026-02-15,2026-02,Bandung,Fiber Internet,98.5,97.883,97.816,30.48,163,1,98.14
2026-02-15,2026-02,Bandung,Mobile Broadband,98.5,98.091,97.933,27.48,121,1,98.331
2026-02-15,2026-02,Bandung,Enterprise VPN,99.5,98.937,98.783,15.31,109,1,99.19
2026-02-15,2026-02,Bandung,IPTV,98.5,97.944,97.805,29.61,99,1,97.954
2026-02-15,2026-02,Bandung,Voice,98.5,98.186,98.097,26.12,234,1,98.36
2026-02-15,2026-02,Bandung,Cloud Connectivity,99.5,99.218,99.117,11.27,171,1,99.304
2026-02-15,2026-02,Surabaya,Fiber Internet,98.5,97.933,97.833,29.76,191,1,98.019
2026-02-15,2026-02,Surabaya,Mobile Broadband,98.5,98.279,98.15,24.79,65,1,98.336
2026-02-15,2026-02,Surabaya,Enterprise VPN,99.5,98.909,98.797,15.71,161,1,99.034
2026-02-15,2026-02,Surabaya,IPTV,98.5,97.818,97.645,31.43,168,1,98.086
2026-02-15,2026-02,Surabaya,Voice,98.5,98.294,98.282,24.57,118,1,98.428
2026-02-15,2026-02,Surabaya,Cloud Connectivity,99.5,99.14,99.037,12.38,96,1,99.393
2026-02-15,2026-02,Medan,Fiber Internet,98.5,98.224,98.12,25.57,170,1,98.342
2026-02-15,2026-02,Medan,Mobile Broadband,98.5,98.191,98.176,26.06,96,1,98.215
2026-02-15,2026-02,Medan,Enterprise VPN,99.5,99.067,99.061,13.44,149,1,99.31
2026-02-15,2026-02,Medan,IPTV,98.5,97.916,97.846,30.01,166,1,98.193
2026-02-15,2026-02,Medan,Voice,98.5,97.938,97.869,29.7,65,1,97.945
2026-02-15,2026-02,Medan,Cloud Connectivity,99.5,99.205,99.147,11.45,106,1,99.324
2026-02-15,2026-02,Makassar,Fiber Internet,98.5,97.912,97.763,30.07,111,1,97.942
2026-02-15,2026-02,Makassar,Mobile Broadband,98.5,98.162,98.111,26.47,80,1,98.164
2026-02-15,2026-02,Makassar,Enterprise VPN,99.5,99.462,99.321,7.75,47,1,99.524
2026-02-15,2026-02,Makassar,IPTV,98.5,97.95,97.874,29.52,115,1,98.086
2026-02-15,2026-02,Makassar,Voice,98.5,98.214,98.062,25.71,149,1,98.227
2026-02-15,2026-02,Makassar,Cloud Connectivity,99.5,99.11,98.976,12.82,64,1,99.268
2026-02-15,2026-02,Semarang,Fiber Internet,98.5,98.218,98.099,25.66,173,1,98.428
2026-02-15,2026-02,Semarang,Mobile Broadband,98.5,98.069,97.914,27.8,131,1,98.348
2026-02-15,2026-02,Semarang,Enterprise VPN,99.5,99.144,99.099,12.32,79,1,99.198
2026-02-15,2026-02,Semarang,IPTV,98.5,98.102,97.964,27.33,231,1,98.271
2026-02-15,2026-02,Semarang,Voice,98.5,97.672,97.568,33.52,99,1,97.769
2026-02-15,2026-02,Semarang,Cloud Connectivity,99.5,98.734,98.721,18.23,34,1,98.814
2026-02-15,2026-02,Yogyakarta,Fiber Internet,98.5,98.019,97.856,28.53,148,1,98.265
2026-02-15,2026-02,Yogyakarta,Mobile Broadband,98.5,98.207,98.172,25.81,214,1,98.31
2026-02-15,2026-02,Yogyakarta,Enterprise VPN,99.5,99.262,99.17,10.63,89,1,99.456
2026-02-15,2026-02,Yogyakarta,IPTV,98.5,98.383,98.317,23.28,196,1,98.508
2026-02-15,2026-02,Yogyakarta,Voice,98.5,98.15,97.979,26.64,64,1,98.214
2026-02-15,2026-02,Yogyakarta,Cloud Connectivity,99.5,98.966,98.91,14.89,117,1,98.979
2026-02-15,2026-02,Denpasar,Fiber Internet,98.5,98.455,98.434,22.25,137,1,98.752
2026-02-15,2026-02,Denpasar,Mobile Broadband,98.5,98.302,98.174,24.45,80,1,98.403
2026-02-15,2026-02,Denpasar,Enterprise VPN,99.5,99.101,99.067,12.94,116,1,99.185
2026-02-15,2026-02,Denpasar,IPTV,98.5,98.464,98.395,22.11,118,1,98.677
2026-02-15,2026-02,Denpasar,Voice,98.5,98.499,98.413,21.62,76,1,98.746
2026-02-15,2026-02,Denpasar,Cloud Connectivity,99.5,98.928,98.762,15.44,45,1,98.962
2026-02-15,2026-02,Palembang,Fiber Internet,98.5,98.388,98.221,23.22,160,1,98.529
2026-02-15,2026-02,Palembang,Mobile Broadband,98.5,98.397,98.289,23.08,141,1,98.492
2026-02-15,2026-02,Palembang,Enterprise VPN,99.5,98.626,98.509,19.78,129,1,98.642
2026-02-15,2026-02,Palembang,IPTV,98.5,98.222,98.081,25.61,128,1,98.224
2026-02-15,2026-02,Palembang,Voice,98.5,97.665,97.605,33.62,45,1,97.927
2026-02-15,2026-02,Palembang,Cloud Connectivity,99.5,99.172,99.061,11.93,71,1,99.46
2026-02-15,2026-02,Balikpapan,Fiber Internet,98.5,97.745,97.719,32.47,103,1,97.817
2026-02-15,2026-02,Balikpapan,Mobile Broadband,98.5,97.72,97.613,32.83,63,1,98.019
2026-02-15,2026-02,Balikpapan,Enterprise VPN,99.5,99.374,99.323,9.02,111,1,99.474
2026-02-15,2026-02,Balikpapan,IPTV,98.5,97.878,97.877,30.55,180,1,97.914
2026-02-15,2026-02,Balikpapan,Voice,98.5,98.314,98.141,24.28,138,1,98.564
2026-02-15,2026-02,Balikpapan,Cloud Connectivity,99.5,98.758,98.716,17.88,221,1,99.04
2026-03-01,2026-03,Jakarta,Fiber Internet,98.5,97.817,97.769,31.43,118,1,97.93
2026-03-01,2026-03,Jakarta,Mobile Broadband,98.5,98.266,98.235,24.97,106,1,98.49
2026-03-01,2026-03,Jakarta,Enterprise VPN,99.5,99.419,99.298,8.37,162,1,99.612
2026-03-01,2026-03,Jakarta,IPTV,98.5,98.273,98.245,24.87,86,1,98.57
2026-03-01,2026-03,Jakarta,Voice,98.5,98.439,98.314,22.48,148,1,98.665
2026-03-01,2026-03,Jakarta,Cloud Connectivity,99.5,99.485,99.378,7.41,113,1,99.575
2026-03-01,2026-03,Bandung,Fiber Internet,98.5,97.839,97.835,31.12,64,1,97.878
2026-03-01,2026-03,Bandung,Mobile Broadband,98.5,97.999,97.918,28.82,152,1,98.192
2026-03-01,2026-03,Bandung,Enterprise VPN,99.5,99.119,98.985,12.69,139,1,99.27
2026-03-01,2026-03,Bandung,IPTV,98.5,98.401,98.232,23.02,211,1,98.441
2026-03-01,2026-03,Bandung,Voice,98.5,98.181,98.065,26.19,108,1,98.262
2026-03-01,2026-03,Bandung,Cloud Connectivity,99.5,98.958,98.897,15.0,120,1,99.011
2026-03-01,2026-03,Surabaya,Fiber Internet,98.5,98.314,98.287,24.28,68,1,98.362
2026-03-01,2026-03,Surabaya,Mobile Broadband,98.5,98.461,98.324,22.16,87,1,98.744
2026-03-01,2026-03,Surabaya,Enterprise VPN,99.5,99.406,99.397,8.55,104,1,99.582
2026-03-01,2026-03,Surabaya,IPTV,98.5,98.391,98.318,23.17,94,1,98.501
2026-03-01,2026-03,Surabaya,Voice,98.5,98.123,97.954,27.03,115,1,98.227
2026-03-01,2026-03,Surabaya,Cloud Connectivity,99.5,99.137,99.118,12.43,85,1,99.396
2026-03-01,2026-03,Medan,Fiber Internet,98.5,98.415,98.338,22.82,204,1,98.652
2026-03-01,2026-03,Medan,Mobile Broadband,98.5,98.45,98.415,22.32,157,1,98.696
2026-03-01,2026-03,Medan,Enterprise VPN,99.5,98.657,98.629,19.34,183,1,98.673
2026-03-01,2026-03,Medan,IPTV,98.5,98.182,98.046,26.18,96,1,98.219
2026-03-01,2026-03,Medan,Voice,98.5,98.1,98.028,27.36,180,1,98.306
2026-03-01,2026-03,Medan,Cloud Connectivity,99.5,98.969,98.914,14.84,143,1,99.074
2026-03-01,2026-03,Makassar,Fiber Internet,98.5,98.382,98.254,23.29,87,1,98.612
2026-03-01,2026-03,Makassar,Mobile Broadband,98.5,98.11,98.045,27.21,152,1,98.374
2026-03-01,2026-03,Makassar,Enterprise VPN,99.5,99.195,99.156,11.6,103,1,99.269
2026-03-01,2026-03,Makassar,IPTV,98.5,97.883,97.853,30.48,144,1,98.078
2026-03-01,2026-03,Makassar,Voice,98.5,97.569,97.463,35.01,74,1,97.77
2026-03-01,2026-03,Makassar,Cloud Connectivity,99.5,99.28,99.144,10.36,178,1,99.467
2026-03-01,2026-03,Semarang,Fiber Internet,98.5,98.275,98.226,24.84,151,1,98.464
2026-03-01,2026-03,Semarang,Mobile Broadband,98.5,98.032,97.903,28.34,166,1,98.067
2026-03-01,2026-03,Semarang,Enterprise VPN,99.5,98.486,98.427,21.8,181,1,98.652
2026-03-01,2026-03,Semarang,IPTV,98.5,98.024,97.938,28.46,199,1,98.266
2026-03-01,2026-03,Semarang,Voice,98.5,98.013,98.01,28.61,165,1,98.166
2026-03-01,2026-03,Semarang,Cloud Connectivity,99.5,98.985,98.902,14.62,153,1,99.215
2026-03-01,2026-03,Yogyakarta,Fiber Internet,98.5,97.965,97.829,29.3,151,1,98.069
2026-03-01,2026-03,Yogyakarta,Mobile Broadband,98.5,98.47,98.402,22.03,187,1,98.486
2026-03-01,2026-03,Yogyakarta,Enterprise VPN,99.5,99.106,99.0,12.87,164,1,99.394
2026-03-01,2026-03,Yogyakarta,IPTV,98.5,98.102,97.986,27.33,99,1,98.269
2026-03-01,2026-03,Yogyakarta,Voice,98.5,98.164,97.998,26.44,70,1,98.194
2026-03-01,2026-03,Yogyakarta,Cloud Connectivity,99.5,99.41,99.335,8.5,50,1,99.697
2026-03-01,2026-03,Denpasar,Fiber Internet,98.5,98.202,98.134,25.89,162,1,98.416
2026-03-01,2026-03,Denpasar,Mobile Broadband,98.5,97.648,97.531,33.87,123,1,97.866
2026-03-01,2026-03,Denpasar,Enterprise VPN,99.5,99.082,98.987,13.21,195,1,99.221
2026-03-01,2026-03,Denpasar,IPTV,98.5,97.578,97.545,34.88,216,1,97.691
2026-03-01,2026-03,Denpasar,Voice,98.5,97.933,97.829,29.76,151,1,97.998
2026-03-01,2026-03,Denpasar,Cloud Connectivity,99.5,99.069,99.039,13.41,139,1,99.209
2026-03-01,2026-03,Palembang,Fiber Internet,98.5,98.171,98.106,26.34,178,1,98.409
2026-03-01,2026-03,Palembang,Mobile Broadband,98.5,98.27,98.148,24.92,122,1,98.357
2026-03-01,2026-03,Palembang,Enterprise VPN,99.5,99.253,99.246,10.75,33,1,99.383
2026-03-01,2026-03,Palembang,IPTV,98.5,97.947,97.809,29.56,152,1,98.232
2026-03-01,2026-03,Palembang,Voice,98.5,97.784,97.718,31.91,119,1,97.999
2026-03-01,2026-03,Palembang,Cloud Connectivity,99.5,99.403,99.29,8.6,152,1,99.671
2026-03-01,2026-03,Balikpapan,Fiber Internet,98.5,98.485,98.325,21.81,51,1,98.524
2026-03-01,2026-03,Balikpapan,Mobile Broadband,98.5,98.158,98.043,26.52,153,1,98.173
2026-03-01,2026-03,Balikpapan,Enterprise VPN,99.5,99.155,99.063,12.17,148,1,99.186
2026-03-01,2026-03,Balikpapan,IPTV,98.5,98.181,98.067,26.19,99,1,98.282
2026-03-01,2026-03,Balikpapan,Voice,98.5,98.173,97.998,26.31,109,1,98.249
2026-03-01,2026-03,Balikpapan,Cloud Connectivity,99.5,99.447,99.35,7.97,104,1,99.528
2026-03-15,2026-03,Jakarta,Fiber Internet,98.5,96.745,96.657,46.87,326,1,96.831
2026-03-15,2026-03,Jakarta,Mobile Broadband,98.5,96.812,96.744,45.91,350,1,97.018
2026-03-15,2026-03,Jakarta,Enterprise VPN,99.5,97.486,97.442,36.2,316,1,97.563
2026-03-15,2026-03,Jakarta,IPTV,98.5,97.059,97.005,42.35,290,1,97.245
2026-03-15,2026-03,Jakarta,Voice,98.5,96.707,96.699,47.43,311,1,96.808
2026-03-15,2026-03,Jakarta,Cloud Connectivity,99.5,97.656,97.552,33.75,396,1,97.682
2026-03-15,2026-03,Bandung,Fiber Internet,98.5,98.001,97.9,28.79,139,1,98.216
2026-03-15,2026-03,Bandung,Mobile Broadband,98.5,98.094,97.977,27.45,149,1,98.138
2026-03-15,2026-03,Bandung,Enterprise VPN,99.5,99.261,99.096,10.64,88,1,99.407
2026-03-15,2026-03,Bandung,IPTV,98.5,97.805,97.789,31.61,87,1,97.992
2026-03-15,2026-03,Bandung,Voice,98.5,97.812,97.699,31.51,183,1,97.869
2026-03-15,2026-03,Bandung,Cloud Connectivity,99.5,99.182,99.174,11.77,131,1,99.294
2026-03-15,2026-03,Surabaya,Fiber Internet,98.5,98.006,97.889,28.72,134,1,98.027
2026-03-15,2026-03,Surabaya,Mobile Broadband,98.5,98.034,97.903,28.31,140,1,98.076
2026-03-15,2026-03,Surabaya,Enterprise VPN,99.5,99.297,99.25,10.12,79,1,99.455
2026-03-15,2026-03,Surabaya,IPTV,98.5,98.222,98.107,25.61,169,1,98.435
2026-03-15,2026-03,Surabaya,Voice,98.5,97.768,97.621,32.15,122,1,97.923
2026-03-15,2026-03,Surabaya,Cloud Connectivity,99.5,99.467,99.377,7.67,137,1,99.762
2026-03-15,2026-03,Medan,Fiber Internet,98.5,97.864,97.744,30.75,205,1,97.874
2026-03-15,2026-03,Medan,Mobile Broadband,98.5,97.997,97.901,28.84,109,1,98.228
2026-03-15,2026-03,Medan,Enterprise VPN,99.5,99.193,99.02,11.62,211,1,99.288
2026-03-15,2026-03,Medan,IPTV,98.5,97.95,97.833,29.52,123,1,98.137
2026-03-15,2026-03,Medan,Voice,98.5,97.996,97.985,28.86,127,1,98.219
2026-03-15,2026-03,Medan,Cloud Connectivity,99.5,99.397,99.334,8.69,167,1,99.411
2026-03-15,2026-03,Makassar,Fiber Internet,98.5,98.072,98.027,27.76,112,1,98.202
2026-03-15,2026-03,Makassar,Mobile Broadband,98.5,98.341,98.307,23.89,103,1,98.593
2026-03-15,2026-03,Makassar,Enterprise VPN,99.5,98.835,98.751,16.77,80,1,99.016
2026-03-15,2026-03,Makassar,IPTV,98.5,98.46,98.41,22.18,135,1,98.713
2026-03-15,2026-03,Makassar,Voice,98.5,97.701,97.685,33.11,76,1,97.809
2026-03-15,2026-03,Makassar,Cloud Connectivity,99.5,99.035,98.966,13.9,102,1,99.295
2026-03-15,2026-03,Semarang,Fiber Internet,98.5,98.467,98.32,22.07,155,1,98.628
2026-03-15,2026-03,Semarang,Mobile Broadband,98.5,98.39,98.343,23.19,83,1,98.4
2026-03-15,2026-03,Semarang,Enterprise VPN,99.5,99.074,98.915,13.33,126,1,99.338
2026-03-15,2026-03,Semarang,IPTV,98.5,98.446,98.287,22.38,75,1,98.505
2026-03-15,2026-03,Semarang,Voice,98.5,98.142,98.0,26.75,144,1,98.229
2026-03-15,2026-03,Semarang,Cloud Connectivity,99.5,99.097,99.019,13.0,122,1,99.147
2026-03-15,2026-03,Yogyakarta,Fiber Internet,98.5,98.3,98.268,24.48,185,1,98.519
2026-03-15,2026-03,Yogyakarta,Mobile Broadband,98.5,98.049,97.916,28.1,183,1,98.293
2026-03-15,2026-03,Yogyakarta,Enterprise VPN,99.5,99.132,98.987,12.49,180,1,99.133
2026-03-15,2026-03,Yogyakarta,IPTV,98.5,98.1,97.964,27.36,105,1,98.181
2026-03-15,2026-03,Yogyakarta,Voice,98.5,98.369,98.348,23.49,161,1,98.538
2026-03-15,2026-03,Yogyakarta,Cloud Connectivity,99.5,99.174,99.0,11.9,137,1,99.188
2026-03-15,2026-03,Denpasar,Fiber Internet,98.5,98.4,98.381,23.04,31,1,98.483
2026-03-15,2026-03,Denpasar,Mobile Broadband,98.5,98.338,98.242,23.94,61,1,98.395
2026-03-15,2026-03,Denpasar,Enterprise VPN,99.5,99.47,99.387,7.64,175,1,99.678
2026-03-15,2026-03,Denpasar,IPTV,98.5,98.157,98.021,26.53,142,1,98.411
2026-03-15,2026-03,Denpasar,Voice,98.5,98.119,98.023,27.08,175,1,98.389
2026-03-15,2026-03,Denpasar,Cloud Connectivity,99.5,98.745,98.585,18.08,131,1,98.903
2026-03-15,2026-03,Palembang,Fiber Internet,98.5,97.867,97.81,30.71,183,1,98.125
2026-03-15,2026-03,Palembang,Mobile Broadband,98.5,98.383,98.382,23.29,113,1,98.451
2026-03-15,2026-03,Palembang,Enterprise VPN,99.5,98.881,98.86,16.12,149,1,99.059
2026-03-15,2026-03,Palembang,IPTV,98.5,98.322,98.313,24.17,100,1,98.532
2026-03-15,2026-03,Palembang,Voice,98.5,98.4,98.388,23.04,191,1,98.594
2026-03-15,2026-03,Palembang,Cloud Connectivity,99.5,99.248,99.159,10.83,134,1,99.526
2026-03-15,2026-03,Balikpapan,Fiber Internet,98.5,98.145,98.088,26.71,132,1,98.436
2026-03-15,2026-03,Balikpapan,Mobile Broadband,98.5,98.174,98.016,26.29,115,1,98.338
2026-03-15,2026-03,Balikpapan,Enterprise VPN,99.5,98.977,98.804,14.73,89,1,99.202
2026-03-15,2026-03,Balikpapan,IPTV,98.5,98.454,98.415,22.27,161,1,98.572
2026-03-15,2026-03,Balikpapan,Voice,98.5,98.059,98.001,27.96,91,1,98.093
2026-03-15,2026-03,Balikpapan,Cloud Connectivity,99.5,99.384,99.22,8.86,251,1,99.499
2026-04-01,2026-04,Jakarta,Fiber Internet,98.5,98.175,98.098,26.28,116,1,98.341
2026-04-01,2026-04,Jakarta,Mobile Broadband,98.5,98.173,98.078,26.3,62,1,98.181
2026-04-01,2026-04,Jakarta,Enterprise VPN,99.5,99.182,99.09,11.78,81,1,99.39
2026-04-01,2026-04,Jakarta,IPTV,98.5,98.088,98.032,27.53,133,1,98.199
2026-04-01,2026-04,Jakarta,Voice,98.5,98.225,98.2,25.55,132,1,98.228
2026-04-01,2026-04,Jakarta,Cloud Connectivity,99.5,99.357,99.305,9.26,160,1,99.51
2026-04-01,2026-04,Bandung,Fiber Internet,98.5,97.684,97.626,33.35,125,1,97.849
2026-04-01,2026-04,Bandung,Mobile Broadband,98.5,98.496,98.439,21.66,157,1,98.617
2026-04-01,2026-04,Bandung,Enterprise VPN,99.5,99.239,99.154,10.95,190,1,99.496
2026-04-01,2026-04,Bandung,IPTV,98.5,97.586,97.548,34.76,137,1,97.828
2026-04-01,2026-04,Bandung,Voice,98.5,98.489,98.388,21.76,92,1,98.756
2026-04-01,2026-04,Bandung,Cloud Connectivity,99.5,99.119,99.112,12.69,102,1,99.346
2026-04-01,2026-04,Surabaya,Fiber Internet,98.5,98.486,98.337,21.8,126,1,98.639
2026-04-01,2026-04,Surabaya,Mobile Broadband,98.5,98.056,97.97,27.99,136,1,98.308
2026-04-01,2026-04,Surabaya,Enterprise VPN,99.5,99.21,99.154,11.38,86,1,99.294
2026-04-01,2026-04,Surabaya,IPTV,98.5,97.67,97.607,33.55,101,1,97.887
2026-04-01,2026-04,Surabaya,Voice,98.5,98.406,98.273,22.95,100,1,98.43
2026-04-01,2026-04,Surabaya,Cloud Connectivity,99.5,99.423,99.331,8.3,71,1,99.535
2026-04-01,2026-04,Medan,Fiber Internet,98.5,97.867,97.719,30.72,152,1,97.954
2026-04-01,2026-04,Medan,Mobile Broadband,98.5,97.848,97.761,30.98,115,1,97.995
2026-04-01,2026-04,Medan,Enterprise VPN,99.5,99.005,98.828,14.33,133,1,99.069
2026-04-01,2026-04,Medan,IPTV,98.5,98.263,98.183,25.01,104,1,98.392
2026-04-01,2026-04,Medan,Voice,98.5,97.862,97.737,30.79,118,1,97.871
2026-04-01,2026-04,Medan,Cloud Connectivity,99.5,98.837,98.749,16.75,246,1,98.848
2026-04-01,2026-04,Makassar,Fiber Internet,98.5,98.373,98.282,23.44,118,1,98.539
2026-04-01,2026-04,Makassar,Mobile Broadband,98.5,98.333,98.272,24.01,121,1,98.435
2026-04-01,2026-04,Makassar,Enterprise VPN,99.5,99.282,99.237,10.34,148,1,99.383
2026-04-01,2026-04,Makassar,IPTV,98.5,98.003,97.845,28.76,154,1,98.123
2026-04-01,2026-04,Makassar,Voice,98.5,97.994,97.881,28.88,61,1,98.139
2026-04-01,2026-04,Makassar,Cloud Connectivity,99.5,99.028,98.995,14.0,110,1,99.072
2026-04-01,2026-04,Semarang,Fiber Internet,98.5,98.021,97.86,28.5,101,1,98.265
2026-04-01,2026-04,Semarang,Mobile Broadband,98.5,97.744,97.619,32.49,100,1,97.836
2026-04-01,2026-04,Semarang,Enterprise VPN,99.5,99.233,99.154,11.05,110,1,99.381
2026-04-01,2026-04,Semarang,IPTV,98.5,98.295,98.22,24.55,130,1,98.41
2026-04-01,2026-04,Semarang,Voice,98.5,98.467,98.367,22.07,103,1,98.754
2026-04-01,2026-04,Semarang,Cloud Connectivity,99.5,98.844,98.725,16.65,197,1,98.884
2026-04-01,2026-04,Yogyakarta,Fiber Internet,98.5,97.753,97.614,32.36,161,1,97.989
2026-04-01,2026-04,Yogyakarta,Mobile Broadband,98.5,98.157,98.107,26.55,135,1,98.17
2026-04-01,2026-04,Yogyakarta,Enterprise VPN,99.5,99.234,99.22,11.03,141,1,99.438
2026-04-01,2026-04,Yogyakarta,IPTV,98.5,98.406,98.335,22.95,57,1,98.696
2026-04-01,2026-04,Yogyakarta,Voice,98.5,98.117,97.967,27.11,151,1,98.288
2026-04-01,2026-04,Yogyakarta,Cloud Connectivity,99.5,99.265,99.233,10.59,136,1,99.514
2026-04-01,2026-04,Denpasar,Fiber Internet,98.5,98.466,98.292,22.09,157,1,98.599
2026-04-01,2026-04,Denpasar,Mobile Broadband,98.5,98.061,97.954,27.92,97,1,98.118
2026-04-01,2026-04,Denpasar,Enterprise VPN,99.5,99.242,99.235,10.92,96,1,99.294
2026-04-01,2026-04,Denpasar,IPTV,98.5,97.994,97.976,28.89,167,1,98.277
2026-04-01,2026-04,Denpasar,Voice,98.5,97.884,97.866,30.47,177,1,98.16
2026-04-01,2026-04,Denpasar,Cloud Connectivity,99.5,99.33,99.214,9.64,121,1,99.59
2026-04-01,2026-04,Palembang,Fiber Internet,98.5,97.768,97.767,32.14,156,1,97.824
2026-04-01,2026-04,Palembang,Mobile Broadband,98.5,98.302,98.228,24.44,73,1,98.544
2026-04-01,2026-04,Palembang,Enterprise VPN,99.5,99.268,99.187,10.54,118,1,99.398
2026-04-01,2026-04,Palembang,IPTV,98.5,98.011,97.856,28.64,172,1,98.041
2026-04-01,2026-04,Palembang,Voice,98.5,97.926,97.748,29.86,178,1,98.12
2026-04-01,2026-04,Palembang,Cloud Connectivity,99.5,98.85,98.815,16.56,225,1,99.0
2026-04-01,2026-04,Balikpapan,Fiber Internet,98.5,98.357,98.295,23.66,202,1,98.456
2026-04-01,2026-04,Balikpapan,Mobile Broadband,98.5,98.225,98.217,25.56,141,1,98.297
2026-04-01,2026-04,Balikpapan,Enterprise VPN,99.5,99.11,98.933,12.81,150,1,99.26
2026-04-01,2026-04,Balikpapan,IPTV,98.5,97.965,97.964,29.31,192,1,98.231
2026-04-01,2026-04,Balikpapan,Voice,98.5,97.753,97.58,32.35,115,1,97.877
2026-04-01,2026-04,Balikpapan,Cloud Connectivity,99.5,98.898,98.719,15.87,72,1,99.178
2026-04-15,2026-04,Jakarta,Fiber Internet,98.5,98.268,98.158,24.94,49,1,98.459
2026-04-15,2026-04,Jakarta,Mobile Broadband,98.5,98.338,98.168,23.93,203,1,98.592
2026-04-15,2026-04,Jakarta,Enterprise VPN,99.5,99.158,99.055,12.12,122,1,99.258
2026-04-15,2026-04,Jakarta,IPTV,98.5,98.036,97.928,28.29,84,1,98.333
2026-04-15,2026-04,Jakarta,Voice,98.5,98.268,98.139,24.94,123,1,98.333
2026-04-15,2026-04,Jakarta,Cloud Connectivity,99.5,99.16,99.046,12.1,124,1,99.353
2026-04-15,2026-04,Bandung,Fiber Internet,98.5,97.994,97.878,28.89,178,1,98.003
2026-04-15,2026-04,Bandung,Mobile Broadband,98.5,98.331,98.152,24.04,149,1,98.548
2026-04-15,2026-04,Bandung,Enterprise VPN,99.5,99.148,99.019,12.27,216,1,99.413
2026-04-15,2026-04,Bandung,IPTV,98.5,97.898,97.719,30.27,184,1,97.915
2026-04-15,2026-04,Bandung,Voice,98.5,98.038,98.038,28.26,161,1,98.293
2026-04-15,2026-04,Bandung,Cloud Connectivity,99.5,99.208,99.064,11.41,108,1,99.405
2026-04-15,2026-04,Surabaya,Fiber Internet,98.5,98.472,98.317,22.0,200,1,98.692
2026-04-15,2026-04,Surabaya,Mobile Broadband,98.5,98.427,98.281,22.66,105,1,98.542
2026-04-15,2026-04,Surabaya,Enterprise VPN,99.5,98.533,98.468,21.13,106,1,98.608
2026-04-15,2026-04,Surabaya,IPTV,98.5,97.873,97.825,30.63,101,1,98.154
2026-04-15,2026-04,Surabaya,Voice,98.5,98.147,98.105,26.69,123,1,98.391
2026-04-15,2026-04,Surabaya,Cloud Connectivity,99.5,98.886,98.727,16.04,129,1,99.153
2026-04-15,2026-04,Medan,Fiber Internet,98.5,97.96,97.81,29.38,123,1,98.033
2026-04-15,2026-04,Medan,Mobile Broadband,98.5,97.94,97.856,29.67,107,1,98.116
2026-04-15,2026-04,Medan,Enterprise VPN,99.5,99.258,99.107,10.69,69,1,99.494
2026-04-15,2026-04,Medan,IPTV,98.5,98.47,98.35,22.03,190,1,98.579
2026-04-15,2026-04,Medan,Voice,98.5,98.097,98.077,27.41,189,1,98.382
2026-04-15,2026-04,Medan,Cloud Connectivity,99.5,99.484,99.422,7.43,167,1,99.672
2026-04-15,2026-04,Makassar,Fiber Internet,98.5,98.22,98.057,25.63,220,1,98.481
2026-04-15,2026-04,Makassar,Mobile Broadband,98.5,98.07,97.915,27.79,184,1,98.357
2026-04-15,2026-04,Makassar,Enterprise VPN,99.5,98.94,98.894,15.26,144,1,99.215
2026-04-15,2026-04,Makassar,IPTV,98.5,98.241,98.152,25.33,125,1,98.243
2026-04-15,2026-04,Makassar,Voice,98.5,98.182,98.047,26.17,180,1,98.23
2026-04-15,2026-04,Makassar,Cloud Connectivity,99.5,99.456,99.298,7.84,165,1,99.468
2026-04-15,2026-04,Semarang,Fiber Internet,98.5,97.671,97.545,33.54,79,1,97.784
2026-04-15,2026-04,Semarang,Mobile Broadband,98.5,98.201,98.117,25.91,6,1,98.454
2026-04-15,2026-04,Semarang,Enterprise VPN,99.5,99.064,99.053,13.47,120,1,99.274
2026-04-15,2026-04,Semarang,IPTV,98.5,98.227,98.102,25.53,82,1,98.414
2026-04-15,2026-04,Semarang,Voice,98.5,98.101,98.007,27.34,40,1,98.37
2026-04-15,2026-04,Semarang,Cloud Connectivity,99.5,99.435,99.346,8.14,126,1,99.685
2026-04-15,2026-04,Yogyakarta,Fiber Internet,98.5,98.002,97.946,28.78,180,1,98.285
2026-04-15,2026-04,Yogyakarta,Mobile Broadband,98.5,98.396,98.307,23.1,180,1,98.61
2026-04-15,2026-04,Yogyakarta,Enterprise VPN,99.5,98.898,98.775,15.86,123,1,99.097
2026-04-15,2026-04,Yogyakarta,IPTV,98.5,98.276,98.239,24.82,201,1,98.323
2026-04-15,2026-04,Yogyakarta,Voice,98.5,97.962,97.808,29.34,124,1,97.981
2026-04-15,2026-04,Yogyakarta,Cloud Connectivity,99.5,99.101,99.007,12.95,119,1,99.211
2026-04-15,2026-04,Denpasar,Fiber Internet,98.5,98.249,98.233,25.21,114,1,98.452
2026-04-15,2026-04,Denpasar,Mobile Broadband,98.5,98.044,97.993,28.17,155,1,98.146
2026-04-15,2026-04,Denpasar,Enterprise VPN,99.5,99.248,99.102,10.83,63,1,99.318
2026-04-15,2026-04,Denpasar,IPTV,98.5,98.157,98.086,26.55,139,1,98.302
2026-04-15,2026-04,Denpasar,Voice,98.5,98.498,98.386,21.64,158,1,98.753
2026-04-15,2026-04,Denpasar,Cloud Connectivity,99.5,98.97,98.801,14.83,221,1,99.095
2026-04-15,2026-04,Palembang,Fiber Internet,98.5,98.256,98.11,25.11,193,1,98.287
2026-04-15,2026-04,Palembang,Mobile Broadband,98.5,98.413,98.324,22.86,114,1,98.648
2026-04-15,2026-04,Palembang,Enterprise VPN,99.5,99.23,99.203,11.09,16,1,99.51
2026-04-15,2026-04,Palembang,IPTV,98.5,98.164,98.161,26.43,94,1,98.211
2026-04-15,2026-04,Palembang,Voice,98.5,98.407,98.256,22.94,135,1,98.464
2026-04-15,2026-04,Palembang,Cloud Connectivity,99.5,99.308,99.162,9.96,32,1,99.496
2026-04-15,2026-04,Balikpapan,Fiber Internet,98.5,98.242,98.219,25.31,157,1,98.373
2026-04-15,2026-04,Balikpapan,Mobile Broadband,98.5,97.926,97.772,29.87,88,1,98.115
2026-04-15,2026-04,Balikpapan,Enterprise VPN,99.5,99.456,99.313,7.84,126,1,99.706
2026-04-15,2026-04,Balikpapan,IPTV,98.5,98.263,98.188,25.01,150,1,98.418
2026-04-15,2026-04,Balikpapan,Voice,98.5,98.448,98.37,22.35,182,1,98.74
2026-04-15,2026-04,Balikpapan,Cloud Connectivity,99.5,99.168,99.123,11.97,125,1,99.273
2026-05-01,2026-05,Jakarta,Fiber Internet,98.5,97.816,97.756,31.44,145,1,97.947
2026-05-01,2026-05,Jakarta,Mobile Broadband,98.5,98.395,98.344,23.12,112,1,98.683
2026-05-01,2026-05,Jakarta,Enterprise VPN,99.5,99.132,99.046,12.5,130,1,99.214
2026-05-01,2026-05,Jakarta,IPTV,98.5,98.422,98.242,22.72,145,1,98.713
2026-05-01,2026-05,Jakarta,Voice,98.5,98.251,98.224,25.18,105,1,98.546
2026-05-01,2026-05,Jakarta,Cloud Connectivity,99.5,99.297,99.158,10.12,138,1,99.402
2026-05-01,2026-05,Bandung,Fiber Internet,98.5,98.346,98.326,23.81,109,1,98.388
2026-05-01,2026-05,Bandung,Mobile Broadband,98.5,98.362,98.2,23.59,129,1,98.46
2026-05-01,2026-05,Bandung,Enterprise VPN,99.5,98.89,98.821,15.98,147,1,98.96
2026-05-01,2026-05,Bandung,IPTV,98.5,98.029,98.009,28.39,136,1,98.155
2026-05-01,2026-05,Bandung,Voice,98.5,97.992,97.884,28.92,151,1,98.041
2026-05-01,2026-05,Bandung,Cloud Connectivity,99.5,98.882,98.762,16.1,114,1,99.063
2026-05-01,2026-05,Surabaya,Fiber Internet,98.5,98.103,98.053,27.32,129,1,98.125
2026-05-01,2026-05,Surabaya,Mobile Broadband,98.5,98.072,98.045,27.77,43,1,98.196
2026-05-01,2026-05,Surabaya,Enterprise VPN,99.5,99.174,99.062,11.89,157,1,99.396
2026-05-01,2026-05,Surabaya,IPTV,98.5,98.315,98.179,24.27,150,1,98.4
2026-05-01,2026-05,Surabaya,Voice,98.5,97.97,97.945,29.23,128,1,97.987
2026-05-01,2026-05,Surabaya,Cloud Connectivity,99.5,98.996,98.99,14.45,180,1,99.044
2026-05-01,2026-05,Medan,Fiber Internet,98.5,98.44,98.348,22.47,150,1,98.712
2026-05-01,2026-05,Medan,Mobile Broadband,98.5,98.343,98.322,23.86,171,1,98.368
2026-05-01,2026-05,Medan,Enterprise VPN,99.5,98.839,98.707,16.72,130,1,98.904
2026-05-01,2026-05,Medan,IPTV,98.5,98.339,98.211,23.92,189,1,98.607
2026-05-01,2026-05,Medan,Voice,98.5,98.428,98.267,22.64,46,1,98.504
2026-05-01,2026-05,Medan,Cloud Connectivity,99.5,99.397,99.37,8.68,167,1,99.685
2026-05-01,2026-05,Makassar,Fiber Internet,98.5,98.414,98.266,22.84,150,1,98.51
2026-05-01,2026-05,Makassar,Mobile Broadband,98.5,98.412,98.369,22.87,146,1,98.494
2026-05-01,2026-05,Makassar,Enterprise VPN,99.5,98.991,98.839,14.53,185,1,99.011
2026-05-01,2026-05,Makassar,IPTV,98.5,97.937,97.908,29.71,191,1,98.08
2026-05-01,2026-05,Makassar,Voice,98.5,98.489,98.454,21.75,127,1,98.704
2026-05-01,2026-05,Makassar,Cloud Connectivity,99.5,99.155,99.006,12.17,113,1,99.247
2026-05-01,2026-05,Semarang,Fiber Internet,98.5,98.111,98.106,27.2,188,1,98.287
2026-05-01,2026-05,Semarang,Mobile Broadband,98.5,97.965,97.929,29.3,88,1,98.221
2026-05-01,2026-05,Semarang,Enterprise VPN,99.5,99.487,99.395,7.39,91,1,99.724
2026-05-01,2026-05,Semarang,IPTV,98.5,97.836,97.776,31.17,124,1,98.077
2026-05-01,2026-05,Semarang,Voice,98.5,98.47,98.357,22.03,108,1,98.726
2026-05-01,2026-05,Semarang,Cloud Connectivity,99.5,99.431,99.414,8.19,144,1,99.479
2026-05-01,2026-05,Yogyakarta,Fiber Internet,98.5,98.294,98.225,24.56,22,1,98.514
2026-05-01,2026-05,Yogyakarta,Mobile Broadband,98.5,98.27,98.126,24.9,118,1,98.356
2026-05-01,2026-05,Yogyakarta,Enterprise VPN,99.5,98.709,98.677,18.59,157,1,98.86
2026-05-01,2026-05,Yogyakarta,IPTV,98.5,98.438,98.3,22.49,40,1,98.612
2026-05-01,2026-05,Yogyakarta,Voice,98.5,98.263,98.166,25.01,194,1,98.439
2026-05-01,2026-05,Yogyakarta,Cloud Connectivity,99.5,98.547,98.433,20.92,95,1,98.593
2026-05-01,2026-05,Denpasar,Fiber Internet,98.5,97.948,97.823,29.55,129,1,98.113
2026-05-01,2026-05,Denpasar,Mobile Broadband,98.5,98.419,98.304,22.77,165,1,98.701
2026-05-01,2026-05,Denpasar,Enterprise VPN,99.5,98.886,98.838,16.04,110,1,98.923
2026-05-01,2026-05,Denpasar,IPTV,98.5,98.332,98.209,24.02,86,1,98.359
2026-05-01,2026-05,Denpasar,Voice,98.5,98.455,98.45,22.25,35,1,98.576
2026-05-01,2026-05,Denpasar,Cloud Connectivity,99.5,99.139,99.046,12.4,116,1,99.245
2026-05-01,2026-05,Palembang,Fiber Internet,98.5,98.2,98.119,25.91,72,1,98.326
2026-05-01,2026-05,Palembang,Mobile Broadband,98.5,98.312,98.311,24.31,158,1,98.476
2026-05-01,2026-05,Palembang,Enterprise VPN,99.5,98.971,98.935,14.82,102,1,99.247
2026-05-01,2026-05,Palembang,IPTV,98.5,97.989,97.83,28.95,170,1,98.115
2026-05-01,2026-05,Palembang,Voice,98.5,98.319,98.153,24.2,167,1,98.603
2026-05-01,2026-05,Palembang,Cloud Connectivity,99.5,99.375,99.212,9.0,93,1,99.39
2026-05-01,2026-05,Balikpapan,Fiber Internet,98.5,98.427,98.317,22.66,95,1,98.726
2026-05-01,2026-05,Balikpapan,Mobile Broadband,98.5,98.412,98.397,22.87,141,1,98.453
2026-05-01,2026-05,Balikpapan,Enterprise VPN,99.5,99.465,99.449,7.71,152,1,99.474
2026-05-01,2026-05,Balikpapan,IPTV,98.5,98.109,98.022,27.23,107,1,98.166
2026-05-01,2026-05,Balikpapan,Voice,98.5,98.04,97.869,28.22,175,1,98.15
2026-05-01,2026-05,Balikpapan,Cloud Connectivity,99.5,99.02,98.939,14.12,140,1,99.194
2026-05-15,2026-05,Jakarta,Fiber Internet,98.5,98.438,98.354,22.5,180,1,98.602
2026-05-15,2026-05,Jakarta,Mobile Broadband,98.5,97.947,97.845,29.57,59,1,98.182
2026-05-15,2026-05,Jakarta,Enterprise VPN,99.5,99.056,99.02,13.59,121,1,99.27
2026-05-15,2026-05,Jakarta,IPTV,98.5,98.186,98.089,26.12,156,1,98.307
2026-05-15,2026-05,Jakarta,Voice,98.5,97.45,97.295,36.72,141,1,97.663
2026-05-15,2026-05,Jakarta,Cloud Connectivity,99.5,99.321,99.224,9.78,162,1,99.445
2026-05-15,2026-05,Bandung,Fiber Internet,98.5,98.115,97.959,27.15,154,1,98.379
2026-05-15,2026-05,Bandung,Mobile Broadband,98.5,98.32,98.149,24.2,76,1,98.434
2026-05-15,2026-05,Bandung,Enterprise VPN,99.5,99.06,98.943,13.53,196,1,99.165
2026-05-15,2026-05,Bandung,IPTV,98.5,97.908,97.846,30.12,117,1,98.184
2026-05-15,2026-05,Bandung,Voice,98.5,98.36,98.339,23.62,121,1,98.423
2026-05-15,2026-05,Bandung,Cloud Connectivity,99.5,99.229,99.215,11.1,159,1,99.323
2026-05-15,2026-05,Surabaya,Fiber Internet,98.5,96.785,96.664,46.3,313,1,97.059
2026-05-15,2026-05,Surabaya,Mobile Broadband,98.5,96.383,96.36,52.08,267,1,96.52
2026-05-15,2026-05,Surabaya,Enterprise VPN,99.5,97.509,97.425,35.87,399,1,97.765
2026-05-15,2026-05,Surabaya,IPTV,98.5,96.792,96.642,46.19,363,1,96.895
2026-05-15,2026-05,Surabaya,Voice,98.5,96.237,96.067,54.19,258,1,96.526
2026-05-15,2026-05,Surabaya,Cloud Connectivity,99.5,97.863,97.724,30.78,326,1,98.08
2026-05-15,2026-05,Medan,Fiber Internet,98.5,97.922,97.868,29.92,69,1,98.169
2026-05-15,2026-05,Medan,Mobile Broadband,98.5,98.467,98.366,22.08,176,1,98.515
2026-05-15,2026-05,Medan,Enterprise VPN,99.5,99.346,99.327,9.42,138,1,99.386
2026-05-15,2026-05,Medan,IPTV,98.5,98.244,98.165,25.29,66,1,98.422
2026-05-15,2026-05,Medan,Voice,98.5,98.418,98.317,22.78,140,1,98.6
2026-05-15,2026-05,Medan,Cloud Connectivity,99.5,99.344,99.317,9.45,115,1,99.352
2026-05-15,2026-05,Makassar,Fiber Internet,98.5,98.168,98.14,26.38,122,1,98.239
2026-05-15,2026-05,Makassar,Mobile Broadband,98.5,98.39,98.32,23.18,80,1,98.449
2026-05-15,2026-05,Makassar,Enterprise VPN,99.5,98.813,98.758,17.1,96,1,99.008
2026-05-15,2026-05,Makassar,IPTV,98.5,98.04,97.971,28.22,168,1,98.265
2026-05-15,2026-05,Makassar,Voice,98.5,98.453,98.322,22.28,155,1,98.486
2026-05-15,2026-05,Makassar,Cloud Connectivity,99.5,98.825,98.722,16.92,135,1,98.874
2026-05-15,2026-05,Semarang,Fiber Internet,98.5,98.431,98.317,22.59,172,1,98.47
2026-05-15,2026-05,Semarang,Mobile Broadband,98.5,98.155,98.084,26.57,101,1,98.207
2026-05-15,2026-05,Semarang,Enterprise VPN,99.5,98.711,98.545,18.56,109,1,98.967
2026-05-15,2026-05,Semarang,IPTV,98.5,98.258,98.213,25.08,169,1,98.516
2026-05-15,2026-05,Semarang,Voice,98.5,98.286,98.217,24.68,128,1,98.544
2026-05-15,2026-05,Semarang,Cloud Connectivity,99.5,98.781,98.753,17.55,94,1,98.923
2026-05-15,2026-05,Yogyakarta,Fiber Internet,98.5,97.968,97.959,29.26,147,1,98.146
2026-05-15,2026-05,Yogyakarta,Mobile Broadband,98.5,98.306,98.26,24.4,159,1,98.471
2026-05-15,2026-05,Yogyakarta,Enterprise VPN,99.5,99.19,99.068,11.66,104,1,99.466
2026-05-15,2026-05,Yogyakarta,IPTV,98.5,98.198,98.187,25.94,152,1,98.327
2026-05-15,2026-05,Yogyakarta,Voice,98.5,97.953,97.838,29.48,54,1,97.979
2026-05-15,2026-05,Yogyakarta,Cloud Connectivity,99.5,99.232,99.167,11.06,149,1,99.252
2026-05-15,2026-05,Denpasar,Fiber Internet,98.5,98.439,98.266,22.48,171,1,98.596
2026-05-15,2026-05,Denpasar,Mobile Broadband,98.5,97.934,97.905,29.75,112,1,98.173
2026-05-15,2026-05,Denpasar,Enterprise VPN,99.5,98.782,98.664,17.54,102,1,99.067
2026-05-15,2026-05,Denpasar,IPTV,98.5,98.23,98.219,25.49,76,1,98.469
2026-05-15,2026-05,Denpasar,Voice,98.5,97.933,97.824,29.77,123,1,98.178
2026-05-15,2026-05,Denpasar,Cloud Connectivity,99.5,98.992,98.925,14.51,130,1,99.097
2026-05-15,2026-05,Palembang,Fiber Internet,98.5,97.915,97.766,30.03,107,1,97.992
2026-05-15,2026-05,Palembang,Mobile Broadband,98.5,98.384,98.354,23.27,197,1,98.583
2026-05-15,2026-05,Palembang,Enterprise VPN,99.5,99.313,99.239,9.9,171,1,99.609
2026-05-15,2026-05,Palembang,IPTV,98.5,98.333,98.236,24.0,120,1,98.426
2026-05-15,2026-05,Palembang,Voice,98.5,97.815,97.776,31.47,163,1,98.054
2026-05-15,2026-05,Palembang,Cloud Connectivity,99.5,99.371,99.342,9.05,105,1,99.631
2026-05-15,2026-05,Balikpapan,Fiber Internet,98.5,98.284,98.142,24.71,126,1,98.485
2026-05-15,2026-05,Balikpapan,Mobile Broadband,98.5,97.989,97.961,28.96,81,1,98.218
2026-05-15,2026-05,Balikpapan,Enterprise VPN,99.5,99.318,99.28,9.82,202,1,99.431
2026-05-15,2026-05,Balikpapan,IPTV,98.5,97.763,97.729,32.22,189,1,98.057
2026-05-15,2026-05,Balikpapan,Voice,98.5,97.962,97.846,29.34,64,1,98.041
2026-05-15,2026-05,Balikpapan,Cloud Connectivity,99.5,98.957,98.874,15.02,166,1,98.972
2026-06-01,2026-06,Jakarta,Fiber Internet,98.5,98.466,98.379,22.1,124,1,98.499
2026-06-01,2026-06,Jakarta,Mobile Broadband,98.5,97.81,97.719,31.54,179,1,97.915
2026-06-01,2026-06,Jakarta,Enterprise VPN,99.5,99.419,99.396,8.37,137,1,99.486
2026-06-01,2026-06,Jakarta,IPTV,98.5,98.412,98.339,22.87,83,1,98.695
2026-06-01,2026-06,Jakarta,Voice,98.5,97.663,97.515,33.66,138,1,97.962
2026-06-01,2026-06,Jakarta,Cloud Connectivity,99.5,99.304,99.184,10.02,164,1,99.563
2026-06-01,2026-06,Bandung,Fiber Internet,98.5,98.481,98.437,21.88,204,1,98.687
2026-06-01,2026-06,Bandung,Mobile Broadband,98.5,97.892,97.849,30.36,195,1,98.01
2026-06-01,2026-06,Bandung,Enterprise VPN,99.5,99.09,99.036,13.11,94,1,99.144
2026-06-01,2026-06,Bandung,IPTV,98.5,98.179,98.036,26.22,100,1,98.309
2026-06-01,2026-06,Bandung,Voice,98.5,98.322,98.181,24.17,181,1,98.556
2026-06-01,2026-06,Bandung,Cloud Connectivity,99.5,98.609,98.494,20.04,68,1,98.894
2026-06-01,2026-06,Surabaya,Fiber Internet,98.5,98.037,98.002,28.27,154,1,98.215
2026-06-01,2026-06,Surabaya,Mobile Broadband,98.5,98.458,98.388,22.21,73,1,98.698
2026-06-01,2026-06,Surabaya,Enterprise VPN,99.5,98.932,98.836,15.39,109,1,99.109
2026-06-01,2026-06,Surabaya,IPTV,98.5,97.908,97.807,30.12,72,1,98.099
2026-06-01,2026-06,Surabaya,Voice,98.5,98.19,98.161,26.06,137,1,98.229
2026-06-01,2026-06,Surabaya,Cloud Connectivity,99.5,99.38,99.298,8.93,101,1,99.392
2026-06-01,2026-06,Medan,Fiber Internet,98.5,98.083,97.982,27.61,97,1,98.197
2026-06-01,2026-06,Medan,Mobile Broadband,98.5,98.454,98.29,22.26,58,1,98.457
2026-06-01,2026-06,Medan,Enterprise VPN,99.5,99.015,98.893,14.19,56,1,99.263
2026-06-01,2026-06,Medan,IPTV,98.5,98.117,98.042,27.12,226,1,98.341
2026-06-01,2026-06,Medan,Voice,98.5,98.004,97.885,28.75,58,1,98.025
2026-06-01,2026-06,Medan,Cloud Connectivity,99.5,99.028,98.889,14.0,106,1,99.227
2026-06-01,2026-06,Makassar,Fiber Internet,98.5,98.117,98.088,27.11,110,1,98.253
2026-06-01,2026-06,Makassar,Mobile Broadband,98.5,97.915,97.883,30.02,115,1,98.04
2026-06-01,2026-06,Makassar,Enterprise VPN,99.5,99.463,99.324,7.73,80,1,99.562
2026-06-01,2026-06,Makassar,IPTV,98.5,98.35,98.308,23.76,175,1,98.497
2026-06-01,2026-06,Makassar,Voice,98.5,98.407,98.359,22.94,109,1,98.498
2026-06-01,2026-06,Makassar,Cloud Connectivity,99.5,99.216,99.049,11.29,144,1,99.42
2026-06-01,2026-06,Semarang,Fiber Internet,98.5,98.423,98.286,22.71,72,1,98.696
2026-06-01,2026-06,Semarang,Mobile Broadband,98.5,97.861,97.683,30.81,92,1,97.952
2026-06-01,2026-06,Semarang,Enterprise VPN,99.5,99.476,99.353,7.54,107,1,99.482
2026-06-01,2026-06,Semarang,IPTV,98.5,98.077,97.912,27.69,146,1,98.106
2026-06-01,2026-06,Semarang,Voice,98.5,98.3,98.183,24.47,108,1,98.302
2026-06-01,2026-06,Semarang,Cloud Connectivity,99.5,99.014,98.929,14.2,115,1,99.14
2026-06-01,2026-06,Yogyakarta,Fiber Internet,98.5,98.385,98.236,23.25,94,1,98.565
2026-06-01,2026-06,Yogyakarta,Mobile Broadband,98.5,98.294,98.147,24.56,128,1,98.323
2026-06-01,2026-06,Yogyakarta,Enterprise VPN,99.5,99.3,99.297,10.08,136,1,99.546
2026-06-01,2026-06,Yogyakarta,IPTV,98.5,98.443,98.315,22.42,142,1,98.61
2026-06-01,2026-06,Yogyakarta,Voice,98.5,98.297,98.237,24.52,100,1,98.496
2026-06-01,2026-06,Yogyakarta,Cloud Connectivity,99.5,99.217,99.071,11.28,162,1,99.34
2026-06-01,2026-06,Denpasar,Fiber Internet,98.5,98.097,98.06,27.4,101,1,98.13
2026-06-01,2026-06,Denpasar,Mobile Broadband,98.5,98.011,97.904,28.65,86,1,98.12
2026-06-01,2026-06,Denpasar,Enterprise VPN,99.5,98.594,98.471,20.25,52,1,98.756
2026-06-01,2026-06,Denpasar,IPTV,98.5,97.896,97.763,30.29,114,1,98.148
2026-06-01,2026-06,Denpasar,Voice,98.5,98.291,98.262,24.61,174,1,98.393
2026-06-01,2026-06,Denpasar,Cloud Connectivity,99.5,99.313,99.18,9.89,113,1,99.34
2026-06-01,2026-06,Palembang,Fiber Internet,98.5,97.962,97.796,29.35,166,1,98.259
2026-06-01,2026-06,Palembang,Mobile Broadband,98.5,98.201,98.105,25.91,158,1,98.22
2026-06-01,2026-06,Palembang,Enterprise VPN,99.5,99.378,99.237,8.96,191,1,99.614
2026-06-01,2026-06,Palembang,IPTV,98.5,98.3,98.148,24.49,156,1,98.588
2026-06-01,2026-06,Palembang,Voice,98.5,98.001,97.989,28.79,203,1,98.115
2026-06-01,2026-06,Palembang,Cloud Connectivity,99.5,99.011,98.936,14.24,86,1,99.253
2026-06-01,2026-06,Balikpapan,Fiber Internet,98.5,97.924,97.853,29.89,108,1,98.005
2026-06-01,2026-06,Balikpapan,Mobile Broadband,98.5,98.474,98.403,21.97,134,1,98.77
2026-06-01,2026-06,Balikpapan,Enterprise VPN,99.5,99.087,98.984,13.15,200,1,99.274
2026-06-01,2026-06,Balikpapan,IPTV,98.5,98.188,98.061,26.09,164,1,98.44
2026-06-01,2026-06,Balikpapan,Voice,98.5,98.459,98.457,22.18,177,1,98.734
2026-06-01,2026-06,Balikpapan,Cloud Connectivity,99.5,99.021,98.895,14.09,138,1,99.148
2026-06-15,2026-06,Jakarta,Fiber Internet,98.5,98.495,98.464,21.68,198,1,98.711
2026-06-15,2026-06,Jakarta,Mobile Broadband,98.5,98.407,98.377,22.94,105,1,98.571
2026-06-15,2026-06,Jakarta,Enterprise VPN,99.5,98.832,98.791,16.82,127,1,98.935
2026-06-15,2026-06,Jakarta,IPTV,98.5,98.131,97.956,26.92,159,1,98.306
2026-06-15,2026-06,Jakarta,Voice,98.5,98.304,98.163,24.42,216,1,98.323
2026-06-15,2026-06,Jakarta,Cloud Connectivity,99.5,99.276,99.14,10.43,226,1,99.337
2026-06-15,2026-06,Bandung,Fiber Internet,98.5,97.726,97.588,32.75,209,1,97.912
2026-06-15,2026-06,Bandung,Mobile Broadband,98.5,98.294,98.252,24.57,117,1,98.31
2026-06-15,2026-06,Bandung,Enterprise VPN,99.5,99.07,99.025,13.39,102,1,99.179
2026-06-15,2026-06,Bandung,IPTV,98.5,98.49,98.31,21.74,57,1,98.584
2026-06-15,2026-06,Bandung,Voice,98.5,97.849,97.669,30.97,191,1,98.003
2026-06-15,2026-06,Bandung,Cloud Connectivity,99.5,99.389,99.368,8.8,61,1,99.557
2026-06-15,2026-06,Surabaya,Fiber Internet,98.5,98.361,98.226,23.61,166,1,98.657
2026-06-15,2026-06,Surabaya,Mobile Broadband,98.5,97.702,97.651,33.09,99,1,97.718
2026-06-15,2026-06,Surabaya,Enterprise VPN,99.5,98.95,98.834,15.12,122,1,99.23
2026-06-15,2026-06,Surabaya,IPTV,98.5,98.152,98.058,26.61,84,1,98.345
2026-06-15,2026-06,Surabaya,Voice,98.5,98.316,98.271,24.25,77,1,98.498
2026-06-15,2026-06,Surabaya,Cloud Connectivity,99.5,99.217,99.146,11.28,110,1,99.463
2026-06-15,2026-06,Medan,Fiber Internet,98.5,97.895,97.806,30.32,123,1,97.911
2026-06-15,2026-06,Medan,Mobile Broadband,98.5,98.372,98.306,23.45,158,1,98.425
2026-06-15,2026-06,Medan,Enterprise VPN,99.5,99.496,99.427,7.26,160,1,99.667
2026-06-15,2026-06,Medan,IPTV,98.5,98.475,98.376,21.96,124,1,98.488
2026-06-15,2026-06,Medan,Voice,98.5,98.141,98.012,26.77,121,1,98.348
2026-06-15,2026-06,Medan,Cloud Connectivity,99.5,99.445,99.425,8.0,82,1,99.54
2026-06-15,2026-06,Makassar,Fiber Internet,98.5,98.407,98.354,22.93,107,1,98.437
2026-06-15,2026-06,Makassar,Mobile Broadband,98.5,98.011,97.967,28.64,132,1,98.203
2026-06-15,2026-06,Makassar,Enterprise VPN,99.5,99.205,99.108,11.44,77,1,99.475
2026-06-15,2026-06,Makassar,IPTV,98.5,98.05,97.96,28.08,169,1,98.11
2026-06-15,2026-06,Makassar,Voice,98.5,98.305,98.189,24.41,95,1,98.555
2026-06-15,2026-06,Makassar,Cloud Connectivity,99.5,99.443,99.424,8.03,86,1,99.712
2026-06-15,2026-06,Semarang,Fiber Internet,98.5,98.293,98.245,24.59,163,1,98.465
2026-06-15,2026-06,Semarang,Mobile Broadband,98.5,98.298,98.199,24.51,177,1,98.49
2026-06-15,2026-06,Semarang,Enterprise VPN,99.5,99.433,99.335,8.17,113,1,99.63
2026-06-15,2026-06,Semarang,IPTV,98.5,97.898,97.731,30.27,102,1,98.146
2026-06-15,2026-06,Semarang,Voice,98.5,98.142,97.993,26.76,57,1,98.292
2026-06-15,2026-06,Semarang,Cloud Connectivity,99.5,99.196,99.09,11.57,136,1,99.255
2026-06-15,2026-06,Yogyakarta,Fiber Internet,98.5,97.999,97.82,28.82,106,1,98.256
2026-06-15,2026-06,Yogyakarta,Mobile Broadband,98.5,97.944,97.846,29.61,79,1,98.003
2026-06-15,2026-06,Yogyakarta,Enterprise VPN,99.5,99.461,99.285,7.77,187,1,99.529
2026-06-15,2026-06,Yogyakarta,IPTV,98.5,98.329,98.212,24.06,166,1,98.598
2026-06-15,2026-06,Yogyakarta,Voice,98.5,98.429,98.296,22.63,141,1,98.58
2026-06-15,2026-06,Yogyakarta,Cloud Connectivity,99.5,98.843,98.793,16.66,127,1,98.889
2026-06-15,2026-06,Denpasar,Fiber Internet,98.5,97.843,97.804,31.06,75,1,97.98
2026-06-15,2026-06,Denpasar,Mobile Broadband,98.5,97.849,97.841,30.98,103,1,98.137
2026-06-15,2026-06,Denpasar,Enterprise VPN,99.5,99.279,99.207,10.38,99,1,99.56
2026-06-15,2026-06,Denpasar,IPTV,98.5,98.482,98.454,21.86,118,1,98.696
2026-06-15,2026-06,Denpasar,Voice,98.5,97.73,97.722,32.68,104,1,97.774
2026-06-15,2026-06,Denpasar,Cloud Connectivity,99.5,99.327,99.246,9.69,168,1,99.371
2026-06-15,2026-06,Palembang,Fiber Internet,98.5,98.461,98.362,22.17,118,1,98.742
2026-06-15,2026-06,Palembang,Mobile Broadband,98.5,98.372,98.332,23.44,158,1,98.439
2026-06-15,2026-06,Palembang,Enterprise VPN,99.5,99.08,99.071,13.24,206,1,99.194
2026-06-15,2026-06,Palembang,IPTV,98.5,98.405,98.275,22.97,155,1,98.462
2026-06-15,2026-06,Palembang,Voice,98.5,97.322,97.281,38.57,149,1,97.473
2026-06-15,2026-06,Palembang,Cloud Connectivity,99.5,99.055,98.924,13.61,146,1,99.159
2026-06-15,2026-06,Balikpapan,Fiber Internet,98.5,97.747,97.611,32.45,111,1,97.836
2026-06-15,2026-06,Balikpapan,Mobile Broadband,98.5,98.449,98.423,22.34,93,1,98.628
2026-06-15,2026-06,Balikpapan,Enterprise VPN,99.5,99.494,99.452,7.29,171,1,99.638
2026-06-15,2026-06,Balikpapan,IPTV,98.5,97.966,97.907,29.28,181,1,98.255
2026-06-15,2026-06,Balikpapan,Voice,98.5,98.197,98.102,25.97,102,1,98.28
2026-06-15,2026-06,Balikpapan,Cloud Connectivity,99.5,99.102,98.939,12.93,101,1,99.127
2026-07-01,2026-07,Jakarta,Fiber Internet,98.5,97.734,97.608,32.64,70,1,97.912
2026-07-01,2026-07,Jakarta,Mobile Broadband,98.5,98.155,98.032,26.57,97,1,98.344
2026-07-01,2026-07,Jakarta,Enterprise VPN,99.5,99.226,99.218,11.15,190,1,99.281
2026-07-01,2026-07,Jakarta,IPTV,98.5,98.448,98.361,22.35,158,1,98.448
2026-07-01,2026-07,Jakarta,Voice,98.5,98.258,98.18,25.08,208,1,98.517
2026-07-01,2026-07,Jakarta,Cloud Connectivity,99.5,99.101,98.927,12.95,135,1,99.131
2026-07-01,2026-07,Bandung,Fiber Internet,98.5,98.301,98.178,24.47,126,1,98.344
2026-07-01,2026-07,Bandung,Mobile Broadband,98.5,98.244,98.116,25.29,114,1,98.478
2026-07-01,2026-07,Bandung,Enterprise VPN,99.5,99.274,99.27,10.45,130,1,99.322
2026-07-01,2026-07,Bandung,IPTV,98.5,98.089,98.044,27.51,93,1,98.218
2026-07-01,2026-07,Bandung,Voice,98.5,98.468,98.363,22.05,200,1,98.627
2026-07-01,2026-07,Bandung,Cloud Connectivity,99.5,99.321,99.288,9.77,136,1,99.527
2026-07-01,2026-07,Surabaya,Fiber Internet,98.5,98.405,98.304,22.97,154,1,98.623
2026-07-01,2026-07,Surabaya,Mobile Broadband,98.5,98.383,98.262,23.28,147,1,98.661
2026-07-01,2026-07,Surabaya,Enterprise VPN,99.5,99.306,99.146,9.99,119,1,99.426
2026-07-01,2026-07,Surabaya,IPTV,98.5,98.464,98.389,22.12,139,1,98.513
2026-07-01,2026-07,Surabaya,Voice,98.5,97.971,97.879,29.22,158,1,98.083
2026-07-01,2026-07,Surabaya,Cloud Connectivity,99.5,99.01,98.879,14.25,200,1,99.264
2026-07-01,2026-07,Medan,Fiber Internet,98.5,98.459,98.443,22.18,132,1,98.479
2026-07-01,2026-07,Medan,Mobile Broadband,98.5,98.463,98.399,22.14,105,1,98.761
2026-07-01,2026-07,Medan,Enterprise VPN,99.5,99.257,99.109,10.71,184,1,99.342
2026-07-01,2026-07,Medan,IPTV,98.5,98.386,98.325,23.24,84,1,98.486
2026-07-01,2026-07,Medan,Voice,98.5,98.498,98.326,21.63,181,1,98.797
2026-07-01,2026-07,Medan,Cloud Connectivity,99.5,99.46,99.373,7.78,90,1,99.572
2026-07-01,2026-07,Makassar,Fiber Internet,98.5,97.551,97.436,35.27,165,1,97.815
2026-07-01,2026-07,Makassar,Mobile Broadband,98.5,98.415,98.34,22.82,127,1,98.536
2026-07-01,2026-07,Makassar,Enterprise VPN,99.5,99.134,99.102,12.47,42,1,99.223
2026-07-01,2026-07,Makassar,IPTV,98.5,97.997,97.848,28.85,93,1,98.191
2026-07-01,2026-07,Makassar,Voice,98.5,98.234,98.184,25.42,185,1,98.472
2026-07-01,2026-07,Makassar,Cloud Connectivity,99.5,98.379,98.237,23.35,220,1,98.603
2026-07-01,2026-07,Semarang,Fiber Internet,98.5,97.943,97.896,29.63,122,1,98.206
2026-07-01,2026-07,Semarang,Mobile Broadband,98.5,98.119,98.084,27.09,114,1,98.36
2026-07-01,2026-07,Semarang,Enterprise VPN,99.5,98.965,98.922,14.9,65,1,99.205
2026-07-01,2026-07,Semarang,IPTV,98.5,98.313,98.16,24.29,87,1,98.466
2026-07-01,2026-07,Semarang,Voice,98.5,98.103,98.074,27.31,157,1,98.292
2026-07-01,2026-07,Semarang,Cloud Connectivity,99.5,99.19,99.108,11.66,137,1,99.438
2026-07-01,2026-07,Yogyakarta,Fiber Internet,98.5,98.207,98.049,25.82,93,1,98.438
2026-07-01,2026-07,Yogyakarta,Mobile Broadband,98.5,98.436,98.365,22.52,164,1,98.719
2026-07-01,2026-07,Yogyakarta,Enterprise VPN,99.5,99.208,99.105,11.4,84,1,99.449
2026-07-01,2026-07,Yogyakarta,IPTV,98.5,98.275,98.236,24.85,190,1,98.48
2026-07-01,2026-07,Yogyakarta,Voice,98.5,98.452,98.396,22.29,143,1,98.482
2026-07-01,2026-07,Yogyakarta,Cloud Connectivity,99.5,99.467,99.391,7.68,166,1,99.704
2026-07-01,2026-07,Denpasar,Fiber Internet,98.5,98.166,98.108,26.42,178,1,98.207
2026-07-01,2026-07,Denpasar,Mobile Broadband,98.5,98.226,98.135,25.55,123,1,98.44
2026-07-01,2026-07,Denpasar,Enterprise VPN,99.5,98.785,98.631,17.49,21,1,98.931
2026-07-01,2026-07,Denpasar,IPTV,98.5,98.074,97.989,27.73,94,1,98.157
2026-07-01,2026-07,Denpasar,Voice,98.5,98.31,98.246,24.34,141,1,98.44
2026-07-01,2026-07,Denpasar,Cloud Connectivity,99.5,99.109,98.998,12.82,90,1,99.365
2026-07-01,2026-07,Palembang,Fiber Internet,98.5,98.176,98.119,26.27,53,1,98.446
2026-07-01,2026-07,Palembang,Mobile Broadband,98.5,97.976,97.852,29.15,167,1,98.045
2026-07-01,2026-07,Palembang,Enterprise VPN,99.5,99.15,99.021,12.25,91,1,99.397
2026-07-01,2026-07,Palembang,IPTV,98.5,97.764,97.629,32.2,0,1,98.041
2026-07-01,2026-07,Palembang,Voice,98.5,98.149,97.969,26.65,139,1,98.214
2026-07-01,2026-07,Palembang,Cloud Connectivity,99.5,98.542,98.442,20.99,45,1,98.597
2026-07-01,2026-07,Balikpapan,Fiber Internet,98.5,98.397,98.343,23.08,150,1,98.417
2026-07-01,2026-07,Balikpapan,Mobile Broadband,98.5,97.678,97.619,33.43,165,1,97.715
2026-07-01,2026-07,Balikpapan,Enterprise VPN,99.5,99.158,99.14,12.12,141,1,99.17
2026-07-01,2026-07,Balikpapan,IPTV,98.5,98.454,98.297,22.27,66,1,98.586
2026-07-01,2026-07,Balikpapan,Voice,98.5,97.903,97.857,30.2,155,1,98.082
2026-07-01,2026-07,Balikpapan,Cloud Connectivity,99.5,99.397,99.267,8.68,185,1,99.599
2026-07-15,2026-07,Jakarta,Fiber Internet,98.5,98.272,98.204,24.88,170,1,98.398
2026-07-15,2026-07,Jakarta,Mobile Broadband,98.5,98.461,98.451,22.16,83,1,98.667
2026-07-15,2026-07,Jakarta,Enterprise VPN,99.5,99.441,99.379,8.04,61,1,99.517
2026-07-15,2026-07,Jakarta,IPTV,98.5,98.395,98.312,23.12,151,1,98.541
2026-07-15,2026-07,Jakarta,Voice,98.5,98.158,98.037,26.53,179,1,98.375
2026-07-15,2026-07,Jakarta,Cloud Connectivity,99.5,99.45,99.316,7.92,94,1,99.49
2026-07-15,2026-07,Bandung,Fiber Internet,98.5,98.02,97.974,28.51,163,1,98.195
2026-07-15,2026-07,Bandung,Mobile Broadband,98.5,98.481,98.372,21.88,78,1,98.518
2026-07-15,2026-07,Bandung,Enterprise VPN,99.5,99.333,99.183,9.6,76,1,99.419
2026-07-15,2026-07,Bandung,IPTV,98.5,97.945,97.779,29.59,57,1,98.037
2026-07-15,2026-07,Bandung,Voice,98.5,97.689,97.543,33.27,205,1,97.908
2026-07-15,2026-07,Bandung,Cloud Connectivity,99.5,99.248,99.078,10.83,134,1,99.503
2026-07-15,2026-07,Surabaya,Fiber Internet,98.5,98.251,98.167,25.19,84,1,98.467
2026-07-15,2026-07,Surabaya,Mobile Broadband,98.5,97.435,97.408,36.93,165,1,97.68
2026-07-15,2026-07,Surabaya,Enterprise VPN,99.5,98.782,98.758,17.53,114,1,98.819
2026-07-15,2026-07,Surabaya,IPTV,98.5,98.248,98.185,25.23,118,1,98.326
2026-07-15,2026-07,Surabaya,Voice,98.5,98.489,98.327,21.76,63,1,98.688
2026-07-15,2026-07,Surabaya,Cloud Connectivity,99.5,98.743,98.587,18.11,108,1,98.743
2026-07-15,2026-07,Medan,Fiber Internet,98.5,96.687,96.544,47.71,351,1,96.955
2026-07-15,2026-07,Medan,Mobile Broadband,98.5,97.161,97.151,40.89,283,1,97.304
2026-07-15,2026-07,Medan,Enterprise VPN,99.5,97.857,97.757,30.86,279,1,98.145
2026-07-15,2026-07,Medan,IPTV,98.5,96.731,96.701,47.07,360,1,97.01
2026-07-15,2026-07,Medan,Voice,98.5,96.525,96.476,50.04,221,1,96.584
2026-07-15,2026-07,Medan,Cloud Connectivity,99.5,97.741,97.692,32.53,343,1,97.952
2026-07-15,2026-07,Makassar,Fiber Internet,98.5,98.484,98.323,21.83,74,1,98.495
2026-07-15,2026-07,Makassar,Mobile Broadband,98.5,98.423,98.289,22.71,206,1,98.608
2026-07-15,2026-07,Makassar,Enterprise VPN,99.5,99.001,98.927,14.39,84,1,99.221
2026-07-15,2026-07,Makassar,IPTV,98.5,98.483,98.372,21.84,98,1,98.531
2026-07-15,2026-07,Makassar,Voice,98.5,98.375,98.369,23.4,159,1,98.521
2026-07-15,2026-07,Makassar,Cloud Connectivity,99.5,99.1,98.982,12.96,96,1,99.24
2026-07-15,2026-07,Semarang,Fiber Internet,98.5,98.013,97.963,28.61,158,1,98.181
2026-07-15,2026-07,Semarang,Mobile Broadband,98.5,97.851,97.836,30.94,218,1,97.921
2026-07-15,2026-07,Semarang,Enterprise VPN,99.5,99.078,98.924,13.27,159,1,99.157
2026-07-15,2026-07,Semarang,IPTV,98.5,98.416,98.397,22.8,191,1,98.583
2026-07-15,2026-07,Semarang,Voice,98.5,98.014,97.868,28.6,122,1,98.144
2026-07-15,2026-07,Semarang,Cloud Connectivity,99.5,98.911,98.894,15.68,149,1,99.2
2026-07-15,2026-07,Yogyakarta,Fiber Internet,98.5,98.451,98.319,22.31,94,1,98.537
2026-07-15,2026-07,Yogyakarta,Mobile Broadband,98.5,97.842,97.761,31.07,134,1,97.855
2026-07-15,2026-07,Yogyakarta,Enterprise VPN,99.5,99.246,99.119,10.85,58,1,99.466
2026-07-15,2026-07,Yogyakarta,IPTV,98.5,97.754,97.71,32.34,133,1,97.853
2026-07-15,2026-07,Yogyakarta,Voice,98.5,98.342,98.235,23.88,130,1,98.344
2026-07-15,2026-07,Yogyakarta,Cloud Connectivity,99.5,99.209,99.122,11.39,63,1,99.322
2026-07-15,2026-07,Denpasar,Fiber Internet,98.5,98.427,98.308,22.65,164,1,98.576
2026-07-15,2026-07,Denpasar,Mobile Broadband,98.5,98.29,98.236,24.62,140,1,98.59
2026-07-15,2026-07,Denpasar,Enterprise VPN,99.5,99.152,99.021,12.21,117,1,99.208
2026-07-15,2026-07,Denpasar,IPTV,98.5,98.023,97.975,28.47,99,1,98.193
2026-07-15,2026-07,Denpasar,Voice,98.5,97.598,97.505,34.58,130,1,97.863
2026-07-15,2026-07,Denpasar,Cloud Connectivity,99.5,99.02,98.991,14.11,156,1,99.165
2026-07-15,2026-07,Palembang,Fiber Internet,98.5,98.187,98.061,26.11,117,1,98.463
2026-07-15,2026-07,Palembang,Mobile Broadband,98.5,98.2,98.17,25.92,76,1,98.425
2026-07-15,2026-07,Palembang,Enterprise VPN,99.5,99.191,99.05,11.65,198,1,99.276
2026-07-15,2026-07,Palembang,IPTV,98.5,98.448,98.369,22.35,135,1,98.741
2026-07-15,2026-07,Palembang,Voice,98.5,98.34,98.244,23.9,121,1,98.341
2026-07-15,2026-07,Palembang,Cloud Connectivity,99.5,99.314,99.172,9.88,159,1,99.599
2026-07-15,2026-07,Balikpapan,Fiber Internet,98.5,97.867,97.733,30.72,121,1,98.15
2026-07-15,2026-07,Balikpapan,Mobile Broadband,98.5,98.487,98.431,21.79,107,1,98.542
2026-07-15,2026-07,Balikpapan,Enterprise VPN,99.5,99.095,98.975,13.03,127,1,99.29
2026-07-15,2026-07,Balikpapan,IPTV,98.5,98.288,98.239,24.66,59,1,98.392
2026-07-15,2026-07,Balikpapan,Voice,98.5,97.67,97.642,33.55,140,1,97.791
2026-07-15,2026-07,Balikpapan,Cloud Connectivity,99.5,99.254,99.22,10.74,130,1,99.396
2026-08-01,2026-08,Jakarta,Fiber Internet,98.5,98.171,98.007,26.33,168,1,98.404
2026-08-01,2026-08,Jakarta,Mobile Broadband,98.5,97.862,97.793,30.79,186,1,98.092
2026-08-01,2026-08,Jakarta,Enterprise VPN,99.5,99.105,99.052,12.89,131,1,99.374
2026-08-01,2026-08,Jakarta,IPTV,98.5,98.157,98.032,26.54,86,1,98.389
2026-08-01,2026-08,Jakarta,Voice,98.5,98.417,98.26,22.79,134,1,98.43
2026-08-01,2026-08,Jakarta,Cloud Connectivity,99.5,99.277,99.264,10.42,100,1,99.494
2026-08-01,2026-08,Bandung,Fiber Internet,98.5,98.219,98.067,25.65,87,1,98.316
2026-08-01,2026-08,Bandung,Mobile Broadband,98.5,98.017,97.899,28.56,140,1,98.203
2026-08-01,2026-08,Bandung,Enterprise VPN,99.5,98.687,98.649,18.91,239,1,98.805
2026-08-01,2026-08,Bandung,IPTV,98.5,98.493,98.376,21.7,154,1,98.771
2026-08-01,2026-08,Bandung,Voice,98.5,98.144,97.979,26.73,156,1,98.339
2026-08-01,2026-08,Bandung,Cloud Connectivity,99.5,99.401,99.319,8.62,191,1,99.628
2026-08-01,2026-08,Surabaya,Fiber Internet,98.5,98.076,97.897,27.7,166,1,98.259
2026-08-01,2026-08,Surabaya,Mobile Broadband,98.5,97.718,97.541,32.86,45,1,97.728
2026-08-01,2026-08,Surabaya,Enterprise VPN,99.5,99.073,99.02,13.35,101,1,99.073
2026-08-01,2026-08,Surabaya,IPTV,98.5,98.281,98.111,24.76,161,1,98.469
2026-08-01,2026-08,Surabaya,Voice,98.5,98.159,98.099,26.51,188,1,98.192
2026-08-01,2026-08,Surabaya,Cloud Connectivity,99.5,99.187,99.065,11.71,113,1,99.361
2026-08-01,2026-08,Medan,Fiber Internet,98.5,98.113,97.94,27.17,18,1,98.379
2026-08-01,2026-08,Medan,Mobile Broadband,98.5,98.173,98.057,26.31,153,1,98.47
2026-08-01,2026-08,Medan,Enterprise VPN,99.5,99.154,99.043,12.19,168,1,99.452
2026-08-01,2026-08,Medan,IPTV,98.5,97.837,97.721,31.14,163,1,98.057
2026-08-01,2026-08,Medan,Voice,98.5,98.083,98.021,27.61,107,1,98.246
2026-08-01,2026-08,Medan,Cloud Connectivity,99.5,99.234,99.111,11.03,64,1,99.421
2026-08-01,2026-08,Makassar,Fiber Internet,98.5,97.996,97.869,28.86,114,1,98.056
2026-08-01,2026-08,Makassar,Mobile Broadband,98.5,98.361,98.358,23.6,165,1,98.555
2026-08-01,2026-08,Makassar,Enterprise VPN,99.5,99.28,99.157,10.37,210,1,99.455
2026-08-01,2026-08,Makassar,IPTV,98.5,98.488,98.454,21.78,188,1,98.691
2026-08-01,2026-08,Makassar,Voice,98.5,98.26,98.171,25.06,188,1,98.355
2026-08-01,2026-08,Makassar,Cloud Connectivity,99.5,99.193,99.141,11.62,193,1,99.452
2026-08-01,2026-08,Semarang,Fiber Internet,98.5,98.393,98.392,23.14,109,1,98.419
2026-08-01,2026-08,Semarang,Mobile Broadband,98.5,98.124,98.122,27.02,185,1,98.306
2026-08-01,2026-08,Semarang,Enterprise VPN,99.5,99.368,99.262,9.09,140,1,99.605
2026-08-01,2026-08,Semarang,IPTV,98.5,98.131,98.11,26.91,129,1,98.248
2026-08-01,2026-08,Semarang,Voice,98.5,97.986,97.905,29.0,153,1,98.071
2026-08-01,2026-08,Semarang,Cloud Connectivity,99.5,99.17,99.133,11.95,113,1,99.296
2026-08-01,2026-08,Yogyakarta,Fiber Internet,98.5,98.411,98.234,22.89,65,1,98.585
2026-08-01,2026-08,Yogyakarta,Mobile Broadband,98.5,98.254,98.248,25.14,86,1,98.4
2026-08-01,2026-08,Yogyakarta,Enterprise VPN,99.5,99.084,99.026,13.19,98,1,99.341
2026-08-01,2026-08,Yogyakarta,IPTV,98.5,98.474,98.3,21.97,148,1,98.648
2026-08-01,2026-08,Yogyakarta,Voice,98.5,98.064,97.956,27.87,229,1,98.259
2026-08-01,2026-08,Yogyakarta,Cloud Connectivity,99.5,99.446,99.367,7.98,48,1,99.726
2026-08-01,2026-08,Denpasar,Fiber Internet,98.5,98.276,98.222,24.82,157,1,98.353
2026-08-01,2026-08,Denpasar,Mobile Broadband,98.5,98.238,98.074,25.37,207,1,98.276
2026-08-01,2026-08,Denpasar,Enterprise VPN,99.5,98.777,98.629,17.61,156,1,98.914
2026-08-01,2026-08,Denpasar,IPTV,98.5,98.322,98.196,24.16,144,1,98.398
2026-08-01,2026-08,Denpasar,Voice,98.5,98.316,98.138,24.25,95,1,98.589
2026-08-01,2026-08,Denpasar,Cloud Connectivity,99.5,98.849,98.757,16.58,185,1,98.871
2026-08-01,2026-08,Palembang,Fiber Internet,98.5,98.038,97.925,28.25,143,1,98.333
2026-08-01,2026-08,Palembang,Mobile Broadband,98.5,98.41,98.309,22.9,195,1,98.652
2026-08-01,2026-08,Palembang,Enterprise VPN,99.5,99.451,99.438,7.91,75,1,99.637
2026-08-01,2026-08,Palembang,IPTV,98.5,97.567,97.44,35.03,96,1,97.62
2026-08-01,2026-08,Palembang,Voice,98.5,98.045,97.982,28.15,126,1,98.158
2026-08-01,2026-08,Palembang,Cloud Connectivity,99.5,99.03,98.894,13.97,65,1,99.042
2026-08-01,2026-08,Balikpapan,Fiber Internet,98.5,97.744,97.708,32.49,93,1,97.896
2026-08-01,2026-08,Balikpapan,Mobile Broadband,98.5,98.11,97.981,27.22,136,1,98.195
2026-08-01,2026-08,Balikpapan,Enterprise VPN,99.5,99.036,99.028,13.89,138,1,99.272
2026-08-01,2026-08,Balikpapan,IPTV,98.5,98.357,98.179,23.66,198,1,98.392
2026-08-01,2026-08,Balikpapan,Voice,98.5,98.013,97.961,28.61,142,1,98.197
2026-08-01,2026-08,Balikpapan,Cloud Connectivity,99.5,99.287,99.238,10.26,146,1,99.332
2026-08-15,2026-08,Jakarta,Fiber Internet,98.5,98.308,98.304,24.36,132,1,98.396
2026-08-15,2026-08,Jakarta,Mobile Broadband,98.5,97.795,97.72,31.76,180,1,98.063
2026-08-15,2026-08,Jakarta,Enterprise VPN,99.5,99.175,99.17,11.88,180,1,99.242
2026-08-15,2026-08,Jakarta,IPTV,98.5,98.14,98.003,26.79,101,1,98.228
2026-08-15,2026-08,Jakarta,Voice,98.5,97.573,97.421,34.95,221,1,97.677
2026-08-15,2026-08,Jakarta,Cloud Connectivity,99.5,99.173,99.068,11.91,158,1,99.193
2026-08-15,2026-08,Bandung,Fiber Internet,98.5,98.465,98.442,22.11,0,1,98.635
2026-08-15,2026-08,Bandung,Mobile Broadband,98.5,97.902,97.828,30.22,167,1,97.974
2026-08-15,2026-08,Bandung,Enterprise VPN,99.5,99.043,98.985,13.78,125,1,99.183
2026-08-15,2026-08,Bandung,IPTV,98.5,98.119,97.985,27.09,88,1,98.224
2026-08-15,2026-08,Bandung,Voice,98.5,98.267,98.138,24.96,4,1,98.344
2026-08-15,2026-08,Bandung,Cloud Connectivity,99.5,99.449,99.38,7.93,100,1,99.633
2026-08-15,2026-08,Surabaya,Fiber Internet,98.5,98.175,98.012,26.29,89,1,98.236
2026-08-15,2026-08,Surabaya,Mobile Broadband,98.5,98.064,97.912,27.87,133,1,98.339
2026-08-15,2026-08,Surabaya,Enterprise VPN,99.5,99.148,99.138,12.27,154,1,99.23
2026-08-15,2026-08,Surabaya,IPTV,98.5,98.116,97.945,27.13,154,1,98.363
2026-08-15,2026-08,Surabaya,Voice,98.5,98.152,97.985,26.61,95,1,98.197
2026-08-15,2026-08,Surabaya,Cloud Connectivity,99.5,99.225,99.151,11.16,99,1,99.439
2026-08-15,2026-08,Medan,Fiber Internet,98.5,97.887,97.806,30.43,164,1,97.902
2026-08-15,2026-08,Medan,Mobile Broadband,98.5,98.418,98.263,22.78,143,1,98.683
2026-08-15,2026-08,Medan,Enterprise VPN,99.5,99.287,99.117,10.26,168,1,99.421
2026-08-15,2026-08,Medan,IPTV,98.5,97.861,97.843,30.8,145,1,97.903
2026-08-15,2026-08,Medan,Voice,98.5,98.119,98.113,27.09,173,1,98.233
2026-08-15,2026-08,Medan,Cloud Connectivity,99.5,99.274,99.149,10.45,124,1,99.37
2026-08-15,2026-08,Makassar,Fiber Internet,98.5,98.458,98.299,22.21,63,1,98.536
2026-08-15,2026-08,Makassar,Mobile Broadband,98.5,97.985,97.953,29.01,98,1,98.146
2026-08-15,2026-08,Makassar,Enterprise VPN,99.5,98.976,98.909,14.74,127,1,99.088
2026-08-15,2026-08,Makassar,IPTV,98.5,97.598,97.583,34.59,100,1,97.75
2026-08-15,2026-08,Makassar,Voice,98.5,98.431,98.39,22.59,168,1,98.639
2026-08-15,2026-08,Makassar,Cloud Connectivity,99.5,99.288,99.206,10.26,211,1,99.549
2026-08-15,2026-08,Semarang,Fiber Internet,98.5,98.257,98.177,25.1,190,1,98.498
2026-08-15,2026-08,Semarang,Mobile Broadband,98.5,98.11,98.105,27.22,100,1,98.275
2026-08-15,2026-08,Semarang,Enterprise VPN,99.5,99.002,98.977,14.37,143,1,99.293
2026-08-15,2026-08,Semarang,IPTV,98.5,98.283,98.189,24.72,180,1,98.423
2026-08-15,2026-08,Semarang,Voice,98.5,98.099,97.949,27.37,57,1,98.316
2026-08-15,2026-08,Semarang,Cloud Connectivity,99.5,99.098,99.094,12.99,167,1,99.269
2026-08-15,2026-08,Yogyakarta,Fiber Internet,98.5,98.306,98.241,24.4,110,1,98.48
2026-08-15,2026-08,Yogyakarta,Mobile Broadband,98.5,98.46,98.294,22.17,118,1,98.506
2026-08-15,2026-08,Yogyakarta,Enterprise VPN,99.5,99.162,99.131,12.07,83,1,99.27
2026-08-15,2026-08,Yogyakarta,IPTV,98.5,97.804,97.76,31.62,129,1,97.888
2026-08-15,2026-08,Yogyakarta,Voice,98.5,97.771,97.724,32.09,160,1,97.973
2026-08-15,2026-08,Yogyakarta,Cloud Connectivity,99.5,99.397,99.301,8.69,153,1,99.483
2026-08-15,2026-08,Denpasar,Fiber Internet,98.5,98.485,98.452,21.82,180,1,98.644
2026-08-15,2026-08,Denpasar,Mobile Broadband,98.5,98.401,98.3,23.03,125,1,98.684
2026-08-15,2026-08,Denpasar,Enterprise VPN,99.5,99.273,99.167,10.47,208,1,99.572
2026-08-15,2026-08,Denpasar,IPTV,98.5,98.469,98.359,22.04,130,1,98.625
2026-08-15,2026-08,Denpasar,Voice,98.5,98.228,98.056,25.51,92,1,98.246
2026-08-15,2026-08,Denpasar,Cloud Connectivity,99.5,99.059,98.934,13.55,202,1,99.17
2026-08-15,2026-08,Palembang,Fiber Internet,98.5,97.948,97.771,29.56,114,1,98.007
2026-08-15,2026-08,Palembang,Mobile Broadband,98.5,98.317,98.242,24.23,149,1,98.368
2026-08-15,2026-08,Palembang,Enterprise VPN,99.5,98.627,98.498,19.77,106,1,98.817
2026-08-15,2026-08,Palembang,IPTV,98.5,97.995,97.928,28.88,102,1,98.273
2026-08-15,2026-08,Palembang,Voice,98.5,98.145,98.059,26.72,124,1,98.201
2026-08-15,2026-08,Palembang,Cloud Connectivity,99.5,99.452,99.404,7.89,89,1,99.456
2026-08-15,2026-08,Balikpapan,Fiber Internet,98.5,98.437,98.264,22.51,107,1,98.528
2026-08-15,2026-08,Balikpapan,Mobile Broadband,98.5,98.053,98.047,28.04,132,1,98.089
2026-08-15,2026-08,Balikpapan,Enterprise VPN,99.5,98.899,98.885,15.86,171,1,98.924
2026-08-15,2026-08,Balikpapan,IPTV,98.5,98.384,98.319,23.27,173,1,98.544
2026-08-15,2026-08,Balikpapan,Voice,98.5,98.2,98.051,25.93,199,1,98.3
2026-08-15,2026-08,Balikpapan,Cloud Connectivity,99.5,99.246,99.216,10.86,57,1,99.524
2026-09-01,2026-09,Jakarta,Fiber Internet,98.5,98.344,98.261,23.85,98,1,98.344
2026-09-01,2026-09,Jakarta,Mobile Broadband,98.5,98.138,98.093,26.81,133,1,98.153
2026-09-01,2026-09,Jakarta,Enterprise VPN,99.5,99.454,99.413,7.87,167,1,99.523
2026-09-01,2026-09,Jakarta,IPTV,98.5,97.895,97.728,30.32,133,1,98.027
2026-09-01,2026-09,Jakarta,Voice,98.5,98.429,98.342,22.62,172,1,98.592
2026-09-01,2026-09,Jakarta,Cloud Connectivity,99.5,99.345,99.308,9.43,124,1,99.531
2026-09-01,2026-09,Bandung,Fiber Internet,98.5,98.292,98.125,24.59,185,1,98.434
2026-09-01,2026-09,Bandung,Mobile Broadband,98.5,98.498,98.32,21.63,80,1,98.632
2026-09-01,2026-09,Bandung,Enterprise VPN,99.5,99.292,99.256,10.19,193,1,99.582
2026-09-01,2026-09,Bandung,IPTV,98.5,98.425,98.271,22.68,131,1,98.537
2026-09-01,2026-09,Bandung,Voice,98.5,98.118,97.998,27.1,68,1,98.215
2026-09-01,2026-09,Bandung,Cloud Connectivity,99.5,98.727,98.629,18.33,186,1,98.883
2026-09-01,2026-09,Surabaya,Fiber Internet,98.5,98.487,98.444,21.79,69,1,98.769
2026-09-01,2026-09,Surabaya,Mobile Broadband,98.5,97.497,97.482,36.04,74,1,97.626
2026-09-01,2026-09,Surabaya,Enterprise VPN,99.5,98.969,98.857,14.85,111,1,99.005
2026-09-01,2026-09,Surabaya,IPTV,98.5,98.217,98.1,25.67,144,1,98.499
2026-09-01,2026-09,Surabaya,Voice,98.5,98.241,98.07,25.34,130,1,98.365
2026-09-01,2026-09,Surabaya,Cloud Connectivity,99.5,99.28,99.122,10.38,132,1,99.293
2026-09-01,2026-09,Medan,Fiber Internet,98.5,98.004,97.998,28.75,137,1,98.15
2026-09-01,2026-09,Medan,Mobile Broadband,98.5,97.813,97.763,31.5,161,1,98.013
2026-09-01,2026-09,Medan,Enterprise VPN,99.5,99.274,99.215,10.46,124,1,99.459
2026-09-01,2026-09,Medan,IPTV,98.5,98.083,98.053,27.6,99,1,98.225
2026-09-01,2026-09,Medan,Voice,98.5,98.356,98.213,23.67,133,1,98.491
2026-09-01,2026-09,Medan,Cloud Connectivity,99.5,98.793,98.761,17.38,115,1,98.897
2026-09-01,2026-09,Makassar,Fiber Internet,98.5,98.457,98.35,22.21,123,1,98.585
2026-09-01,2026-09,Makassar,Mobile Broadband,98.5,98.358,98.272,23.65,177,1,98.539
2026-09-01,2026-09,Makassar,Enterprise VPN,99.5,99.122,99.081,12.64,111,1,99.327
2026-09-01,2026-09,Makassar,IPTV,98.5,98.25,98.099,25.21,207,1,98.431
2026-09-01,2026-09,Makassar,Voice,98.5,97.958,97.82,29.4,126,1,97.973
2026-09-01,2026-09,Makassar,Cloud Connectivity,99.5,99.002,98.848,14.38,168,1,99.008
2026-09-01,2026-09,Semarang,Fiber Internet,98.5,98.34,98.294,23.9,70,1,98.448
2026-09-01,2026-09,Semarang,Mobile Broadband,98.5,98.023,97.947,28.47,210,1,98.037
2026-09-01,2026-09,Semarang,Enterprise VPN,99.5,99.281,99.243,10.35,113,1,99.29
2026-09-01,2026-09,Semarang,IPTV,98.5,98.314,98.189,24.28,94,1,98.434
2026-09-01,2026-09,Semarang,Voice,98.5,98.126,98.064,26.98,128,1,98.377
2026-09-01,2026-09,Semarang,Cloud Connectivity,99.5,99.371,99.361,9.06,151,1,99.374
2026-09-01,2026-09,Yogyakarta,Fiber Internet,98.5,98.361,98.224,23.6,118,1,98.453
2026-09-01,2026-09,Yogyakarta,Mobile Broadband,98.5,98.004,97.908,28.75,86,1,98.203
2026-09-01,2026-09,Yogyakarta,Enterprise VPN,99.5,98.66,98.525,19.29,82,1,98.823
2026-09-01,2026-09,Yogyakarta,IPTV,98.5,97.973,97.809,29.19,117,1,98.211
2026-09-01,2026-09,Yogyakarta,Voice,98.5,98.463,98.338,22.14,138,1,98.733
2026-09-01,2026-09,Yogyakarta,Cloud Connectivity,99.5,99.197,99.178,11.56,159,1,99.354
2026-09-01,2026-09,Denpasar,Fiber Internet,98.5,98.197,98.141,25.97,160,1,98.252
2026-09-01,2026-09,Denpasar,Mobile Broadband,98.5,98.266,98.137,24.98,108,1,98.341
2026-09-01,2026-09,Denpasar,Enterprise VPN,99.5,99.481,99.48,7.47,148,1,99.596
2026-09-01,2026-09,Denpasar,IPTV,98.5,98.217,98.109,25.68,146,1,98.334
2026-09-01,2026-09,Denpasar,Voice,98.5,98.139,98.011,26.8,92,1,98.182
2026-09-01,2026-09,Denpasar,Cloud Connectivity,99.5,98.982,98.917,14.65,122,1,99.211
2026-09-01,2026-09,Palembang,Fiber Internet,98.5,98.479,98.351,21.91,169,1,98.72
2026-09-01,2026-09,Palembang,Mobile Broadband,98.5,98.433,98.299,22.57,172,1,98.7
2026-09-01,2026-09,Palembang,Enterprise VPN,99.5,98.995,98.921,14.48,207,1,99.289
2026-09-01,2026-09,Palembang,IPTV,98.5,97.731,97.671,32.67,89,1,97.982
2026-09-01,2026-09,Palembang,Voice,98.5,98.337,98.196,23.95,185,1,98.487
2026-09-01,2026-09,Palembang,Cloud Connectivity,99.5,99.473,99.33,7.59,137,1,99.559
2026-09-01,2026-09,Balikpapan,Fiber Internet,98.5,98.389,98.372,23.21,169,1,98.48
2026-09-01,2026-09,Balikpapan,Mobile Broadband,98.5,97.962,97.917,29.34,100,1,98.077
2026-09-01,2026-09,Balikpapan,Enterprise VPN,99.5,99.425,99.327,8.28,134,1,99.645
2026-09-01,2026-09,Balikpapan,IPTV,98.5,98.381,98.225,23.32,230,1,98.459
2026-09-01,2026-09,Balikpapan,Voice,98.5,98.433,98.424,22.56,150,1,98.48
2026-09-01,2026-09,Balikpapan,Cloud Connectivity,99.5,98.865,98.808,16.34,108,1,99.123
2026-09-15,2026-09,Jakarta,Fiber Internet,98.5,98.188,98.099,26.09,113,1,98.31
2026-09-15,2026-09,Jakarta,Mobile Broadband,98.5,98.228,98.149,25.51,82,1,98.278
2026-09-15,2026-09,Jakarta,Enterprise VPN,99.5,99.164,99.031,12.04,55,1,99.45
2026-09-15,2026-09,Jakarta,IPTV,98.5,98.193,98.093,26.01,176,1,98.432
2026-09-15,2026-09,Jakarta,Voice,98.5,98.005,97.934,28.73,149,1,98.081
2026-09-15,2026-09,Jakarta,Cloud Connectivity,99.5,99.417,99.3,8.4,132,1,99.541
2026-09-15,2026-09,Bandung,Fiber Internet,98.5,98.238,98.144,25.37,129,1,98.268
2026-09-15,2026-09,Bandung,Mobile Broadband,98.5,98.147,98.088,26.69,93,1,98.147
2026-09-15,2026-09,Bandung,Enterprise VPN,99.5,99.295,99.247,10.15,130,1,99.472
2026-09-15,2026-09,Bandung,IPTV,98.5,97.971,97.902,29.22,163,1,98.063
2026-09-15,2026-09,Bandung,Voice,98.5,98.378,98.332,23.35,116,1,98.387
2026-09-15,2026-09,Bandung,Cloud Connectivity,99.5,99.271,99.256,10.49,68,1,99.421
2026-09-15,2026-09,Surabaya,Fiber Internet,98.5,97.85,97.773,30.96,157,1,97.943
2026-09-15,2026-09,Surabaya,Mobile Broadband,98.5,97.85,97.698,30.96,194,1,97.967
2026-09-15,2026-09,Surabaya,Enterprise VPN,99.5,98.983,98.972,14.65,89,1,99.029
2026-09-15,2026-09,Surabaya,IPTV,98.5,98.253,98.091,25.15,158,1,98.418
2026-09-15,2026-09,Surabaya,Voice,98.5,98.115,98.073,27.14,113,1,98.357
2026-09-15,2026-09,Surabaya,Cloud Connectivity,99.5,99.31,99.177,9.93,214,1,99.328
2026-09-15,2026-09,Medan,Fiber Internet,98.5,98.274,98.162,24.85,86,1,98.286
2026-09-15,2026-09,Medan,Mobile Broadband,98.5,97.905,97.776,30.17,74,1,98.159
2026-09-15,2026-09,Medan,Enterprise VPN,99.5,99.465,99.382,7.71,84,1,99.494
2026-09-15,2026-09,Medan,IPTV,98.5,98.45,98.441,22.32,163,1,98.588
2026-09-15,2026-09,Medan,Voice,98.5,97.777,97.772,32.01,114,1,97.989
2026-09-15,2026-09,Medan,Cloud Connectivity,99.5,99.136,99.081,12.43,107,1,99.251
2026-09-15,2026-09,Makassar,Fiber Internet,98.5,96.718,96.615,47.27,297,1,96.793
2026-09-15,2026-09,Makassar,Mobile Broadband,98.5,96.86,96.835,45.22,369,1,97.114
2026-09-15,2026-09,Makassar,Enterprise VPN,99.5,97.161,97.009,40.88,324,1,97.398
2026-09-15,2026-09,Makassar,IPTV,98.5,96.807,96.763,45.98,294,1,96.912
2026-09-15,2026-09,Makassar,Voice,98.5,96.511,96.346,50.24,237,1,96.783
2026-09-15,2026-09,Makassar,Cloud Connectivity,99.5,97.902,97.824,30.21,244,1,97.946
2026-09-15,2026-09,Semarang,Fiber Internet,98.5,98.475,98.445,21.96,146,1,98.575
2026-09-15,2026-09,Semarang,Mobile Broadband,98.5,98.327,98.307,24.1,82,1,98.529
2026-09-15,2026-09,Semarang,Enterprise VPN,99.5,98.905,98.728,15.76,161,1,99.016
2026-09-15,2026-09,Semarang,IPTV,98.5,98.426,98.277,22.66,216,1,98.453
2026-09-15,2026-09,Semarang,Voice,98.5,98.395,98.22,23.11,112,1,98.426
2026-09-15,2026-09,Semarang,Cloud Connectivity,99.5,99.145,99.134,12.31,154,1,99.386
2026-09-15,2026-09,Yogyakarta,Fiber Internet,98.5,98.051,97.967,28.07,119,1,98.126
2026-09-15,2026-09,Yogyakarta,Mobile Broadband,98.5,98.106,98.036,27.28,204,1,98.395
2026-09-15,2026-09,Yogyakarta,Enterprise VPN,99.5,98.754,98.677,17.95,160,1,98.865
2026-09-15,2026-09,Yogyakarta,IPTV,98.5,97.787,97.667,31.87,89,1,98.079
2026-09-15,2026-09,Yogyakarta,Voice,98.5,98.473,98.353,21.99,150,1,98.534
2026-09-15,2026-09,Yogyakarta,Cloud Connectivity,99.5,98.938,98.8,15.29,88,1,99.028
2026-09-15,2026-09,Denpasar,Fiber Internet,98.5,98.344,98.235,23.85,251,1,98.483
2026-09-15,2026-09,Denpasar,Mobile Broadband,98.5,98.112,98.015,27.19,92,1,98.291
2026-09-15,2026-09,Denpasar,Enterprise VPN,99.5,99.447,99.393,7.96,65,1,99.479
2026-09-15,2026-09,Denpasar,IPTV,98.5,98.078,97.899,27.67,190,1,98.326
2026-09-15,2026-09,Denpasar,Voice,98.5,98.101,98.093,27.34,75,1,98.185
2026-09-15,2026-09,Denpasar,Cloud Connectivity,99.5,99.083,98.995,13.2,103,1,99.235
2026-09-15,2026-09,Palembang,Fiber Internet,98.5,98.47,98.388,22.03,82,1,98.66
2026-09-15,2026-09,Palembang,Mobile Broadband,98.5,98.451,98.31,22.31,141,1,98.665
2026-09-15,2026-09,Palembang,Enterprise VPN,99.5,98.998,98.862,14.44,126,1,99.122
2026-09-15,2026-09,Palembang,IPTV,98.5,98.149,98.074,26.66,177,1,98.238
2026-09-15,2026-09,Palembang,Voice,98.5,97.761,97.629,32.24,163,1,98.027
2026-09-15,2026-09,Palembang,Cloud Connectivity,99.5,99.108,98.943,12.85,139,1,99.353
2026-09-15,2026-09,Balikpapan,Fiber Internet,98.5,98.479,98.391,21.9,203,1,98.572
2026-09-15,2026-09,Balikpapan,Mobile Broadband,98.5,97.602,97.435,34.54,119,1,97.884
2026-09-15,2026-09,Balikpapan,Enterprise VPN,99.5,99.011,98.861,14.25,143,1,99.144
2026-09-15,2026-09,Balikpapan,IPTV,98.5,98.236,98.108,25.41,75,1,98.306
2026-09-15,2026-09,Balikpapan,Voice,98.5,98.43,98.276,22.61,178,1,98.717
2026-09-15,2026-09,Balikpapan,Cloud Connectivity,99.5,98.927,98.868,15.45,230,1,99.042
2026-10-01,2026-10,Jakarta,Fiber Internet,98.5,97.984,97.918,29.04,59,1,97.998
2026-10-01,2026-10,Jakarta,Mobile Broadband,98.5,98.204,98.094,25.87,130,1,98.36
2026-10-01,2026-10,Jakarta,Enterprise VPN,99.5,98.976,98.82,14.75,127,1,99.201
2026-10-01,2026-10,Jakarta,IPTV,98.5,97.853,97.844,30.92,113,1,98.081
2026-10-01,2026-10,Jakarta,Voice,98.5,98.348,98.245,23.79,136,1,98.617
2026-10-01,2026-10,Jakarta,Cloud Connectivity,99.5,99.329,99.166,9.67,86,1,99.357
2026-10-01,2026-10,Bandung,Fiber Internet,98.5,98.256,98.199,25.11,132,1,98.548
2026-10-01,2026-10,Bandung,Mobile Broadband,98.5,97.718,97.657,32.87,157,1,97.776
2026-10-01,2026-10,Bandung,Enterprise VPN,99.5,99.024,98.873,14.06,67,1,99.179
2026-10-01,2026-10,Bandung,IPTV,98.5,98.093,97.96,27.46,107,1,98.269
2026-10-01,2026-10,Bandung,Voice,98.5,98.212,98.061,25.74,202,1,98.509
2026-10-01,2026-10,Bandung,Cloud Connectivity,99.5,99.199,99.108,11.53,139,1,99.291
2026-10-01,2026-10,Surabaya,Fiber Internet,98.5,98.159,98.024,26.51,130,1,98.456
2026-10-01,2026-10,Surabaya,Mobile Broadband,98.5,98.167,98.096,26.4,149,1,98.328
2026-10-01,2026-10,Surabaya,Enterprise VPN,99.5,99.126,98.951,12.58,96,1,99.178
2026-10-01,2026-10,Surabaya,IPTV,98.5,98.252,98.169,25.17,173,1,98.42
2026-10-01,2026-10,Surabaya,Voice,98.5,97.953,97.842,29.48,137,1,97.983
2026-10-01,2026-10,Surabaya,Cloud Connectivity,99.5,99.274,99.243,10.46,136,1,99.295
2026-10-01,2026-10,Medan,Fiber Internet,98.5,98.022,97.903,28.48,117,1,98.183
2026-10-01,2026-10,Medan,Mobile Broadband,98.5,97.733,97.606,32.65,203,1,97.804
2026-10-01,2026-10,Medan,Enterprise VPN,99.5,99.441,99.292,8.05,139,1,99.473
2026-10-01,2026-10,Medan,IPTV,98.5,98.088,98.021,27.53,154,1,98.152
2026-10-01,2026-10,Medan,Voice,98.5,98.009,97.862,28.67,201,1,98.222
2026-10-01,2026-10,Medan,Cloud Connectivity,99.5,99.357,99.343,9.27,153,1,99.408
2026-10-01,2026-10,Makassar,Fiber Internet,98.5,98.07,97.909,27.79,148,1,98.206
2026-10-01,2026-10,Makassar,Mobile Broadband,98.5,98.206,98.026,25.84,188,1,98.336
2026-10-01,2026-10,Makassar,Enterprise VPN,99.5,99.437,99.346,8.11,119,1,99.673
2026-10-01,2026-10,Makassar,IPTV,98.5,98.447,98.361,22.37,138,1,98.449
2026-10-01,2026-10,Makassar,Voice,98.5,98.319,98.164,24.2,160,1,98.558
2026-10-01,2026-10,Makassar,Cloud Connectivity,99.5,99.483,99.452,7.44,130,1,99.61
2026-10-01,2026-10,Semarang,Fiber Internet,98.5,98.029,97.936,28.39,84,1,98.144
2026-10-01,2026-10,Semarang,Mobile Broadband,98.5,98.191,98.125,26.05,200,1,98.439
2026-10-01,2026-10,Semarang,Enterprise VPN,99.5,99.31,99.168,9.94,57,1,99.328
2026-10-01,2026-10,Semarang,IPTV,98.5,98.286,98.26,24.69,101,1,98.445
2026-10-01,2026-10,Semarang,Voice,98.5,98.162,98.007,26.46,77,1,98.203
2026-10-01,2026-10,Semarang,Cloud Connectivity,99.5,99.037,98.967,13.87,156,1,99.287
2026-10-01,2026-10,Yogyakarta,Fiber Internet,98.5,97.67,97.568,33.55,53,1,97.785
2026-10-01,2026-10,Yogyakarta,Mobile Broadband,98.5,98.412,98.338,22.87,115,1,98.586
2026-10-01,2026-10,Yogyakarta,Enterprise VPN,99.5,98.769,98.71,17.72,110,1,98.972
2026-10-01,2026-10,Yogyakarta,IPTV,98.5,98.277,98.184,24.8,125,1,98.421
2026-10-01,2026-10,Yogyakarta,Voice,98.5,98.229,98.207,25.5,95,1,98.396
2026-10-01,2026-10,Yogyakarta,Cloud Connectivity,99.5,98.826,98.724,16.9,145,1,99.115
2026-10-01,2026-10,Denpasar,Fiber Internet,98.5,97.849,97.827,30.97,189,1,97.907
2026-10-01,2026-10,Denpasar,Mobile Broadband,98.5,97.7,97.587,33.12,275,1,97.806
2026-10-01,2026-10,Denpasar,Enterprise VPN,99.5,99.427,99.426,8.25,139,1,99.724
2026-10-01,2026-10,Denpasar,IPTV,98.5,97.675,97.639,33.48,63,1,97.779
2026-10-01,2026-10,Denpasar,Voice,98.5,97.977,97.916,29.13,147,1,97.978
2026-10-01,2026-10,Denpasar,Cloud Connectivity,99.5,99.313,99.263,9.89,133,1,99.351
2026-10-01,2026-10,Palembang,Fiber Internet,98.5,98.225,98.178,25.56,115,1,98.391
2026-10-01,2026-10,Palembang,Mobile Broadband,98.5,98.314,98.247,24.27,146,1,98.471
2026-10-01,2026-10,Palembang,Enterprise VPN,99.5,98.771,98.664,17.7,58,1,98.95
2026-10-01,2026-10,Palembang,IPTV,98.5,97.879,97.702,30.55,187,1,98.094
2026-10-01,2026-10,Palembang,Voice,98.5,97.97,97.888,29.23,161,1,98.11
2026-10-01,2026-10,Palembang,Cloud Connectivity,99.5,99.364,99.323,9.15,118,1,99.527
2026-10-01,2026-10,Balikpapan,Fiber Internet,98.5,98.382,98.374,23.3,117,1,98.434
2026-10-01,2026-10,Balikpapan,Mobile Broadband,98.5,98.086,98.008,27.56,182,1,98.108
2026-10-01,2026-10,Balikpapan,Enterprise VPN,99.5,99.191,99.071,11.65,181,1,99.373
2026-10-01,2026-10,Balikpapan,IPTV,98.5,98.126,98.117,26.99,152,1,98.157
2026-10-01,2026-10,Balikpapan,Voice,98.5,98.055,97.987,28.01,70,1,98.311
2026-10-01,2026-10,Balikpapan,Cloud Connectivity,99.5,98.967,98.884,14.88,131,1,99.222
2026-10-15,2026-10,Jakarta,Fiber Internet,98.5,98.112,97.994,27.19,107,1,98.137
2026-10-15,2026-10,Jakarta,Mobile Broadband,98.5,98.498,98.483,21.62,117,1,98.64
2026-10-15,2026-10,Jakarta,Enterprise VPN,99.5,99.039,98.922,13.84,85,1,99.24
2026-10-15,2026-10,Jakarta,IPTV,98.5,98.169,98.005,26.37,121,1,98.427
2026-10-15,2026-10,Jakarta,Voice,98.5,98.063,98.046,27.9,89,1,98.118
2026-10-15,2026-10,Jakarta,Cloud Connectivity,99.5,98.881,98.806,16.12,148,1,99.014
2026-10-15,2026-10,Bandung,Fiber Internet,98.5,98.337,98.181,23.95,134,1,98.563
2026-10-15,2026-10,Bandung,Mobile Broadband,98.5,97.877,97.746,30.57,109,1,98.118
2026-10-15,2026-10,Bandung,Enterprise VPN,99.5,99.426,99.323,8.26,204,1,99.499
2026-10-15,2026-10,Bandung,IPTV,98.5,98.386,98.303,23.24,113,1,98.578
2026-10-15,2026-10,Bandung,Voice,98.5,98.465,98.318,22.1,54,1,98.716
2026-10-15,2026-10,Bandung,Cloud Connectivity,99.5,99.246,99.164,10.86,143,1,99.486
2026-10-15,2026-10,Surabaya,Fiber Internet,98.5,98.124,97.956,27.01,92,1,98.301
2026-10-15,2026-10,Surabaya,Mobile Broadband,98.5,98.352,98.217,23.73,61,1,98.468
2026-10-15,2026-10,Surabaya,Enterprise VPN,99.5,98.979,98.899,14.7,159,1,99.135
2026-10-15,2026-10,Surabaya,IPTV,98.5,98.004,97.885,28.74,187,1,98.1
2026-10-15,2026-10,Surabaya,Voice,98.5,98.318,98.205,24.21,117,1,98.511
2026-10-15,2026-10,Surabaya,Cloud Connectivity,99.5,99.103,99.056,12.92,136,1,99.167
2026-10-15,2026-10,Medan,Fiber Internet,98.5,97.74,97.731,32.54,89,1,97.954
2026-10-15,2026-10,Medan,Mobile Broadband,98.5,97.886,97.837,30.44,209,1,97.986
2026-10-15,2026-10,Medan,Enterprise VPN,99.5,99.204,99.192,11.46,110,1,99.45
2026-10-15,2026-10,Medan,IPTV,98.5,98.273,98.188,24.87,159,1,98.471
2026-10-15,2026-10,Medan,Voice,98.5,97.946,97.852,29.58,148,1,98.168
2026-10-15,2026-10,Medan,Cloud Connectivity,99.5,99.197,99.154,11.56,79,1,99.483
2026-10-15,2026-10,Makassar,Fiber Internet,98.5,98.005,97.991,28.72,100,1,98.254
2026-10-15,2026-10,Makassar,Mobile Broadband,98.5,97.693,97.65,33.22,99,1,97.887
2026-10-15,2026-10,Makassar,Enterprise VPN,99.5,99.488,99.412,7.38,109,1,99.779
2026-10-15,2026-10,Makassar,IPTV,98.5,98.474,98.455,21.97,76,1,98.497
2026-10-15,2026-10,Makassar,Voice,98.5,98.346,98.18,23.82,110,1,98.554
2026-10-15,2026-10,Makassar,Cloud Connectivity,99.5,99.195,99.113,11.59,164,1,99.448
2026-10-15,2026-10,Semarang,Fiber Internet,98.5,98.48,98.336,21.89,88,1,98.51
2026-10-15,2026-10,Semarang,Mobile Broadband,98.5,98.262,98.232,25.02,89,1,98.524
2026-10-15,2026-10,Semarang,Enterprise VPN,99.5,99.195,99.165,11.59,169,1,99.366
2026-10-15,2026-10,Semarang,IPTV,98.5,98.28,98.233,24.77,105,1,98.323
2026-10-15,2026-10,Semarang,Voice,98.5,97.684,97.576,33.36,117,1,97.824
2026-10-15,2026-10,Semarang,Cloud Connectivity,99.5,99.111,99.037,12.8,101,1,99.331
2026-10-15,2026-10,Yogyakarta,Fiber Internet,98.5,98.23,98.122,25.49,156,1,98.461
2026-10-15,2026-10,Yogyakarta,Mobile Broadband,98.5,98.012,97.866,28.63,154,1,98.125
2026-10-15,2026-10,Yogyakarta,Enterprise VPN,99.5,99.303,99.226,10.04,149,1,99.35
2026-10-15,2026-10,Yogyakarta,IPTV,98.5,98.212,98.08,25.74,114,1,98.22
2026-10-15,2026-10,Yogyakarta,Voice,98.5,97.649,97.63,33.86,79,1,97.896
2026-10-15,2026-10,Yogyakarta,Cloud Connectivity,99.5,99.117,99.007,12.72,124,1,99.123
2026-10-15,2026-10,Denpasar,Fiber Internet,98.5,97.97,97.882,29.24,174,1,98.011
2026-10-15,2026-10,Denpasar,Mobile Broadband,98.5,98.078,97.964,27.68,145,1,98.204
2026-10-15,2026-10,Denpasar,Enterprise VPN,99.5,98.882,98.719,16.1,84,1,99.063
2026-10-15,2026-10,Denpasar,IPTV,98.5,98.144,98.031,26.72,114,1,98.148
2026-10-15,2026-10,Denpasar,Voice,98.5,98.155,98.036,26.58,140,1,98.355
2026-10-15,2026-10,Denpasar,Cloud Connectivity,99.5,99.423,99.403,8.3,167,1,99.453
2026-10-15,2026-10,Palembang,Fiber Internet,98.5,98.349,98.198,23.77,61,1,98.547
2026-10-15,2026-10,Palembang,Mobile Broadband,98.5,98.212,98.033,25.75,36,1,98.337
2026-10-15,2026-10,Palembang,Enterprise VPN,99.5,98.982,98.858,14.67,71,1,99.239
2026-10-15,2026-10,Palembang,IPTV,98.5,98.463,98.329,22.13,142,1,98.632
2026-10-15,2026-10,Palembang,Voice,98.5,97.818,97.797,31.43,130,1,98.097
2026-10-15,2026-10,Palembang,Cloud Connectivity,99.5,98.849,98.736,16.57,152,1,98.864
2026-10-15,2026-10,Balikpapan,Fiber Internet,98.5,98.418,98.409,22.79,131,1,98.56
2026-10-15,2026-10,Balikpapan,Mobile Broadband,98.5,98.242,98.24,25.32,78,1,98.454
2026-10-15,2026-10,Balikpapan,Enterprise VPN,99.5,99.388,99.279,8.82,123,1,99.608
2026-10-15,2026-10,Balikpapan,IPTV,98.5,98.146,97.997,26.69,113,1,98.255
2026-10-15,2026-10,Balikpapan,Voice,98.5,98.188,98.09,26.1,151,1,98.405
2026-10-15,2026-10,Balikpapan,Cloud Connectivity,99.5,98.894,98.842,15.92,92,1,99.123
2026-11-01,2026-11,Jakarta,Fiber Internet,98.5,98.358,98.205,23.65,51,1,98.514
2026-11-01,2026-11,Jakarta,Mobile Broadband,98.5,98.212,98.108,25.74,112,1,98.457
2026-11-01,2026-11,Jakarta,Enterprise VPN,99.5,99.367,99.313,9.12,151,1,99.594
2026-11-01,2026-11,Jakarta,IPTV,98.5,98.256,98.148,25.12,127,1,98.384
2026-11-01,2026-11,Jakarta,Voice,98.5,98.443,98.315,22.42,159,1,98.635
2026-11-01,2026-11,Jakarta,Cloud Connectivity,99.5,98.957,98.903,15.03,52,1,99.208
2026-11-01,2026-11,Bandung,Fiber Internet,98.5,98.288,98.266,24.65,126,1,98.412
2026-11-01,2026-11,Bandung,Mobile Broadband,98.5,97.982,97.852,29.07,167,1,98.066
2026-11-01,2026-11,Bandung,Enterprise VPN,99.5,99.118,99.049,12.7,87,1,99.35
2026-11-01,2026-11,Bandung,IPTV,98.5,97.914,97.778,30.04,242,1,98.081
2026-11-01,2026-11,Bandung,Voice,98.5,97.779,97.694,31.98,76,1,97.977
2026-11-01,2026-11,Bandung,Cloud Connectivity,99.5,99.27,99.22,10.52,131,1,99.411
2026-11-01,2026-11,Surabaya,Fiber Internet,98.5,97.97,97.847,29.24,88,1,98.162
2026-11-01,2026-11,Surabaya,Mobile Broadband,98.5,98.488,98.341,21.78,134,1,98.546
2026-11-01,2026-11,Surabaya,Enterprise VPN,99.5,99.22,99.087,11.23,177,1,99.496
2026-11-01,2026-11,Surabaya,IPTV,98.5,97.921,97.876,29.94,195,1,98.145
2026-11-01,2026-11,Surabaya,Voice,98.5,98.048,97.985,28.11,130,1,98.256
2026-11-01,2026-11,Surabaya,Cloud Connectivity,99.5,99.036,98.994,13.88,138,1,99.293
2026-11-01,2026-11,Medan,Fiber Internet,98.5,98.235,98.17,25.42,186,1,98.477
2026-11-01,2026-11,Medan,Mobile Broadband,98.5,98.256,98.149,25.11,149,1,98.469
2026-11-01,2026-11,Medan,Enterprise VPN,99.5,99.371,99.358,9.06,180,1,99.482
2026-11-01,2026-11,Medan,IPTV,98.5,98.234,98.076,25.44,97,1,98.426
2026-11-01,2026-11,Medan,Voice,98.5,98.442,98.43,22.44,16,1,98.448
2026-11-01,2026-11,Medan,Cloud Connectivity,99.5,99.046,98.872,13.74,152,1,99.242
2026-11-01,2026-11,Makassar,Fiber Internet,98.5,97.876,97.727,30.59,120,1,97.914
2026-11-01,2026-11,Makassar,Mobile Broadband,98.5,97.596,97.45,34.61,100,1,97.683
2026-11-01,2026-11,Makassar,Enterprise VPN,99.5,99.284,99.209,10.31,151,1,99.532
2026-11-01,2026-11,Makassar,IPTV,98.5,97.975,97.823,29.16,74,1,98.235
2026-11-01,2026-11,Makassar,Voice,98.5,97.938,97.877,29.69,136,1,98.147
2026-11-01,2026-11,Makassar,Cloud Connectivity,99.5,99.323,99.228,9.75,101,1,99.426
2026-11-01,2026-11,Semarang,Fiber Internet,98.5,98.383,98.207,23.28,39,1,98.458
2026-11-01,2026-11,Semarang,Mobile Broadband,98.5,98.321,98.155,24.18,91,1,98.439
2026-11-01,2026-11,Semarang,Enterprise VPN,99.5,99.16,98.999,12.1,100,1,99.273
2026-11-01,2026-11,Semarang,IPTV,98.5,97.983,97.87,29.04,139,1,98.225
2026-11-01,2026-11,Semarang,Voice,98.5,98.349,98.34,23.77,154,1,98.4
2026-11-01,2026-11,Semarang,Cloud Connectivity,99.5,99.08,99.054,13.25,109,1,99.115
2026-11-01,2026-11,Yogyakarta,Fiber Internet,98.5,97.717,97.575,32.87,70,1,97.89
2026-11-01,2026-11,Yogyakarta,Mobile Broadband,98.5,97.928,97.805,29.84,50,1,97.957
2026-11-01,2026-11,Yogyakarta,Enterprise VPN,99.5,99.434,99.308,8.15,142,1,99.561
2026-11-01,2026-11,Yogyakarta,IPTV,98.5,98.31,98.176,24.34,91,1,98.531
2026-11-01,2026-11,Yogyakarta,Voice,98.5,98.41,98.237,22.89,120,1,98.647
2026-11-01,2026-11,Yogyakarta,Cloud Connectivity,99.5,98.847,98.729,16.6,184,1,98.917
2026-11-01,2026-11,Denpasar,Fiber Internet,98.5,98.483,98.425,21.84,141,1,98.672
2026-11-01,2026-11,Denpasar,Mobile Broadband,98.5,98.49,98.449,21.75,130,1,98.625
2026-11-01,2026-11,Denpasar,Enterprise VPN,99.5,98.588,98.559,20.34,60,1,98.86
2026-11-01,2026-11,Denpasar,IPTV,98.5,98.143,98.138,26.74,86,1,98.421
2026-11-01,2026-11,Denpasar,Voice,98.5,98.231,98.134,25.48,127,1,98.415
2026-11-01,2026-11,Denpasar,Cloud Connectivity,99.5,99.151,99.015,12.23,79,1,99.386
2026-11-01,2026-11,Palembang,Fiber Internet,98.5,98.072,97.907,27.77,189,1,98.313
2026-11-01,2026-11,Palembang,Mobile Broadband,98.5,98.034,97.857,28.3,169,1,98.236
2026-11-01,2026-11,Palembang,Enterprise VPN,99.5,99.13,99.054,12.52,65,1,99.289
2026-11-01,2026-11,Palembang,IPTV,98.5,97.646,97.585,33.9,159,1,97.798
2026-11-01,2026-11,Palembang,Voice,98.5,98.404,98.271,22.99,164,1,98.482
2026-11-01,2026-11,Palembang,Cloud Connectivity,99.5,98.776,98.758,17.63,229,1,99.022
2026-11-01,2026-11,Balikpapan,Fiber Internet,98.5,98.305,98.188,24.41,45,1,98.502
2026-11-01,2026-11,Balikpapan,Mobile Broadband,98.5,98.138,97.983,26.82,97,1,98.166
2026-11-01,2026-11,Balikpapan,Enterprise VPN,99.5,99.305,99.183,10.01,122,1,99.368
2026-11-01,2026-11,Balikpapan,IPTV,98.5,98.036,97.912,28.28,92,1,98.288
2026-11-01,2026-11,Balikpapan,Voice,98.5,98.144,98.065,26.73,100,1,98.364
2026-11-01,2026-11,Balikpapan,Cloud Connectivity,99.5,99.175,99.008,11.88,137,1,99.461
2026-11-15,2026-11,Jakarta,Fiber Internet,98.5,98.324,98.192,24.14,175,1,98.536
2026-11-15,2026-11,Jakarta,Mobile Broadband,98.5,97.987,97.941,28.99,137,1,98.079
2026-11-15,2026-11,Jakarta,Enterprise VPN,99.5,99.28,99.178,10.36,112,1,99.344
2026-11-15,2026-11,Jakarta,IPTV,98.5,98.043,98.001,28.18,151,1,98.255
2026-11-15,2026-11,Jakarta,Voice,98.5,98.118,98.09,27.1,116,1,98.306
2026-11-15,2026-11,Jakarta,Cloud Connectivity,99.5,98.964,98.811,14.92,138,1,99.149
2026-11-15,2026-11,Bandung,Fiber Internet,98.5,98.255,98.167,25.13,182,1,98.402
2026-11-15,2026-11,Bandung,Mobile Broadband,98.5,98.379,98.303,23.34,99,1,98.405
2026-11-15,2026-11,Bandung,Enterprise VPN,99.5,99.076,98.945,13.31,141,1,99.348
2026-11-15,2026-11,Bandung,IPTV,98.5,98.145,97.994,26.71,58,1,98.332
2026-11-15,2026-11,Bandung,Voice,98.5,97.991,97.874,28.92,134,1,98.081
2026-11-15,2026-11,Bandung,Cloud Connectivity,99.5,99.282,99.171,10.34,140,1,99.548
2026-11-15,2026-11,Surabaya,Fiber Internet,98.5,98.439,98.309,22.48,96,1,98.486
2026-11-15,2026-11,Surabaya,Mobile Broadband,98.5,97.906,97.893,30.16,180,1,97.953
2026-11-15,2026-11,Surabaya,Enterprise VPN,99.5,99.189,99.166,11.68,139,1,99.439
2026-11-15,2026-11,Surabaya,IPTV,98.5,98.431,98.272,22.59,93,1,98.439
2026-11-15,2026-11,Surabaya,Voice,98.5,98.395,98.224,23.11,76,1,98.593
2026-11-15,2026-11,Surabaya,Cloud Connectivity,99.5,98.962,98.941,14.95,75,1,99.208
2026-11-15,2026-11,Medan,Fiber Internet,98.5,98.218,98.205,25.67,134,1,98.441
2026-11-15,2026-11,Medan,Mobile Broadband,98.5,98.265,98.113,24.99,160,1,98.271
2026-11-15,2026-11,Medan,Enterprise VPN,99.5,99.259,99.099,10.67,90,1,99.291
2026-11-15,2026-11,Medan,IPTV,98.5,98.257,98.251,25.1,121,1,98.418
2026-11-15,2026-11,Medan,Voice,98.5,97.927,97.879,29.85,180,1,98.198
2026-11-15,2026-11,Medan,Cloud Connectivity,99.5,99.416,99.355,8.41,174,1,99.653
2026-11-15,2026-11,Makassar,Fiber Internet,98.5,98.209,98.039,25.79,170,1,98.381
2026-11-15,2026-11,Makassar,Mobile Broadband,98.5,98.446,98.382,22.38,95,1,98.623
2026-11-15,2026-11,Makassar,Enterprise VPN,99.5,99.253,99.076,10.75,100,1,99.281
2026-11-15,2026-11,Makassar,IPTV,98.5,97.863,97.802,30.78,140,1,97.992
2026-11-15,2026-11,Makassar,Voice,98.5,97.82,97.758,31.4,142,1,97.892
2026-11-15,2026-11,Makassar,Cloud Connectivity,99.5,99.207,99.063,11.42,138,1,99.37
2026-11-15,2026-11,Semarang,Fiber Internet,98.5,98.432,98.255,22.59,113,1,98.66
2026-11-15,2026-11,Semarang,Mobile Broadband,98.5,98.399,98.309,23.06,157,1,98.584
2026-11-15,2026-11,Semarang,Enterprise VPN,99.5,99.188,99.097,11.69,127,1,99.315
2026-11-15,2026-11,Semarang,IPTV,98.5,98.127,97.971,26.96,87,1,98.379
2026-11-15,2026-11,Semarang,Voice,98.5,98.055,97.91,28.01,152,1,98.2
2026-11-15,2026-11,Semarang,Cloud Connectivity,99.5,98.517,98.429,21.35,155,1,98.563
2026-11-15,2026-11,Yogyakarta,Fiber Internet,98.5,98.197,98.16,25.96,56,1,98.423
2026-11-15,2026-11,Yogyakarta,Mobile Broadband,98.5,98.119,98.057,27.09,86,1,98.398
2026-11-15,2026-11,Yogyakarta,Enterprise VPN,99.5,99.136,99.043,12.44,167,1,99.27
2026-11-15,2026-11,Yogyakarta,IPTV,98.5,97.989,97.818,28.96,50,1,98.216
2026-11-15,2026-11,Yogyakarta,Voice,98.5,98.405,98.35,22.96,63,1,98.489
2026-11-15,2026-11,Yogyakarta,Cloud Connectivity,99.5,99.182,99.14,11.77,88,1,99.192
2026-11-15,2026-11,Denpasar,Fiber Internet,98.5,98.272,98.109,24.88,146,1,98.492
2026-11-15,2026-11,Denpasar,Mobile Broadband,98.5,98.161,98.058,26.47,182,1,98.29
2026-11-15,2026-11,Denpasar,Enterprise VPN,99.5,99.252,99.21,10.77,167,1,99.546
2026-11-15,2026-11,Denpasar,IPTV,98.5,98.403,98.33,23.0,82,1,98.656
2026-11-15,2026-11,Denpasar,Voice,98.5,98.261,98.192,25.04,118,1,98.457
2026-11-15,2026-11,Denpasar,Cloud Connectivity,99.5,99.222,99.19,11.21,16,1,99.303
2026-11-15,2026-11,Palembang,Fiber Internet,98.5,98.35,98.274,23.76,227,1,98.51
2026-11-15,2026-11,Palembang,Mobile Broadband,98.5,98.118,98.01,27.11,170,1,98.374
2026-11-15,2026-11,Palembang,Enterprise VPN,99.5,99.166,99.035,12.02,103,1,99.289
2026-11-15,2026-11,Palembang,IPTV,98.5,97.881,97.83,30.52,210,1,98.154
2026-11-15,2026-11,Palembang,Voice,98.5,97.841,97.733,31.09,172,1,97.936
2026-11-15,2026-11,Palembang,Cloud Connectivity,99.5,99.356,99.311,9.27,149,1,99.559
2026-11-15,2026-11,Balikpapan,Fiber Internet,98.5,96.986,96.87,43.41,299,1,97.082
2026-11-15,2026-11,Balikpapan,Mobile Broadband,98.5,96.586,96.56,49.17,341,1,96.758
2026-11-15,2026-11,Balikpapan,Enterprise VPN,99.5,97.582,97.554,34.83,281,1,97.594
2026-11-15,2026-11,Balikpapan,IPTV,98.5,96.559,96.556,49.55,276,1,96.784
2026-11-15,2026-11,Balikpapan,Voice,98.5,96.807,96.677,45.98,342,1,97.105
2026-11-15,2026-11,Balikpapan,Cloud Connectivity,99.5,97.814,97.679,31.47,258,1,97.83
2026-12-01,2026-12,Jakarta,Fiber Internet,98.5,98.325,98.319,24.12,0,1,98.491
2026-12-01,2026-12,Jakarta,Mobile Broadband,98.5,97.694,97.656,33.2,132,1,97.959
2026-12-01,2026-12,Jakarta,Enterprise VPN,99.5,99.464,99.372,7.72,217,1,99.622
2026-12-01,2026-12,Jakarta,IPTV,98.5,98.307,98.297,24.38,137,1,98.34
2026-12-01,2026-12,Jakarta,Voice,98.5,98.081,98.038,27.63,75,1,98.356
2026-12-01,2026-12,Jakarta,Cloud Connectivity,99.5,99.263,99.123,10.61,202,1,99.389
2026-12-01,2026-12,Bandung,Fiber Internet,98.5,98.201,98.065,25.9,133,1,98.326
2026-12-01,2026-12,Bandung,Mobile Broadband,98.5,98.486,98.368,21.8,135,1,98.698
2026-12-01,2026-12,Bandung,Enterprise VPN,99.5,99.357,99.243,9.27,143,1,99.483
2026-12-01,2026-12,Bandung,IPTV,98.5,98.301,98.172,24.47,120,1,98.538
2026-12-01,2026-12,Bandung,Voice,98.5,98.122,98.056,27.04,106,1,98.21
2026-12-01,2026-12,Bandung,Cloud Connectivity,99.5,99.134,99.028,12.47,130,1,99.155
2026-12-01,2026-12,Surabaya,Fiber Internet,98.5,98.001,97.991,28.79,44,1,98.205
2026-12-01,2026-12,Surabaya,Mobile Broadband,98.5,97.805,97.639,31.61,183,1,97.81
2026-12-01,2026-12,Surabaya,Enterprise VPN,99.5,98.785,98.755,17.5,169,1,98.991
2026-12-01,2026-12,Surabaya,IPTV,98.5,98.329,98.242,24.06,96,1,98.626
2026-12-01,2026-12,Surabaya,Voice,98.5,97.874,97.826,30.62,196,1,98.024
2026-12-01,2026-12,Surabaya,Cloud Connectivity,99.5,99.074,98.992,13.34,98,1,99.154
2026-12-01,2026-12,Medan,Fiber Internet,98.5,98.399,98.373,23.05,196,1,98.618
2026-12-01,2026-12,Medan,Mobile Broadband,98.5,97.868,97.789,30.7,211,1,97.872
2026-12-01,2026-12,Medan,Enterprise VPN,99.5,99.188,99.174,11.69,116,1,99.441
2026-12-01,2026-12,Medan,IPTV,98.5,97.889,97.769,30.4,202,1,98.139
2026-12-01,2026-12,Medan,Voice,98.5,98.127,98.025,26.97,130,1,98.353
2026-12-01,2026-12,Medan,Cloud Connectivity,99.5,99.003,98.983,14.36,107,1,99.271
2026-12-01,2026-12,Makassar,Fiber Internet,98.5,98.413,98.253,22.85,65,1,98.616
2026-12-01,2026-12,Makassar,Mobile Broadband,98.5,98.442,98.304,22.44,154,1,98.582
2026-12-01,2026-12,Makassar,Enterprise VPN,99.5,99.049,98.944,13.7,88,1,99.089
2026-12-01,2026-12,Makassar,IPTV,98.5,97.765,97.69,32.19,87,1,98.01
2026-12-01,2026-12,Makassar,Voice,98.5,98.469,98.442,22.04,235,1,98.558
2026-12-01,2026-12,Makassar,Cloud Connectivity,99.5,98.927,98.786,15.46,145,1,99.181
2026-12-01,2026-12,Semarang,Fiber Internet,98.5,97.985,97.827,29.01,105,1,98.232
2026-12-01,2026-12,Semarang,Mobile Broadband,98.5,97.958,97.952,29.41,121,1,98.206
2026-12-01,2026-12,Semarang,Enterprise VPN,99.5,99.238,99.168,10.97,123,1,99.49
2026-12-01,2026-12,Semarang,IPTV,98.5,97.828,97.741,31.28,63,1,97.939
2026-12-01,2026-12,Semarang,Voice,98.5,98.229,98.223,25.5,98,1,98.354
2026-12-01,2026-12,Semarang,Cloud Connectivity,99.5,99.104,98.945,12.9,89,1,99.156
2026-12-01,2026-12,Yogyakarta,Fiber Internet,98.5,97.821,97.796,31.38,133,1,97.975
2026-12-01,2026-12,Yogyakarta,Mobile Broadband,98.5,97.768,97.597,32.14,159,1,98.003
2026-12-01,2026-12,Yogyakarta,Enterprise VPN,99.5,99.433,99.313,8.17,61,1,99.697
2026-12-01,2026-12,Yogyakarta,IPTV,98.5,98.056,98.047,27.99,199,1,98.212
2026-12-01,2026-12,Yogyakarta,Voice,98.5,97.727,97.615,32.72,189,1,97.924
2026-12-01,2026-12,Yogyakarta,Cloud Connectivity,99.5,99.453,99.407,7.88,69,1,99.63
2026-12-01,2026-12,Denpasar,Fiber Internet,98.5,98.105,98.036,27.29,214,1,98.333
2026-12-01,2026-12,Denpasar,Mobile Broadband,98.5,97.798,97.697,31.7,156,1,97.908
2026-12-01,2026-12,Denpasar,Enterprise VPN,99.5,98.588,98.534,20.33,212,1,98.625
2026-12-01,2026-12,Denpasar,IPTV,98.5,98.057,97.897,27.99,143,1,98.308
2026-12-01,2026-12,Denpasar,Voice,98.5,98.185,98.167,26.14,215,1,98.316
2026-12-01,2026-12,Denpasar,Cloud Connectivity,99.5,99.476,99.378,7.55,110,1,99.749
2026-12-01,2026-12,Palembang,Fiber Internet,98.5,98.441,98.376,22.45,81,1,98.619
2026-12-01,2026-12,Palembang,Mobile Broadband,98.5,98.465,98.349,22.1,172,1,98.646
2026-12-01,2026-12,Palembang,Enterprise VPN,99.5,99.336,99.18,9.55,64,1,99.405
2026-12-01,2026-12,Palembang,IPTV,98.5,98.114,98.033,27.16,41,1,98.276
2026-12-01,2026-12,Palembang,Voice,98.5,98.092,98.08,27.48,191,1,98.109
2026-12-01,2026-12,Palembang,Cloud Connectivity,99.5,99.327,99.324,9.7,63,1,99.345
2026-12-01,2026-12,Balikpapan,Fiber Internet,98.5,97.391,97.383,37.57,124,1,97.468
2026-12-01,2026-12,Balikpapan,Mobile Broadband,98.5,98.347,98.171,23.8,168,1,98.463
2026-12-01,2026-12,Balikpapan,Enterprise VPN,99.5,98.738,98.718,18.18,133,1,98.87
2026-12-01,2026-12,Balikpapan,IPTV,98.5,98.284,98.112,24.71,76,1,98.313
2026-12-01,2026-12,Balikpapan,Voice,98.5,98.251,98.14,25.18,131,1,98.326
2026-12-01,2026-12,Balikpapan,Cloud Connectivity,99.5,99.032,98.926,13.93,142,1,99.187
2026-12-15,2026-12,Jakarta,Fiber Internet,98.5,98.087,98.058,27.55,106,1,98.155
2026-12-15,2026-12,Jakarta,Mobile Broadband,98.5,98.09,97.982,27.5,195,1,98.234
2026-12-15,2026-12,Jakarta,Enterprise VPN,99.5,99.112,99.014,12.79,92,1,99.301
2026-12-15,2026-12,Jakarta,IPTV,98.5,98.44,98.264,22.47,68,1,98.657
2026-12-15,2026-12,Jakarta,Voice,98.5,98.275,98.257,24.84,54,1,98.57
2026-12-15,2026-12,Jakarta,Cloud Connectivity,99.5,99.096,98.95,13.02,118,1,99.101
2026-12-15,2026-12,Bandung,Fiber Internet,98.5,98.399,98.335,23.06,98,1,98.462
2026-12-15,2026-12,Bandung,Mobile Broadband,98.5,98.282,98.168,24.74,105,1,98.313
2026-12-15,2026-12,Bandung,Enterprise VPN,99.5,99.068,98.901,13.42,64,1,99.105
2026-12-15,2026-12,Bandung,IPTV,98.5,98.493,98.363,21.7,159,1,98.749
2026-12-15,2026-12,Bandung,Voice,98.5,98.076,97.96,27.71,126,1,98.36
2026-12-15,2026-12,Bandung,Cloud Connectivity,99.5,99.178,99.093,11.83,126,1,99.263
2026-12-15,2026-12,Surabaya,Fiber Internet,98.5,97.923,97.798,29.91,98,1,97.971
2026-12-15,2026-12,Surabaya,Mobile Broadband,98.5,98.24,98.137,25.35,128,1,98.44
2026-12-15,2026-12,Surabaya,Enterprise VPN,99.5,99.094,99.005,13.05,76,1,99.255
2026-12-15,2026-12,Surabaya,IPTV,98.5,98.308,98.138,24.37,142,1,98.497
2026-12-15,2026-12,Surabaya,Voice,98.5,98.367,98.261,23.51,162,1,98.431
2026-12-15,2026-12,Surabaya,Cloud Connectivity,99.5,99.434,99.408,8.15,148,1,99.525
2026-12-15,2026-12,Medan,Fiber Internet,98.5,98.322,98.17,24.16,125,1,98.364
2026-12-15,2026-12,Medan,Mobile Broadband,98.5,97.938,97.891,29.69,150,1,98.059
2026-12-15,2026-12,Medan,Enterprise VPN,99.5,99.34,99.238,9.51,113,1,99.397
2026-12-15,2026-12,Medan,IPTV,98.5,97.99,97.856,28.94,101,1,98.264
2026-12-15,2026-12,Medan,Voice,98.5,98.435,98.382,22.54,89,1,98.604
2026-12-15,2026-12,Medan,Cloud Connectivity,99.5,98.764,98.607,17.8,178,1,98.984
2026-12-15,2026-12,Makassar,Fiber Internet,98.5,98.488,98.381,21.78,149,1,98.688
2026-12-15,2026-12,Makassar,Mobile Broadband,98.5,98.309,98.218,24.35,98,1,98.525
2026-12-15,2026-12,Makassar,Enterprise VPN,99.5,98.764,98.7,17.8,143,1,98.904
2026-12-15,2026-12,Makassar,IPTV,98.5,98.468,98.43,22.06,137,1,98.708
2026-12-15,2026-12,Makassar,Voice,98.5,97.642,97.498,33.96,97,1,97.929
2026-12-15,2026-12,Makassar,Cloud Connectivity,99.5,99.077,99.068,13.29,102,1,99.128
2026-12-15,2026-12,Semarang,Fiber Internet,98.5,98.077,97.933,27.69,129,1,98.334
2026-12-15,2026-12,Semarang,Mobile Broadband,98.5,98.318,98.234,24.23,43,1,98.4
2026-12-15,2026-12,Semarang,Enterprise VPN,99.5,99.395,99.367,8.71,84,1,99.682
2026-12-15,2026-12,Semarang,IPTV,98.5,98.227,98.2,25.53,120,1,98.355
2026-12-15,2026-12,Semarang,Voice,98.5,98.253,98.173,25.16,103,1,98.347
2026-12-15,2026-12,Semarang,Cloud Connectivity,99.5,99.332,99.326,9.62,26,1,99.58
2026-12-15,2026-12,Yogyakarta,Fiber Internet,98.5,97.586,97.564,34.76,162,1,97.634
2026-12-15,2026-12,Yogyakarta,Mobile Broadband,98.5,98.125,98.115,27.01,128,1,98.145
2026-12-15,2026-12,Yogyakarta,Enterprise VPN,99.5,98.766,98.686,17.77,153,1,98.916
2026-12-15,2026-12,Yogyakarta,IPTV,98.5,98.009,97.948,28.68,167,1,98.263
2026-12-15,2026-12,Yogyakarta,Voice,98.5,97.845,97.844,31.04,91,1,97.94
2026-12-15,2026-12,Yogyakarta,Cloud Connectivity,99.5,99.101,99.009,12.95,152,1,99.31
2026-12-15,2026-12,Denpasar,Fiber Internet,98.5,97.998,97.925,28.83,130,1,98.104
2026-12-15,2026-12,Denpasar,Mobile Broadband,98.5,98.24,98.114,25.35,171,1,98.51
2026-12-15,2026-12,Denpasar,Enterprise VPN,99.5,99.381,99.33,8.92,63,1,99.573
2026-12-15,2026-12,Denpasar,IPTV,98.5,98.239,98.139,25.36,146,1,98.484
2026-12-15,2026-12,Denpasar,Voice,98.5,98.11,98.019,27.22,105,1,98.15
2026-12-15,2026-12,Denpasar,Cloud Connectivity,99.5,99.151,98.978,12.23,169,1,99.299
2026-12-15,2026-12,Palembang,Fiber Internet,98.5,97.854,97.704,30.91,125,1,98.036
2026-12-15,2026-12,Palembang,Mobile Broadband,98.5,98.424,98.359,22.69,136,1,98.588
2026-12-15,2026-12,Palembang,Enterprise VPN,99.5,98.975,98.847,14.76,158,1,99.007
2026-12-15,2026-12,Palembang,IPTV,98.5,98.383,98.377,23.29,164,1,98.454
2026-12-15,2026-12,Palembang,Voice,98.5,98.495,98.378,21.68,265,1,98.688
2026-12-15,2026-12,Palembang,Cloud Connectivity,99.5,98.916,98.885,15.61,188,1,99.111
2026-12-15,2026-12,Balikpapan,Fiber Internet,98.5,98.312,98.267,24.31,103,1,98.368
2026-12-15,2026-12,Balikpapan,Mobile Broadband,98.5,98.212,98.199,25.75,109,1,98.282
2026-12-15,2026-12,Balikpapan,Enterprise VPN,99.5,99.281,99.232,10.35,64,1,99.286
2026-12-15,2026-12,Balikpapan,IPTV,98.5,98.378,98.232,23.36,177,1,98.666
2026-12-15,2026-12,Balikpapan,Voice,98.5,98.145,98.125,26.72,105,1,98.232
2026-12-15,2026-12,Balikpapan,Cloud Connectivity,99.5,99.307,99.163,9.98,139,1,99.404
